n_months,mean,t_NW3,sd,sharpe_m,sharpe_ann,sortino_ann,skew,kurt,maxdd,hit_rate,worst,best,universe,K,cost,skip,period,long_leg_mean,short_leg_mean,avg_names_per_side,avg_hi_pct,avg_lo_pct,avg_score_spread,skip_threshold,cost_drag_vs_mid
83.0,0.13260984090357913,6.374900123001709,0.2027228627765709,0.6541434897243624,2.266019519286011,10.744187970832499,3.346287288312135,20.44043112291414,0.31076903351206797,0.8072289156626506,-0.26877776104785184,1.4403284165873704,P,quintile,COST0_mid,False,overlap_2014_2020,-0.07600838974145407,-0.2086182306450332,246.80722891566265,0.9008024754875714,0.11953772308955424,0.8877547440466996,0.748248950772085,0.0
69.0,0.1276630154485828,6.835539375010668,0.14742415497475914,0.8659572474432043,2.999763899508248,29.98865072694496,2.381308857317051,9.690122543697516,0.09460941394175582,0.9130434782608695,-0.08518443441004388,0.8913623386453247,P,quintile,COST0_mid,False,post_2021_2026,-0.12577087342216675,-0.2534338888707496,302.94202898550725,0.9008024754875714,0.11953772308955424,0.8877547440466996,0.748248950772085,0.0
36.0,0.14417405889759877,5.959265525244811,0.12437218729403296,1.159214628562827,4.015637267095801,120.76374949668929,0.8492321175183194,0.1063100452932253,0.02481375043601952,0.9722222222222222,-0.02481375043601952,0.4798098902674786,P,quintile,COST0_mid,False,dev_2021_2023,-0.17512117166250593,-0.31929523056010467,338.69444444444446,0.9008024754875714,0.11953772308955424,0.8877547440466996,0.748248950772085,0.0
24.0,0.12714410791141892,3.662612854082942,0.19434611047073655,0.65421483148521,2.2662666543949896,18.13870943620216,2.7831657259197153,10.378295014302505,0.09460941394175582,0.8333333333333334,-0.08518443441004388,0.8913623386453247,P,quintile,COST0_mid,False,hold_2024_2025,-0.05713876141463652,-0.18428286932605542,285.0416666666667,0.9008024754875714,0.11953772308955424,0.8877547440466996,0.748248950772085,0.0
9.0,0.06300259508495626,4.9236185581480445,0.05042289266845521,1.2494839496658026,4.328339368126008,42.339934420138505,-0.2342470412499713,-1.1768858459580334,0.015463939260699111,0.8888888888888888,-0.015463939260699,0.1265542922998369,P,quintile,COST0_mid,False,ext_2026,-0.11138864581422392,-0.17439124089918018,207.66666666666666,0.9008024754875714,0.11953772308955424,0.8877547440466996,0.748248950772085,0.0
66.0,0.15302659773486854,6.652269909772442,0.21698807251954613,0.7052304578680656,2.442989968145104,12.371105898797325,3.245615201106525,18.492095423237625,0.2864498859552359,0.8333333333333334,-0.26877776104785184,1.4403284165873704,P,quintile,COST0_mid,True,overlap_2014_2020,-0.07600838974145407,-0.2086182306450332,246.80722891566265,0.9008024754875714,0.11953772308955424,0.8877547440466996,0.748248950772085,0.0
31.0,0.14026583638913911,5.331960708010669,0.1266733128478322,1.1073037661660834,3.835812764824048,32.815741687509004,0.8817583989484137,0.5706073139342616,0.08557216434067616,0.9354838709677419,-0.08236655450205085,0.4798098902674786,P,quintile,COST0_mid,True,post_2021_2026,-0.12577087342216675,-0.2534338888707496,302.94202898550725,0.9008024754875714,0.11953772308955424,0.8877547440466996,0.748248950772085,0.0
15.0,0.186754025616407,4.689060329973888,0.13801206226476734,1.3531717630458366,4.687524489925885,,0.6708384972788969,-0.11566559385585817,0.0,1.0,0.005433572439662429,0.4798098902674786,P,quintile,COST0_mid,True,dev_2021_2023,-0.17512117166250593,-0.31929523056010467,338.69444444444446,0.9008024754875714,0.11953772308955424,0.8877547440466996,0.748248950772085,0.0
11.0,0.09841542936033613,5.8270672687106915,0.12114342166590726,0.812387730237214,2.8141936484328274,13.715416671794756,0.7389714299373651,0.2377453709030899,0.08557216434067616,0.8181818181818182,-0.08236655450205085,0.333597100704795,P,quintile,COST0_mid,True,hold_2024_2025,-0.05713876141463652,-0.18428286932605542,285.0416666666667,0.9008024754875714,0.11953772308955424,0.8877547440466996,0.748248950772085,0.0
5.0,0.09287216417070207,5.932725577343187,0.03553114735211265,2.613823957057778,9.054551791329605,,-0.5718932483288987,-2.3799918990141347,0.0,1.0,0.0465701881323195,0.1265542922998369,P,quintile,COST0_mid,True,ext_2026,-0.11138864581422392,-0.17439124089918018,207.66666666666666,0.9008024754875714,0.11953772308955424,0.8877547440466996,0.748248950772085,0.0
83.0,0.03353832250939646,1.780687611655482,0.18498194014276786,0.1813059290194048,0.6280621615501711,1.3976945347729606,2.717325164781813,15.813795870800718,0.7268756651311585,0.5542168674698795,-0.37567531166079404,1.1572104774246053,P,quintile,COST1_e25,False,overlap_2014_2020,-0.10861273618061634,-0.1421510586900128,246.80722891566265,0.9008024754875714,0.11953772308955424,0.8877547440466996,0.748248950772085,0.09907151839418268
69.0,0.017052339511716665,0.9671913038917511,0.13524885162472008,0.12608121478940473,0.43675813979050704,0.9244117495384019,1.8323159072704573,6.234191911983115,0.521652193619204,0.463768115942029,-0.2127018064313782,0.6531680917581306,P,quintile,COST1_e25,False,post_2021_2026,-0.16078531655529815,-0.1778376560670148,302.94202898550725,0.9008024754875714,0.11953772308955424,0.8877547440466996,0.748248950772085,0.11061067593686613
36.0,0.03535039009945426,1.641077375289432,0.1164336559839272,0.3036097235006871,1.0517349335502573,2.415965754344179,0.7078357416413833,0.15231552415253136,0.25351681780120483,0.5555555555555556,-0.13410537331073896,0.35399216098489233,P,quintile,COST1_e25,False,dev_2021_2023,-0.20495217299800025,-0.24030256309745449,338.69444444444446,0.9008024754875714,0.11953772308955424,0.8877547440466996,0.748248950772085,0.10882366879814451
24.0,0.016350798976908727,0.4928207325054042,0.17356738435210986,0.09420432898693946,0.3263333681966254,0.730107854004687,2.22198222310418,7.3129849215949605,0.4109352103834226,0.4583333333333333,-0.2127018064313782,0.6531680917581306,P,quintile,COST1_e25,False,hold_2024_2025,-0.09536263638989355,-0.11171343536680227,285.0416666666667,0.9008024754875714,0.11953772308955424,0.8877547440466996,0.748248950772085,0.1107933089345102
9.0,-0.054269088079745856,-4.541776766818893,0.04828251703502435,-1.1239904506299625,-3.8936171354266653,-2.663960334121437,-0.17139067087232268,-0.6722483815496334,0.4118823194172784,0.1111111111111111,-0.1256893623478987,0.018321243579571017,P,quintile,COST1_e25,False,ext_2026,-0.15857837122556853,-0.10430928314582269,207.66666666666666,0.9008024754875714,0.11953772308955424,0.8877547440466996,0.748248950772085,0.11727168316470211
66.0,0.052713912491216264,2.5020697641513023,0.19707062049072263,0.2674874233406995,0.9266036152235535,2.2889799394764134,2.641722467020818,14.491674141633265,0.6234789872368155,0.6060606060606061,-0.37567531166079404,1.1572104774246053,P,quintile,COST1_e25,True,overlap_2014_2020,-0.10861273618061634,-0.1421510586900128,246.80722891566265,0.9008024754875714,0.11953772308955424,0.8877547440466996,0.748248950772085,0.10031268524365228
31.0,0.02642604944268666,1.0473262566270465,0.12215132285203185,0.21633862675967813,0.7494189863748848,1.617098004112076,0.8063365063994635,0.24823738279010588,0.38453666896905025,0.4838709677419355,-0.17394950936381948,0.35399216098489233,P,quintile,COST1_e25,True,post_2021_2026,-0.16078531655529815,-0.1778376560670148,302.94202898550725,0.9008024754875714,0.11953772308955424,0.8877547440466996,0.748248950772085,0.11383978694645246
15.0,0.06955803904799177,1.7356210339086844,0.13346766535484045,0.521160229056701,1.80535199122088,5.208311322306922,0.46459854248760696,-0.16376691417846878,0.22443321783084025,0.6666666666666666,-0.12037490321758855,0.35399216098489233,P,quintile,COST1_e25,True,dev_2021_2023,-0.20495217299800025,-0.24030256309745449,338.69444444444446,0.9008024754875714,0.11953772308955424,0.8877547440466996,0.748248950772085,0.11719598656841523
11.0,-0.009060453725324687,-0.7512187255308711,0.1178091634176919,-0.07690788613107187,-0.2664167325634766,-0.4251334151980521,0.8223088645648483,-0.01641491058955502,0.262359479078245,0.36363636363636365,-0.17394950936381948,0.22085580152624423,P,quintile,COST1_e25,True,hold_2024_2025,-0.09536263638989355,-0.11171343536680227,285.0416666666667,0.9008024754875714,0.11953772308955424,0.8877547440466996,0.748248950772085,0.10747588308566082
5.0,-0.024899612403603735,-1.7660697069854967,0.033609432983780156,-0.7408519035599391,-2.5663862756998648,-2.260076558674756,0.07193065147196279,-1.4711362806984303,0.13636513544574136,0.2,-0.06510496930882168,0.018321243579571017,P,quintile,COST1_e25,True,ext_2026,-0.15857837122556853,-0.10430928314582269,207.66666666666666,0.9008024754875714,0.11953772308955424,0.8877547440466996,0.748248950772085,0.1177717765743058
83.0,-0.08127631230285853,-4.580305190590747,0.17096697303986863,-0.47539188919198627,-1.646805811173348,-1.801195563657707,1.7072150112000113,9.2496072741368,0.999736255620961,0.24096385542168675,-0.5041944493222218,0.8360267938920214,P,quintile,COST2_e50,False,overlap_2014_2020,-0.13803635236918294,-0.05676004006632438,246.80722891566265,0.9008024754875714,0.11953772308955424,0.8877547440466996,0.748248950772085,0.21388615320643767
69.0,-0.117087762546489,-6.934275515716349,0.12753577023716095,-0.918077824980057,-3.1803148763355717,-2.496881580540564,1.1300061239515773,3.0259324399241354,0.9998867685142748,0.15942028985507245,-0.3609207291177209,0.39845340736092894,P,quintile,COST2_e50,False,post_2021_2026,-0.19174485732363222,-0.07465709477714322,302.94202898550725,0.9008024754875714,0.11953772308955424,0.8877547440466996,0.748248950772085,0.2447507779950718
36.0,-0.10190067443559588,-5.53441893950813,0.11284376599173919,-0.90302440316513,-3.1281682935131334,-2.419768911532925,0.3060368403005006,0.32509656064854475,0.9811612414018758,0.19444444444444445,-0.3175032651796864,0.1951227312836516,P,quintile,COST2_e50,False,dev_2021_2023,-0.23139506102080695,-0.129494386585211,338.69444444444446,0.9008024754875714,0.11953772308955424,0.8877547440466996,0.748248950772085,0.24607473333319463
24.0,-0.11440830965728264,-3.2621444833151525,0.16027541619328983,-0.7138231949390659,-2.4727560825112103,-2.2769138826628925,1.4018969146948925,3.4676682476046357,0.9519824903265348,0.16666666666666666,-0.3609207291177209,0.39845340736092894,P,quintile,COST2_e50,False,hold_2024_2025,-0.1292771520914612,-0.014868842434178553,285.0416666666667,0.9008024754875714,0.11953772308955424,0.8877547440466996,0.748248950772085,0.24155241756870155
9.0,-0.18498132269461168,-15.98651393670201,0.04946596018621526,-3.7395680180521524,-12.954243611251952,-3.3589922850054506,0.2314743552259907,0.3462792942920512,0.8268941660926727,0.0,-0.25753829106875187,-0.09673072122925253,P,quintile,COST2_e50,False,ext_2026,-0.19972458982072286,-0.014743267126111194,207.66666666666666,0.9008024754875714,0.11953772308955424,0.8877547440466996,0.748248950772085,0.24798391777956794
66.0,-0.06316713013197772,-3.166850049130999,0.17972192137860368,-0.35147148242928766,-1.2175329299581563,-1.478064730571451,1.691329519897403,8.888840245431087,0.9949230631235738,0.2727272727272727,-0.5041944493222218,0.8360267938920214,P,quintile,COST2_e50,True,overlap_2014_2020,-0.13803635236918294,-0.05676004006632438,246.80722891566265,0.9008024754875714,0.11953772308955424,0.8877547440466996,0.748248950772085,0.21619372786684626
31.0,-0.11209823197727484,-4.822053575493163,0.11974343232817479,-0.9361534891538174,-3.242930813794583,-2.465549445606851,0.5754543954285767,-0.07596713261250443,0.9765250666923296,0.1935483870967742,-0.30559202846288147,0.1951227312836516,P,quintile,COST2_e50,True,post_2021_2026,-0.19174485732363222,-0.07465709477714322,302.94202898550725,0.9008024754875714,0.11953772308955424,0.8877547440466996,0.748248950772085,0.25236406836641395
15.0,-0.07985923489142219,-1.9614420135729775,0.1330168157088452,-0.6003694680695307,-2.0797408440190557,-1.9505568975894,0.12827723265059718,-0.04231329728721933,0.6980175724036675,0.26666666666666666,-0.30559202846288147,0.1951227312836516,P,quintile,COST2_e50,True,dev_2021_2023,-0.23139506102080695,-0.129494386585211,338.69444444444446,0.9008024754875714,0.11953772308955424,0.8877547440466996,0.748248950772085,0.2666132605078292
11.0,-0.13623874923179435,-10.409837746850112,0.1203932021699952,-1.1316149647670741,-3.9200292271636745,-2.684241495591294,0.791497946729088,-0.4489238789126655,0.8164757193030585,0.18181818181818182,-0.2777096344650677,0.09515386784807298,P,quintile,COST2_e50,True,hold_2024_2025,-0.1292771520914612,-0.014868842434178553,285.0416666666667,0.9008024754875714,0.11953772308955424,0.8877547440466996,0.748248950772085,0.2346541785921305
5.0,-0.15570608527488985,-11.901719857853324,0.03870368838008312,-4.023029633398353,-13.93618345080228,-3.3815362882108375,1.1117021502487474,-0.2621235451919963,0.527001096372016,0.0,-0.18739880149149454,-0.09673072122925253,P,quintile,COST2_e50,True,ext_2026,-0.19972458982072286,-0.014743267126111194,207.66666666666666,0.9008024754875714,0.11953772308955424,0.8877547440466996,0.748248950772085,0.24857824944559193
83.0,-0.6661711970251833,-9.962364154003383,0.6074760003382126,-1.0966214248040946,-3.79880804885853,-2.566685821138516,-3.197716644507376,11.672289814614963,1.0,0.0,-3.6224945445116683,-0.0853213714888667,P,quintile,COST3_natural,False,overlap_2014_2020,-0.1895143464193454,0.476656850605838,246.80722891566265,0.9008024754875714,0.11953772308955424,0.8877547440466996,0.748248950772085,0.7987810379287625
69.0,-0.902907390047946,-7.929754265233292,0.8461042903603144,-1.0671348678109667,-3.696663619153784,-2.536317609390816,-6.423732185194049,48.18690321922637,1.0,0.0,-7.260966860626088,-0.13198254063713305,P,quintile,COST3_natural,False,post_2021_2026,-0.2446800033964613,0.6582273866514845,302.94202898550725,0.9008024754875714,0.11953772308955424,0.8877547440466996,0.748248950772085,1.0305704054965288
36.0,-1.0691026539659678,-5.831911786950127,1.1101462282671302,-0.9630286774335767,-3.3360291969216282,-2.420435154847118,-5.233384001246475,29.592633547793007,1.0,0.0,-7.260966860626088,-0.4411972323727352,P,quintile,COST3_natural,False,dev_2021_2023,-0.2768321105468005,0.7922705434191675,338.69444444444446,0.9008024754875714,0.11953772308955424,0.8877547440466996,0.748248950772085,1.2132767128635666
24.0,-0.7647962089798233,-6.290493235579981,0.3777943757819356,-2.0243716106066825,-7.012628965941626,-3.1185991728860247,-0.20960996087699113,-0.9508592425339129,1.0,0.0,-1.4550238893092045,-0.13198254063713305,P,quintile,COST3_natural,False,hold_2024_2025,-0.18746213196796488,0.5773340770118585,285.0416666666667,0.9008024754875714,0.11953772308955424,0.8877547440466996,0.748248950772085,0.8919403168912422
9.0,-0.6064228172241839,-45.81382964456778,0.04974417510660007,-12.190830703788745,-42.230276330865514,-3.4537882912550493,0.2715104248290877,-1.4172926325955797,0.9995135855041158,0.0,-0.6657766209739691,-0.5335380914543875,P,quintile,COST3_natural,False,ext_2026,-0.2686525652710954,0.3377702519530885,207.66666666666666,0.9008024754875714,0.11953772308955424,0.8877547440466996,0.748248950772085,0.6694254123091401
66.0,-0.6634620084531044,-8.318940573802811,0.6385807658263983,-1.0389633449020452,-3.599074601144099,-2.5049850913656235,-3.2849674690302098,11.920887821503669,1.0,0.0,-3.6224945445116683,-0.0853213714888667,P,quintile,COST3_natural,True,overlap_2014_2020,-0.1895143464193454,0.476656850605838,246.80722891566265,0.9008024754875714,0.11953772308955424,0.8877547440466996,0.748248950772085,0.816488606187973
31.0,-1.0244612493172143,-4.571508433579451,1.1967494906107208,-0.8560365033407409,-2.965397433839536,-2.2739945866967535,-5.0052824367611155,26.730492792242458,1.0,0.0,-7.260966860626088,-0.24517874436133358,P,quintile,COST3_natural,True,post_2021_2026,-0.2446800033964613,0.6582273866514845,302.94202898550725,0.9008024754875714,0.11953772308955424,0.8877547440466996,0.748248950772085,1.1647270857063534
15.0,-1.3661352454588391,-3.5719714734518484,1.6495032182294334,-0.8282101122089597,-2.869003987376478,-2.2546137126593004,-3.7219582942400447,14.176976212150365,1.0,0.0,-7.260966860626088,-0.4920198536850583,P,quintile,COST3_natural,True,dev_2021_2023,-0.2768321105468005,0.7922705434191675,338.69444444444446,0.9008024754875714,0.11953772308955424,0.8877547440466996,0.748248950772085,1.5528892710752462
11.0,-0.7523098467383029,-5.863643227186413,0.3730200592184588,-2.0168080191572577,-6.9864279165854315,-3.1317607376457426,-0.4673975322040441,-0.39117797005727484,1.0,0.0,-1.4550238893092045,-0.24517874436133358,P,quintile,COST3_natural,True,hold_2024_2025,-0.18746213196796488,0.5773340770118585,285.0416666666667,0.9008024754875714,0.11953772308955424,0.8877547440466996,0.748248950772085,0.850725276098639
5.0,-0.5981723465659433,-53.32477030130659,0.0456353273516887,-13.107659817056366,-45.4062655429412,-3.456064746520663,-0.32067433297032083,-0.6597971528817581,0.9766637251561159,0.0,-0.6617621770245908,-0.5458336622243218,P,quintile,COST3_natural,True,ext_2026,-0.2686525652710954,0.3377702519530885,207.66666666666666,0.9008024754875714,0.11953772308955424,0.8877547440466996,0.748248950772085,0.6910445107366454
83.0,-0.6699694180441705,-13.415166924406563,0.42028005948710667,-1.59410232039506,-5.522132422775369,-2.93950343684417,-2.8129719523797267,11.77028312395488,1.0,0.0,-2.9771419757816817,-0.16002384978856432,P,quintile,COST4_nat_1tick,False,overlap_2014_2020,-0.20427000305828558,0.4656994149858849,246.80722891566265,0.9008024754875714,0.11953772308955424,0.8877547440466996,0.748248950772085,0.8025792589477496
69.0,-0.9477699342225578,-12.468311813636129,0.44156566458141056,-2.1463850345361704,-7.435295864844252,-3.1440988487305357,-1.2784368521114151,2.84001539878392,1.0,0.0,-2.755172600670154,-0.17690945270009484,P,quintile,COST4_nat_1tick,False,post_2021_2026,-0.25534189383507294,0.6924280403874848,302.94202898550725,0.9008024754875714,0.11953772308955424,0.8877547440466996,0.748248950772085,1.0754329496711406
36.0,-1.0113297547386102,-14.370203284117737,0.3468417348441091,-2.9158248651742005,-10.100713624908773,-3.281553436014102,-0.3466808520731416,-0.8939955539430611,1.0,0.0,-1.7964890888365175,-0.49159570030191274,P,quintile,COST4_nat_1tick,False,dev_2021_2023,-0.28834707857762154,0.7229826761609884,338.69444444444446,0.9008024754875714,0.11953772308955424,0.8877547440466996,0.748248950772085,1.155503813636209
24.0,-0.9596557318362832,-5.55743121470773,0.5948883460740921,-1.6131694933502025,-5.58818304740539,-2.9614611004095193,-1.3334254476566911,2.221189516453251,1.0,0.0,-2.755172600670154,-0.17690945270009484,P,quintile,COST4_nat_1tick,False,hold_2024_2025,-0.19831830549591634,0.7613374263403667,285.0416666666667,0.9008024754875714,0.11953772308955424,0.8877547440466996,0.748248950772085,1.0867998397477021
9.0,-0.6618351918550811,-44.38882986852502,0.054785798587598085,-12.080415160816901,-41.847785670120444,-3.453599761555341,0.31026800874274324,-1.1769752014928057,0.9998609886610305,0.0,-0.727576189209837,-0.5807258564930213,P,quintile,COST4_nat_1tick,False,ext_2026,-0.2753840571026298,0.3864511347524513,207.66666666666666,0.9008024754875714,0.11953772308955424,0.8877547440466996,0.748248950772085,0.7248377869400373
66.0,-0.6351147441479288,-15.420971393887942,0.335631319859506,-1.8922988009992197,-6.5551153328646325,-3.06781630286888,-1.8002941652185351,5.55914186399466,1.0,0.0,-2.1482803375330284,-0.16002384978856432,P,quintile,COST4_nat_1tick,True,overlap_2014_2020,-0.20427000305828558,0.4656994149858849,246.80722891566265,0.9008024754875714,0.11953772308955424,0.8877547440466996,0.748248950772085,0.7881413418827974
31.0,-0.9897498623901787,-10.18549952882051,0.41827269039323295,-2.366278949409008,-8.197030730514214,-3.198692262863692,-0.2656692804826026,-1.1912452153487894,1.0,0.0,-1.7964890888365175,-0.30052091235978046,P,quintile,COST4_nat_1tick,True,post_2021_2026,-0.25534189383507294,0.6924280403874848,302.94202898550725,0.9008024754875714,0.11953772308955424,0.8877547440466996,0.748248950772085,1.1300156987793177
15.0,-1.175591909658939,-15.854204090662417,0.36261247644302935,-3.242006235391181,-11.230639036305261,-3.3198367270005886,0.25695259331176035,-0.9384081014144949,1.0,0.0,-1.7964890888365175,-0.5542516666678579,P,quintile,COST4_nat_1tick,True,dev_2021_2023,-0.28834707857762154,0.7229826761609884,338.69444444444446,0.9008024754875714,0.11953772308955424,0.8877547440466996,0.748248950772085,1.362345935275346
11.0,-0.8882470849090985,-5.767449451513984,0.4697804581806833,-1.8907706130412685,-6.54982153449126,-3.093083242452377,-0.533710694358229,-0.9814290328977546,1.0,0.0,-1.7010605179749445,-0.30052091235978046,P,quintile,COST4_nat_1tick,True,hold_2024_2025,-0.19831830549591634,0.7613374263403667,285.0416666666667,0.9008024754875714,0.11953772308955424,0.8877547440466996,0.748248950772085,0.9866625142694346
5.0,-0.655529831042274,-46.972361543390356,0.05217783773422694,-12.563376703750759,-43.52081353104704,-3.45535599186902,-0.15765090466964934,0.03771800758392985,0.9876557148697015,0.0,-0.727576189209837,-0.5888166868908318,P,quintile,COST4_nat_1tick,True,ext_2026,-0.2753840571026298,0.3864511347524513,207.66666666666666,0.9008024754875714,0.11953772308955424,0.8877547440466996,0.748248950772085,0.7484019952129761
83.0,0.17564074486028253,5.704096765255391,0.3299303518682563,0.5323570379799952,1.8441388750964522,5.0829760731230405,1.1154506359822607,3.6063267268928074,0.6233642460962582,0.7590361445783133,-0.6233642460962582,1.565750663608183,P,K20,COST0_mid,False,overlap_2014_2020,-0.051610293521742935,-0.22725103838202548,20.0,0.9924486960765994,0.05416873267020719,2.0110257995800387,1.5879878203680466,0.0
69.0,0.10420605278424776,3.380990784551064,0.2524633691222841,0.41275711857340425,1.4298326011097353,2.7505368513271917,0.03904100539665004,1.9929252466770562,0.7771396641968997,0.7101449275362319,-0.6795091231696824,0.8928549555765256,P,K20,COST0_mid,False,post_2021_2026,-0.15130510641378075,-0.2555111591980285,20.0,0.9924486960765994,0.05416873267020719,2.0110257995800387,1.5879878203680466,0.0
36.0,0.17592863522566293,5.901361855514808,0.2139407740825976,0.8223240099044464,2.8486139308765477,11.232724506452481,0.9579973265843109,2.7166243973896664,0.20846233957598004,0.8055555555555556,-0.20846233957598007,0.8928549555765256,P,K20,COST0_mid,False,dev_2021_2023,-0.18737686768735817,-0.36330550291302116,20.0,0.9924486960765994,0.05416873267020719,2.0110257995800387,1.5879878203680466,0.0
24.0,0.05259292449082222,1.2051830413033413,0.2686590681737667,0.19576083862840432,0.6781354372733767,1.1927606181429813,0.37649943765602567,0.9095128237019154,0.686600973343862,0.625,-0.41751302412709157,0.7649958413839968,P,K20,COST0_mid,False,hold_2024_2025,-0.08904910426371382,-0.14164202875453602,20.0,0.9924486960765994,0.05416873267020719,2.0110257995800387,1.5879878203680466,0.0
9.0,-0.04504926819894449,-0.5244324125018383,0.2789467533365212,-0.16149773266798728,-0.55944455657626,-0.6476483801175704,-1.566094419532489,3.3159322721864264,0.7771396641968997,0.5555555555555556,-0.6795091231696824,0.29817661972913045,P,K20,COST0_mid,False,ext_2026,-0.17303406705298283,-0.12798479885403838,20.0,0.9924486960765994,0.05416873267020719,2.0110257995800387,1.5879878203680466,0.0
66.0,0.1874835150985797,5.007932997304212,0.3631196084595516,0.5163133874646259,1.7885620394334556,4.946524972634584,0.9839612687472848,2.572239682821115,0.6233642460962582,0.7121212121212122,-0.6233642460962582,1.565750663608183,P,K20,COST0_mid,True,overlap_2014_2020,-0.051610293521742935,-0.22725103838202548,20.0,0.9924486960765994,0.05416873267020719,2.0110257995800387,1.5879878203680466,0.0
31.0,0.08672564291838242,1.8671129469603989,0.2062771175972192,0.4204326874865715,1.456421551778939,2.689446487110588,-0.5451847115385315,-0.32008807389890226,0.7125275047005689,0.6774193548387096,-0.40144803247052685,0.39875494267693723,P,K20,COST0_mid,True,post_2021_2026,-0.15130510641378075,-0.2555111591980285,20.0,0.9924486960765994,0.05416873267020719,2.0110257995800387,1.5879878203680466,0.0
16.0,0.14982187475573863,3.184332015763649,0.17448016579298997,0.8586756785495786,2.9745398049431024,8.179344071611604,-0.7315272266048712,-0.30619538199482665,0.20846233957598004,0.75,-0.20846233957598007,0.39875494267693723,P,K20,COST0_mid,True,dev_2021_2023,-0.18737686768735817,-0.36330550291302116,20.0,0.9924486960765994,0.05416873267020719,2.0110257995800387,1.5879878203680466,0.0
10.0,-0.009085723133677661,-0.10732269027876935,0.2536635973252727,-0.03581800159534536,-0.12407719717744252,-0.17838141852724426,-0.005665457998896755,-0.7917355927516114,0.712527504700569,0.5,-0.40144803247052685,0.35179761324486014,P,K20,COST0_mid,True,hold_2024_2025,-0.08904910426371382,-0.14164202875453602,20.0,0.9924486960765994,0.05416873267020719,2.0110257995800387,1.5879878203680466,0.0
5.0,0.07644043314296274,2.0631429162519357,0.14553806214000653,0.5252264048247915,1.8194376372665564,5.623027955954935,0.6466948666813951,1.7906210888930083,0.10530003651361841,0.8,-0.1053000365136185,0.29817661972913045,P,K20,COST0_mid,True,ext_2026,-0.17303406705298283,-0.12798479885403838,20.0,0.9924486960765994,0.05416873267020719,2.0110257995800387,1.5879878203680466,0.0
83.0,0.07235117121636069,2.4021348903724555,0.31998504001005207,0.22610798059211715,0.7832610207646891,1.4910096877187977,0.7632021705607908,2.487091872940474,0.869876651333726,0.5903614457831325,-0.7842808671395204,1.2790966250776599,P,K20,COST1_e25,False,overlap_2014_2020,-0.08799385436526902,-0.16034502558162966,20.0,0.9924486960765994,0.05416873267020719,2.0110257995800387,1.5879878203680466,0.10328957364392184
69.0,-0.00023305491808514478,-0.007215465239028502,0.2572258333439712,-0.0009060323181983661,-0.0031385880168379636,-0.004216045611685739,-0.41538059147229717,2.1215696069829253,0.9952250768857249,0.5652173913043478,-0.8915627429086486,0.7597766017466236,P,K20,COST1_e25,False,post_2021_2026,-0.18159111736816577,-0.18135806245008065,20.0,0.9924486960765994,0.05416873267020719,2.0110257995800387,1.5879878203680466,0.1044391077023329
36.0,0.07699369428127627,2.679529037862232,0.21219052806713798,0.36285170211233525,1.2569551673428239,2.588512280808037,0.6522887354806431,2.335297632121346,0.36426854916265383,0.7222222222222222,-0.35497735178914036,0.7597766017466236,P,K20,COST1_e25,False,dev_2021_2023,-0.21261247078096213,-0.28960616506223835,20.0,0.9924486960765994,0.05416873267020719,2.0110257995800387,1.5879878203680466,0.09893494094438667
24.0,-0.05369137176886054,-1.1830227403827607,0.2642953922036799,-0.20314910268084865,-0.7037291347105133,-0.8501844770781641,-0.07867174033500751,-0.07725824017198946,0.928266167808848,0.4583333333333333,-0.5562449724428042,0.5290914762700689,P,K20,COST1_e25,False,hold_2024_2025,-0.12182006053498763,-0.06812868876612711,20.0,0.9924486960765994,0.05416873267020719,2.0110257995800387,1.5879878203680466,0.10628429625968276
9.0,-0.16658454011346305,-1.785071079446966,0.31313286730499423,-0.5319931489376624,-1.8428783264771762,-1.7318274051043283,-1.7253985094084068,3.6656204537440686,0.949694673370028,0.2222222222222222,-0.8915627429086486,0.18460374344237565,P,K20,COST1_e25,False,ext_2026,-0.21689518860545554,-0.050310648491992446,20.0,0.9924486960765994,0.05416873267020719,2.0110257995800387,1.5879878203680466,0.12153527191451856
66.0,0.08137682751078544,2.2256103992627754,0.3513648948755174,0.2316020430544601,0.802293011414159,1.5421818610197648,0.6764691506568971,1.6965101982168962,0.8495010754505871,0.5909090909090909,-0.7842808671395204,1.2790966250776599,P,K20,COST1_e25,True,overlap_2014_2020,-0.08799385436526902,-0.16034502558162966,20.0,0.9924486960765994,0.05416873267020719,2.0110257995800387,1.5879878203680466,0.10610668758779425
31.0,-0.015491298772600252,-0.33778891733023825,0.21221379480702302,-0.0729985474633602,-0.2528743861705361,-0.3160825258752905,-0.6560711862346452,-0.10231866138430012,0.8654476703520003,0.5161290322580645,-0.5429816940273499,0.29190296621578704,P,K20,COST1_e25,True,post_2021_2026,-0.18159111736816577,-0.18135806245008065,20.0,0.9924486960765994,0.05416873267020719,2.0110257995800387,1.5879878203680466,0.10221694169098267
16.0,0.04369165534563056,0.9298550540947383,0.18425173416308516,0.23713022590581503,0.8214431985583144,1.2213729435899268,-0.9578630140993449,0.3046759770412617,0.3579845419518697,0.75,-0.35497735178914036,0.29190296621578704,P,K20,COST1_e25,True,dev_2021_2023,-0.21261247078096213,-0.28960616506223835,20.0,0.9924486960765994,0.05416873267020719,2.0110257995800387,1.5879878203680466,0.10613021941010807
10.0,-0.10524477488347603,-1.2039358260477686,0.26302394610441543,-0.4001338145907669,-1.3861041933951064,-1.4925951486641094,-0.12526118284502466,-0.5966384253958479,0.8654476703520003,0.3,-0.5429816940273499,0.26746868098635895,P,K20,COST1_e25,True,hold_2024_2025,-0.12182006053498763,-0.06812868876612711,20.0,0.9924486960765994,0.05416873267020719,2.0110257995800387,1.5879878203680466,0.09615905174979837
5.0,-0.025369799729187292,-0.7045795726141367,0.14325607357555326,-0.17709406027945657,-0.6134718202453683,-0.8682315511545601,0.3787288528703005,1.346374415414413,0.2174599381068666,0.2,-0.21135471381915452,0.18460374344237565,P,K20,COST1_e25,True,ext_2026,-0.21689518860545554,-0.050310648491992446,20.0,0.9924486960765994,0.05416873267020719,2.0110257995800387,1.5879878203680466,0.10181023287215003
83.0,-0.04637506461382827,-1.5267185352978065,0.3154144134337557,-0.14702899626230334,-0.5093233834243278,-0.673491997696282,0.357278232382163,1.6003729705015912,0.9999871126776688,0.42168674698795183,-0.9864642270045783,0.9480498353851037,P,K20,COST2_e50,False,overlap_2014_2020,-0.12074484530473606,-0.0743697806909078,20.0,0.9924486960765994,0.05416873267020719,2.0110257995800387,1.5879878203680466,0.2220158094741108
69.0,-0.12690965851445118,-3.7275363341157184,0.2694884861987882,-0.47092794317318726,-1.6313422485597386,-1.5847437896470697,-0.8705928738664711,2.642597651181955,1.0,0.3333333333333333,-1.154279481117564,0.5952421212998384,P,K20,COST2_e50,False,post_2021_2026,-0.20854965216685759,-0.08163999365240636,20.0,0.9924486960765994,0.05416873267020719,2.0110257995800387,1.5879878203680466,0.23111571129869896
36.0,-0.04780173040106909,-1.7015474935033632,0.21743874199589325,-0.21983998786183154,-0.7615480570240349,-0.9295278914341448,0.1474104141703598,1.8561530772132349,0.946194438289985,0.3888888888888889,-0.5477025781936682,0.5952421212998384,P,K20,COST2_e50,False,dev_2021_2023,-0.2351188388086345,-0.18731710840756544,20.0,0.9924486960765994,0.05416873267020719,2.0110257995800387,1.5879878203680466,0.22373036562673201
24.0,-0.17909579438620646,-3.584827155491915,0.26892018357173236,-0.6659812291048584,-2.3070266513935667,-2.0078564012779836,-0.4013304030423562,-0.4773730685039985,0.9972762639118142,0.3333333333333333,-0.727195929550892,0.2792364969790222,P,K20,COST2_e50,False,hold_2024_2025,-0.15127613863538336,0.027819655750823097,20.0,0.9924486960765994,0.05416873267020719,2.0110257995800387,1.5879878203680466,0.2316887188770287
9.0,-0.3041783419766323,-2.893575708920342,0.3617429789520798,-0.8408686821173298,-2.912854559841397,-2.3077955499985614,-1.8688292596057876,3.9998787529937374,1.0,0.1111111111111111,-1.154279481117564,0.05792921648907488,P,K20,COST2_e50,False,ext_2026,-0.2550022750170143,0.04917606695961802,20.0,0.9924486960765994,0.05416873267020719,2.0110257995800387,1.5879878203680466,0.2591290737776878
66.0,-0.0401957048349788,-1.1046102583500759,0.34421649173783264,-0.11677448872959073,-0.40451869501506077,-0.5478267857164653,0.3240038161341478,1.0510366161619755,0.999932155921592,0.42424242424242425,-0.9864642270045783,0.9480498353851037,P,K20,COST2_e50,True,overlap_2014_2020,-0.12074484530473606,-0.0743697806909078,20.0,0.9924486960765994,0.05416873267020719,2.0110257995800387,1.5879878203680466,0.2276792199335585
31.0,-0.1403265650355551,-3.110104468433959,0.2224689419689459,-0.6307692381399606,-2.1850487366198483,-1.9224750512289115,-0.7742491003704005,0.17090549360281404,0.9964791586952962,0.22580645161290322,-0.7044793738909223,0.17953912033233105,P,K20,COST2_e50,True,post_2021_2026,-0.20854965216685759,-0.08163999365240636,20.0,0.9924486960765994,0.05416873267020719,2.0110257995800387,1.5879878203680466,0.22705220795393752
16.0,-0.09367504720471899,-1.8832019503026791,0.20642819479644026,-0.4537899839558853,-1.571974616354918,-1.5313012233684953,-1.1614632332319055,0.9317440965761419,0.8413576017566224,0.25,-0.5477025781936682,0.13759088810653042,P,K20,COST2_e50,True,dev_2021_2023,-0.2351188388086345,-0.18731710840756544,20.0,0.9924486960765994,0.05416873267020719,2.0110257995800387,1.5879878203680466,0.24349692196045764
10.0,-0.2173446081895653,-2.382394458192035,0.2731543673733835,-0.7956841777033349,-2.756330845121678,-2.2751339990282187,-0.25716748391924105,-0.2754783293996361,0.9618621686949402,0.2,-0.7044793738909223,0.17953912033233105,P,K20,COST2_e50,True,hold_2024_2025,-0.15127613863538336,0.027819655750823097,20.0,0.9924486960765994,0.05416873267020719,2.0110257995800387,1.5879878203680466,0.20825888505588763
5.0,-0.13557533578621017,-3.8930407613097064,0.1412547768386687,-0.9597929275061248,-3.32482023037176,-2.559398266955107,0.013482400527691459,0.6900813857938228,0.47877035368771603,0.2,-0.3272433912344836,0.05792921648907488,P,K20,COST2_e50,True,ext_2026,-0.2550022750170143,0.04917606695961802,20.0,0.9924486960765994,0.05416873267020719,2.0110257995800387,1.5879878203680466,0.2120157689291729
83.0,-0.5544444128593579,-7.963073385903145,0.584504433518335,-0.9485717833173044,-3.2859490466635743,-2.399284910599234,-2.2421554964599273,8.339276944758595,1.0,0.07228915662650602,-3.5567621893819825,0.3649012515640762,P,K20,COST3_natural,False,overlap_2014_2020,-0.17778297342214897,0.3766614394372089,20.0,0.9924486960765994,0.05416873267020719,2.0110257995800387,1.5879878203680466,0.7300851577196403
69.0,-1.027595229958233,-2.943991367801834,3.0069976274617827,-0.34173463276910854,-1.1838034933239763,-1.1275393876329962,-8.04149729638312,65.98842657851263,1.0,0.0,-25.382361026106118,-0.07973412701467048,P,K20,COST3_natural,False,post_2021_2026,-0.25502675824133236,0.7725684717169008,20.0,0.9924486960765994,0.05416873267020719,2.0110257995800387,1.5879878203680466,1.1318012827424806
36.0,-1.3521087731778174,-2.101287582086606,4.141235820536634,-0.3264988597057501,-1.131025227247324,-1.0889226891323998,-5.90213241292336,35.18228856292968,1.0,0.0,-25.382361026106118,-0.14026953678455248,P,K20,COST3_natural,False,dev_2021_2023,-0.2740933738919849,1.0780153992858328,20.0,0.9924486960765994,0.05416873267020719,2.0110257995800387,1.5879878203680466,1.5280374084034802
24.0,-0.6448062084850248,-6.174095469916833,0.4022722472377899,-1.6029100016533553,-5.552643125647848,-2.9563563589095154,-0.45699027777465945,-0.805673608980412,1.0,0.0,-1.4270661479042759,-0.07973412701467048,P,K20,COST3_natural,False,hold_2024_2025,-0.20259784282709503,0.4422083656579297,20.0,0.9924486960765994,0.05416873267020719,2.0110257995800387,1.5879878203680466,0.697399132975847
9.0,-0.7503117810084522,-4.696299565614023,0.6012986499180644,-1.2478188353003836,-4.32257124276337,-2.763880074425907,-1.9376418406353133,3.89503053993565,1.0,0.0,-2.1616192019746783,-0.2761558306182918,P,K20,COST3_natural,False,ext_2026,-0.31857073674335545,0.43174104426509685,20.0,0.9924486960765994,0.05416873267020719,2.0110257995800387,1.5879878203680466,0.7052625128095077
66.0,-0.554026872576938,-7.453456306516866,0.6079261097350633,-0.9113391639296182,-3.1569714697068814,-2.3521266180912113,-2.363572405821066,9.056225851569053,1.0,0.07575757575757576,-3.5567621893819825,0.3649012515640762,P,K20,COST3_natural,True,overlap_2014_2020,-0.17778297342214897,0.3766614394372089,20.0,0.9924486960765994,0.05416873267020719,2.0110257995800387,1.5879878203680466,0.7415103876755176
31.0,-1.5039617857586214,-1.9787734887115327,4.454187979135967,-0.33765117071919426,-1.1696579658415145,-1.1245930132783395,-5.4792543727230765,30.312100847675758,1.0,0.0,-25.382361026106118,-0.07973412701467048,P,K20,COST3_natural,True,post_2021_2026,-0.25502675824133236,0.7725684717169008,20.0,0.9924486960765994,0.05416873267020719,2.0110257995800387,1.5879878203680466,1.5906874286770039
16.0,-2.396205491387233,-1.7874867298904724,6.151711734601999,-0.38951849416303336,-1.3493316447561898,-1.2928852285054961,-3.9516125858542557,15.722077183244533,1.0,0.0,-25.382361026106118,-0.1506317675987462,P,K20,COST3_natural,True,dev_2021_2023,-0.2740933738919849,1.0780153992858328,20.0,0.9924486960765994,0.05416873267020719,2.0110257995800387,1.5879878203680466,2.5460273661429715
10.0,-0.5961465156732839,-4.905524298031067,0.33587542635109063,-1.7749036365945148,-6.148446554240932,-3.05508094893828,-0.38237461378279386,-0.21649126045426925,1.0,0.0,-1.2117226178623675,-0.07973412701467048,P,K20,COST3_natural,True,hold_2024_2025,-0.20259784282709503,0.4422083656579297,20.0,0.9924486960765994,0.05416873267020719,2.0110257995800387,1.5879878203680466,0.5870607925396063
5.0,-0.4644124679177392,-12.932968403060455,0.1889881283854471,-2.457363178763037,-8.512555756533082,-3.2551821512910744,-0.3266018124591851,-2.6639629045506252,0.9422342404951192,0.0,-0.693987878143001,-0.2761558306182918,P,K20,COST3_natural,True,ext_2026,-0.31857073674335545,0.43174104426509685,20.0,0.9924486960765994,0.05416873267020719,2.0110257995800387,1.5879878203680466,0.5408529010607019
83.0,-0.6248772941885683,-8.977471146650243,0.5489302199987155,-1.1383546968684481,-3.94337634402164,-2.6138529895895033,-1.5910172823357642,3.8585061415818256,1.0,0.04819277108433735,-2.9530189635574233,0.2952313020950749,P,K20,COST4_nat_1tick,False,overlap_2014_2020,-0.19166752623208913,0.43320976795647914,20.0,0.9924486960765994,0.05416873267020719,2.0110257995800387,1.5879878203680466,0.8005180390488509
69.0,-0.8069233908812925,-11.311516820506332,0.5780130157212668,-1.3960297933332566,-4.83598906186616,-2.823092947276414,-2.138966148013975,6.198008138930823,1.0,0.0,-3.4311422356831307,-0.14749448964468487,P,K20,COST4_nat_1tick,False,post_2021_2026,-0.26561384333932025,0.5413095475419722,20.0,0.9924486960765994,0.05416873267020719,2.0110257995800387,1.5879878203680466,0.9111294436655403
36.0,-0.8549857468062847,-8.299449162608385,0.6568219968728368,-1.3017008426589176,-4.5092239914809324,-2.761334502768098,-2.3397353418207625,6.415995482251857,1.0,0.0,-3.4311422356831307,-0.20287187007768956,P,K20,COST4_nat_1tick,False,dev_2021_2023,-0.28602336090753144,0.5689623858987533,20.0,0.9924486960765994,0.05416873267020719,2.0110257995800387,1.5879878203680466,1.0309143820319475
24.0,-0.7274686778419127,-6.623449315146956,0.41966490418490004,-1.7334513098131206,-6.004851482086287,-3.016337964979428,-0.41050040646268726,-0.8652385622091407,1.0,0.0,-1.5196693402299837,-0.14749448964468487,P,K20,COST4_nat_1tick,False,hold_2024_2025,-0.2125881479496169,0.5148805298922959,20.0,0.9924486960765994,0.05416873267020719,2.0110257995800387,1.5879878203680466,0.7800616023327349
9.0,-0.8265532019530021,-4.861158599210487,0.6452069467517545,-1.2810668051765741,-4.437745588911533,-2.7899751421547734,-1.9859818840467707,4.143680401257631,1.0,0.0,-2.353567925540486,-0.320243821142119,P,K20,COST4_nat_1tick,False,ext_2026,-0.32537762743901705,0.5011755745139851,20.0,0.9924486960765994,0.05416873267020719,2.0110257995800387,1.5879878203680466,0.7815039337540576
66.0,-0.6176444538519363,-8.863365222787476,0.5491762104509577,-1.1246744525673387,-3.8959865876426876,-2.6031450917985515,-1.6670798633341926,4.750590507331054,1.0,0.06060606060606061,-2.9530189635574233,0.2952313020950749,P,K20,COST4_nat_1tick,True,overlap_2014_2020,-0.19166752623208913,0.43320976795647914,20.0,0.9924486960765994,0.05416873267020719,2.0110257995800387,1.5879878203680466,0.805127968950516
31.0,-0.896295827432518,-6.336221884440247,0.6955312041994363,-1.2886493402753425,-4.464012260994016,-2.7534870103480573,-2.12483844763345,5.313297854641197,1.0,0.0,-3.4311422356831307,-0.14749448964468487,P,K20,COST4_nat_1tick,True,post_2021_2026,-0.26561384333932025,0.5413095475419722,20.0,0.9924486960765994,0.05416873267020719,2.0110257995800387,1.5879878203680466,0.9830214703509004
16.0,-1.1584988230470596,-6.916594342104624,0.8523644329736771,-1.359159038353301,-4.708265019988747,-2.82138828663312,-1.5238523518907952,2.2030008351391723,1.0,0.0,-3.4311422356831307,-0.20287187007768956,P,K20,COST4_nat_1tick,True,dev_2021_2023,-0.28602336090753144,0.5689623858987533,20.0,0.9924486960765994,0.05416873267020719,2.0110257995800387,1.5879878203680466,1.3083206978027984
10.0,-0.6651693559994887,-5.205994452911762,0.35118884227522285,-1.8940503681441074,-6.561182939440261,-3.097301325867686,-0.4924519083704505,-0.2250747579213943,1.0,0.0,-1.3149056196264053,-0.14749448964468487,P,K20,COST4_nat_1tick,True,hold_2024_2025,-0.2125881479496169,0.5148805298922959,20.0,0.9924486960765994,0.05416873267020719,2.0110257995800387,1.5879878203680466,0.6560836328658111
5.0,-0.5194991843320449,-13.499047875203209,0.20059335186539692,-2.5898125710598907,-8.971373910312627,-3.2743267328364407,-0.3751915899612658,-2.3812933741427083,0.9676371102709159,0.0,-0.7737100875028289,-0.320243821142119,P,K20,COST4_nat_1tick,True,ext_2026,-0.32537762743901705,0.5011755745139851,20.0,0.9924486960765994,0.05416873267020719,2.0110257995800387,1.5879878203680466,0.5959396174750077
83.0,0.15966468083228405,4.074878799578354,0.3719581203557361,0.4292544566027561,1.4869810564226864,3.7710143861785155,1.126543166118323,2.9722478721780687,0.6845765662689811,0.6867469879518072,-0.6343474561896922,1.5502979634988445,P,K10,COST0_mid,False,overlap_2014_2020,-0.09954026818036038,-0.2592049490126444,10.0,0.996328390392897,0.03581121454002663,2.506312278082936,1.8836302661875988,0.0
69.0,0.09605470922360929,2.2261990328544234,0.33355406460802706,0.2879734334417033,0.997569235902169,1.657360566637725,-0.36302639950096405,0.5981673192610768,0.9816851634498119,0.6666666666666666,-0.8515135755037665,0.8816450779606988,P,K10,COST0_mid,False,post_2021_2026,-0.16392076711671213,-0.2599754763403214,10.0,0.996328390392897,0.03581121454002663,2.506312278082936,1.8836302661875988,0.0
36.0,0.18255401768049634,3.7866817913002158,0.31078871001451036,0.5873894765095331,2.0347768342915935,4.487256091422341,-0.1474030186890222,0.8350927963442798,0.667261646201811,0.7777777777777778,-0.6214733887968564,0.8816450779606988,P,K10,COST0_mid,False,dev_2021_2023,-0.20183794819741843,-0.3843919658779147,10.0,0.996328390392897,0.03581121454002663,2.506312278082936,1.8836302661875988,0.0
24.0,0.036206414623655404,0.5527965636678175,0.3229555678629848,0.11210958480522659,0.3883589937962085,0.5723445609316072,-0.40150502429320534,-0.09373845927274793,0.9378492775552552,0.625,-0.7076933334275255,0.5901376749525686,P,K10,COST0_mid,False,hold_2024_2025,-0.10135809939836847,-0.13756451402202388,10.0,0.996328390392897,0.03581121454002663,2.506312278082936,1.8836302661875988,0.0
9.0,-0.09034707233739508,-0.9640985195918598,0.37382996627261,-0.24167958828509434,-0.8372026521242228,-0.9822594184040275,-0.7364106004602977,1.7156886911076956,0.9048288777939005,0.3333333333333333,-0.8515135755037665,0.4900748348310313,P,K10,COST0_mid,False,ext_2026,-0.17908582337613674,-0.08873875103874168,10.0,0.996328390392897,0.03581121454002663,2.506312278082936,1.8836302661875988,0.0
66.0,0.15204082588170742,3.054349865201182,0.40511353576175835,0.37530423562820797,1.3000920088077155,3.248391031181818,1.1454286127211513,2.4543703857003987,0.6845765662689811,0.6363636363636364,-0.6343474561896922,1.5502979634988445,P,K10,COST0_mid,True,overlap_2014_2020,-0.09954026818036038,-0.2592049490126444,10.0,0.996328390392897,0.03581121454002663,2.506312278082936,1.8836302661875988,0.0
31.0,0.07386635242528664,1.0186776811188192,0.3468335073892603,0.21297351856602628,0.7377619096461422,1.1770161485018105,-0.3948582571610708,-0.22155765646260006,0.9442503958885687,0.6129032258064516,-0.7076933334275255,0.6345474478118774,P,K10,COST0_mid,True,post_2021_2026,-0.16392076711671213,-0.2599754763403214,10.0,0.996328390392897,0.03581121454002663,2.506312278082936,1.8836302661875988,0.0
15.0,0.22109401666173548,3.105603146480758,0.3079539877850125,0.7179449704547572,2.4870343317323518,4.764653994013036,-1.3191668440363933,3.189589386217367,0.6214733887968564,0.8666666666666667,-0.6214733887968564,0.6345474478118774,P,K10,COST0_mid,True,dev_2021_2023,-0.20183794819741843,-0.3843919658779147,10.0,0.996328390392897,0.03581121454002663,2.506312278082936,1.8836302661875988,0.0
10.0,-0.0936756052921007,-0.8293414716706102,0.3624363077591845,-0.25846087515697264,-0.8953347350811864,-1.0883275030432202,0.14387266467157947,0.5331187394057126,0.8720622271509018,0.4,-0.7076933334275255,0.5901376749525686,P,K10,COST0_mid,True,hold_2024_2025,-0.10135809939836847,-0.13756451402202388,10.0,0.996328390392897,0.03581121454002663,2.506312278082936,1.8836302661875988,0.0
6.0,-0.014966211970189764,-0.2772361553974259,0.2985546317890217,-0.05012888890890117,-0.1736515650343856,-0.2924941274976876,0.9664973652963218,0.6831524876800898,0.3636743262226745,0.3333333333333333,-0.300683762850208,0.4900748348310313,P,K10,COST0_mid,True,ext_2026,-0.17908582337613674,-0.08873875103874168,10.0,0.996328390392897,0.03581121454002663,2.506312278082936,1.8836302661875988,0.0
83.0,0.05765130037173133,1.5007170952329345,0.3652001633593704,0.157862197654606,0.546850693864516,1.0059031276107928,0.9147206521807477,2.360956445701256,0.9237229494242543,0.5783132530120482,-0.7391074662457482,1.3209942031758497,P,K10,COST1_e25,False,overlap_2014_2020,-0.13606062789432022,-0.19371192826605152,10.0,0.996328390392897,0.03581121454002663,2.506312278082936,1.8836302661875988,0.10201338046055272
69.0,-0.009036188019574395,-0.2030489585260881,0.3397199922965445,-0.026598929190150895,-0.09214139356853648,-0.11936726812473653,-0.6228785538594414,1.0006821406285358,1.0,0.5652173913043478,-1.0561352781402413,0.6976477313408953,P,K10,COST1_e25,False,post_2021_2026,-0.19579734127394494,-0.18676115325437057,10.0,0.996328390392897,0.03581121454002663,2.506312278082936,1.8836302661875988,0.10509089724318368
36.0,0.08271306566998968,1.7201223700335642,0.3142183309909809,0.2632343740389984,0.9118706202682701,1.4927131909707032,-0.4461535773703448,1.1300311273534316,0.8802683685857017,0.6944444444444444,-0.8030149135748388,0.6976477313408953,P,K10,COST1_e25,False,dev_2021_2023,-0.22998321832811508,-0.31269628399810473,10.0,0.996328390392897,0.03581121454002663,2.506312278082936,1.8836302661875988,0.09984095201050666
24.0,-0.06951572266240628,-1.0423236036969736,0.32240505163020283,-0.21561610871451392,-0.7469161104476653,-0.8559612487200979,-0.6484269723103675,0.3321280941593363,0.9892342656481012,0.4583333333333333,-0.8613596520415078,0.5053380749747648,P,K10,COST1_e25,False,hold_2024_2025,-0.13397704695865278,-0.06446132429624651,10.0,0.996328390392897,0.03581121454002663,2.506312278082936,1.8836302661875988,0.1057221372860617
9.0,-0.21475444373027897,-2.1789268507850874,0.3920698101556061,-0.5477454222885624,-1.8974458020341203,-1.8108355354099746,-1.0650821239977448,2.3915333612640275,1.0,0.3333333333333333,-1.0561352781402413,0.3543401879517425,P,K10,COST1_e25,False,ext_2026,-0.223907951231377,-0.009153507501098022,10.0,0.996328390392897,0.03581121454002663,2.506312278082936,1.8836302661875988,0.12440737139288388
66.0,0.04868973678892509,1.010672291695853,0.39684793231455956,0.12269116914619933,0.42501467720248853,0.7736448282860795,0.9497674049504309,1.9325731308376861,0.93572433526992,0.5606060606060606,-0.7391074662457482,1.3209942031758497,P,K10,COST1_e25,True,overlap_2014_2020,-0.13606062789432022,-0.19371192826605152,10.0,0.996328390392897,0.03581121454002663,2.506312278082936,1.8836302661875988,0.10335108909278233
31.0,-0.030385197350720924,-0.41462584057555424,0.35527310436971493,-0.08552630913231352,-0.29627182560201815,-0.37460974790287616,-0.5435375719220988,0.05376609824251499,0.9980472243752172,0.5161290322580645,-0.8613596520415078,0.5159225752799319,P,K10,COST1_e25,True,post_2021_2026,-0.19579734127394494,-0.18676115325437057,10.0,0.996328390392897,0.03581121454002663,2.506312278082936,1.8836302661875988,0.10425154977600756
15.0,0.11980756926388052,1.6973173815030318,0.31958750150460674,0.3748818983841067,1.2986289896782914,1.9774022249960697,-1.6593134032872154,4.461823791852853,0.8030149135748388,0.8,-0.8030149135748388,0.5159225752799319,P,K10,COST1_e25,True,dev_2021_2023,-0.22998321832811508,-0.31269628399810473,10.0,0.996328390392897,0.03581121454002663,2.506312278082936,1.8836302661875988,0.10128644739785496
10.0,-0.19518397887220834,-1.6273893528236654,0.37573521923209285,-0.5194721412358275,-1.7995042834740977,-1.8110148297705624,0.019388664523760576,0.716247299285012,0.9719521783375534,0.2,-0.8613596520415078,0.5053380749747648,P,K10,COST1_e25,True,hold_2024_2025,-0.13397704695865278,-0.06446132429624651,10.0,0.996328390392897,0.03581121454002663,2.506312278082936,1.8836302661875988,0.10150837358010764
6.0,-0.1312024780180789,-2.5209892023864016,0.28814275445135723,-0.4553384598127309,-1.5773386940716185,-1.7763916946458223,0.9438948476702278,0.5892878776576964,0.6716707814544242,0.3333333333333333,-0.4184867138528627,0.3543401879517425,P,K10,COST1_e25,True,ext_2026,-0.223907951231377,-0.009153507501098022,10.0,0.996328390392897,0.03581121454002663,2.506312278082936,1.8836302661875988,0.11623626604788914
83.0,-0.059961950892696236,-1.5788457097554363,0.36354009112037833,-0.1649390324679243,-0.5713655687713951,-0.7642524966149052,0.6601785504267551,1.6905958532134013,0.9999945059705642,0.39759036144578314,-0.8561244923977122,1.0801547608829756,P,K10,COST2_e50,False,overlap_2014_2020,-0.1687979239049543,-0.10883597301225807,10.0,0.996328390392897,0.03581121454002663,2.506312278082936,1.8836302661875988,0.2196266317249803
69.0,-0.1348894928402373,-2.957484223326298,0.35127431282663346,-0.3840004461322799,-1.330216565660449,-1.3601408355746627,-0.8709604145316442,1.5416107154232348,1.0,0.3333333333333333,-1.2871634300297567,0.5389731269583791,P,K10,COST2_e50,False,post_2021_2026,-0.2239118176437754,-0.08902232480353807,10.0,0.996328390392897,0.03581121454002663,2.506312278082936,1.8836302661875988,0.23094420206384658
36.0,-0.041539843861333456,-0.859856972189333,0.32495770419222025,-0.12783154030643215,-0.44282144524105854,-0.542486666891282,-0.7644319954154151,1.6984558375948877,1.0,0.4166666666666667,-1.0362372452131225,0.5389731269583791,P,K10,COST2_e50,False,dev_2021_2023,-0.25471151568865813,-0.21317167182732463,10.0,0.996328390392897,0.03581121454002663,2.506312278082936,1.8836302661875988,0.2240938615418298
24.0,-0.1932307024497688,-2.8273743886636544,0.3289398685073939,-0.5874347288049256,-2.034933592841152,-1.847823943314536,-0.8372078580904853,0.9280088329125342,1.0,0.2916666666666667,-1.0433593688295524,0.41627986041728005,P,K10,COST2_e50,False,hold_2024_2025,-0.16316508876780533,0.030065613681963532,10.0,0.996328390392897,0.03581121454002663,2.506312278082936,1.8836302661875988,0.2294371170734242
9.0,-0.35271152979710196,-3.332137163614313,0.4159034589417012,-0.8480610637252307,-2.937769700586014,-2.336423058374856,-1.3941974118009632,3.19254390268733,1.0,0.1111111111111111,-1.2871634300297567,0.2053765533168311,P,K10,COST2_e50,False,ext_2026,-0.2627043024668315,0.0900072273302705,10.0,0.996328390392897,0.03581121454002663,2.506312278082936,1.8836302661875988,0.2623644574597069
66.0,-0.07057301450391773,-1.5080235907877972,0.3936333710510171,-0.17928615735877504,-0.6210654672783742,-0.8295877471824948,0.7109270811466983,1.3536568180428326,0.9999866349541776,0.3787878787878788,-0.8561244923977122,1.0801547608829756,P,K10,COST2_e50,True,overlap_2014_2020,-0.1687979239049543,-0.10883597301225807,10.0,0.996328390392897,0.03581121454002663,2.506312278082936,1.8836302661875988,0.22261384038562515
31.0,-0.15457474263773807,-2.093288123490795,0.36841145298262024,-0.41957094815135976,-1.4534363991560044,-1.4672327160067014,-0.697412428537393,0.5082964760046336,1.0,0.2903225806451613,-1.0433593688295524,0.41627986041728005,P,K10,COST2_e50,True,post_2021_2026,-0.2239118176437754,-0.08902232480353807,10.0,0.996328390392897,0.03581121454002663,2.506312278082936,1.8836302661875988,0.2284410950630247
15.0,-0.007210047454876199,-0.10030473009492827,0.342597317042739,-0.02104525370225461,-0.072902897340964,-0.08921077282355296,-1.9341966857770847,5.637627556188426,1.0,0.4666666666666667,-1.0362372452131225,0.3887565859880458,P,K10,COST2_e50,True,dev_2021_2023,-0.25471151568865813,-0.21317167182732463,10.0,0.996328390392897,0.03581121454002663,2.506312278082936,1.8836302661875988,0.22830406411661167
10.0,-0.3142260295361431,-2.403267992662886,0.394168910972195,-0.7971862335898654,-2.761534119344236,-2.3141934374103807,-0.080419838942518,1.001617629198746,1.0,0.1,-1.0433593688295524,0.41627986041728005,P,K10,COST2_e50,True,hold_2024_2025,-0.16316508876780533,0.030065613681963532,10.0,0.996328390392897,0.03581121454002663,2.506312278082936,1.8836302661875988,0.2205504242440424
6.0,-0.25690100243088426,-5.096137859080837,0.27814106805855976,-0.9236356364921859,-3.199567700171369,-2.5329924323193924,0.8588128664433886,0.3559456447980427,0.8621137238571626,0.16666666666666666,-0.5515748346621795,0.2053765533168311,P,K10,COST2_e50,True,ext_2026,-0.2627043024668315,0.0900072273302705,10.0,0.996328390392897,0.03581121454002663,2.506312278082936,1.8836302661875988,0.2419347904606945
83.0,-0.6232500742642486,-6.6574419085341,0.8688972280631709,-0.7172885977016108,-2.4847605898180447,-2.0379553949201017,-4.176205088506427,26.651369047646448,1.0,0.10843373493975904,-6.581252980155349,0.7125651643113624,P,K10,COST3_natural,False,overlap_2014_2020,-0.225513290675141,0.3977367835891076,10.0,0.996328390392897,0.03581121454002663,2.506312278082936,1.8836302661875988,0.7829147550965326
69.0,-0.6619716268153646,-11.851242746440358,0.46081974239212226,-1.4365088252926401,-4.9762125418558725,-2.853278455081722,-0.650803973031546,0.32612359278552416,1.0,0.028985507246376812,-1.9020455905989362,0.249994913531356,P,K10,COST3_natural,False,post_2021_2026,-0.2719020087134362,0.3900696181019283,10.0,0.996328390392897,0.03581121454002663,2.506312278082936,1.8836302661875988,0.7580263360389738
36.0,-0.652755067644145,-10.930014246757858,0.4622819457872454,-1.4120280352556975,-4.891408597549052,-2.844072056764393,-0.5408735860143487,0.16633466968039512,1.0,0.027777777777777776,-1.8648876551176212,0.249994913531356,P,K10,COST3_natural,False,dev_2021_2023,-0.29681403075203483,0.3559410368921104,10.0,0.996328390392897,0.03581121454002663,2.506312278082936,1.8836302661875988,0.8353090853246414
24.0,-0.6464787220385732,-5.412306992660828,0.466333181427328,-1.3863022143521189,-4.80229173980622,-2.8340461988226058,-0.5069955963541372,-0.11155991960390921,1.0,0.041666666666666664,-1.648099701565736,0.2147527967096339,P,K10,COST3_natural,False,hold_2024_2025,-0.21382327013810298,0.43265545190047017,10.0,0.996328390392897,0.03581121454002663,2.506312278082936,1.8836302661875988,0.6826851366622285
9.0,-0.7401522762383528,-5.464925844215255,0.48668606060122876,-1.5208002368590625,-5.2682065568053575,-2.9442248065242187,-1.8758056709844773,4.669500809407687,1.0,0.0,-1.9020455905989362,-0.18400386042880007,P,K10,COST3_natural,False,ext_2026,-0.32713055675993075,0.41302171947842203,10.0,0.996328390392897,0.03581121454002663,2.506312278082936,1.8836302661875988,0.6498052039009576
66.0,-0.6412912325653322,-6.1429020357034725,0.9340029613894593,-0.6866051383941248,-2.3784699688729694,-1.9824132472393612,-4.162428806179822,25.064291117970697,1.0,0.10606060606060606,-6.581252980155349,0.7125651643113624,P,K10,COST3_natural,True,overlap_2014_2020,-0.225513290675141,0.3977367835891076,10.0,0.996328390392897,0.03581121454002663,2.506312278082936,1.8836302661875988,0.7933320584470396
31.0,-0.6888110024213788,-8.803312141032874,0.4816939674430592,-1.4299763936794638,-4.953583534953892,-2.857019792240318,-0.5649488657700814,0.1068428808127928,1.0,0.03225806451612903,-1.8648876551176212,0.2147527967096339,P,K10,COST3_natural,True,post_2021_2026,-0.2719020087134362,0.3900696181019283,10.0,0.996328390392897,0.03581121454002663,2.506312278082936,1.8836302661875988,0.7626773548466654
15.0,-0.712785288051988,-8.337227190111639,0.5316368914255791,-1.3407370698836591,-4.644449449259044,-2.810480705783554,-0.7141868871192942,-0.16065962622561614,1.0,0.0,-1.8648876551176212,-0.04834945054313619,P,K10,COST3_natural,True,dev_2021_2023,-0.29681403075203483,0.3559410368921104,10.0,0.996328390392897,0.03581121454002663,2.506312278082936,1.8836302661875988,0.9338793047137235
10.0,-0.7153536153572625,-3.4124558870288513,0.5342874380610061,-1.3388928213498104,-4.638060784934223,-2.8350098992086457,-0.11241550040784982,0.1520285430456454,1.0,0.1,-1.648099701565736,0.2147527967096339,P,K10,COST3_natural,True,hold_2024_2025,-0.21382327013810298,0.43265545190047017,10.0,0.996328390392897,0.03581121454002663,2.506312278082936,1.8836302661875988,0.6216780100651618
6.0,-0.5846376001183832,-11.599906270680755,0.26608141020611153,-2.1972132501308987,-7.611369968580521,-3.1989924071619575,0.4078313216281011,-0.6371923729103983,0.9972846014854785,0.0,-0.9174291926095322,-0.18400386042880007,P,K10,COST3_natural,True,ext_2026,-0.32713055675993075,0.41302171947842203,10.0,0.996328390392897,0.03581121454002663,2.506312278082936,1.8836302661875988,0.5696713881481934
83.0,-0.6666698692771701,-8.9946363559656,0.6609573566581189,-1.0086427854407043,-3.4940411021421873,-2.480321645306277,-1.4137657705921538,3.2036643740192714,1.0,0.07228915662650602,-3.248076628505143,0.6387393436514807,P,K10,COST4_nat_1tick,False,overlap_2014_2020,-0.23836765340912924,0.42830221586804085,10.0,0.996328390392897,0.03581121454002663,2.506312278082936,1.8836302661875988,0.8263345501094541
69.0,-0.8202006922715916,-9.78545083221132,0.713115381877878,-1.1501654754826929,-3.9842900812952795,-2.623236507196958,-3.135231678261121,16.27710501268436,1.0,0.028985507246376812,-4.9826849842144245,0.18342603207710506,P,K10,COST4_nat_1tick,False,post_2021_2026,-0.2817414593122184,0.5384592329593735,10.0,0.996328390392897,0.03581121454002663,2.506312278082936,1.8836302661875988,0.9162554014952009
36.0,-0.8769800638421603,-7.004879257746566,0.8689635395672678,-1.009225386232988,-3.496059290487718,-2.478589417024637,-3.169245289103939,13.99775637373695,1.0,0.027777777777777776,-4.9826849842144245,0.18342603207710506,P,K10,COST4_nat_1tick,False,dev_2021_2023,-0.30813160334790024,0.56884846049426,10.0,0.996328390392897,0.03581121454002663,2.506312278082936,1.8836302661875988,1.0595340815226566
24.0,-0.736984487154154,-5.722932821618423,0.4948497231921366,-1.4893096886062176,-5.159120097741105,-2.8962063180704725,-0.5479547139362282,-0.16847315135379093,1.0,0.041666666666666664,-1.7966213931216757,0.13744514082857054,P,K10,COST4_nat_1tick,False,hold_2024_2025,-0.22287920388701546,0.5141052832671386,10.0,0.996328390392897,0.03581121454002663,2.506312278082936,1.8836302661875988,0.7731909017778094
9.0,-0.8149930863024839,-5.517559804094863,0.5288203300179329,-1.541153091211237,-5.338710912439389,-2.9550072645447494,-2.0433825317236773,5.2993657218548424,1.0,0.0,-2.1026293487837626,-0.23680409059431815,P,K10,COST4_nat_1tick,False,ext_2026,-0.3331468976366986,0.4818461886657853,10.0,0.996328390392897,0.03581121454002663,2.506312278082936,1.8836302661875988,0.7246460139650888
66.0,-0.6678655381317562,-9.273476959769098,0.6709393718368211,-0.995418611823823,-3.4482312209570867,-2.4689471386441926,-1.460031861056555,3.762602586871557,1.0,0.06060606060606061,-3.248076628505143,0.6387393436514807,P,K10,COST4_nat_1tick,True,overlap_2014_2020,-0.23836765340912924,0.42830221586804085,10.0,0.996328390392897,0.03581121454002663,2.506312278082936,1.8836302661875988,0.8199063640134636
31.0,-0.9272196869468453,-6.274847270611149,0.9183338998910501,-1.0096759871946897,-3.497620218006931,-2.4816023899460613,-3.044394642566278,12.498328848714456,1.0,0.03225806451612903,-4.9826849842144245,0.13744514082857054,P,K10,COST4_nat_1tick,True,post_2021_2026,-0.2817414593122184,0.5384592329593735,10.0,0.996328390392897,0.03581121454002663,2.506312278082936,1.8836302661875988,1.001086039372132
15.0,-1.1277158934980203,-5.167095846983303,1.2196995323239557,-0.9245850011513292,-3.2028563958204623,-2.395138016049119,-2.488173019312726,7.400183896027211,1.0,0.0,-4.9826849842144245,-0.12529262118569856,P,K10,COST4_nat_1tick,True,dev_2021_2023,-0.30813160334790024,0.56884846049426,10.0,0.996328390392897,0.03581121454002663,2.506312278082936,1.8836302661875988,1.3488099101597557
10.0,-0.7987169274420423,-3.573109127003379,0.5633012348111589,-1.4179214922363947,-4.91182413139463,-2.8820634992819287,-0.2641282375178674,0.05479744735279635,1.0,0.1,-1.7966213931216757,0.13744514082857054,P,K10,COST4_nat_1tick,True,hold_2024_2025,-0.22287920388701546,0.5141052832671386,10.0,0.996328390392897,0.03581121454002663,2.506312278082936,1.8836302661875988,0.7050413221499415
6.0,-0.6401504364102465,-12.409119302190527,0.2662478845177057,-2.4043399915452697,-8.328878048052264,-3.2385332682648724,0.455472476887214,-0.5828797300127766,0.9994754165155773,0.0,-0.9706999765762614,-0.23680409059431815,P,K10,COST4_nat_1tick,True,ext_2026,-0.3331468976366986,0.4818461886657853,10.0,0.996328390392897,0.03581121454002663,2.506312278082936,1.8836302661875988,0.6251842244400567
83.0,0.17064374859422293,3.0306813838876114,0.530327376248519,0.32177058216631993,1.1146459933861643,2.784956027586763,1.990290428986088,7.58469731448842,0.8483699310538229,0.6867469879518072,-0.8058908355624159,2.514503795014605,P,K5,COST0_mid,False,overlap_2014_2020,-0.11357586222322236,-0.28421961081744523,5.0,0.9983044490898225,0.02407425939279749,3.164632869714718,2.3666014926594108,0.0
69.0,0.10791159801494678,1.8553241801514555,0.43285059133875736,0.2493044948400984,0.8636161032366868,1.5892220622311466,0.37418924805155557,3.1331638172394145,1.0,0.5942028985507246,-1.3641894434573287,1.5160185480395483,P,K5,COST0_mid,False,post_2021_2026,-0.1748685020620049,-0.28278010007695153,5.0,0.9983044490898225,0.02407425939279749,3.164632869714718,2.3666014926594108,0.0
36.0,0.14549457838516602,1.9926637670787795,0.4035513299813928,0.3605354946838475,1.2489315894488053,2.1004668843770653,-0.6501559934615161,6.71427854262342,1.0,0.6666666666666666,-1.3641894434573287,1.3917072357939193,P,K5,COST0_mid,False,dev_2021_2023,-0.24808296363255,-0.3935775420177159,5.0,0.9983044490898225,0.02407425939279749,3.164632869714718,2.3666014926594108,0.0
24.0,0.11008592760426385,0.968933697276728,0.5023773292554388,0.21912996704572543,0.7590884727681804,1.799958224492791,1.234021042412194,1.581925254617174,0.9510107235521884,0.5,-0.5794930496389774,1.5160185480395483,P,K5,COST0_mid,False,hold_2024_2025,-0.07941850512845096,-0.1895044327327148,5.0,0.9983044490898225,0.02407425939279749,3.164632869714718,2.3666014926594108,0.0
9.0,-0.04821853570410924,-0.7433782645664452,0.3473858793775861,-0.13880395999544587,-0.4808310220077403,-0.6132784763600101,-0.3014057346279306,-1.4093785505708971,0.7639693950969723,0.5555555555555556,-0.5974065837627676,0.390715977343603,P,K5,COST0_mid,False,ext_2026,-0.13654398093596862,-0.08832544523185935,5.0,0.9983044490898225,0.02407425939279749,3.164632869714718,2.3666014926594108,0.0
66.0,0.16625996394614068,2.342762637008872,0.5784050493510874,0.2874455610867639,0.9957406324248368,2.545602517914526,1.9901835020079346,6.579146676592571,0.8547271872313489,0.6363636363636364,-0.8058908355624159,2.514503795014605,P,K5,COST0_mid,True,overlap_2014_2020,-0.11357586222322236,-0.28421961081744523,5.0,0.9983044490898225,0.02407425939279749,3.164632869714718,2.3666014926594108,0.0
26.0,0.010837066180241998,0.13275542193326148,0.35443405001680006,0.030575691527742112,0.10591730240520521,0.15345189866999226,-0.14895976934636948,-1.0215493189308509,0.9780049979130456,0.5,-0.5974065837627676,0.5610281275579792,P,K5,COST0_mid,True,post_2021_2026,-0.1748685020620049,-0.28278010007695153,5.0,0.9983044490898225,0.02407425939279749,3.164632869714718,2.3666014926594108,0.0
11.0,0.23206845153722444,5.28712264538471,0.2705139613053527,0.8578797575451883,2.971782653706272,11.781466106601087,-0.3097598415141215,-1.379382343607384,0.21993150147691554,0.7272727272727273,-0.1781514438264979,0.5610281275579792,P,K5,COST0_mid,True,dev_2021_2023,-0.24808296363255,-0.3935775420177159,5.0,0.9983044490898225,0.02407425939279749,3.164632869714718,2.3666014926594108,0.0
9.0,-0.20862139388750356,-3.5930715849314043,0.25298347329039533,-0.8246443578866935,-2.8566518520695316,-2.3044693232414843,-0.3323533670631692,-1.124978560039429,0.9332604362378321,0.2222222222222222,-0.5794930496389774,0.13436586340801748,P,K5,COST0_mid,True,hold_2024_2025,-0.07941850512845096,-0.1895044327327148,5.0,0.9983044490898225,0.02407425939279749,3.164632869714718,2.3666014926594108,0.0
6.0,-0.06556611687260733,-0.9589298140970752,0.42188739173599554,-0.1554114158349549,-0.5383609366047125,-0.7067011267398257,-0.14106558794690016,-2.5930940256925537,0.7598856586256482,0.5,-0.5974065837627676,0.390715977343603,P,K5,COST0_mid,True,ext_2026,-0.13654398093596862,-0.08832544523185935,5.0,0.9983044490898225,0.02407425939279749,3.164632869714718,2.3666014926594108,0.0
83.0,0.06974959138439979,1.266106742517238,0.5204077697247209,0.13402872793635479,0.4642891329191853,0.9122808242109174,1.7486827105091525,6.733425885335586,0.9997405026239368,0.5662650602409639,-0.9678578235581741,2.3416729251047435,P,K5,COST1_e25,False,overlap_2014_2020,-0.1520875990598035,-0.22183719044420333,5.0,0.9983044490898225,0.02407425939279749,3.164632869714718,2.3666014926594108,0.10089415720982314
69.0,0.004562641538714335,0.07562937437411911,0.44795095755483666,0.010185582733475444,0.03528389359815151,0.05213072087287216,0.12815760182910813,3.5470875314837906,1.0,0.4927536231884058,-1.6433989951974999,1.4245896137772318,P,K5,COST1_e25,False,post_2021_2026,-0.2071623981825557,-0.2117250397212701,5.0,0.9983044490898225,0.02407425939279749,3.164632869714718,2.3666014926594108,0.10334895647623245
36.0,0.04693042128270348,0.6066333748327835,0.42867692440508304,0.1094773677119043,0.37924072631183753,0.5343157281788341,-1.0672165266138922,7.633253750884666,1.0,0.5833333333333334,-1.6433989951974999,1.2996838267966413,P,K5,COST1_e25,False,dev_2021_2023,-0.2748254982046238,-0.32175591948732724,5.0,0.9983044490898225,0.02407425939279749,3.164632869714718,2.3666014926594108,0.09856415710246255
24.0,0.007267567006445999,0.06391060617629055,0.5057982521189573,0.01436850953122068,0.04977397707422378,0.09019570713758043,1.2187517152193583,1.6063253690960546,0.9935252228468805,0.375,-0.6977531830815544,1.4245896137772318,P,K5,COST1_e25,False,hold_2024_2025,-0.11474347117273835,-0.12201103817918435,5.0,0.9983044490898225,0.02407425939279749,3.164632869714718,2.3666014926594108,0.10281836059781785
9.0,-0.17212161201786,-2.5376796357042655,0.350581979799175,-0.4909596668843532,-1.7007341750215819,-1.6751612911374323,-0.307725401104553,-1.64275432148131,0.9409523320767749,0.4444444444444444,-0.6959695987580178,0.25762164219953293,P,K5,COST1_e25,False,ext_2026,-0.1829604701204631,-0.010838858102603106,5.0,0.9983044490898225,0.02407425939279749,3.164632869714718,2.3666014926594108,0.12390307631375075
66.0,0.06414745542638028,0.9265390776249051,0.566500289297378,0.11323463842523618,0.3922562938584003,0.7877236197516044,1.7748309944872076,5.8737932047851045,0.9998190550132092,0.5,-0.9678578235581741,2.3416729251047435,P,K5,COST1_e25,True,overlap_2014_2020,-0.1520875990598035,-0.22183719044420333,5.0,0.9983044490898225,0.02407425939279749,3.164632869714718,2.3666014926594108,0.10211250851976039
26.0,-0.09737027890413945,-1.1532006032735116,0.3620126439750751,-0.2689692764179902,-0.9317369048619929,-1.0590731812399325,-0.1842489758194406,-1.107855057247329,0.9985674142349634,0.4230769230769231,-0.6977531830815544,0.45679258840562237,P,K5,COST1_e25,True,post_2021_2026,-0.2071623981825557,-0.2117250397212701,5.0,0.9983044490898225,0.02407425939279749,3.164632869714718,2.3666014926594108,0.10820734508438144
11.0,0.13640307612699135,3.1788119220958464,0.2702120705700172,0.5048000847602648,1.7486787889397086,3.9234264815807274,-0.45149805034220397,-1.276067850199873,0.39338409456044554,0.6363636363636364,-0.3096805574087407,0.45679258840562237,P,K5,COST1_e25,True,dev_2021_2023,-0.2748254982046238,-0.32175591948732724,5.0,0.9983044490898225,0.02407425939279749,3.164632869714718,2.3666014926594108,0.0956653754102331
9.0,-0.3136090161045262,-5.358827851408409,0.2661734661085241,-1.1782129176492058,-4.08144927100478,-2.709172242801305,-0.19488043288701473,-1.0374490374494854,0.9846910475195135,0.1111111111111111,-0.6977531830815544,0.0688855824921869,P,K5,COST1_e25,True,hold_2024_2025,-0.11474347117273835,-0.12201103817918435,5.0,0.9983044490898225,0.02407425939279749,3.164632869714718,2.3666014926594108,0.10498762221702262
6.0,-0.20159665732729912,-2.9647952519224092,0.42242996317719167,-0.47723096110665275,-1.6531765431632985,-1.685074578788564,-0.056160283111667444,-2.8388502813915433,0.9109298266795545,0.5,-0.6959695987580178,0.25762164219953293,P,K5,COST1_e25,True,ext_2026,-0.1829604701204631,-0.010838858102603106,5.0,0.9983044490898225,0.02407425939279749,3.164632869714718,2.3666014926594108,0.1360305404546918
83.0,-0.04475920915881481,-0.8206053918963093,0.5191852753909064,-0.08621047491209102,-0.29864184538476735,-0.45718866256187224,1.4501329234050244,5.7089949318811035,1.0,0.39759036144578314,-1.1525761172311413,2.1705384177413825,P,K5,COST2_e50,False,overlap_2014_2020,-0.18651137958459532,-0.1417521704257805,5.0,0.9983044490898225,0.02407425939279749,3.164632869714718,2.3666014926594108,0.21540295775303775
69.0,-0.11874932172750131,-1.8875774602989175,0.4731581598481923,-0.2509717295493768,-0.8693915736859118,-1.0371053355030255,-0.17792067026339495,4.214071724674618,1.0,0.3333333333333333,-2.006430596345709,1.3332296440461715,P,K5,COST2_e50,False,post_2021_2026,-0.235577325415502,-0.11682800368800071,5.0,0.9983044490898225,0.02407425939279749,3.164632869714718,2.3666014926594108,0.2266609197424481
36.0,-0.07665257160753272,-0.9105445095809003,0.47099025235679914,-0.16274768155809832,-0.5637745065453333,-0.6634833433629227,-1.4663774232616755,8.377682346413495,1.0,0.3888888888888889,-2.006430596345709,1.2040287496194346,P,K5,COST2_e50,False,dev_2021_2023,-0.2982591976578353,-0.22160662605030268,5.0,0.9983044490898225,0.02407425939279749,3.164632869714718,2.3666014926594108,0.22214714999269874
24.0,-0.11062367204119311,-0.98538915415452,0.5118832298855629,-0.21611114719644994,-0.7486309740524952,-1.047128838774925,1.2061323687211356,1.6828726697019643,0.9996471818217783,0.2916666666666667,-0.8404330451062041,1.3332296440461715,P,K5,COST2_e50,False,hold_2024_2025,-0.1462117552212562,-0.03558808318006312,5.0,0.9983044490898225,0.02407425939279749,3.164632869714718,2.3666014926594108,0.22070959964545694
9.0,-0.30880472137086423,-4.287438579690706,0.3610057146646065,-0.8554011995565228,-2.9631966769745235,-2.3436143003134187,-0.22103477504310967,-1.7481700105825593,0.9926430930123818,0.2222222222222222,-0.7986706756449307,0.12054176909670483,P,K5,COST2_e50,False,ext_2026,-0.2231580236308242,0.08564669774003994,5.0,0.9983044490898225,0.02407425939279749,3.164632869714718,2.3666014926594108,0.260586185666755
66.0,-0.05195990866715859,-0.7619790696676131,0.5640242377840139,-0.0921235386466778,-0.3191252990181619,-0.49892667146861186,1.504015174658003,4.99679397271584,1.0,0.3787878787878788,-1.1525761172311413,2.1705384177413825,P,K5,COST2_e50,True,overlap_2014_2020,-0.18651137958459532,-0.1417521704257805,5.0,0.9983044490898225,0.02407425939279749,3.164632869714718,2.3666014926594108,0.21821987261329928
26.0,-0.22479445338201406,-2.621078124358012,0.37221098780415907,-0.6039436253834907,-2.092122088143101,-1.8927127429272403,-0.18506919555277673,-1.243639778291985,0.9999809039428652,0.3076923076923077,-0.8404330451062041,0.3326701547819746,P,K5,COST2_e50,True,post_2021_2026,-0.235577325415502,-0.11682800368800071,5.0,0.9983044490898225,0.02407425939279749,3.164632869714718,2.3666014926594108,0.23563151956225606
11.0,0.014135880331377138,0.3070884190322534,0.2781988337772727,0.05081214805772474,0.17601844415538298,0.2489514013319053,-0.6214460445788369,-0.9805940285098114,0.6047784794228925,0.5454545454545454,-0.4916855274266566,0.3326701547819746,P,K5,COST2_e50,True,dev_2021_2023,-0.2982591976578353,-0.22160662605030268,5.0,0.9983044490898225,0.02407425939279749,3.164632869714718,2.3666014926594108,0.2179325712058473
9.0,-0.4346736861467735,-7.381685317798256,0.2828877078670683,-1.5365591153611768,-5.322796913277291,-2.952600643561545,0.008017739012463452,-1.0490092213226418,0.9983851470779572,0.0,-0.8404330451062041,-0.009596132083233622,P,K5,COST2_e50,True,hold_2024_2025,-0.1462117552212562,-0.03558808318006312,5.0,0.9983044490898225,0.02407425939279749,3.164632869714718,2.3666014926594108,0.22605229225926993
6.0,-0.3480145493760923,-5.0994457210658455,0.4321732063186486,-0.8052663707233514,-2.789524535438879,-2.309580302212092,0.09685036434026575,-2.8703334777016978,0.982661057054967,0.3333333333333333,-0.7986706756449307,0.12054176909670483,P,K5,COST2_e50,True,ext_2026,-0.2231580236308242,0.08564669774003994,5.0,0.9983044490898225,0.02407425939279749,3.164632869714718,2.3666014926594108,0.28244843250348495
83.0,-0.594300370939625,-3.604054680564073,1.5037698441278624,-0.39520700143066095,-1.3690372119697014,-1.2999204675797378,-6.028509960888004,46.06399724969228,1.0,0.13253012048192772,-12.326739239021087,1.809876916346563,P,K5,COST3_natural,False,overlap_2014_2020,-0.24586596015582404,0.3484344107838008,5.0,0.9983044490898225,0.02407425939279749,3.164632869714718,2.3666014926594108,0.7649441195338479
69.0,-0.631321862773983,-7.606967493747465,0.6825857239304395,-0.924897548601997,-3.2039390919491275,-2.4148699545255377,-0.8283835350201277,3.238104082164522,1.0,0.08695652173913043,-3.239243655160787,1.1452785471889817,P,K5,COST3_natural,False,post_2021_2026,-0.2839716002483094,0.34735026252567347,5.0,0.9983044490898225,0.02407425939279749,3.164632869714718,2.3666014926594108,0.7392334607889297
36.0,-0.7060048634521853,-5.293837691860517,0.8026888903154004,-0.8795498130972947,-3.0468499281444488,-2.3341056925991666,-1.157175092492875,2.15274307331687,1.0,0.08333333333333333,-3.239243655160787,0.9563161353327181,P,K5,COST3_natural,False,dev_2021_2023,-0.33807087731890273,0.3679339861332825,5.0,0.9983044490898225,0.02407425939279749,3.164632869714718,2.3666014926594108,0.8514994418373513
24.0,-0.4949245513271949,-5.2204145209938035,0.556298418707349,-0.8896745607820234,-3.0819230829519797,-2.4904219039641764,1.280562055481102,2.0592097658180504,1.0,0.125,-1.152336405358091,1.1452785471889817,P,K5,COST3_natural,False,hold_2024_2025,-0.2005664160136463,0.29435813531354865,5.0,0.9983044490898225,0.02407425939279749,3.164632869714718,2.3666014926594108,0.6050104789314588
9.0,-0.6963160239192744,-8.649334760184695,0.40756558518314034,-1.7084760078709382,-5.91833449828982,-3.032938689433157,0.22509132710225124,-0.7706277467069009,1.0,0.0,-1.2209388659397402,-0.025201548852219813,P,K5,COST3_natural,False,ext_2026,-0.2899883165917043,0.4063277073275701,5.0,0.9983044490898225,0.02407425939279749,3.164632869714718,2.3666014926594108,0.6480974882151651
66.0,-0.6575398107573603,-3.345730511488663,1.67421730352667,-0.3927446033273457,-1.360507214722895,-1.29501187296937,-5.432255285738381,37.130272874392695,1.0,0.13636363636363635,-12.326739239021087,1.809876916346563,P,K5,COST3_natural,True,overlap_2014_2020,-0.24586596015582404,0.3484344107838008,5.0,0.9983044490898225,0.02407425939279749,3.164632869714718,2.3666014926594108,0.8237997747035011
26.0,-0.813290604877374,-9.825311162932309,0.5557195132623609,-1.463491177595938,-5.0696821520499435,-2.8778338067379314,-0.41957029410061886,-0.6379850847613127,1.0,0.0,-1.983623725128343,-0.025201548852219813,P,K5,COST3_natural,True,post_2021_2026,-0.2839716002483094,0.34735026252567347,5.0,0.9983044490898225,0.02407425939279749,3.164632869714718,2.3666014926594108,0.8241276710576161
11.0,-0.8614324088593803,-4.589027342762358,0.7323192201567218,-1.1763072511944004,-4.074847848760775,-2.691096616001272,-0.507095076506742,-1.5805809768395238,1.0,0.0,-1.983623725128343,-0.06315509644331538,P,K5,COST3_natural,True,dev_2021_2023,-0.33807087731890273,0.3679339861332825,5.0,0.9983044490898225,0.02407425939279749,3.164632869714718,2.3666014926594108,1.0935008603966048
9.0,-0.8085803724038382,-12.900838446351182,0.3571921236286103,-2.263712772246226,-7.841731070546115,-3.19783514996939,0.6845070726468718,-1.463309209658934,1.0,0.0,-1.152336405358091,-0.24250838651029083,P,K5,COST3_natural,True,hold_2024_2025,-0.2005664160136463,0.29435813531354865,5.0,0.9983044490898225,0.02407425939279749,3.164632869714718,2.3666014926594108,0.5999589785163346
6.0,-0.7320959796206669,-9.707835848461894,0.5043314945778707,-1.4516166202022278,-5.028547478603346,-2.9324470574544663,0.5192194219663012,-1.797718434682646,1.0,0.0,-1.2209388659397402,-0.025201548852219813,P,K5,COST3_natural,True,ext_2026,-0.2899883165917043,0.4063277073275701,5.0,0.9983044490898225,0.02407425939279749,3.164632869714718,2.3666014926594108,0.6665298627480596
83.0,-0.5667856740671893,-5.522504359947111,0.9110948893162111,-0.6220929133875063,-2.1549930660314116,-1.8964971530208143,-2.4830397289910615,11.92896059040326,1.0,0.10843373493975904,-5.292140154506438,1.7436251082140255,P,K5,COST4_nat_1tick,False,overlap_2014_2020,-0.25802944933184874,0.30875622473534053,5.0,0.9983044490898225,0.02407425939279749,3.164632869714718,2.3666014926594108,0.7374294226614122
69.0,-0.8443057532611056,-5.399792811517511,1.3405173003827722,-0.6298357753533073,-2.1818151266729315,-1.8684374376554678,-5.02064788985455,33.48223516383521,1.0,0.08695652173913043,-10.072973339280171,1.0775156681388536,P,K5,COST4_nat_1tick,False,post_2021_2026,-0.2943365506894034,0.5499692025717022,5.0,0.9983044490898225,0.02407425939279749,3.164632869714718,2.3666014926594108,0.9522173512760523
36.0,-1.0420128073748662,-3.8482686460414928,1.7724700173891805,-0.5878874097457142,-2.0365017256192792,-1.7793284506882772,-4.047042546975817,19.845298652664717,1.0,0.08333333333333333,-10.072973339280171,0.9295842139530324,P,K5,COST4_nat_1tick,False,dev_2021_2023,-0.3498434349330549,0.6921693724418111,5.0,0.9983044490898225,0.02407425939279749,3.164632869714718,2.3666014926594108,1.1875073857600322
24.0,-0.5795632110791948,-5.925981837769042,0.5798959141040141,-0.9994262711346513,-3.4621141600486487,-2.5939450492925866,1.167969018657882,1.558421102590175,1.0,0.125,-1.2566046804522741,1.0775156681388536,P,K5,COST4_nat_1tick,False,hold_2024_2025,-0.21054341990122635,0.3690197911779684,5.0,0.9983044490898225,0.02407425939279749,3.164632869714718,2.3666014926594108,0.6896491386834587
9.0,-0.7594576492911587,-9.01333499243364,0.4106136726075782,-1.8495673669809072,-6.4070893032646445,-3.0862621075394645,0.292071825415561,-0.6904580027193625,1.0,0.0,-1.2808533004367557,-0.07115902197441942,P,K5,COST4_nat_1tick,False,ext_2026,-0.29575736248326834,0.4637002868078903,5.0,0.9983044490898225,0.02407425939279749,3.164632869714718,2.3666014926594108,0.7112391135870494
66.0,-0.6051237934892426,-4.886832395285254,1.0048089989383673,-0.60222768120965,-2.086177883159013,-1.8577986565113003,-2.2340270431230946,9.546293392581006,1.0,0.12121212121212122,-5.292140154506438,1.7436251082140255,P,K5,COST4_nat_1tick,True,overlap_2014_2020,-0.25802944933184874,0.30875622473534053,5.0,0.9983044490898225,0.02407425939279749,3.164632869714718,2.3666014926594108,0.7713837574353832
26.0,-1.2431174566674317,-4.1891501930878965,1.8972259419036843,-0.6552289999893648,-2.269779837148254,-1.9246044164636071,-4.329097302511498,20.51625088103361,1.0,0.0,-10.072973339280171,-0.07115902197441942,P,K5,COST4_nat_1tick,True,post_2021_2026,-0.2943365506894034,0.5499692025717022,5.0,0.9983044490898225,0.02407425939279749,3.164632869714718,2.3666014926594108,1.2539545228476736
11.0,-1.7775898079085601,-2.7851744652578687,2.864816816108636,-0.620489867943149,-2.1494399537184745,-1.8894771143756148,-2.87645592669292,8.793527139359217,1.0,0.0,-10.072973339280171,-0.13371806111176107,P,K5,COST4_nat_1tick,True,dev_2021_2023,-0.3498434349330549,0.6921693724418111,5.0,0.9983044490898225,0.02407425939279749,3.164632869714718,2.3666014926594108,2.009658259445785
9.0,-0.8899450603370719,-12.9107286962678,0.37844593980404123,-2.3515777730311607,-8.146104361679287,-3.2153097232800207,0.7367444350056697,-1.4050416694735568,1.0,0.0,-1.2566046804522741,-0.28329110419400055,P,K5,COST4_nat_1tick,True,hold_2024_2025,-0.21054341990122635,0.3690197911779684,5.0,0.9983044490898225,0.02407425939279749,3.164632869714718,2.3666014926594108,0.6813236664495683
6.0,-0.793010073887568,-10.456039100848441,0.5076825948893409,-1.5620194229042255,-5.41099400575907,-2.9908061148463267,0.5587190886025829,-1.6862887047076436,1.0,0.0,-1.2808533004367557,-0.07115902197441942,P,K5,COST4_nat_1tick,True,ext_2026,-0.29575736248326834,0.4637002868078903,5.0,0.9983044490898225,0.02407425939279749,3.164632869714718,2.3666014926594108,0.7274439570149607
83.0,0.20613264061160733,2.672235511512776,0.7323330337687604,0.28147390750735307,0.9750542176153567,2.6798677032108493,2.835261250660374,13.687800671926507,1.0,0.6385542168674698,-1.451063693896061,4.256844198019536,P,K3,COST0_mid,False,overlap_2014_2020,-0.13277285688836213,-0.33890549749996945,3.0,0.9990993246891327,0.01851019790127353,3.7694679158664344,2.5811488937133578,0.0
69.0,0.05092406129584736,0.6577593629963043,0.6354600069166366,0.08013731901546382,0.2776038162342777,0.39081390568048224,-0.6666963633248963,4.051141067006055,1.0,0.5797101449275363,-2.4347598604167633,1.9730749024387115,P,K3,COST0_mid,False,post_2021_2026,-0.2136386787821716,-0.264562740078019,3.0,0.9990993246891327,0.01851019790127353,3.7694679158664344,2.5811488937133578,0.0
36.0,0.1357445783980282,1.2677670664919314,0.6232888572933077,0.21778759047211624,0.7544383439114176,1.066663160679996,-1.7039717875355171,7.875819994305315,1.0,0.6666666666666666,-2.4347598604167633,1.560515389012716,P,K3,COST0_mid,False,dev_2021_2023,-0.27068433849623824,-0.4064289168942665,3.0,0.9990993246891327,0.01851019790127353,3.7694679158664344,2.5811488937133578,0.0
24.0,-0.040340556676468596,-0.30951852853362394,0.6773540741068209,-0.059556084799021615,-0.20630832954357184,-0.2959232493581139,0.42375024050360566,3.6549832637262143,1.0,0.4583333333333333,-1.707525669553938,1.9730749024387115,P,K3,COST0_mid,False,hold_2024_2025,-0.17974687394363098,-0.1394063172671624,3.0,0.9990993246891327,0.01851019790127353,3.7694679158664344,2.5811488937133578,0.0
9.0,-0.044985692520033496,-0.4204751738788183,0.5881790497183149,-0.07648299024179392,-0.26494485002716345,-0.3575101054936869,-0.1610923758751184,-1.8566933943033952,0.9685973239936324,0.5555555555555556,-0.8319567404809045,0.7534105975653622,P,K3,COST0_mid,False,ext_2026,-0.07583418616201305,-0.03084849364197955,3.0,0.9990993246891327,0.01851019790127353,3.7694679158664344,2.5811488937133578,0.0
66.0,0.1830589761299844,2.005344543356796,0.7889341942013502,0.2320332639597371,0.8037868044486103,2.1778630672764705,2.9201869184214333,13.165070038259454,1.0,0.6363636363636364,-1.451063693896061,4.256844198019536,P,K3,COST0_mid,True,overlap_2014_2020,-0.13277285688836213,-0.33890549749996945,3.0,0.9990993246891327,0.01851019790127353,3.7694679158664344,2.5811488937133578,0.0
28.0,-0.036827800722932694,-0.2606423526596819,0.6086439133021028,-0.060507958624163666,-0.20960571719865376,-0.26291339222194915,-0.8277287484600915,0.665253062136193,1.0,0.5,-1.707525669553938,0.8287695445753521,P,K3,COST0_mid,True,post_2021_2026,-0.2136386787821716,-0.264562740078019,3.0,0.9990993246891327,0.01851019790127353,3.7694679158664344,2.5811488937133578,0.0
12.0,0.2797763455355343,3.9916534786186197,0.3676702789867064,0.760943599538678,2.635985952190671,12.577994375849155,0.177726829497978,-1.6019259352236728,0.17329583739306742,0.75,-0.17329583739306742,0.8287695445753521,P,K3,COST0_mid,True,dev_2021_2023,-0.27068433849623824,-0.4064289168942665,3.0,0.9990993246891327,0.01851019790127353,3.7694679158664344,2.5811488937133578,0.0
9.0,-0.4593742927518323,-2.1336196793232722,0.6259964467715244,-0.7338289140792748,-2.5420579264968,-2.1432055239892778,-1.0817504047543083,0.5169070233099786,1.0,0.1111111111111111,-1.707525669553938,0.2692705451630617,P,K3,COST0_mid,True,hold_2024_2025,-0.17974687394363098,-0.1394063172671624,3.0,0.9990993246891327,0.01851019790127353,3.7694679158664344,2.5811488937133578,0.0
7.0,-0.03630370455743389,-0.3271661444415105,0.6545153399867631,-0.05546654499827016,-0.1921417481146186,-0.2664136559948036,-0.21061506230237187,-2.3471272352413,0.9487254013386625,0.5714285714285714,-0.8319567404809045,0.7534105975653622,P,K3,COST0_mid,True,ext_2026,-0.07583418616201305,-0.03084849364197955,3.0,0.9990993246891327,0.01851019790127353,3.7694679158664344,2.5811488937133578,0.0
83.0,0.10883395657425501,1.422678437011224,0.7122949113608282,0.1527933933521011,0.5292918406933916,1.1718827433921268,2.527146191307123,12.191872900679058,1.0,0.5783132530120482,-1.6667464464467172,3.917166116165432,P,K3,COST1_e25,False,overlap_2014_2020,-0.17175966799724865,-0.28059362457150366,3.0,0.9990993246891327,0.01851019790127353,3.7694679158664344,2.5811488937133578,0.09729868403735231
69.0,-0.05162164286519728,-0.6434372379441027,0.6616479441852163,-0.07801980391364556,-0.27026852874999047,-0.3362759754648652,-1.0109737101584857,5.090310536802522,1.0,0.4782608695652174,-2.857356380139142,1.858397379063509,P,K3,COST1_e25,False,post_2021_2026,-0.24295249225402876,-0.19133084938883144,3.0,0.9990993246891327,0.01851019790127353,3.7694679158664344,2.5811488937133578,0.10254570416104464
36.0,0.04158397455418125,0.3699872692379393,0.6621743671327508,0.06279913058888403,0.21754256970219993,0.27521600670820273,-2.2087875762192293,10.232044578911475,1.0,0.5555555555555556,-2.857356380139142,1.4568711227424083,P,K3,COST1_e25,False,dev_2021_2023,-0.29388456325042084,-0.3354685378046021,3.0,0.9990993246891327,0.01851019790127353,3.7694679158664344,2.5811488937133578,0.09416060384384695
24.0,-0.1439048875891795,-1.102746145334898,0.6869238549555267,-0.20949176033273192,-0.725700745326668,-0.9178496575369421,0.2905988507837523,3.4166883322292487,1.0,0.3333333333333333,-1.8631108911367897,1.858397379063509,P,K3,COST1_e25,False,hold_2024_2025,-0.21045545084819292,-0.06655056325901347,3.0,0.9990993246891327,0.01851019790127353,3.7694679158664344,2.5811488937133578,0.10356433091271089
9.0,-0.1783554599454256,-1.6401444139109065,0.6028803664849282,-0.2958388925241015,-1.0248159854133045,-1.1561906708140903,-0.21666090787270317,-1.6774636548366986,1.0,0.5555555555555556,-1.0259884628877598,0.6551045307748384,P,K3,COST1_e25,False,ext_2026,-0.12588298535068898,0.05247247459473663,3.0,0.9990993246891327,0.01851019790127353,3.7694679158664344,2.5811488937133578,0.13336976742539208
66.0,0.08300512616701107,0.9213581610670952,0.7667572743091258,0.10825476190206541,0.37500549555129786,0.8211376525461936,2.627356087671745,11.795139584558012,1.0,0.5606060606060606,-1.6667464464467172,3.917166116165432,P,K3,COST1_e25,True,overlap_2014_2020,-0.17175966799724865,-0.28059362457150366,3.0,0.9990993246891327,0.01851019790127353,3.7694679158664344,2.5811488937133578,0.10005384996297333
28.0,-0.1460517412957769,-1.0275889083510785,0.618228842859805,-0.2362421989568948,-0.818366982970274,-0.9080990909990391,-0.9205579492123719,0.7689327410083235,1.0,0.42857142857142855,-1.8631108911367897,0.7116961856074793,P,K3,COST1_e25,True,post_2021_2026,-0.24295249225402876,-0.19133084938883144,3.0,0.9990993246891327,0.01851019790127353,3.7694679158664344,2.5811488937133578,0.1092239405728442
12.0,0.18356624923006093,2.8763364712209865,0.3482927343501278,0.5270458758566221,1.825740469806617,5.440915993395275,0.15032475947767268,-1.5971587455632057,0.3130551264319055,0.5833333333333334,-0.2538506463534134,0.7116961856074793,P,K3,COST1_e25,True,dev_2021_2023,-0.29388456325042084,-0.3354685378046021,3.0,0.9990993246891327,0.01851019790127353,3.7694679158664344,2.5811488937133578,0.09621009630547339
9.0,-0.5634297119963517,-2.5939299707744654,0.6499148267113939,-0.8669285402324767,-3.0031285564283383,-2.3519216185187806,-1.0671302840804495,0.5652675321143974,1.0,0.1111111111111111,-1.8631108911367897,0.1952080602902091,P,K3,COST1_e25,True,hold_2024_2025,-0.21045545084819292,-0.06655056325901347,3.0,0.9990993246891327,0.01851019790127353,3.7694679158664344,2.5811488937133578,0.10405541924451944
7.0,-0.17448233415361675,-1.5429075471726323,0.674390134984824,-0.2587261068958892,-0.8962535247763531,-1.0477919544702836,-0.24332820879797962,-2.2055806846354526,1.0,0.5714285714285714,-1.0259884628877598,0.6551045307748384,P,K3,COST1_e25,True,ext_2026,-0.12588298535068898,0.05247247459473663,3.0,0.9990993246891327,0.01851019790127353,3.7694679158664344,2.5811488937133578,0.13817862959618285
83.0,-0.0015453338262667532,-0.019940787090725103,0.7041149737084624,-0.0021947180275512733,-0.007602726264012313,-0.013476843909521358,2.13116765346374,10.492315016324206,1.0,0.4578313253012048,-1.914636603819207,3.60098791831215,P,K3,COST2_e50,False,overlap_2014_2020,-0.20652474430959936,-0.2049794104833326,3.0,0.9990993246891327,0.01851019790127353,3.7694679158664344,2.5811488937133578,0.20767797443787409
69.0,-0.17518713113966816,-2.096358885584546,0.7009850242487455,-0.24991565451404388,-0.8657332224503084,-0.9551523042968116,-1.4145980548013963,6.751004476266867,1.0,0.42028985507246375,-3.4132045577437666,1.744558338722324,P,K3,COST2_e50,False,post_2021_2026,-0.2690426910381181,-0.09385555989844993,3.0,0.9990993246891327,0.01851019790127353,3.7694679158664344,2.5811488937133578,0.22611119243551553
36.0,-0.0777797140188017,-0.6478762526242663,0.7217065197669335,-0.10777194314930082,-0.3733329623300272,-0.4241723927791943,-2.7378464023647506,12.991680834568273,1.0,0.4722222222222222,-3.4132045577437666,1.3497261450537241,P,K3,COST2_e50,False,dev_2021_2023,-0.3147986812710651,-0.23701896725226343,3.0,0.9990993246891327,0.01851019790127353,3.7694679158664344,2.5811488937133578,0.2135242924168299
24.0,-0.26465644907024183,-2.047140261037474,0.7000407742593265,-0.3780586200143268,-1.3096334762083799,-1.4527334617795071,0.1944926277845205,3.176117844309346,1.0,0.3333333333333333,-2.0246516955256904,1.744558338722324,P,K3,COST2_e50,False,hold_2024_2025,-0.2377889789931428,0.026867470077098953,3.0,0.9990993246891327,0.01851019790127353,3.7694679158664344,2.5811488937133578,0.22431589239377323
9.0,-0.3262319518082711,-2.846971161689106,0.6298210424597481,-0.5179756308779102,-1.794320219526166,-1.7460488440736006,-0.26300650598013536,-1.3414659304925443,1.0,0.4444444444444444,-1.2650742055899147,0.5618030632663104,P,K3,COST2_e50,False,ext_2026,-0.16936196222626435,0.15686998958200676,3.0,0.9990993246891327,0.01851019790127353,3.7694679158664344,2.5811488937133578,0.2812462592882376
66.0,-0.031344488698850405,-0.34520093053029,0.7576989383826552,-0.04136799870111567,-0.1433029511155513,-0.2517645584559025,2.2429766538295595,10.182797073596795,1.0,0.42424242424242425,-1.914636603819207,3.60098791831215,P,K3,COST2_e50,True,overlap_2014_2020,-0.20652474430959936,-0.2049794104833326,3.0,0.9990993246891327,0.01851019790127353,3.7694679158664344,2.5811488937133578,0.2144034648288348
28.0,-0.2770692682237264,-1.96916366734235,0.6280236047114044,-0.44117651971226146,-1.5282802944960983,-1.489539792023364,-0.9969670775958838,0.8169669945154876,1.0,0.42857142857142855,-2.0246516955256904,0.5732706193110475,P,K3,COST2_e50,True,post_2021_2026,-0.2690426910381181,-0.09385555989844993,3.0,0.9990993246891327,0.01851019790127353,3.7694679158664344,2.5811488937133578,0.24024146750079373
12.0,0.05645515581774634,1.044087568138536,0.3231903176908209,0.17468083889738928,0.6051121761580641,1.0881331289516956,0.1299370196841432,-1.4830949539345442,0.5025304998044463,0.5833333333333334,-0.35690535259887374,0.5732706193110475,P,K3,COST2_e50,True,dev_2021_2023,-0.3147986812710651,-0.23701896725226343,3.0,0.9990993246891327,0.01851019790127353,3.7694679158664344,2.5811488937133578,0.22332118971778797
9.0,-0.6843939189255929,-3.1505152126134233,0.6737809219184848,-1.0157514062239834,-3.5186660868789463,-2.540981279720245,-1.0120869880443977,0.499725328587183,1.0,0.1111111111111111,-2.0246516955256904,0.11183680555690576,P,K3,COST2_e50,True,hold_2024_2025,-0.2377889789931428,0.026867470077098953,3.0,0.9990993246891327,0.01851019790127353,3.7694679158664344,2.5811488937133578,0.2250196261737606
7.0,-0.3251223013924226,-2.74671699118474,0.7099418240671249,-0.45795625834502507,-1.586407014195444,-1.6153106099478785,-0.27203789316251914,-1.931516579851249,1.0,0.5714285714285714,-1.2650742055899147,0.5618030632663104,P,K3,COST2_e50,True,ext_2026,-0.16936196222626435,0.15686998958200676,3.0,0.9990993246891327,0.01851019790127353,3.7694679158664344,2.5811488937133578,0.28881859683498873
83.0,-0.6652229423797319,-2.5309877064573807,2.443144440983845,-0.272281462864246,-0.943210655280105,-0.9301652762386875,-6.71350991387933,53.25254031167765,1.0,0.20481927710843373,-20.3966277070933,2.9409079550549335,P,K3,COST3_natural,False,overlap_2014_2020,-0.26628716770104793,0.3989357746786842,3.0,0.9990993246891327,0.01851019790127353,3.7694679158664344,2.5811488937133578,0.8713555829913392
69.0,-0.7089324927689196,-6.885877259270278,0.9680493702807064,-0.7323309270511168,-2.5368687472131026,-2.0996125773817527,-1.8038813077627613,7.135831537019597,1.0,0.14492753623188406,-5.341223993539506,1.5127143427216678,P,K3,COST3_natural,False,post_2021_2026,-0.31397386458304083,0.3949586281858786,3.0,0.9990993246891327,0.01851019790127353,3.7694679158664344,2.5811488937133578,0.7598565540647669
36.0,-0.7185639812380535,-4.146829469860733,1.1453581575508565,-0.6273705534822174,-2.1732753476076163,-1.8820528294146426,-2.235773309069935,6.909017841655276,1.0,0.16666666666666666,-5.341223993539506,1.0690041472446707,P,K3,COST3_natural,False,dev_2021_2023,-0.35138415772046705,0.36717982351758643,3.0,0.9990993246891327,0.01851019790127353,3.7694679158664344,2.5811488937133578,0.8543085596360818
24.0,-0.6758471414303292,-5.819558873475818,0.7613452061271453,-0.8877013160275448,-3.075087562610928,-2.447295223596352,0.47610495541815645,2.3648229299310706,1.0,0.08333333333333333,-2.385689089416687,1.5127143427216678,P,K3,COST3_natural,False,hold_2024_2025,-0.2849244301000398,0.3909227113302893,3.0,0.9990993246891327,0.01851019790127353,3.7694679158664344,2.5811488937133578,0.6355065847538606
9.0,-0.7586341424619572,-5.084984376037645,0.743793704834687,-1.0199523571264542,-3.5332186076853094,-2.5631603569127313,-0.30250861162199133,-0.008613703448894228,1.0,0.2222222222222222,-2.030468858698658,0.3802179787577149,P,K3,COST3_natural,False,ext_2026,-0.24179785065467183,0.5168362918072853,3.0,0.9990993246891327,0.01851019790127353,3.7694679158664344,2.5811488937133578,0.7136484499419237
66.0,-0.7910319589691676,-2.5120498672055582,2.7217305069580844,-0.2906356661494957,-1.0067914805251053,-0.98885605470383,-6.026945834254725,42.71447520031426,1.0,0.18181818181818182,-20.3966277070933,2.9409079550549335,P,K3,COST3_natural,True,overlap_2014_2020,-0.26628716770104793,0.3989357746786842,3.0,0.9990993246891327,0.01851019790127353,3.7694679158664344,2.5811488937133578,0.974090935099152
28.0,-0.9465388903496869,-8.025111034153332,0.8505009929353488,-1.1129192066935523,-3.8552652214249625,-2.6017860761100886,-0.7313065621486243,-0.3661181487194485,1.0,0.10714285714285714,-2.743418856719669,0.3802179787577149,P,K3,COST3_natural,True,post_2021_2026,-0.31397386458304083,0.3949586281858786,3.0,0.9990993246891327,0.01851019790127353,3.7694679158664344,2.5811488937133578,0.9097110896267542
12.0,-0.9690542568495893,-4.930081001785895,0.9856708664296363,-0.9831418274132047,-3.4057031922515657,-2.481817187874099,-1.090499631693737,-0.3244157249608213,1.0,0.08333333333333333,-2.743418856719669,0.039195359670797375,P,K3,COST3_natural,True,dev_2021_2023,-0.35138415772046705,0.36717982351758643,3.0,0.9990993246891327,0.01851019790127353,3.7694679158664344,2.5811488937133578,1.2488306023851237
9.0,-1.0589509397382852,-5.673041473645912,0.7160706134501463,-1.4788359134528437,-5.122837876315712,-2.920978905169532,-0.5814971576606831,-0.1684599146585981,1.0,0.0,-2.385689089416687,-0.10221820714776209,P,K3,COST3_natural,True,hold_2024_2025,-0.2849244301000398,0.3909227113302893,3.0,0.9990993246891327,0.01851019790127353,3.7694679158664344,2.5811488937133578,0.599576646986453
7.0,-0.7634113414216558,-4.798737810391808,0.8550698143208209,-0.8928058605694448,-3.0927702236030665,-2.4254234260735394,-0.2663307347476241,-0.8617742996783075,1.0,0.2857142857142857,-2.030468858698658,0.3802179787577149,P,K3,COST3_natural,True,ext_2026,-0.24179785065467183,0.5168362918072853,3.0,0.9990993246891327,0.01851019790127353,3.7694679158664344,2.5811488937133578,0.7271076368642219
83.0,-0.5785537253817035,-3.6502488745272696,1.3953541499185396,-0.41462859118273254,-1.4363155723983954,-1.392328707174172,-3.395135047995598,18.190898956238804,1.0,0.18072289156626506,-8.719274837878087,2.862983569853078,P,K3,COST4_nat_1tick,False,overlap_2014_2020,-0.27735152346792674,0.3012022019137769,3.0,0.9990993246891327,0.01851019790127353,3.7694679158664344,2.5811488937133578,0.7846863659933108
69.0,-1.0088434351408846,-4.234167950751068,2.1335635247887987,-0.4728443392566668,-1.6379808393277637,-1.4966033367934286,-5.762276224795148,40.08379871358882,1.0,0.11594202898550725,-16.329048566394334,1.4236864110375755,P,K3,COST4_nat_1tick,False,post_2021_2026,-0.3238944745529304,0.6849489605879542,3.0,0.9990993246891327,0.01851019790127353,3.7694679158664344,2.5811488937133578,1.0597674964367318
36.0,-1.2187885488783068,-2.8184259650937937,2.865277422621156,-0.42536493648261076,-1.4735073634923803,-1.3749092014507747,-4.540351639797701,23.22749223559451,1.0,0.1388888888888889,-16.329048566394334,1.039558779476062,P,K3,COST4_nat_1tick,False,dev_2021_2023,-0.3624485042732772,0.85634004460503,3.0,0.9990993246891327,0.01851019790127353,3.7694679158664344,2.5811488937133578,1.354533127276335
24.0,-0.7618561452965432,-6.291520257082433,0.78736667636451,-0.9676001895511301,-3.351865379431667,-2.529041215856271,0.36807831905533317,1.8832007376980218,1.0,0.08333333333333333,-2.5201497916149007,1.4236864110375755,P,K3,COST4_nat_1tick,False,hold_2024_2025,-0.2944657494631251,0.4673903958334182,3.0,0.9990993246891327,0.01851019790127353,3.7694679158664344,2.5811488937133578,0.7215155886200746
9.0,-0.8276957531094379,-5.21028496281989,0.7577846146600216,-1.0922572682222926,-3.7836901669947953,-2.6368464975603807,-0.27124385469822243,0.06122971877901762,1.0,0.1111111111111111,-2.1285532020681166,0.343950997076715,P,K3,COST4_nat_1tick,False,ext_2026,-0.2481549559110234,0.5795407971984144,3.0,0.9990993246891327,0.01851019790127353,3.7694679158664344,2.5811488937133578,0.7827100605894044
66.0,-0.6662195572607584,-3.36691480155195,1.5407914264736442,-0.4323878922311451,-1.4978355958439191,-1.4433695995801694,-3.041937651013479,14.513668900700942,1.0,0.15151515151515152,-8.719274837878087,2.862983569853078,P,K3,COST4_nat_1tick,True,overlap_2014_2020,-0.27735152346792674,0.3012022019137769,3.0,0.9990993246891327,0.01851019790127353,3.7694679158664344,2.5811488937133578,0.8492785333907429
28.0,-1.5628457746998963,-3.2135204189567266,3.0378551418768835,-0.5144569776076684,-1.7821312470496116,-1.607878352559147,-4.561374931178719,22.50693947820018,1.0,0.03571428571428571,-16.329048566394334,0.343950997076715,P,K3,COST4_nat_1tick,True,post_2021_2026,-0.3238944745529304,0.6849489605879542,3.0,0.9990993246891327,0.01851019790127353,3.7694679158664344,2.5811488937133578,1.5260179739769635
12.0,-2.318199984682353,-2.4216569120952305,4.551570374779268,-0.50931871723389,-1.7643317909898075,-1.6269090063818212,-3.1253757234923167,10.156422752079605,1.0,0.0,-16.329048566394334,-0.0033177750876848267,P,K3,COST4_nat_1tick,True,dev_2021_2023,-0.3624485042732772,0.85634004460503,3.0,0.9990993246891327,0.01851019790127353,3.7694679158664344,2.5811488937133578,2.5979763302178873
9.0,-1.1312122910623696,-5.815216109413433,0.7375873268279654,-1.5336655741188097,-5.3127733923861395,-2.9510767522412102,-0.650857755296483,-0.016696106342393158,1.0,0.0,-2.5201497916149007,-0.1664020480189619,P,K3,COST4_nat_1tick,True,hold_2024_2025,-0.2944657494631251,0.4673903958334182,3.0,0.9990993246891327,0.01851019790127353,3.7694679158664344,2.5811488937133578,0.6718379983105374
7.0,-0.8229101794067886,-5.030542340964441,0.8735180190297153,-0.9420643438138336,-3.26340661496919,-2.4865328044695647,-0.27984437063545975,-0.8171572685488036,1.0,0.14285714285714285,-2.1285532020681166,0.343950997076715,P,K3,COST4_nat_1tick,True,ext_2026,-0.2481549559110234,0.5795407971984144,3.0,0.9990993246891327,0.01851019790127353,3.7694679158664344,2.5811488937133578,0.7866064748493546
83.0,0.1880275070982294,2.0877757179426455,0.7407903168949918,0.253820146956487,0.8792587810264689,2.119613793250452,2.453799384825848,13.074574094130085,1.0,0.5903614457831325,-1.7057904215559085,4.42934093027822,P,K2,COST0_mid,False,overlap_2014_2020,-0.1548726475530157,-0.34290015465124507,2.0,0.9995079488701245,0.015230583759207874,4.2945026853092845,2.8363871671744865,0.0
69.0,0.09519461247931878,1.0128009897311046,0.7780380791577342,0.122352125210082,0.4238401945557818,0.6221853321259176,-0.48184535444566734,4.794188344482054,1.0,0.6086956521739131,-3.0533233678799374,2.6950942853418827,P,K2,COST0_mid,False,post_2021_2026,-0.17774464292199427,-0.27293925540131303,2.0,0.9995079488701245,0.015230583759207874,4.2945026853092845,2.8363871671744865,0.0
36.0,0.19537838543130193,1.4581389871874462,0.7544733479345226,0.25895995659247323,0.8970636038879892,1.2759492567582376,-1.88717560138624,9.711320810561071,1.0,0.6944444444444444,-3.0533233678799374,1.891196488502368,P,K2,COST0_mid,False,dev_2021_2023,-0.24616916885115087,-0.4415475542824528,2.0,0.9995079488701245,0.015230583759207874,4.2945026853092845,2.8363871671744865,0.0
24.0,0.011834838942641498,0.08095797634418353,0.7237341502687094,0.016352467184597323,0.056646607985650715,0.1042462446787171,2.059403424872784,7.968017161365326,1.0,0.5,-1.1574869121157563,2.6950942853418827,P,K2,COST0_mid,False,hold_2024_2025,-0.14431667674324142,-0.1561515156858829,2.0,0.9995079488701245,0.015230583759207874,4.2945026853092845,2.8363871671744865,0.0
9.0,-0.08324774989747458,-0.5132155512911185,1.0233781284588137,-0.08134603191377948,-0.2817909205375708,-0.3675021468612145,-0.46698482624212,-1.6032007370319272,1.0,0.5555555555555556,-1.718916200333039,1.0851666989096969,P,K2,COST0_mid,False,ext_2026,0.006812217651290882,0.0900599675487655,2.0,0.9995079488701245,0.015230583759207874,4.2945026853092845,2.8363871671744865,0.0
66.0,0.14774039748033607,1.3754337019270144,0.7942844047247467,0.18600440421782471,0.6443381570737023,1.5318680201872048,2.648048452941572,13.091249015357747,1.0,0.5606060606060606,-1.7057904215559085,4.42934093027822,P,K2,COST0_mid,True,overlap_2014_2020,-0.1548726475530157,-0.34290015465124507,2.0,0.9995079488701245,0.015230583759207874,4.2945026853092845,2.8363871671744865,0.0
26.0,0.10610216724730313,0.7290225344584523,0.6632008739496492,0.1599849629500918,0.5542041685531668,0.8653677302931186,-0.24411573923642174,-0.12825841271751148,1.0,0.5769230769230769,-1.1574869121157563,1.3184523564083674,P,K2,COST0_mid,True,post_2021_2026,-0.17774464292199427,-0.27293925540131303,2.0,0.9995079488701245,0.015230583759207874,4.2945026853092845,2.8363871671744865,0.0
12.0,0.41178101921301935,4.106979425466363,0.4778195365752082,0.8617919270619977,2.985334806448144,42.40769282094713,0.9460544531888322,-0.3204479749736775,0.1268507881642369,0.75,-0.11528764876219288,1.3184523564083674,P,K2,COST0_mid,True,dev_2021_2023,-0.24616916885115087,-0.4415475542824528,2.0,0.9995079488701245,0.015230583759207874,4.2945026853092845,2.8363871671744865,0.0
9.0,-0.2729914098880224,-1.4162832581667064,0.49658604550480756,-0.5497363696769033,-1.9043426460977264,-1.7827611830777856,-0.9103664747395267,-0.306633560934503,1.0,0.3333333333333333,-1.1574869121157563,0.21798153676920273,P,K2,COST0_mid,True,hold_2024_2025,-0.14431667674324142,-0.1561515156858829,2.0,0.9995079488701245,0.015230583759207874,4.2945026853092845,2.8363871671744865,0.0
5.0,0.054841361373170416,0.2277962078527731,1.0104276608218483,0.05427539595319894,0.1880154867837176,0.29009442383776873,-0.4761430456782335,-2.82067883354625,1.0,0.6,-1.1566012101088103,1.0851666989096969,P,K2,COST0_mid,True,ext_2026,0.006812217651290882,0.0900599675487655,2.0,0.9995079488701245,0.015230583759207874,4.2945026853092845,2.8363871671744865,0.0
83.0,0.09448033300922193,1.0499493877796207,0.7326537490733922,0.12895632231284404,0.4467178044061479,0.9031098740007538,2.1992450252122406,11.794404177089362,1.0,0.5060240963855421,-1.8526909774475862,4.186473281091879,P,K2,COST1_e25,False,overlap_2014_2020,-0.19099635634637577,-0.28547668935559767,2.0,0.9995079488701245,0.015230583759207874,4.2945026853092845,2.8363871671744865,0.09354717408900748
69.0,-0.0036538663924250312,-0.0370599398765623,0.8079142095616897,-0.004522592063837236,-0.015666718472947757,-0.020708194721063784,-0.8353811351454289,5.807126318348062,1.0,0.5652173913043478,-3.513707672457358,2.5834645749317176,P,K2,COST1_e25,False,post_2021_2026,-0.20683296118290959,-0.20317909479048457,2.0,0.9995079488701245,0.015230583759207874,4.2945026853092845,2.8363871671744865,0.0988484788717438
36.0,0.10743703508409548,0.7618299400357885,0.8011054076672377,0.1341109847166611,0.4645740787647004,0.6050520036242331,-2.363168728039761,11.902842526183187,1.0,0.6388888888888888,-3.513707672457358,1.7797780650083013,P,K2,COST1_e25,False,dev_2021_2023,-0.26833319995030797,-0.3757702350344035,2.0,0.9995079488701245,0.015230583759207874,4.2945026853092845,2.8363871671744865,0.08794135034720645
24.0,-0.08809127016279854,-0.5886151876278677,0.7266635863910946,-0.1212270324433008,-0.4199427588851952,-0.6640668758621704,1.9562061035992282,7.6939185313686576,1.0,0.4583333333333333,-1.2961119254281157,2.5834645749317176,P,K2,COST1_e25,False,hold_2024_2025,-0.1773369572876992,-0.0892456871249007,2.0,0.9995079488701245,0.015230583759207874,4.2945026853092845,2.8363871671744865,0.09992610910544003
9.0,-0.22285106224417767,-1.3543901207845828,1.0446673288117785,-0.21332251530987578,-0.738970869830189,-0.8698157953722719,-0.4737285175196786,-1.5365839576955964,1.0,0.5555555555555556,-1.8800993892829707,0.9761671636129184,P,K2,COST1_e25,False,ext_2026,-0.039488016500543587,0.18336304574363418,2.0,0.9995079488701245,0.015230583759207874,4.2945026853092845,2.8363871671744865,0.1396033123467031
66.0,0.052371730523719254,0.4880902414644583,0.7835294331167761,0.06684079539346909,0.23154330727960842,0.46314022069107746,2.4107971125041505,11.967164257981565,1.0,0.45454545454545453,-1.8526909774475862,4.186473281091879,P,K2,COST1_e25,True,overlap_2014_2020,-0.19099635634637577,-0.28547668935559767,2.0,0.9995079488701245,0.015230583759207874,4.2945026853092845,2.8363871671744865,0.09536866695661682
26.0,0.0017699528257895713,0.011734178915056228,0.6761172294826091,0.002617819438123189,0.009068392543741548,0.012305203898383342,-0.39644770711655986,0.15216879608276734,1.0,0.5769230769230769,-1.4219265985982745,1.2944956014839781,P,K2,COST1_e25,True,post_2021_2026,-0.20683296118290959,-0.20317909479048457,2.0,0.9995079488701245,0.015230583759207874,4.2945026853092845,2.8363871671744865,0.10433221442151357
12.0,0.3265158995728347,3.3537108254911923,0.4613887910143955,0.7076806067502566,2.45147753284523,17.120586983625756,1.062933579526752,0.30453061618012445,0.2715700451291677,0.75,-0.21163537613687033,1.2944956014839781,P,K2,COST1_e25,True,dev_2021_2023,-0.26833319995030797,-0.3757702350344035,2.0,0.9995079488701245,0.015230583759207874,4.2945026853092845,2.8363871671744865,0.08526511964018463
9.0,-0.3688213858218305,-1.767369980753026,0.5343860294540633,-0.690177821824092,-2.3908461073130947,-2.063040536541147,-0.8518004429622765,-0.48019455065126504,1.0,0.3333333333333333,-1.2961119254281157,0.15747602192110677,P,K2,COST1_e25,True,hold_2024_2025,-0.1773369572876992,-0.0892456871249007,2.0,0.9995079488701245,0.015230583759207874,4.2945026853092845,2.8363871671744865,0.0958299759338081
5.0,-0.11055590980140254,-0.42497430871435526,1.0292586376028767,-0.10741314744648157,-0.3720900575563866,-0.4985152178561784,-0.4720137697062582,-2.3199577770085886,1.0,0.6,-1.4219265985982745,0.9761671636129184,P,K2,COST1_e25,True,ext_2026,-0.039488016500543587,0.18336304574363418,2.0,0.9995079488701245,0.015230583759207874,4.2945026853092845,2.8363871671744865,0.16539727117457295
83.0,-0.012128731002500838,-0.1332313033607384,0.7340754343987349,-0.016522458638648242,-0.05723547565618812,-0.09618009362406679,1.8835398297577548,10.30497862706029,1.0,0.4578313253012048,-2.01737566621136,3.953561951639976,P,K2,COST2_e50,False,overlap_2014_2020,-0.22342214159333032,-0.21129341059082948,2.0,0.9995079488701245,0.015230583759207874,4.2945026853092845,2.8363871671744865,0.20015623810073024
69.0,-0.1214641558319952,-1.1618623058336985,0.8540757313181737,-0.14221707909265655,-0.4926544133850453,-0.5876005028365948,-1.2421136272532385,7.25638816150498,1.0,0.4492753623188406,-4.1066923039182495,2.470737624993494,P,K2,COST2_e50,False,post_2021_2026,-0.2329072136890451,-0.1114430578570499,2.0,0.9995079488701245,0.015230583759207874,4.2945026853092845,2.8363871671744865,0.21665876831131398
36.0,-0.0035333027306736608,-0.023426084451651962,0.8705995676170748,-0.0040584705783218945,-0.014058954485353931,-0.01679644345971068,-2.831351068220091,14.225537266549123,1.0,0.5277777777777778,-4.1066923039182495,1.662247936563932,P,K2,COST2_e50,False,dev_2021_2023,-0.28851293807379075,-0.2849796353431171,2.0,0.9995079488701245,0.015230583759207874,4.2945026853092845,2.8363871671744865,0.19891168816197558
24.0,-0.2012198317893178,-1.2980384266771734,0.7359908598142563,-0.2733999058630974,-0.9470850554788658,-1.2834619594220764,1.8304388201999104,7.25505308105722,1.0,0.3333333333333333,-1.4567894729238933,2.470737624993494,P,K2,COST2_e50,False,hold_2024_2025,-0.20652977526367533,-0.005309943474357519,2.0,0.9995079488701245,0.015230583759207874,4.2945026853092845,2.8363871671744865,0.2130546707319593
9.0,-0.38050576568442146,-2.2626069277624574,1.0815669418468086,-0.3518097225075096,-1.2187046279594291,-1.3047814447822133,-0.4757873201590064,-1.4424752121571451,1.0,0.4444444444444444,-2.0605451096666805,0.8694169804828983,P,K2,COST2_e50,False,ext_2026,-0.0808241519510488,0.2996816137333725,2.0,0.9995079488701245,0.015230583759207874,4.2945026853092845,2.8363871671744865,0.2972580157869469
66.0,-0.05650841383362817,-0.5187706946137034,0.7832206432301462,-0.07214877994095899,-0.24993070512369445,-0.4158591625294615,2.1017668069170083,10.571746235411794,1.0,0.4090909090909091,-2.01737566621136,3.953561951639976,P,K2,COST2_e50,True,overlap_2014_2020,-0.22342214159333032,-0.21129341059082948,2.0,0.9995079488701245,0.015230583759207874,4.2945026853092845,2.8363871671744865,0.20424881131396425
26.0,-0.12171433455868287,-0.7793912612568076,0.6977295754900369,-0.174443421684109,-0.6042897388060784,-0.7179310057009497,-0.5525834668441411,0.5638405167937051,1.0,0.5,-1.7529344496291532,1.2644712385544157,P,K2,COST2_e50,True,post_2021_2026,-0.2329072136890451,-0.1114430578570499,2.0,0.9995079488701245,0.015230583759207874,4.2945026853092845,2.8363871671744865,0.227816501805986
12.0,0.21692397788267218,2.331817428789853,0.4483081179126666,0.4838725180634146,1.6761835713442468,6.617866215479095,1.27694325704859,1.5698756130615923,0.44861565435247974,0.6666666666666666,-0.3392275372384925,1.2644712385544157,P,K2,COST2_e50,True,dev_2021_2023,-0.28851293807379075,-0.2849796353431171,2.0,0.9995079488701245,0.015230583759207874,4.2945026853092845,2.8363871671744865,0.19485704133034717
9.0,-0.4767319097205582,-2.090244201100866,0.5768151727078488,-0.8264898918704731,-2.863044969323534,-2.288664649059681,-0.7773929492895908,-0.6487856954336237,1.0,0.3333333333333333,-1.4567894729238933,0.11174177263079355,P,K2,COST2_e50,True,hold_2024_2025,-0.20652977526367533,-0.005309943474357519,2.0,0.9995079488701245,0.015230583759207874,4.2945026853092845,2.8363871671744865,0.20374049983253578
5.0,-0.2954146491265592,-1.0198027559855536,1.076667198621819,-0.2743787955133237,-0.9504760286972563,-1.126428743916272,-0.49734304471979235,-1.5498014070025725,1.0,0.4,-1.7529344496291532,0.8694169804828983,P,K2,COST2_e50,True,ext_2026,-0.0808241519510488,0.2996816137333725,2.0,0.9995079488701245,0.015230583759207874,4.2945026853092845,2.8363871671744865,0.3502560104997296
83.0,-0.7850789169701823,-2.1404850942454323,3.392274759878225,-0.23143140592726189,-0.8017019070662291,-0.793265573561693,-7.520315560877425,62.60302476562837,1.0,0.25301204819277107,-29.277321872781535,3.508398109238693,P,K2,COST3_natural,False,overlap_2014_2020,-0.2796236333790939,0.5054552835910882,2.0,0.9995079488701245,0.015230583759207874,4.2945026853092845,2.8363871671744865,0.9731064240684117
69.0,-0.6205346872988436,-4.558598385376831,1.168609429130945,-0.53100263597934,-1.839447088938437,-1.7043172463216865,-1.8651956267435716,7.329506773803193,1.0,0.18840579710144928,-6.04351670859621,2.234939083031784,P,K2,COST3_natural,False,post_2021_2026,-0.27819220825797186,0.3423424790408719,2.0,0.9995079488701245,0.015230583759207874,4.2945026853092845,2.8363871671744865,0.7157292997781625
36.0,-0.5975747232264471,-2.8156460588900276,1.3609111119485757,-0.4390990109345418,-1.5210835929837367,-1.4475492853395895,-2.48129404763768,7.8093606124719575,1.0,0.2222222222222222,-6.04351670859621,1.3269135074506586,P,K2,COST3_natural,False,dev_2021_2023,-0.3242309745283377,0.27334374869810935,2.0,0.9995079488701245,0.015230583759207874,4.2945026853092845,2.8363871671744865,0.792953108657749
24.0,-0.5666337615777353,-2.926897909621755,0.8185832898055556,-0.6922127151072582,-2.3978951844219436,-2.259385500799706,1.513851803806153,5.120902267102682,1.0,0.08333333333333333,-1.918019327456252,2.234939083031784,P,K2,COST3_natural,False,hold_2024_2025,-0.25651122351316763,0.31012253806456763,2.0,0.9995079488701245,0.015230583759207874,4.2945026853092845,2.8363871671744865,0.5784686005203767
9.0,-0.8561103455113854,-4.71420210489633,1.2268517065143771,-0.6978107793839979,-2.4172874479246427,-2.0953251434899807,-0.49207931185826753,-0.8371094646186852,1.0,0.3333333333333333,-2.8375900582159614,0.656170767885139,P,K2,COST3_natural,False,ext_2026,-0.151853102495986,0.7042572430153994,2.0,0.9995079488701245,0.015230583759207874,4.2945026853092845,2.8363871671744865,0.7728625956139108
66.0,-0.8196197048819663,-1.8421807455810708,3.6613456976667997,-0.2238575028313417,-0.7754651371187552,-0.7698221415924065,-7.4139126075238995,58.476445796893486,1.0,0.21212121212121213,-29.277321872781535,3.508398109238693,P,K2,COST3_natural,True,overlap_2014_2020,-0.2796236333790939,0.5054552835910882,2.0,0.9995079488701245,0.015230583759207874,4.2945026853092845,2.8363871671744865,0.9673601023623024
26.0,-0.730474243204423,-3.8276294581816166,1.0786685890291714,-0.6771998838511354,-2.3458892114198178,-2.009100214228424,-1.4676229636505949,3.595837500450266,1.0,0.11538461538461539,-4.208096032403468,1.1106353811311387,P,K2,COST3_natural,True,post_2021_2026,-0.27819220825797186,0.3423424790408719,2.0,0.9995079488701245,0.015230583759207874,4.2945026853092845,2.8363871671744865,0.8365764104517261
12.0,-0.6740259493411895,-2.2057889980929892,1.266721269841855,-0.5321028117143236,-1.843258209478929,-1.729605513819573,-2.0413178003671266,6.170819049458826,1.0,0.08333333333333333,-4.208096032403468,1.1106353811311387,P,K2,COST3_natural,True,dev_2021_2023,-0.3242309745283377,0.27334374869810935,2.0,0.9995079488701245,0.015230583759207874,4.2945026853092845,2.8363871671744865,1.0858069685542089
9.0,-0.7671817168852003,-2.6509884558660066,0.6977834688654133,-1.0994552767674872,-3.8086248000219793,-2.6296470090445103,-0.5469367957122695,-1.0509416529157933,1.0,0.0,-1.918019327456252,-0.0013764254164058132,P,K2,COST3_natural,True,hold_2024_2025,-0.25651122351316763,0.31012253806456763,2.0,0.9995079488701245,0.015230583759207874,4.2945026853092845,2.8363871671744865,0.4941903069971779
5.0,-0.7998766958507846,-1.9390891330281388,1.3663890432512886,-0.5853945476227604,-2.0278661979128394,-1.9415964926370741,-0.7059382704431528,0.2053262707822956,1.0,0.4,-2.8375900582159614,0.656170767885139,P,K2,COST3_natural,True,ext_2026,-0.151853102495986,0.7042572430153994,2.0,0.9995079488701245,0.015230583759207874,4.2945026853092845,2.8363871671744865,0.854718057223955
83.0,-0.5974071577981904,-3.2749190149735057,1.63698001139918,-0.364944686946768,-1.2642054794882411,-1.238606747775936,-5.040975960621645,37.60815634015128,1.0,0.24096385542168675,-12.747137265759795,3.4185040373691864,P,K2,COST4_nat_1tick,False,overlap_2014_2020,-0.2912009667329466,0.30620619106524366,2.0,0.9995079488701245,0.015230583759207874,4.2945026853092845,2.8363871671744865,0.7854346648964199
69.0,-1.0040936186887492,-2.8278171147717197,3.103961546483869,-0.3234877763953535,-1.1205945286884647,-1.0798315710469992,-6.776865381418274,51.504487843688146,1.0,0.18840579710144928,-24.688937938101557,2.1317244030775333,P,K2,COST4_nat_1tick,False,post_2021_2026,-0.2880695887655027,0.7160240299232464,2.0,0.9995079488701245,0.015230583759207874,4.2945026853092845,2.8363871671744865,1.099288231168068
36.0,-1.254004481910913,-1.9306836009540478,4.212294050225208,-0.2977010785474173,-1.0312667870243597,-1.0040471785253038,-5.240445184225109,29.3106880833125,1.0,0.2222222222222222,-24.688937938101557,1.299362550770605,P,K2,COST4_nat_1tick,False,dev_2021_2023,-0.3343550953649027,0.9196493865460107,2.0,0.9995079488701245,0.015230583759207874,4.2945026853092845,2.8363871671744865,1.4493828673422149
24.0,-0.6577762991471131,-3.2961321336664957,0.8469164728142768,-0.7766719862719674,-2.6904706820769704,-2.3620183877383907,1.2965017409310036,4.058941802861275,1.0,0.08333333333333333,-2.005050006483591,2.1317244030775333,P,K2,COST4_nat_1tick,False,hold_2024_2025,-0.2670773202062127,0.39069897894090033,2.0,0.9995079488701245,0.015230583759207874,4.2945026853092845,2.8363871671744865,0.6696111380897546
9.0,-0.9279630179111233,-5.003781074827452,1.2477653280731897,-0.743699954657413,-2.5762522141066193,-2.1715021918725075,-0.511259517694636,-0.7981146798049976,1.0,0.3333333333333333,-2.9627082429836626,0.6091570997510163,P,K2,COST4_nat_1tick,False,ext_2026,-0.1589069451926759,0.7690560727184473,2.0,0.9995079488701245,0.015230583759207874,4.2945026853092845,2.8363871671744865,0.8447152680136487
66.0,-0.5053258011602287,-3.7227858897249746,0.9960447943788885,-0.5073324051408137,-1.7574510040600142,-1.7675363017652697,-0.0018438775630457396,5.169565849385875,1.0,0.21212121212121213,-3.667617558820626,3.4185040373691864,P,K2,COST4_nat_1tick,True,overlap_2014_2020,-0.2912009667329466,0.30620619106524366,2.0,0.9995079488701245,0.015230583759207874,4.2945026853092845,2.8363871671744865,0.6530661986405648
26.0,-1.6108429019341945,-1.900033798441015,4.780591791902228,-0.3369547060392768,-1.1672453414189259,-1.1271595392157931,-4.850712925506572,24.24260826147015,1.0,0.11538461538461539,-24.688937938101557,1.0916319239330747,P,K2,COST4_nat_1tick,True,post_2021_2026,-0.2880695887655027,0.7160240299232464,2.0,0.9995079488701245,0.015230583759207874,4.2945026853092845,2.8363871671744865,1.7169450691814976
12.0,-2.498130896962222,-1.496245944056219,7.018760063589374,-0.3559219683148258,-1.2329498653023967,-1.2082337314382845,-3.4094483431305456,11.732621536617419,1.0,0.08333333333333333,-24.688937938101557,1.0916319239330747,P,K2,COST4_nat_1tick,True,dev_2021_2023,-0.3343550953649027,0.9196493865460107,2.0,0.9995079488701245,0.015230583759207874,4.2945026853092845,2.8363871671744865,2.9099119161752416
9.0,-0.837147725372345,-2.8302406923461576,0.7169461787402822,-1.1676576989966865,-4.044884921022455,-2.6952047339510767,-0.5109559566872468,-1.0821617086628774,1.0,0.0,-2.005050006483591,-0.0504661392744542,P,K2,COST4_nat_1tick,True,hold_2024_2025,-0.2670773202062127,0.39069897894090033,2.0,0.9995079488701245,0.015230583759207874,4.2945026853092845,2.8363871671744865,0.5641563154843227
5.0,-0.8740030316782563,-2.063531255856331,1.3961526116638698,-0.6260082346131631,-2.1685561366129926,-2.0217905624400427,-0.7214744906639414,0.2648616412889151,1.0,0.4,-2.9627082429836626,0.6091570997510163,P,K2,COST4_nat_1tick,True,ext_2026,-0.1589069451926759,0.7690560727184473,2.0,0.9995079488701245,0.015230583759207874,4.2945026853092845,2.8363871671744865,0.9288443930514267
83.0,0.09112081858658927,0.6730786842502785,1.1859618501478137,0.07683284127160778,0.2661567695445992,0.6805044854909079,4.599589524121674,30.383115212725652,1.0,0.4578313253012048,-2.0665377172645676,8.403012914566354,P,K1,COST0_mid,False,overlap_2014_2020,-0.20436391498959025,-0.29548473357617944,1.0,0.9999050025174968,0.011764962357408572,5.084455845889189,3.143191788040188,0.0
69.0,0.1027870217251919,1.0981410822573285,0.9058722305875451,0.11346746070196308,0.39306281388325,0.6836895602667947,1.0743593462239798,4.410632405742867,1.0,0.5362318840579711,-1.7749439830680402,3.92199762256378,P,K1,COST0_mid,False,post_2021_2026,-0.19549017070194508,-0.298277192427137,1.0,0.9999050025174968,0.011764962357408572,5.084455845889189,3.143191788040188,0.0
36.0,0.15470810701651333,1.508969059903452,0.6643355725811868,0.23287644588323897,0.806707672311668,1.303268620591541,-0.2674911732139169,3.0121991441715563,1.0,0.5833333333333334,-1.7314453453011467,2.0678323679075277,P,K1,COST0_mid,False,dev_2021_2023,-0.33991543822170084,-0.4946235452382141,1.0,0.9999050025174968,0.011764962357408572,5.084455845889189,3.143191788040188,0.0
24.0,0.09059287672099027,0.46523042487896143,1.1442405546641683,0.07917292946112983,0.2742630728214874,0.5545049098244167,1.76298290952351,5.2494822420142295,1.0,0.5,-1.7749439830680402,3.92199762256378,P,K1,COST0_mid,False,hold_2024_2025,0.005200206233158792,-0.08539267048783157,1.0,0.9999050025174968,0.011764962357408572,5.084455845889189,3.143191788040188,0.0
9.0,-0.07237959942888929,-0.2807298103735794,1.1103934344160302,-0.06518374225344246,-0.22580310682087312,-0.3384200521757782,0.4182538986354506,-0.9935247123697564,1.0,0.4444444444444444,-1.397752715702723,1.8009194063389664,P,K1,COST0_mid,False,ext_2026,-0.15296343911653246,-0.08058383968764321,1.0,0.9999050025174968,0.011764962357408572,5.084455845889189,3.143191788040188,0.0
66.0,0.06125175164942409,0.3617836231982413,1.31190248010745,0.04668925669262195,0.1617363295184929,0.4158810941035275,4.3775301193751295,26.033589092819376,1.0,0.4090909090909091,-2.0665377172645676,8.403012914566354,P,K1,COST0_mid,True,overlap_2014_2020,-0.20436391498959025,-0.29548473357617944,1.0,0.9999050025174968,0.011764962357408572,5.084455845889189,3.143191788040188,0.0
26.0,-0.07205767131540285,-0.45383741094522234,0.7167185576899198,-0.1005383082972686,-0.34827491615578565,-0.48132063193200403,0.4861079371376893,2.6691968681301907,1.0,0.4230769230769231,-1.5567567918323562,2.0678323679075277,P,K1,COST0_mid,True,post_2021_2026,-0.19549017070194508,-0.298277192427137,1.0,0.9999050025174968,0.011764962357408572,5.084455845889189,3.143191788040188,0.0
14.0,0.2811030385391406,2.4779317064574853,0.6223642831731598,0.45166961880575907,1.5646294560136838,7.111455446371266,1.9670066338749956,4.87440866165332,0.3558883549139531,0.5714285714285714,-0.3371693756902415,2.0678323679075277,P,K1,COST0_mid,True,dev_2021_2023,-0.33991543822170084,-0.4946235452382141,1.0,0.9999050025174968,0.011764962357408572,5.084455845889189,3.143191788040188,0.0
8.0,-0.3296042568192451,-2.9615053456090585,0.6113066864048413,-0.5391798652779054,-1.867773842158949,-1.7566619656956408,-1.3483222567134405,1.430575118030446,1.0,0.375,-1.5567567918323562,0.29743597261386945,P,K1,COST0_mid,True,hold_2024_2025,0.005200206233158792,-0.08539267048783157,1.0,0.9999050025174968,0.011764962357408572,5.084455845889189,3.143191788040188,0.0
4.0,-0.7930269847986202,-6.258648474301175,0.5275533260739028,-1.5032167282507631,-5.2072954962355595,-3.0016044914878286,-0.11526575198781694,-2.640077914982683,1.0,0.0,-1.397752715702723,-0.2187360718536604,P,K1,COST0_mid,True,ext_2026,-0.15296343911653246,-0.08058383968764321,1.0,0.9999050025174968,0.011764962357408572,5.084455845889189,3.143191788040188,0.0
83.0,-0.009807277263341598,-0.07387325994953563,1.1654433170262153,-0.008415061565041343,-0.029150628358943356,-0.06301647416368603,4.312977924107677,28.347411358211307,1.0,0.43373493975903615,-2.2819104275021145,8.037676828515279,P,K1,COST1_e25,False,overlap_2014_2020,-0.24157132195652378,-0.23176404469318224,1.0,0.9999050025174968,0.011764962357408572,5.084455845889189,3.143191788040188,0.10092809584993087
69.0,0.007452721065086953,0.07813295312656156,0.911999923176708,0.008171843961485644,0.028308097865636126,0.043418359351682104,0.8508039684351062,4.298877962503436,1.0,0.5072463768115942,-2.0730723871030374,3.8591833668863846,P,K1,COST1_e25,False,post_2021_2026,-0.22393980378779108,-0.23139252485287806,1.0,0.9999050025174968,0.011764962357408572,5.084455845889189,3.143191788040188,0.09533430066010494
36.0,0.07508369976669295,0.7059438111591139,0.6865273059342327,0.10936739022276522,0.37885975311408204,0.5382656580403324,-0.7149766463295222,3.009789069519381,1.0,0.5833333333333334,-2.0730723871030374,1.8145338920601175,P,K1,COST1_e25,False,dev_2021_2023,-0.36190313067671326,-0.4369868304434063,1.0,0.9999050025174968,0.011764962357408572,5.084455845889189,3.143191788040188,0.07962440724982038
24.0,-0.017317192105755663,-0.08816145959549651,1.1317860304408962,-0.015300765020937405,-0.053003404821872525,-0.09451853187731021,1.7073947499751505,5.71858188320603,1.0,0.4166666666666667,-1.9698073599327306,3.8591833668863846,P,K1,COST1_e25,False,hold_2024_2025,-0.029859067225583253,-0.012541875119827595,1.0,0.9999050025174968,0.011764962357408572,5.084455845889189,3.143191788040188,0.10791006882674593
9.0,-0.19701809195242362,-0.7967194081874193,1.1205533297063548,-0.1758221467282177,-0.6090657824582062,-0.814288541449222,0.35909521672890143,-1.2056380838534722,1.0,0.4444444444444444,-1.4756357558986142,1.6359835868244623,P,K1,COST1_e25,False,ext_2026,-0.18963512706465663,0.007382964887767031,1.0,0.9999050025174968,0.011764962357408572,5.084455845889189,3.143191788040188,0.12463849252353433
66.0,-0.04439242488750469,-0.2666010469448803,1.2873855754194277,-0.03448261790026793,-0.11945129236249617,-0.26002586638941116,4.137530239577227,24.48377119036931,1.0,0.3787878787878788,-2.2819104275021145,8.037676828515279,P,K1,COST1_e25,True,overlap_2014_2020,-0.24157132195652378,-0.23176404469318224,1.0,0.9999050025174968,0.011764962357408572,5.084455845889189,3.143191788040188,0.10564417653692879
26.0,-0.16724202388472983,-1.0326491034658705,0.71674318022765,-0.2333360518778998,-0.8082997941800996,-0.9791338226761135,0.11625901059941383,1.9659624723707778,1.0,0.38461538461538464,-1.7442194396032913,1.8145338920601175,P,K1,COST1_e25,True,post_2021_2026,-0.22393980378779108,-0.23139252485287806,1.0,0.9999050025174968,0.011764962357408572,5.084455845889189,3.143191788040188,0.09518435256932699
14.0,0.19746224471660337,1.9747535157579466,0.5757064400442631,0.3429912034706812,1.1881563819208287,3.8633269327270114,1.7889599939464285,4.247929838580146,0.4578237417954697,0.5714285714285714,-0.40150670110523345,1.8145338920601175,P,K1,COST1_e25,True,dev_2021_2023,-0.36190313067671326,-0.4369868304434063,1.0,0.9999050025174968,0.011764962357408572,5.084455845889189,3.143191788040188,0.08364079382253722
8.0,-0.41700281968964775,-3.5705243560869264,0.6444235526942619,-0.6470943185521482,-2.241600474042961,-1.9828116074597992,-1.459140978167759,1.9128799641804184,1.0,0.25,-1.7442194396032913,0.21265664496421888,P,K1,COST1_e25,True,hold_2024_2025,-0.029859067225583253,-0.012541875119827595,1.0,0.9999050025174968,0.011764962357408572,5.084455845889189,3.143191788040188,0.08739856287040265
4.0,-0.9441853723795604,-7.918688798931393,0.5327971875667209,-1.772129047249001,-6.138835094807794,-3.112336388604372,0.02076011088902512,-5.061937234440389,1.0,0.0,-1.4756357558986142,-0.40228834819231074,P,K1,COST1_e25,True,ext_2026,-0.18963512706465663,0.007382964887767031,1.0,0.9999050025174968,0.011764962357408572,5.084455845889189,3.143191788040188,0.15115838758094013
83.0,-0.12651685772715088,-0.9627601997955919,1.1579967931894661,-0.10925492926339285,-0.37847017692308027,-0.6866613826038055,3.9323479224881344,25.629153281568325,1.0,0.30120481927710846,-2.498391452295209,7.692535978114866,P,K1,COST2_e50,False,overlap_2014_2020,-0.27463759987601344,-0.14812074214886253,1.0,0.9999050025174968,0.011764962357408572,5.084455845889189,3.143191788040188,0.21763767631374015
69.0,-0.10757513999299026,-1.0853396388043135,0.9361388211689464,-0.11491366190610741,-0.39807260181034054,-0.535556993718462,0.5664372914293785,4.11235611918454,1.0,0.4492753623188406,-2.5327065097183143,3.793196105304603,P,K1,COST2_e50,False,post_2021_2026,-0.24955125637220046,-0.14197611637921015,1.0,0.9999050025174968,0.011764962357408572,5.084455845889189,3.143191788040188,0.21036216171818217
36.0,-0.025776363999677334,-0.2263179278510608,0.7358686039435663,-0.035028487234732085,-0.12134223920566763,-0.1505218716017349,-1.2553317864557965,3.51005639941112,1.0,0.5277777777777778,-2.5327065097183143,1.463492702770262,P,K1,COST2_e50,False,dev_2021_2023,-0.38161595056738834,-0.3558395865677111,1.0,0.9999050025174968,0.011764962357408572,5.084455845889189,3.143191788040188,0.18048447101619067
24.0,-0.14164169106333707,-0.7045763747517058,1.1290154411352507,-0.12545593789303106,-0.4345921170838707,-0.6832300952215394,1.6581614042305008,6.198368336826583,1.0,0.3333333333333333,-2.187685295292786,3.793196105304603,P,K1,COST2_e50,False,hold_2024_2025,-0.06180749592578586,0.07983419513755113,1.0,0.9999050025174968,0.011764962357408572,5.084455845889189,3.143191788040188,0.23223456778432733
9.0,-0.34392610777865085,-1.464229723728214,1.148399893143604,-0.2994828803381332,-1.037439129485434,-1.236075695727616,0.3006932611327606,-1.3123008329170256,1.0,0.4444444444444444,-1.6817852312971462,1.4933310890977305,P,K1,COST2_e50,False,ext_2026,-0.22194250744855432,0.12198360033009654,1.0,0.9999050025174968,0.011764962357408572,5.084455845889189,3.143191788040188,0.2715465083497616
66.0,-0.16728841912896858,-1.0110255063394527,1.2770503874820172,-0.13099594250060415,-0.4537832559928352,-0.8289568298350465,3.811196036321177,22.340752606659038,1.0,0.25757575757575757,-2.498391452295209,7.692535978114866,P,K1,COST2_e50,True,overlap_2014_2020,-0.27463759987601344,-0.14812074214886253,1.0,0.9999050025174968,0.011764962357408572,5.084455845889189,3.143191788040188,0.22854017077839267
26.0,-0.28129358321642217,-1.6937524364970433,0.7235720271028756,-0.38875685167473806,-1.3466932377823284,-1.4196576685295854,-0.3459637278987471,1.2502993820748354,1.0,0.38461538461538464,-1.9485323206779732,1.463492702770262,P,K1,COST2_e50,True,post_2021_2026,-0.24955125637220046,-0.14197611637921015,1.0,0.9999050025174968,0.011764962357408572,5.084455845889189,3.143191788040188,0.2092359119010193
14.0,0.0947987927068663,1.1429524561034308,0.5221848519087593,0.1815425942754662,0.6288819940459406,1.3804199521461293,1.326200501418974,2.732249051353592,0.7125977028296884,0.5714285714285714,-0.5966895014073211,1.463492702770262,P,K1,COST2_e50,True,dev_2021_2023,-0.38161595056738834,-0.3558395865677111,1.0,0.9999050025174968,0.011764962357408572,5.084455845889189,3.143191788040188,0.18630424583227428
8.0,-0.5133497031526543,-4.124989463701747,0.6845782313019422,-0.7498773400614234,-2.5976513048619796,-2.170498820668303,-1.531331852467551,2.2886554837422564,1.0,0.25,-1.9485323206779732,0.13420643680910416,P,K1,COST2_e50,True,hold_2024_2025,-0.06180749592578586,0.07983419513755113,1.0,0.9999050025174968,0.011764962357408572,5.084455845889189,3.143191788040188,0.18374544633340917
4.0,-1.1335046590754678,-9.31739865154807,0.5619867600946549,-2.0169597214079436,-6.986953428597053,-3.183088756610095,-0.044262724060496514,-5.744818987064189,1.0,0.0,-1.6817852312971462,-0.6477090900129266,P,K1,COST2_e50,True,ext_2026,-0.22194250744855432,0.12198360033009654,1.0,0.9999050025174968,0.011764962357408572,5.084455845889189,3.143191788040188,0.3404776742768476
83.0,-1.1868152700856334,-1.793856041710272,6.124707888054133,-0.193774999849453,-0.6712562899518083,-0.6691854019965527,-8.402123010200869,74.61846185485908,1.0,0.25301204819277107,-54.911288171522436,7.052372992521413,P,K1,COST3_natural,False,overlap_2014_2020,-0.33133879649990144,0.855476473585732,1.0,0.9999050025174968,0.011764962357408572,5.084455845889189,3.143191788040188,1.2779360886722226
69.0,-0.5590695598485318,-4.00487516985417,1.2700125100825475,-0.44020791559934613,-1.5249249514241192,-1.5134201664807854,-1.1138667895330865,5.640399451249324,1.0,0.2753623188405797,-5.8930233713065805,3.6497575016465604,P,K1,COST3_natural,False,post_2021_2026,-0.29411769008656075,0.2649518697619711,1.0,0.9999050025174968,0.011764962357408572,5.084455845889189,3.143191788040188,0.6618565815737237
36.0,-0.47345344096790015,-2.4228386117795333,1.292327330466274,-0.3663572144659955,-1.2690986183490236,-1.2302330405591702,-2.9027617612166337,9.814472029143205,1.0,0.3611111111111111,-5.8930233713065805,1.1151110814756333,P,K1,COST3_natural,False,dev_2021_2023,-0.41585088251586744,0.05760255845203277,1.0,0.9999050025174968,0.011764962357408572,5.084455845889189,3.143191788040188,0.6281615479844135
24.0,-0.5667203122935457,-2.2466759491641506,1.265517559030403,-0.4478170281001456,-1.5512836903279035,-1.7363116453258982,1.2137799628883126,4.690790136255673,1.0,0.16666666666666666,-2.7179507871121666,3.6497575016465604,P,K1,COST3_natural,False,hold_2024_2025,-0.11807119403481471,0.44864911825873105,1.0,0.9999050025174968,0.011764962357408572,5.084455845889189,3.143191788040188,0.657313189014536
9.0,-0.8811320288510215,-5.303075051828725,1.2841051397134866,-0.68618371004077,-2.377010098233448,-2.139007360055383,0.2601869008871524,-0.423034261072484,1.0,0.2222222222222222,-2.8633354897322767,1.2576226211857482,P,K1,COST3_natural,False,ext_2026,-0.27664224317399,0.6044897856770315,1.0,0.9999050025174968,0.011764962357408572,5.084455845889189,3.143191788040188,0.8087524294221322
66.0,-1.4100436494280886,-1.7073721137828586,6.852688046939409,-0.20576504282255356,-0.712791017180497,-0.7099201174284476,-7.516599183849769,59.591332883787864,1.0,0.22727272727272727,-54.911288171522436,7.052372992521413,P,K1,COST3_natural,True,overlap_2014_2020,-0.33133879649990144,0.855476473585732,1.0,0.9999050025174968,0.011764962357408572,5.084455845889189,3.143191788040188,1.4712954010775126
26.0,-0.6601159400321682,-3.5592688853140237,0.7959719010087163,-0.829320657168449,-2.8728510279643285,-2.241211534147938,-1.3742159294346195,1.4498589219295863,1.0,0.15384615384615385,-2.8633354897322767,0.20642817034534144,P,K1,COST3_natural,True,post_2021_2026,-0.29411769008656075,0.2649518697619711,1.0,0.9999050025174968,0.011764962357408572,5.084455845889189,3.143191788040188,0.5880582687167654
14.0,-0.28519562958345296,-3.009027058215318,0.4376363143919827,-0.6516726793563309,-2.257460381099414,-1.9685919927398736,-1.5729493479161987,3.837717639483456,1.0,0.2857142857142857,-1.4924105590586354,0.20642817034534144,P,K1,COST3_natural,True,dev_2021_2023,-0.41585088251586744,0.05760255845203277,1.0,0.9999050025174968,0.011764962357408572,5.084455845889189,3.143191788040188,0.5662986681225936
8.0,-0.7678549556875724,-4.983950259471419,0.7893852054097831,-0.9727252935896691,-3.369619260609319,-2.496908727015175,-1.4970296246373276,2.2707595572281782,1.0,0.0,-2.4259690278431583,-0.009786698328881793,P,K1,COST3_natural,True,hold_2024_2025,-0.11807119403481471,0.44864911825873105,1.0,0.9999050025174968,0.011764962357408572,5.084455845889189,3.143191788040188,0.43825069886832735
4.0,-1.7568589952918636,-7.349563093437649,0.8397202639099407,-2.0921955451110623,-7.247577967003245,-3.200731805961376,-0.6071675886758673,1.6358335869224483,1.0,0.0,-2.8633354897322767,-0.8236431160921588,P,K1,COST3_natural,True,ext_2026,-0.27664224317399,0.6044897856770315,1.0,0.9999050025174968,0.011764962357408572,5.084455845889189,3.143191788040188,0.9638320104932434
82.0,-0.6183114074666074,-3.925914285892293,1.4678789976580127,-0.4212277772576061,-1.4591758235389594,-1.5913133124814738,0.4906792340439533,11.755941204399543,1.0,0.24390243902439024,-6.85632853790519,6.942045039788754,P,K1,COST4_nat_1tick,False,overlap_2014_2020,-0.34139910494181186,0.28091905869403816,1.0,0.9999050025174968,0.011764962357408572,5.084455845889189,3.143191788040188,0.7094322260531967
69.0,-0.6428898075725478,-4.495418466131099,1.2962613580307547,-0.4959569330595557,-1.718045212850374,-1.6452124178528527,-1.1942809501226823,5.406354500561153,1.0,0.2318840579710145,-6.0896251494234885,3.4917161402036285,P,K1,COST4_nat_1tick,False,post_2021_2026,-0.30500724033347687,0.3378825672390709,1.0,0.9999050025174968,0.011764962357408572,5.084455845889189,3.143191788040188,0.7456768292977397
36.0,-0.5466347990011344,-2.742675559618221,1.3273134112097036,-0.4118355125357586,-1.4266400641462063,-1.3564267618687191,-2.8651670671321905,9.58003292899831,1.0,0.2777777777777778,-6.0896251494234885,1.0624022186671462,P,K1,COST4_nat_1tick,False,dev_2021_2023,-0.4265426123237718,0.1200921866773627,1.0,0.9999050025174968,0.011764962357408572,5.084455845889189,3.143191788040188,0.7013429060176477
24.0,-0.6717704332457219,-2.574237213037402,1.2843119903134599,-0.5230586012685002,-1.8119281454659064,-1.8894967233779851,0.9809573743339202,4.146788654308342,1.0,0.16666666666666666,-2.9363793825143905,3.4917161402036285,P,K1,COST4_nat_1tick,False,hold_2024_2025,-0.13148889008559128,0.5402815431601307,1.0,0.9999050025174968,0.011764962357408572,5.084455845889189,3.143191788040188,0.7623633099667122
9.0,-0.9508948400630695,-5.782702255158566,1.2967963743667554,-0.7332645732661037,-2.5401029925744063,-2.216899095682177,0.2978997858544166,-0.406656259262288,1.0,0.2222222222222222,-2.927459110069873,1.2422438006172816,P,K1,COST4_nat_1tick,False,ext_2026,-0.2815813530333251,0.6693134870297442,1.0,0.9999050025174968,0.011764962357408572,5.084455845889189,3.143191788040188,0.8785152406341802
65.0,-0.6787954272268036,-3.5182290917259413,1.6084632535555092,-0.4220148801822646,-1.4619024280515487,-1.6082703273804018,0.5881027882376126,10.222469553030116,1.0,0.2153846153846154,-6.85632853790519,6.942045039788754,P,K1,COST4_nat_1tick,True,overlap_2014_2020,-0.34139910494181186,0.28091905869403816,1.0,0.9999050025174968,0.011764962357408572,5.084455845889189,3.143191788040188,0.7400471788762277
26.0,-0.736599400173061,-3.928274956219794,0.8093838505071906,-0.9100742493335886,-3.152589677011764,-2.359314826505869,-1.3224269941915943,1.3020621154700964,1.0,0.11538461538461539,-2.927459110069873,0.17556058981238032,P,K1,COST4_nat_1tick,True,post_2021_2026,-0.30500724033347687,0.3378825672390709,1.0,0.9999050025174968,0.011764962357408572,5.084455845889189,3.143191788040188,0.6645417288576582
14.0,-0.36852428253158065,-3.3777915164764685,0.45688914690228527,-0.8065945208595573,-2.7941253824708556,-2.2411624471347893,-1.3684868170520492,3.406791937068716,1.0,0.21428571428571427,-1.6027574540272767,0.17556058981238032,P,K1,COST4_nat_1tick,True,dev_2021_2023,-0.4265426123237718,0.1200921866773627,1.0,0.9999050025174968,0.011764962357408572,5.084455845889189,3.143191788040188,0.6496273210707213
8.0,-0.8245673034066432,-5.080135044975961,0.8167482264493415,-1.0095734238582845,-3.497264928187636,-2.541038254178372,-1.516749879824704,2.427159964504667,1.0,0.0,-2.549680254958008,-0.032543992791261744,P,K1,COST4_nat_1tick,True,hold_2024_2025,-0.13148889008559128,0.5402815431601307,1.0,0.9999050025174968,0.011764962357408572,5.084455845889189,3.143191788040188,0.4949630465873981
4.0,-1.8489265054510782,-7.4798580966651,0.8339841149031986,-2.2169804824947836,-7.679845670139058,-3.2266543245664785,-0.4338421385487524,1.604934915842323,1.0,0.0,-2.927459110069873,-0.8918585668115135,P,K1,COST4_nat_1tick,True,ext_2026,-0.2815813530333251,0.6693134870297442,1.0,0.9999050025174968,0.011764962357408572,5.084455845889189,3.143191788040188,1.055899520652458
30.0,0.09926521606466746,1.0301230479043584,0.48406114650902005,0.20506751426044836,0.7103747073619037,1.0143920687542545,-1.28982836919439,5.2585016437822,1.0,0.7,-1.6341215018164936,1.2002502813186822,L,quintile,COST0_mid,False,overlap_2014_2020,-0.06294626339538172,-0.08256568858610981,88.98795180722891,0.907658239350085,0.13294856363088,0.9362512135958447,0.6788009968455454,0.0
51.0,0.02090856345615241,0.2264201086445533,0.5874618286926043,0.03559135663790172,0.12329207601429919,0.14400492163376408,-3.4183679346762306,18.26336110370922,1.0,0.6274509803921569,-3.2067533135314257,1.0650264468753037,L,quintile,COST0_mid,False,post_2021_2026,-0.10411842852466074,-0.10366377316031528,143.81159420289856,0.907658239350085,0.13294856363088,0.9362512135958447,0.6788009968455454,0.0
25.0,0.13359065010329746,2.368057495960004,0.3030605698741699,0.4408051174679834,1.5269937193818288,3.7677362185002394,0.6402639837782257,1.0638740962119897,0.5461052071507443,0.72,-0.49800655042376263,0.8921653721336135,L,quintile,COST0_mid,False,dev_2021_2023,-0.1599641304803662,-0.271929874835265,164.05555555555554,0.907658239350085,0.13294856363088,0.9362512135958447,0.6788009968455454,0.0
18.0,-0.1132228910270125,-0.4865227431954418,0.8982442247219348,-0.12604911661086646,-0.43664694843838964,-0.4778448751289123,-2.62630752974056,8.641002550322302,1.0,0.6111111111111112,-3.2067533135314257,1.0650264468753037,L,quintile,COST0_mid,False,hold_2024_2025,-0.038027367827668634,0.0966575334209102,150.58333333333334,0.907658239350085,0.13294856363088,0.9362512135958447,0.6788009968455454,0.0
8.0,-0.029427184729055006,-0.27922234155544107,0.3101621799140121,-0.09487676652650964,-0.3286627601635297,-0.4572359464045106,-0.25249210538212674,0.3837323869824445,0.7268449170602937,0.375,-0.5779780487344537,0.38110168215681034,L,quintile,COST0_mid,False,ext_2026,-0.05697844922715137,-0.02855514523385451,44.77777777777778,0.907658239350085,0.13294856363088,0.9362512135958447,0.6788009968455454,0.0
24.0,0.07367682915381572,0.6402267636086525,0.5316879085062542,0.138571571734265,0.48002600545684454,0.6739740015297908,-1.1186220133692713,4.126139516360913,1.0,0.6666666666666666,-1.6341215018164936,1.2002502813186822,L,quintile,COST0_mid,True,overlap_2014_2020,-0.06294626339538172,-0.08256568858610981,88.98795180722891,0.907658239350085,0.13294856363088,0.9362512135958447,0.6788009968455454,0.0
37.0,0.015237528214108903,0.14757495658150044,0.6473395914995056,0.023538693468157106,0.08154042606127554,0.0911589814714023,-3.7126338169153197,17.479193946839104,1.0,0.7027027027027027,-3.2067533135314257,0.8921653721336135,L,quintile,COST0_mid,True,post_2021_2026,-0.10411842852466074,-0.10366377316031528,143.81159420289856,0.907658239350085,0.13294856363088,0.9362512135958447,0.6788009968455454,0.0
15.0,0.19959946444809995,2.51305483492248,0.31351330340703515,0.6366538908524703,2.2054337715857777,5.319524539819515,0.12156177494096118,1.933545913567042,0.49800655042376263,0.8666666666666667,-0.49800655042376263,0.8921653721336135,L,quintile,COST0_mid,True,dev_2021_2023,-0.1599641304803662,-0.271929874835265,164.05555555555554,0.907658239350085,0.13294856363088,0.9362512135958447,0.6788009968455454,0.0
14.0,-0.15677042464050214,-0.7312926968339866,0.9646147780260138,-0.16252127606972486,-0.5629902149273828,-0.5926775055796719,-2.8749279373055954,8.607521362606548,1.0,0.7142857142857143,-3.2067533135314257,0.4088448235786202,L,quintile,COST0_mid,True,hold_2024_2025,-0.038027367827668634,0.0966575334209102,150.58333333333334,0.907658239350085,0.13294856363088,0.9362512135958447,0.6788009968455454,0.0
8.0,-0.029427184729055006,-0.27922234155544107,0.3101621799140121,-0.09487676652650964,-0.3286627601635297,-0.4572359464045106,-0.25249210538212674,0.3837323869824445,0.7268449170602937,0.375,-0.5779780487344537,0.38110168215681034,L,quintile,COST0_mid,True,ext_2026,-0.05697844922715137,-0.02855514523385451,44.77777777777778,0.907658239350085,0.13294856363088,0.9362512135958447,0.6788009968455454,0.0
30.0,0.053338505460742376,0.5159096326387804,0.5152868733799524,0.10351225349653463,0.35857696452389426,0.47300937924946385,-1.6048341488613251,6.333995365624853,1.0,0.6666666666666666,-1.8766215541240907,1.155083324431541,L,quintile,COST1_e25,False,overlap_2014_2020,-0.08112058156819174,-0.055788101238273775,88.98795180722891,0.907658239350085,0.13294856363088,0.9362512135958447,0.6788009968455454,0.04592671060392508
51.0,-0.03942938710690628,-0.4143189461992164,0.593300079705408,-0.06645774786762915,-0.23021639172667177,-0.25650130630396123,-3.508524615859906,18.315058229133843,1.0,0.5882352941176471,-3.3047129985012114,0.8330127112986021,L,quintile,COST1_e25,False,post_2021_2026,-0.125990745344122,-0.06556259989656987,143.81159420289856,0.907658239350085,0.13294856363088,0.9362512135958447,0.6788009968455454,0.060337950563058684
25.0,0.07924167885942225,1.4011267806921748,0.30440492930105745,0.26031667437635997,0.9017634121544374,1.7874442215376203,0.481971449447493,0.9534271902894957,0.6914820880508863,0.64,-0.5919204549942412,0.8136569481609346,L,quintile,COST1_e25,False,dev_2021_2023,-0.17778549803741062,-0.23656412341087066,164.05555555555554,0.907658239350085,0.13294856363088,0.9362512135958447,0.6788009968455454,0.05434897124387521
18.0,-0.18343883014009987,-0.7658766040970062,0.9048407650061743,-0.2027305104217405,-0.7022790885896526,-0.7391598100514799,-2.6893620238115687,8.62350228300646,1.0,0.6111111111111112,-3.3047129985012114,0.8330127112986021,L,quintile,COST1_e25,False,hold_2024_2025,-0.06506961157784254,0.1410150137708859,150.58333333333334,0.907658239350085,0.13294856363088,0.9362512135958447,0.6788009968455454,0.07021593911308738
8.0,-0.08625522142699744,-0.7953884980655768,0.31957963980386167,-0.26990211729362856,-0.9349683604459583,-1.1208214173588953,-0.34394391683577796,0.5086046358196903,0.8215948701508273,0.375,-0.6612834799913739,0.33011642885340553,L,quintile,COST1_e25,False,ext_2026,-0.08126809128104587,0.004017530333844589,44.77777777777778,0.907658239350085,0.13294856363088,0.9362512135958447,0.6788009968455454,0.05682803669794244
24.0,0.025292539354589093,0.20478982898626408,0.5660691818463467,0.04468100395801882,0.1547795379769494,0.20098940266367735,-1.4176820504045151,5.026614323301063,1.0,0.625,-1.8766215541240907,1.155083324431541,L,quintile,COST1_e25,True,overlap_2014_2020,-0.08112058156819174,-0.055788101238273775,88.98795180722891,0.907658239350085,0.13294856363088,0.9362512135958447,0.6788009968455454,0.048384289799226626
37.0,-0.039168770745031056,-0.3700104422348175,0.6596302733193125,-0.0593798864747833,-0.20569796064399334,-0.2236715459566799,-3.6712833471969444,17.05956590767682,1.0,0.6756756756756757,-3.3047129985012114,0.8136569481609346,L,quintile,COST1_e25,True,post_2021_2026,-0.125990745344122,-0.06556259989656987,143.81159420289856,0.907658239350085,0.13294856363088,0.9362512135958447,0.6788009968455454,0.05440629895913996
15.0,0.1459154363291466,1.8246485966026424,0.3183720531354249,0.4583173519538759,1.58765787914908,3.2347822772400163,-0.0814991751949643,1.958140944394863,0.5919204549942412,0.8,-0.5919204549942412,0.8136569481609346,L,quintile,COST1_e25,True,dev_2021_2023,-0.17778549803741062,-0.23656412341087066,164.05555555555554,0.907658239350085,0.13294856363088,0.9362512135958447,0.6788009968455454,0.05368402811895334
14.0,-0.2105667350776692,-0.947561502825129,0.9839952153635136,-0.21399162494898955,-0.7412887336117473,-0.7664233524893447,-2.828708886296879,8.355099371005657,1.0,0.7142857142857143,-3.3047129985012114,0.36970942163329684,L,quintile,COST1_e25,True,hold_2024_2025,-0.06506961157784254,0.1410150137708859,150.58333333333334,0.907658239350085,0.13294856363088,0.9362512135958447,0.6788009968455454,0.053796310437167066
8.0,-0.08625522142699744,-0.7953884980655768,0.31957963980386167,-0.26990211729362856,-0.9349683604459583,-1.1208214173588953,-0.34394391683577796,0.5086046358196903,0.8215948701508273,0.375,-0.6612834799913739,0.33011642885340553,L,quintile,COST1_e25,True,ext_2026,-0.08126809128104587,0.004017530333844589,44.77777777777778,0.907658239350085,0.13294856363088,0.9362512135958447,0.6788009968455454,0.05682803669794244
30.0,0.006151592051859533,0.05555226110922359,0.5486257459998763,0.011212729436618381,0.03884203415149238,0.048028177294111435,-1.8778215548741852,7.366248241645636,1.0,0.6666666666666666,-2.1221017035149368,1.1110622847367024,L,quintile,COST2_e50,False,overlap_2014_2020,-0.09840381682140718,-0.02682617101185593,88.98795180722891,0.907658239350085,0.13294856363088,0.9362512135958447,0.6788009968455454,0.09311362401280793
51.0,-0.10379906275598326,-1.0526337697750527,0.6024618600235594,-0.17229150863081055,-0.5968352933225112,-0.633723066447887,-3.516510188955225,17.876055125417015,1.0,0.5294117647058824,-3.4031973983248585,0.7297816580296757,L,quintile,COST2_e50,False,post_2021_2026,-0.14640019294881085,-0.021991744900731015,143.81159420289856,0.907658239350085,0.13294856363088,0.9362512135958447,0.6788009968455454,0.12470762621213567
25.0,0.019800656380524355,0.34481555587512774,0.3104839877189578,0.06377351864743314,0.22091794894959083,0.35548575690770046,0.261705567618503,0.8960753246629656,0.8257739934327636,0.56,-0.708898001422964,0.7297816580296757,L,quintile,COST2_e50,False,dev_2021_2023,-0.19452721077298782,-0.1949106183018866,164.05555555555554,0.907658239350085,0.13294856363088,0.9362512135958447,0.6788009968455454,0.1137899937227731
18.0,-0.2574736440529366,-1.0380737388209673,0.9155526694837657,-0.28122209965060024,-0.9741819296120748,-0.9868781764367565,-2.6912525476240434,8.386317960943352,1.0,0.6111111111111112,-3.4031973983248585,0.5858623711979958,L,quintile,COST2_e50,False,hold_2024_2025,-0.09007573332206427,0.19095163601963433,150.58333333333334,0.907658239350085,0.13294856363088,0.9362512135958447,0.6788009968455454,0.1442507530259241
8.0,-0.14428037713942438,-1.2920590737925144,0.3304251798199986,-0.4366506729844926,-1.5126023015365684,-1.5951073862259162,-0.41830628216074794,0.6469623616034941,0.8941879949354659,0.25,-0.7470770968440299,0.30077480154148506,L,quintile,COST2_e50,False,ext_2026,-0.10409068065676068,0.0392571274070581,44.77777777777778,0.907658239350085,0.13294856363088,0.9362512135958447,0.6788009968455454,0.11485319241036937
24.0,-0.02438825003620811,-0.18436717254157695,0.6028184472321026,-0.040457040006305456,-0.14014729762953548,-0.17080471125789687,-1.6765254137774912,5.892367583179427,1.0,0.625,-2.1221017035149368,1.1110622847367024,L,quintile,COST2_e50,True,overlap_2014_2020,-0.09840381682140718,-0.02682617101185593,88.98795180722891,0.907658239350085,0.13294856363088,0.9362512135958447,0.6788009968455454,0.09806507919002383
37.0,-0.0965549616256589,-0.8879085212155898,0.6736136797048671,-0.1433387779000612,-0.49654009203547383,-0.5245077610225244,-3.5982463084461775,16.415429485359347,1.0,0.6216216216216216,-3.4031973983248585,0.7297816580296757,L,quintile,COST2_e50,True,post_2021_2026,-0.14640019294881085,-0.021991744900731015,143.81159420289856,0.907658239350085,0.13294856363088,0.9362512135958447,0.6788009968455454,0.11179248983976779
15.0,0.08699433083292105,1.0634560451846722,0.32915522750305615,0.26429575945930656,0.9155473672170432,1.589275655503693,-0.3270661637261457,2.059504539382286,0.708898001422964,0.7333333333333333,-0.708898001422964,0.7297816580296757,L,quintile,COST2_e50,True,dev_2021_2023,-0.19452721077298782,-0.1949106183018866,164.05555555555554,0.907658239350085,0.13294856363088,0.9362512135958447,0.6788009968455454,0.1126051336151789
14.0,-0.2659432518234143,-1.1514256631472333,1.0049436941159857,-0.26463497744254755,-0.9167224527806721,-0.9305568993490023,-2.768675685817276,8.029583541641635,1.0,0.7142857142857143,-3.4031973983248585,0.33126337558812763,L,quintile,COST2_e50,True,hold_2024_2025,-0.09007573332206427,0.19095163601963433,150.58333333333334,0.907658239350085,0.13294856363088,0.9362512135958447,0.6788009968455454,0.10917282718291213
8.0,-0.14428037713942438,-1.2920590737925144,0.3304251798199986,-0.4366506729844926,-1.5126023015365684,-1.5951073862259162,-0.41830628216074794,0.6469623616034941,0.8941879949354659,0.25,-0.7470770968440299,0.30077480154148506,L,quintile,COST2_e50,True,ext_2026,-0.10409068065676068,0.0392571274070581,44.77777777777778,0.907658239350085,0.13294856363088,0.9362512135958447,0.6788009968455454,0.11485319241036937
30.0,-0.09426678696277861,-0.7443869472573287,0.6217546311152214,-0.1516141291842013,-0.525206749784696,-0.5876517957256187,-2.298490420659183,9.116905778735209,1.0,0.43333333333333335,-2.625759395729515,1.0258844978414245,L,quintile,COST3_natural,False,overlap_2014_2020,-0.13060278248612617,0.03959858778137029,88.98795180722891,0.907658239350085,0.13294856363088,0.9362512135958447,0.6788009968455454,0.19353200302744605
51.0,-0.25824557344191085,-2.37163307656868,0.6427318522980607,-0.4017936446102129,-1.3918540132463233,-1.3321383958133968,-3.139206522976725,14.202679148162922,1.0,0.29411764705882354,-3.603061753112005,0.5379433085703316,L,quintile,COST3_natural,False,post_2021_2026,-0.18354108956181367,0.09450608609125596,143.81159420289856,0.907658239350085,0.13294856363088,0.9362512135958447,0.6788009968455454,0.27915413689806323
25.0,-0.13547939703282924,-2.008442676401736,0.37165404335734226,-0.3645309379900031,-1.2627722110588502,-1.3549179029313705,-0.6752604553452796,1.8849025291734023,1.0,0.2,-1.198264050975673,0.5379433085703316,L,quintile,COST3_natural,False,dev_2021_2023,-0.22526846722326452,-0.07218982461081704,164.05555555555554,0.907658239350085,0.13294856363088,0.9362512135958447,0.6788009968455454,0.2690700471361267
18.0,-0.4251762667643051,-1.5547566406723663,0.9569262692322322,-0.44431455216025734,-1.5391507577675554,-1.448775681436487,-2.4558616375598716,6.90196611925342,1.0,0.4444444444444444,-3.603061753112005,0.2556269069358371,L,quintile,COST3_natural,False,hold_2024_2025,-0.13505973753849213,0.31490878678734996,150.58333333333334,0.907658239350085,0.13294856363088,0.9362512135958447,0.6788009968455454,0.3119533757372926
8.0,-0.26629581474490366,-2.2406483642829516,0.3574201147567851,-0.7450498831777023,-2.5809285036740737,-2.2076822157009697,-0.5120553274897868,0.9016268298568901,0.9871082433892228,0.25,-0.9292308729894514,0.24273585566974878,L,quintile,COST3_natural,False,ext_2026,-0.14591518431153438,0.11952473046902232,44.77777777777778,0.907658239350085,0.13294856363088,0.9362512135958447,0.6788009968455454,0.23686863001584865
24.0,-0.13000025104513482,-0.8603923963913576,0.6834713521517309,-0.1902058522802207,-0.6588924000925656,-0.7286334921313758,-2.074406382228884,7.359844698576557,1.0,0.4166666666666667,-2.625759395729515,1.0258844978414245,L,quintile,COST3_natural,True,overlap_2014_2020,-0.13060278248612617,0.03959858778137029,88.98795180722891,0.907658239350085,0.13294856363088,0.9362512135958447,0.6788009968455454,0.20367708019895053
37.0,-0.23282531383338678,-1.9951325589420572,0.7163029384977557,-0.32503749645600016,-1.1259629164535623,-1.1103376930947815,-3.2364645595266244,13.515603365045902,1.0,0.35135135135135137,-3.603061753112005,0.5379433085703316,L,quintile,COST3_natural,True,post_2021_2026,-0.18354108956181367,0.09450608609125596,143.81159420289856,0.907658239350085,0.13294856363088,0.9362512135958447,0.6788009968455454,0.24806284204749568
15.0,-0.07274655459607147,-0.7307082917782253,0.4139217509184912,-0.17574953341941338,-0.6088142425778966,-0.7263668388923203,-1.170371396199205,3.229680274086709,1.0,0.26666666666666666,-1.198264050975673,0.5379433085703316,L,quintile,COST3_natural,True,dev_2021_2023,-0.22526846722326452,-0.07218982461081704,164.05555555555554,0.907658239350085,0.13294856363088,0.9362512135958447,0.6788009968455454,0.27234601904417144
14.0,-0.38521226963821487,-1.5234976702210268,1.054656709907739,-0.36524896302220755,-1.265259522732619,-1.2359256923320374,-2.5888474627169513,7.046591952909524,1.0,0.5,-3.603061753112005,0.2556269069358371,L,quintile,COST3_natural,True,hold_2024_2025,-0.13505973753849213,0.31490878678734996,150.58333333333334,0.907658239350085,0.13294856363088,0.9362512135958447,0.6788009968455454,0.22844184499771272
8.0,-0.26629581474490366,-2.2406483642829516,0.3574201147567851,-0.7450498831777023,-2.5809285036740737,-2.2076822157009697,-0.5120553274897868,0.9016268298568901,0.9871082433892228,0.25,-0.9292308729894514,0.24273585566974878,L,quintile,COST3_natural,True,ext_2026,-0.14591518431153438,0.11952473046902232,44.77777777777778,0.907658239350085,0.13294856363088,0.9362512135958447,0.6788009968455454,0.23686863001584865
30.0,-0.13181656038312678,-1.014914798992562,0.6435224227118653,-0.20483600218254885,-0.7095727259989281,-0.7703514195044303,-2.417953888279613,9.720900216644608,1.0,0.43333333333333335,-2.789472342701192,0.9963063647980217,L,quintile,COST4_nat_1tick,False,overlap_2014_2020,-0.14878551662151032,0.059912298333540524,88.98795180722891,0.907658239350085,0.13294856363088,0.9362512135958447,0.6788009968455454,0.23108177644779423
51.0,-0.2945151097768782,-2.6464834897867093,0.6536009049416832,-0.45060388923903955,-1.5609376605003107,-1.4604709516224315,-3.0991558937967234,13.813713506508279,1.0,0.2549019607843137,-3.6740838543849144,0.48942390728119395,L,quintile,COST4_nat_1tick,False,post_2021_2026,-0.19516935435414523,0.11942286728062104,143.81159420289856,0.907658239350085,0.13294856363088,0.9362512135958447,0.6788009968455454,0.3154236732330306
25.0,-0.16624447946626264,-2.4087569955130435,0.37643645927539404,-0.44162693429395267,-1.5298405763760163,-1.5545278578732373,-0.7544949109847833,2.0505403230846566,1.0,0.2,-1.2621765087535848,0.48942390728119395,L,quintile,COST4_nat_1tick,False,dev_2021_2023,-0.2373166575387152,-0.053179992938854816,164.05555555555554,0.907658239350085,0.13294856363088,0.9362512135958447,0.6788009968455454,0.2998351295695601
18.0,-0.4706938802633627,-1.692637367486513,0.9716779567104956,-0.4844134592255678,-1.678057446497756,-1.552465210080931,-2.4023273397452134,6.624204113095472,1.0,0.3333333333333333,-3.6740838543849144,0.23680829473306642,L,quintile,COST4_nat_1tick,False,hold_2024_2025,-0.14699587078351106,0.34871454431644916,150.58333333333334,0.907658239350085,0.13294856363088,0.9362512135958447,0.6788009968455454,0.3574709892363502
8.0,-0.2989585959029617,-2.4283179816879885,0.36604476600056035,-0.8167268696925011,-2.829224868428195,-2.315218103202241,-0.5604484973321134,1.0841471581486992,0.9979060055623454,0.25,-0.9858100765200523,0.223725760486951,L,quintile,COST4_nat_1tick,False,ext_2026,-0.15504276447088994,0.14290053213586973,44.77777777777778,0.907658239350085,0.13294856363088,0.9362512135958447,0.6788009968455454,0.26953141117390667
24.0,-0.1692611191361563,-1.0920757390922224,0.707478363330698,-0.23924564751252786,-0.8287712339628256,-0.8903907549028819,-2.186305903795493,7.870684860432654,1.0,0.4166666666666667,-2.789472342701192,0.9963063647980217,L,quintile,COST4_nat_1tick,True,overlap_2014_2020,-0.14878551662151032,0.059912298333540524,88.98795180722891,0.907658239350085,0.13294856363088,0.9362512135958447,0.6788009968455454,0.242937948289972
37.0,-0.26417232108694383,-2.2334493876728665,0.7272894153959906,-0.36322860678937385,-1.2582608034433063,-1.220147851490576,-3.2173311078398688,13.311582107433914,1.0,0.32432432432432434,-3.6740838543849144,0.48942390728119395,L,quintile,COST4_nat_1tick,True,post_2021_2026,-0.19516935435414523,0.11942286728062104,143.81159420289856,0.907658239350085,0.13294856363088,0.9362512135958447,0.6788009968455454,0.2794098493010527
15.0,-0.10427969509759975,-1.0416065154092862,0.42014136147277104,-0.2482014499406958,-0.8597950436190968,-0.9752330283696351,-1.2618987018671357,3.479563653661473,1.0,0.26666666666666666,-1.2621765087535848,0.48942390728119395,L,quintile,COST4_nat_1tick,True,dev_2021_2023,-0.2373166575387152,-0.053179992938854816,164.05555555555554,0.907658239350085,0.13294856363088,0.9362512135958447,0.6788009968455454,0.3038791595456997
14.0,-0.41560797760923085,-1.6168743583964094,1.0712605091219958,-0.3879616340472242,-1.3439385231144718,-1.3006301105545848,-2.568935076798335,6.928707896150738,1.0,0.42857142857142855,-3.6740838543849144,0.23680829473306642,L,quintile,COST4_nat_1tick,True,hold_2024_2025,-0.14699587078351106,0.34871454431644916,150.58333333333334,0.907658239350085,0.13294856363088,0.9362512135958447,0.6788009968455454,0.2588375529687287
8.0,-0.2989585959029617,-2.4283179816879885,0.36604476600056035,-0.8167268696925011,-2.829224868428195,-2.315218103202241,-0.5604484973321134,1.0841471581486992,0.9979060055623454,0.25,-0.9858100765200523,0.223725760486951,L,quintile,COST4_nat_1tick,True,ext_2026,-0.15504276447088994,0.14290053213586973,44.77777777777778,0.907658239350085,0.13294856363088,0.9362512135958447,0.6788009968455454,0.26953141117390667
83.0,0.015809785185401947,0.6129968942780518,0.2518704667808275,0.06276950762615333,0.21743995274915934,0.26865536768258097,-1.9883784730198424,6.457879551644942,1.0,0.6144578313253012,-1.1296693283562598,0.38271683482324315,L,K20,COST0_mid,False,overlap_2014_2020,-0.08528009564147485,-0.10108988082687678,20.0,0.9772627698152665,0.45571526546762836,1.1534361029947493,0.7101078195674833,0.0
69.0,0.07250612601543974,2.33673059627908,0.23999424947882578,0.3021160972518919,1.0465608604493937,2.2014818657309254,1.0456170893646315,4.0205653178063345,0.5978315985230324,0.6666666666666666,-0.5348515162347128,1.0627579519504144,L,K20,COST0_mid,False,post_2021_2026,-0.09904926512643125,-0.17155539114187102,20.0,0.9772627698152665,0.45571526546762836,1.1534361029947493,0.7101078195674833,0.0
36.0,0.09070694283569525,2.1438557055430785,0.20315823437243388,0.4464842053579251,1.5466666569138852,4.441334119640801,0.9654482400918007,1.042536549334101,0.47502070851678724,0.6388888888888888,-0.1979202471946438,0.6601961654523909,L,K20,COST0_mid,False,dev_2021_2023,-0.1293098913079025,-0.22001683414359777,20.0,0.9772627698152665,0.45571526546762836,1.1534361029947493,0.7101078195674833,0.0
24.0,0.08862102324768224,1.6566031543093587,0.29429267496955175,0.3011322767610549,1.0431528062980795,2.260828968599093,1.2540079198593745,5.019332121779412,0.5978315985230324,0.75,-0.5348515162347128,1.0627579519504144,L,K20,COST0_mid,False,hold_2024_2025,-0.06238759477152023,-0.15100861801920248,20.0,0.9772627698152665,0.45571526546762836,1.1534361029947493,0.7101078195674833,0.0
9.0,-0.0432702005515623,-1.3428681387199166,0.20653816947525566,-0.20950219836603273,-0.7257369037346842,-0.8568143707129919,-0.54925649038804,-0.6856398414662368,0.5302458916430786,0.5555555555555556,-0.3993367782166132,0.23406307998942347,L,K20,COST0_mid,False,ext_2026,-0.07577121468030906,-0.03250101412874678,20.0,0.9772627698152665,0.45571526546762836,1.1534361029947493,0.7101078195674833,0.0
66.0,-0.0063022197233760955,-0.21790188035858785,0.26650242673657554,-0.02364788869110572,-0.08191868940945717,-0.09674079521590191,-1.9630624418441767,5.781892416428563,1.0,0.5606060606060606,-1.1296693283562598,0.35620908782613825,L,K20,COST0_mid,True,overlap_2014_2020,-0.08528009564147485,-0.10108988082687678,20.0,0.9772627698152665,0.45571526546762836,1.1534361029947493,0.7101078195674833,0.0
61.0,0.08558432276637243,2.4551272065359635,0.24803415901249587,0.34505054911432875,1.1952901644911154,2.611260549626378,0.9796692917612793,3.7176386077046137,0.5978315985230324,0.6721311475409836,-0.5348515162347128,1.0627579519504144,L,K20,COST0_mid,True,post_2021_2026,-0.09904926512643125,-0.17155539114187102,20.0,0.9772627698152665,0.45571526546762836,1.1534361029947493,0.7101078195674833,0.0
30.0,0.10945690274975943,2.163536490501301,0.2123020739692948,0.5155715189366928,1.785992131467623,5.705145693154361,0.864245363910867,0.627957420100087,0.3962076800630697,0.6333333333333333,-0.1979202471946438,0.6601961654523909,L,K20,COST0_mid,True,dev_2021_2023,-0.1293098913079025,-0.22001683414359777,20.0,0.9772627698152665,0.45571526546762836,1.1534361029947493,0.7101078195674833,0.0
24.0,0.08862102324768224,1.6566031543093587,0.29429267496955175,0.3011322767610549,1.0431528062980795,2.260828968599093,1.2540079198593745,5.019332121779412,0.5978315985230324,0.75,-0.5348515162347128,1.0627579519504144,L,K20,COST0_mid,True,hold_2024_2025,-0.06238759477152023,-0.15100861801920248,20.0,0.9772627698152665,0.45571526546762836,1.1534361029947493,0.7101078195674833,0.0
7.0,-0.027138278812634163,-0.5122934860279895,0.21829359978876892,-0.12432008468821087,-0.4306574061624937,-0.5411062499970963,-0.7992241593369835,-0.012111234592612874,0.4902286236488398,0.5714285714285714,-0.3993367782166132,0.23406307998942347,L,K20,COST0_mid,True,ext_2026,-0.07577121468030906,-0.03250101412874678,20.0,0.9772627698152665,0.45571526546762836,1.1534361029947493,0.7101078195674833,0.0
83.0,-0.026713037217754986,-0.9890588782365984,0.2627459175323314,-0.10166870514541065,-0.35219072570318116,-0.3968697287825989,-2.2278057936678386,7.815941959665991,1.0,0.5421686746987951,-1.2901273962721453,0.34758910191322234,L,K20,COST1_e25,False,overlap_2014_2020,-0.10239449064412301,-0.075681453426368,20.0,0.9772627698152665,0.45571526546762836,1.1534361029947493,0.7101078195674833,0.04252282240315693
69.0,0.020668100315290164,0.6689440217651016,0.23350407544563534,0.08851280336690369,0.3066173451036615,0.5151717233058487,0.728186761082532,2.7602855795385564,0.817273444827977,0.5217391304347826,-0.6123565138952615,0.881889833547594,L,K20,COST1_e25,False,post_2021_2026,-0.11813621504525221,-0.13880431536054236,20.0,0.9772627698152665,0.45571526546762836,1.1534361029947493,0.7101078195674833,0.05183802570014957
36.0,0.04481250556845495,1.086428104093826,0.20146142004689213,0.2224371572384648,0.7705449156564166,1.6171015840705842,0.9219399125555575,1.0267514307579129,0.6060419374235151,0.5555555555555556,-0.25846010255275725,0.6261575401010047,L,K20,COST1_e25,False,dev_2021_2023,-0.14428078184901885,-0.1890932874174738,20.0,0.9772627698152665,0.45571526546762836,1.1534361029947493,0.7101078195674833,0.045894437267240296
24.0,0.028780415173058016,0.5322109702984749,0.27949010656669143,0.10297471895016966,0.35671489023363906,0.6249856005636274,0.8324450849514662,3.6847109367194535,0.8084411499129551,0.5416666666666666,-0.6123565138952615,0.881889833547594,L,K20,COST1_e25,False,hold_2024_2025,-0.08583275125862318,-0.1146131664316812,20.0,0.9772627698152665,0.45571526546762836,1.1534361029947493,0.7101078195674833,0.05984060807462423
9.0,-0.09754236031808322,-2.9353205585849667,0.20680307815652194,-0.47166783583490407,-1.6339053119242204,-1.6227639647584744,-0.5658808028206042,-0.7953592467251265,0.6906193424624679,0.3333333333333333,-0.4535950111986618,0.16768145694030856,L,K20,COST1_e25,False,ext_2026,-0.09970051792786294,-0.0021581576097797067,20.0,0.9772627698152665,0.45571526546762836,1.1534361029947493,0.7101078195674833,0.054272159766520923
66.0,-0.05064215961077632,-1.6548625523997904,0.2793743545887916,-0.18126989388598685,-0.6279373321862964,-0.6796292529406981,-2.167322461297961,6.8904680199100286,1.0,0.48484848484848486,-1.2901273962721453,0.3187599188517022,L,K20,COST1_e25,True,overlap_2014_2020,-0.10239449064412301,-0.075681453426368,20.0,0.9772627698152665,0.45571526546762836,1.1534361029947493,0.7101078195674833,0.044339939887400225
61.0,0.032249671188486075,0.9302374659258507,0.24139677904200088,0.1335961122450392,0.462790508204165,0.8080555993733324,0.667541735918271,2.5256763943673537,0.8084411499129551,0.5245901639344263,-0.6123565138952615,0.881889833547594,L,K20,COST1_e25,True,post_2021_2026,-0.11813621504525221,-0.13880431536054236,20.0,0.9772627698152665,0.45571526546762836,1.1534361029947493,0.7101078195674833,0.053334651577886354
30.0,0.06184180468853852,1.2591290892691627,0.21160932190765275,0.29224518150257367,1.0123670052592917,2.2895487692755703,0.8089688335611542,0.6150725178407868,0.5254702887747557,0.5666666666666667,-0.25846010255275725,0.6261575401010047,L,K20,COST1_e25,True,dev_2021_2023,-0.14428078184901885,-0.1890932874174738,20.0,0.9772627698152665,0.45571526546762836,1.1534361029947493,0.7101078195674833,0.04761509806122091
24.0,0.028780415173058016,0.5322109702984749,0.27949010656669143,0.10297471895016966,0.35671489023363906,0.6249856005636274,0.8324450849514662,3.6847109367194535,0.8084411499129551,0.5416666666666666,-0.6123565138952615,0.881889833547594,L,K20,COST1_e25,True,hold_2024_2025,-0.08583275125862318,-0.1146131664316812,20.0,0.9772627698152665,0.45571526546762836,1.1534361029947493,0.7101078195674833,0.05984060807462423
7.0,-0.08267916604455673,-1.5419510696373624,0.21683670624909782,-0.3812969098948427,-1.3208512414137594,-1.400924952988678,-0.8051343420572834,-0.07676797734518193,0.6140936727518935,0.2857142857142857,-0.4535950111986618,0.16768145694030856,L,K20,COST1_e25,True,ext_2026,-0.09970051792786294,-0.0021581576097797067,20.0,0.9772627698152665,0.45571526546762836,1.1534361029947493,0.7101078195674833,0.05554088723192257
83.0,-0.07045379406450604,-2.4775101481884234,0.2754282542528144,-0.255797264720114,-0.8861077178647666,-0.9200108385766542,-2.4483428224873975,9.179478930019709,1.0,0.43373493975903615,-1.4570185291180033,0.3245329879545357,L,K20,COST2_e50,False,overlap_2014_2020,-0.11870324320601648,-0.04824944914151047,20.0,0.9772627698152665,0.45571526546762836,1.1534361029947493,0.7101078195674833,0.08626357924990799
69.0,-0.03410899680347783,-1.0973493803683017,0.2289409698147569,-0.14898598896945556,-0.5161026050219867,-0.6948866871168441,0.4452868869866791,1.8859138198578291,0.9903085608724335,0.34782608695652173,-0.6945192980278727,0.6929003925379487,L,K20,COST2_e50,False,post_2021_2026,-0.13607587258643522,-0.10196687578295742,20.0,0.9772627698152665,0.45571526546762836,1.1534361029947493,0.7101078195674833,0.10661512281891757
36.0,-0.004286667526335297,-0.1066687728382196,0.20082419933829357,-0.021345373418440942,-0.07394254253453976,-0.11785225338560328,0.8862568734673697,1.0554936066389145,0.7129599016029151,0.4166666666666667,-0.3211689524065399,0.5909189055402874,L,K20,COST2_e50,False,dev_2021_2023,-0.1584703604336826,-0.1541836929073473,20.0,0.9772627698152665,0.45571526546762836,1.1534361029947493,0.7101078195674833,0.09499361036203055
24.0,-0.03426827134174987,-0.6122109166564871,0.2676777055349449,-0.1280206406180368,-0.4434765079359113,-0.6198838336305009,0.3934989216868672,2.547349490540894,0.935796420587645,0.2916666666666667,-0.6945192980278727,0.6929003925379487,L,K20,COST2_e50,False,hold_2024_2025,-0.10769162188553667,-0.07342335054378682,20.0,0.9772627698152665,0.45571526546762836,1.1534361029947493,0.7101078195674833,0.12288929458943211
9.0,-0.15297358180998916,-4.434227051778924,0.2077946729733404,-0.7361766286935341,-2.5501906484839383,-2.1567980307276917,-0.5685873518012967,-0.9032963139185242,0.8191605479222619,0.2222222222222222,-0.5094676961473439,0.10074695465487922,L,K20,COST2_e50,False,ext_2026,-0.12218925639984207,0.030784325410147098,20.0,0.9772627698152665,0.45571526546762836,1.1534361029947493,0.7101078195674833,0.10970338125842685
66.0,-0.09628472232740809,-2.9622165198850525,0.29405107076759357,-0.327442175524359,-1.134292969098152,-1.1361080750584553,-2.3556576635763533,7.990787222938866,1.0,0.4090909090909091,-1.4570185291180033,0.2859047953373286,L,K20,COST2_e50,True,overlap_2014_2020,-0.11870324320601648,-0.04824944914151047,20.0,0.9772627698152665,0.45571526546762836,1.1534361029947493,0.7101078195674833,0.089982502604032
61.0,-0.024107102638091273,-0.6924222118894429,0.2368275300678951,-0.10179180871066851,-0.3526171689624201,-0.49255149848719526,0.39254463444370924,1.7008391523051118,0.9797333118423269,0.36065573770491804,-0.6945192980278727,0.6929003925379487,L,K20,COST2_e50,True,post_2021_2026,-0.13607587258643522,-0.10196687578295742,20.0,0.9772627698152665,0.45571526546762836,1.1534361029947493,0.7101078195674833,0.1096914254044637
30.0,0.01094526222224109,0.23003696574309102,0.21208066281114563,0.05160895895533705,0.17877867807276115,0.30308220457221624,0.7652040671851603,0.6370010386465634,0.6359667435309122,0.43333333333333335,-0.3211689524065399,0.5909189055402874,L,K20,COST2_e50,True,dev_2021_2023,-0.1584703604336826,-0.1541836929073473,20.0,0.9772627698152665,0.45571526546762836,1.1534361029947493,0.7101078195674833,0.09851164052751835
24.0,-0.03426827134174987,-0.6122109166564871,0.2676777055349449,-0.1280206406180368,-0.4434765079359113,-0.6198838336305009,0.3934989216868672,2.547349490540894,0.935796420587645,0.2916666666666667,-0.6945192980278727,0.6929003925379487,L,K20,COST2_e50,True,hold_2024_2025,-0.10769162188553667,-0.07342335054378682,20.0,0.9772627698152665,0.45571526546762836,1.1534361029947493,0.7101078195674833,0.12288929458943211
7.0,-0.13949323076982903,-2.5555502708830287,0.21616037083890174,-0.6453228694439529,-2.2354639943261274,-2.0118637358436646,-0.7967080960099148,-0.15861613482656267,0.7162957502003018,0.2857142857142857,-0.5094676961473439,0.10074695465487922,L,K20,COST2_e50,True,ext_2026,-0.12218925639984207,0.030784325410147098,20.0,0.9772627698152665,0.45571526546762836,1.1534361029947493,0.7101078195674833,0.11235495195719486
83.0,-0.16349090975895053,-5.1116756753453325,0.30677900798578106,-0.5329273043562622,-1.8461143357715377,-1.6614758025760687,-2.8107949355792936,11.643933258578269,1.0,0.27710843373493976,-1.8139825548366366,0.27801919256422103,L,K20,COST3_natural,False,overlap_2014_2020,-0.14916901151224532,0.014321898246705208,20.0,0.9772627698152665,0.45571526546762836,1.1534361029947493,0.7101078195674833,0.17930069494435247
69.0,-0.16025864455430788,-4.863843923415056,0.2291248271298575,-0.6994381471523407,-2.4229248152393814,-2.124947985825951,0.08014354759552338,1.2908754003102434,0.9999997412752829,0.18840579710144928,-0.881547871918347,0.5154937764077521,L,K20,COST3_natural,False,post_2021_2026,-0.16903225631311442,-0.00877361175880654,20.0,0.9772627698152665,0.45571526546762836,1.1534361029947493,0.7101078195674833,0.23276477056974762
36.0,-0.12032817068285523,-3.1504125755131587,0.2056883710335256,-0.5850023026495876,-2.026507421467742,-1.976572717982627,0.8240573582591278,1.2209978444673855,0.9955714886400461,0.2222222222222222,-0.467065724998479,0.5154937764077521,L,K20,COST3_natural,False,dev_2021_2023,-0.1848502884357537,-0.06452211775289853,20.0,0.9772627698152665,0.45571526546762836,1.1534361029947493,0.7101078195674833,0.21103511351855048
24.0,-0.17857430407654054,-2.7109864540654294,0.260081551281758,-0.6866088855456071,-2.3784829493864708,-2.096426748072048,-0.28743955365862917,1.410234401530428,0.998627543885617,0.20833333333333334,-0.881547871918347,0.281114743010798,L,K20,COST3_natural,False,hold_2024_2025,-0.14741449874484056,0.031159805331699975,20.0,0.9772627698152665,0.45571526546762836,1.1534361029947493,0.7101078195674833,0.2671953273242228
9.0,-0.27113878131416463,-7.028930029595143,0.21131456339619695,-1.2831050399768347,-4.4448062413751455,-2.79153230512977,-0.5062371326160229,-1.0943509621478569,0.9508805450072799,0.0,-0.6279028976252272,-0.0373540179207074,L,K20,COST3_natural,False,ext_2026,-0.1634074813379538,0.10773129997621078,20.0,0.9772627698152665,0.45571526546762836,1.1534361029947493,0.7101078195674833,0.22786858076260233
66.0,-0.19350164600482644,-5.224370108560152,0.3293863049025412,-0.5874611151853435,-2.035024997944175,-1.7824234015705975,-2.667596647553162,9.965078485347846,1.0,0.24242424242424243,-1.8139825548366366,0.21802900582817858,L,K20,COST3_natural,True,overlap_2014_2020,-0.14916901151224532,0.014321898246705208,20.0,0.9772627698152665,0.45571526546762836,1.1534361029947493,0.7101078195674833,0.18719942628145034
61.0,-0.15407019971085062,-4.186437528041385,0.2378960132110216,-0.6476367452790613,-2.2434794953437547,-2.031288278243231,0.053146060937821954,1.1244151961016469,0.9999980849741703,0.21311475409836064,-0.881547871918347,0.5154937764077521,L,K20,COST3_natural,True,post_2021_2026,-0.16903225631311442,-0.00877361175880654,20.0,0.9772627698152665,0.45571526546762836,1.1534361029947493,0.7101078195674833,0.23965452247722305
30.0,-0.10939948203778996,-2.456207394077061,0.22000811179963184,-0.4972520383131302,-1.7225315890510549,-1.7787637037868973,0.6998835800725501,0.7449371801952274,0.9853603008657771,0.26666666666666666,-0.467065724998479,0.5154937764077521,L,K20,COST3_natural,True,dev_2021_2023,-0.1848502884357537,-0.06452211775289853,20.0,0.9772627698152665,0.45571526546762836,1.1534361029947493,0.7101078195674833,0.21885638478754937
24.0,-0.17857430407654054,-2.7109864540654294,0.260081551281758,-0.6866088855456071,-2.3784829493864708,-2.096426748072048,-0.28743955365862917,1.410234401530428,0.998627543885617,0.20833333333333334,-0.881547871918347,0.281114743010798,L,K20,COST3_natural,True,hold_2024_2025,-0.14741449874484056,0.031159805331699975,20.0,0.9772627698152665,0.45571526546762836,1.1534361029947493,0.7101078195674833,0.2671953273242228
7.0,-0.26150206048445895,-4.481590088220923,0.21645843354263297,-1.2080936566186244,-4.184959187130253,-2.74955615980517,-0.6988227125372343,-0.3581313960029222,0.8900194553010049,0.0,-0.6279028976252272,-0.0373540179207074,L,K20,COST3_natural,True,ext_2026,-0.1634074813379538,0.10773129997621078,20.0,0.9772627698152665,0.45571526546762836,1.1534361029947493,0.7101078195674833,0.23436378167182478
83.0,-0.20884391701982516,-6.523508979445406,0.31512952165002384,-0.6627240631925395,-2.2957434976959314,-1.935633040948894,-2.8302705152992207,11.687525764972136,1.0,0.1686746987951807,-1.907870915489441,0.24711374766093647,L,K20,COST4_nat_1tick,False,overlap_2014_2020,-0.1662432931441561,0.042600623875669055,20.0,0.9772627698152665,0.45571526546762836,1.1534361029947493,0.7101078195674833,0.2246537022052271
69.0,-0.19174762490260355,-5.724240718388646,0.22974143776623787,-0.834623595843023,-2.8912209463918965,-2.3227918268221526,0.04218623468710008,1.2770251897409848,0.9999999885871513,0.17391304347826086,-0.9205497072488489,0.48694603215429344,L,K20,COST4_nat_1tick,False,post_2021_2026,-0.18011985910717346,0.011627765795430109,20.0,0.9772627698152665,0.45571526546762836,1.1534361029947493,0.7101078195674833,0.26425375091804326
36.0,-0.1493949987941387,-3.931309262773363,0.20661772601876918,-0.7230502516544376,-2.504719544581897,-2.213598585643245,0.80903747333366,1.1925919465485038,0.9987405578725068,0.19444444444444445,-0.4982925330770966,0.48694603215429344,L,K20,COST4_nat_1tick,False,dev_2021_2023,-0.1966160907604507,-0.047221091966312,20.0,0.9772627698152665,0.45571526546762836,1.1534361029947493,0.7101078195674833,0.24010194162983395
24.0,-0.2139708719953546,-3.1541611077474325,0.2591078773477778,-0.8257984056121932,-2.860649590659381,-2.301487006153288,-0.3552640408649946,1.40086591453429,0.9996111606522545,0.20833333333333334,-0.9205497072488489,0.25498281778606935,L,K20,COST4_nat_1tick,False,hold_2024_2025,-0.1582935496875706,0.055677322307784015,20.0,0.9772627698152665,0.45571526546762836,1.1534361029947493,0.7101078195674833,0.30259189524303687
9.0,-0.301896137089127,-7.429979802020781,0.2136484322669936,-1.4130510291404874,-4.894952352317628,-2.8815771126772205,-0.4696126574959762,-1.1429420759775613,0.9666437690955433,0.0,-0.6608742580375009,-0.0656664561382012,L,K20,COST4_nat_1tick,False,ext_2026,-0.1723384242796722,0.1295577128094548,20.0,0.9772627698152665,0.45571526546762836,1.1534361029947493,0.7101078195674833,0.2586259365375647
66.0,-0.23799383780513203,-6.376147456867865,0.33970504889189784,-0.7005896396931895,-2.4269137024099554,-2.007134355057939,-2.662778759858807,9.855527433853382,1.0,0.16666666666666666,-1.907870915489441,0.1749349054388972,L,K20,COST4_nat_1tick,True,overlap_2014_2020,-0.1662432931441561,0.042600623875669055,20.0,0.9772627698152665,0.45571526546762836,1.1534361029947493,0.7101078195674833,0.23169161808175592
61.0,-0.18618152063200988,-4.9794203410485,0.23878167722934107,-0.7797144353466842,-2.701010034830671,-2.241117074878343,0.01927285691226354,1.102711954856363,0.9999998877563135,0.19672131147540983,-0.9205497072488489,0.48694603215429344,L,K20,COST4_nat_1tick,True,post_2021_2026,-0.18011985910717346,0.011627765795430109,20.0,0.9772627698152665,0.45571526546762836,1.1534361029947493,0.7101078195674833,0.2717658433983823
30.0,-0.13903247656409828,-3.154560935968865,0.22143175189050207,-0.6278795853670064,-2.17503868578187,-2.0401720148030984,0.6848966932789424,0.7043917100570289,0.9949423976149615,0.23333333333333334,-0.4982925330770966,0.48694603215429344,L,K20,COST4_nat_1tick,True,dev_2021_2023,-0.1966160907604507,-0.047221091966312,20.0,0.9772627698152665,0.45571526546762836,1.1534361029947493,0.7101078195674833,0.24848937931385773
24.0,-0.2139708719953546,-3.1541611077474325,0.2591078773477778,-0.8257984056121932,-2.860649590659381,-2.301487006153288,-0.3552640408649946,1.40086591453429,0.9996111606522545,0.20833333333333334,-0.9205497072488489,0.25498281778606935,L,K20,COST4_nat_1tick,True,hold_2024_2025,-0.1582935496875706,0.055677322307784015,20.0,0.9772627698152665,0.45571526546762836,1.1534361029947493,0.7101078195674833,0.30259189524303687
7.0,-0.2929710762487349,-4.787568551956715,0.2197996264143931,-1.332900701552559,-4.617303473066465,-2.8451143906751812,-0.6455878244935837,-0.5010943746417018,0.9183082180587749,0.0,-0.6608742580375009,-0.0656664561382012,L,K20,COST4_nat_1tick,True,ext_2026,-0.1723384242796722,0.1295577128094548,20.0,0.9772627698152665,0.45571526546762836,1.1534361029947493,0.7101078195674833,0.2658327974361008
83.0,0.034849630837021736,0.8028370847966375,0.3726311197094393,0.09352313586743878,0.3239736460111423,0.4262958410460912,-1.695223064908205,7.654997613884805,1.0,0.5903614457831325,-1.8685564918395585,0.9536570060909816,L,K10,COST0_mid,False,overlap_2014_2020,-0.07405943927155706,-0.10890907010857878,10.0,0.9873129859515676,0.38359047940180796,1.4383738778515618,0.9090581178985093,0.0
69.0,0.07865173839029371,2.17323343729688,0.29295572547676896,0.2684765360441153,0.9300300021370094,2.118927945052029,1.3826897665531164,3.815140915647966,0.7262330275611892,0.5942028985507246,-0.5184720058659921,1.2636381035090283,L,K10,COST0_mid,False,post_2021_2026,-0.11556048178757033,-0.19421222017786408,10.0,0.9873129859515676,0.38359047940180796,1.4383738778515618,0.9090581178985093,0.0
36.0,0.1060460532131893,2.3904568561838726,0.2509389038907673,0.42259710060481787,1.4639192987576817,4.302281140556141,1.3103103239399334,2.7459515189212693,0.5940863773979449,0.6388888888888888,-0.25973894459363267,0.9582267078491236,L,K10,COST0_mid,False,dev_2021_2023,-0.14127564006516727,-0.2473216932783566,10.0,0.9873129859515676,0.38359047940180796,1.4383738778515618,0.9090581178985093,0.0
24.0,0.08841641517499106,1.2468054566312896,0.36538557522341886,0.24198113218051345,0.8382472308193791,2.0003970924484897,1.489179809197825,3.7295907236701695,0.6962045200781042,0.5416666666666666,-0.5184720058659921,1.2636381035090283,L,K10,COST0_mid,False,hold_2024_2025,-0.07019273945238179,-0.15860915462737285,10.0,0.9873129859515676,0.38359047940180796,1.4383738778515618,0.9090581178985093,0.0
9.0,-0.05696465899381488,-1.1137740989118403,0.21404532178093927,-0.2661336324468437,-0.9219139460015887,-1.0535900681679968,-0.3415485548574076,-1.8810551027960791,0.6488857014501944,0.5555555555555556,-0.36237045503941856,0.17834530998562673,L,K10,COST0_mid,False,ext_2026,-0.13368049490435205,-0.07671583591053716,10.0,0.9873129859515676,0.38359047940180796,1.4383738778515618,0.9090581178985093,0.0
66.0,0.02322599084505503,0.44231383832066945,0.40099477060643895,0.05792093201098239,0.20064399412952816,0.2609943417506011,-1.617666772986294,6.850913859239882,1.0,0.5454545454545454,-1.8685564918395585,0.9536570060909816,L,K10,COST0_mid,True,overlap_2014_2020,-0.07405943927155706,-0.10890907010857878,10.0,0.9873129859515676,0.38359047940180796,1.4383738778515618,0.9090581178985093,0.0
63.0,0.08371178050947832,2.0764614755361235,0.30522570885065137,0.2742618923704063,0.9500710643310615,2.162491969132681,1.296255273381374,3.2799726002153955,0.7262330275611892,0.6031746031746031,-0.5184720058659921,1.2636381035090283,L,K10,COST0_mid,True,post_2021_2026,-0.11556048178757033,-0.19421222017786408,10.0,0.9873129859515676,0.38359047940180796,1.4383738778515618,0.9090581178985093,0.0
30.0,0.12215100462805605,2.2532281243316046,0.2701179098483966,0.4522136451322801,1.5665140184900628,4.593787945301708,1.1110817167173965,1.9261904844706836,0.555116679681654,0.6666666666666666,-0.25973894459363267,0.9582267078491236,L,K10,COST0_mid,True,dev_2021_2023,-0.14127564006516727,-0.2473216932783566,10.0,0.9873129859515676,0.38359047940180796,1.4383738778515618,0.9090581178985093,0.0
24.0,0.08841641517499106,1.2468054566312896,0.36538557522341886,0.24198113218051345,0.8382472308193791,2.0003970924484897,1.489179809197825,3.7295907236701695,0.6962045200781042,0.5416666666666666,-0.5184720058659921,1.2636381035090283,L,K10,COST0_mid,True,hold_2024_2025,-0.07019273945238179,-0.15860915462737285,10.0,0.9873129859515676,0.38359047940180796,1.4383738778515618,0.9090581178985093,0.0
9.0,-0.05696465899381488,-1.1137740989118403,0.21404532178093927,-0.2661336324468437,-0.9219139460015887,-1.0535900681679968,-0.3415485548574076,-1.8810551027960791,0.6488857014501944,0.5555555555555556,-0.36237045503941856,0.17834530998562673,L,K10,COST0_mid,True,ext_2026,-0.13368049490435205,-0.07671583591053716,10.0,0.9873129859515676,0.38359047940180796,1.4383738778515618,0.9090581178985093,0.0
83.0,-0.009792159530756626,-0.21955097204839893,0.38165209196488487,-0.02565729295585149,-0.08887946996842767,-0.10799918675381812,-1.9613761994246584,9.103721493800297,1.0,0.5662650602409639,-2.041522130102055,0.8741429296522604,L,K10,COST1_e25,False,overlap_2014_2020,-0.091833654362919,-0.08204149483216237,10.0,0.9873129859515676,0.38359047940180796,1.4383738778515618,0.9090581178985093,0.044641790367778364
69.0,0.026351293166046452,0.7320684713269263,0.2849292229800111,0.09248364520298817,0.32037274472149835,0.5833081920356379,1.1282870470229132,2.5681907277873366,0.9080412483156103,0.5072463768115942,-0.5809200472459333,1.0396381912828234,L,K10,COST1_e25,False,post_2021_2026,-0.1344929371448574,-0.1608442303109039,10.0,0.9873129859515676,0.38359047940180796,1.4383738778515618,0.9090581178985093,0.05230044522424726
36.0,0.059439067440611434,1.3583475601523314,0.2518967649187594,0.23596598177742162,0.8174101385927321,1.8722487409642807,1.328788622329966,2.878062297780983,0.7027646714836508,0.5277777777777778,-0.30423788939435875,0.924464625895099,L,K10,COST1_e25,False,dev_2021_2023,-0.15582650451505983,-0.21526557195567123,10.0,0.9873129859515676,0.38359047940180796,1.4383738778515618,0.9090581178985093,0.046606985772577866
24.0,0.027219832899602694,0.3866644854723067,0.3435599088704917,0.0792287813473122,0.2744565494306202,0.5156229804454726,1.1616137195723903,2.314424706685529,0.8820932561495917,0.5,-0.5809200472459333,1.0396381912828234,L,K10,COST1_e25,False,hold_2024_2025,-0.09468587922221101,-0.12190571212181374,10.0,0.9873129859515676,0.38359047940180796,1.4383738778515618,0.9090581178985093,0.061196582275388364
9.0,-0.10831590988836345,-2.034821114245384,0.218609535086099,-0.4954766032767208,-1.7163813016738567,-1.674678741479722,-0.37309969030936596,-1.8313926415950474,0.7682803153405311,0.4444444444444444,-0.4054869209480533,0.1413258122409193,L,K10,COST1_e25,False,ext_2026,-0.15531082212443825,-0.0469949122360748,10.0,0.9873129859515676,0.38359047940180796,1.4383738778515618,0.9090581178985093,0.051351250894548575
66.0,-0.023864298084790767,-0.4404254254209211,0.4116077571025574,-0.057978251558666975,-0.20084255486724129,-0.24139023672553647,-1.867069188982469,8.07595574278955,1.0,0.5151515151515151,-2.041522130102055,0.8741429296522604,L,K10,COST1_e25,True,overlap_2014_2020,-0.091833654362919,-0.08204149483216237,10.0,0.9873129859515676,0.38359047940180796,1.4383738778515618,0.9090581178985093,0.0470902889298458
63.0,0.02999503406865309,0.750650313118591,0.2969004358927131,0.10102724833820045,0.3499686541412832,0.6387778659828898,1.0607787506861068,2.143427655482183,0.9080412483156103,0.5238095238095238,-0.5809200472459333,1.0396381912828234,L,K10,COST1_e25,True,post_2021_2026,-0.1344929371448574,-0.1608442303109039,10.0,0.9873129859515676,0.38359047940180796,1.4383738778515618,0.9090581178985093,0.05371674644082523
30.0,0.07370847819099836,1.3892039417102728,0.2715550577142445,0.27143106378287857,0.9402647864488285,2.1773747004787127,1.1436021368822071,2.0498266029152803,0.656203767405049,0.5666666666666667,-0.30423788939435875,0.924464625895099,L,K10,COST1_e25,True,dev_2021_2023,-0.15582650451505983,-0.21526557195567123,10.0,0.9873129859515676,0.38359047940180796,1.4383738778515618,0.9090581178985093,0.04844252643705768
24.0,0.027219832899602694,0.3866644854723067,0.3435599088704917,0.0792287813473122,0.2744565494306202,0.5156229804454726,1.1616137195723903,2.314424706685529,0.8820932561495917,0.5,-0.5809200472459333,1.0396381912828234,L,K10,COST1_e25,True,hold_2024_2025,-0.09468587922221101,-0.12190571212181374,10.0,0.9873129859515676,0.38359047940180796,1.4383738778515618,0.9090581178985093,0.061196582275388364
9.0,-0.10831590988836345,-2.034821114245384,0.218609535086099,-0.4954766032767208,-1.7163813016738567,-1.674678741479722,-0.37309969030936596,-1.8313926415950474,0.7682803153405311,0.4444444444444444,-0.4054869209480533,0.1413258122409193,L,K10,COST1_e25,True,ext_2026,-0.15531082212443825,-0.0469949122360748,10.0,0.9873129859515676,0.38359047940180796,1.4383738778515618,0.9090581178985093,0.051351250894548575
83.0,-0.05577716077335067,-1.2137586023638514,0.392181717254427,-0.14222274603679538,-0.4926740442553895,-0.5566541228199469,-2.2176394425881525,10.615574618935124,1.0,0.5060240963855421,-2.2209996597316914,0.7916499599581106,L,K10,COST2_e50,False,overlap_2014_2020,-0.10874133188142474,-0.052964171108074054,10.0,0.9873129859515676,0.38359047940180796,1.4383738778515618,0.9090581178985093,0.0906267916103724
69.0,-0.029261089254898225,-0.8089182209427612,0.279424094212422,-0.10471927747452425,-0.36275821823555815,-0.5345967232600973,0.9306618036240077,1.7824741370187374,0.9927253432765404,0.4057971014492754,-0.6448155395839947,0.8895840042907228,L,K10,COST2_e50,False,post_2021_2026,-0.1522989534204624,-0.12303786416556418,10.0,0.9873129859515676,0.38359047940180796,1.4383738778515618,0.9090581178985093,0.10791282764519194
36.0,0.008988890675704575,0.20773077750194488,0.25469023869182733,0.03529342436472818,0.12226000834559707,0.22021436121377774,1.3452851368623602,2.9499756873693306,0.7981138185329868,0.4722222222222222,-0.3608336047800897,0.8895840042907228,L,K10,COST2_e50,False,dev_2021_2023,-0.1696665554283027,-0.17865544610400727,10.0,0.9873129859515676,0.38359047940180796,1.4383738778515618,0.9090581178985093,0.09705716253748473
24.0,-0.037250810976213466,-0.5231269757659641,0.32480594996419376,-0.11468635651631368,-0.3972851928424265,-0.5926586621850994,0.8454816858669539,1.0967068737657777,0.9637740487997241,0.3333333333333333,-0.6448155395839947,0.805600979311172,L,K10,COST2_e50,False,hold_2024_2025,-0.11748852728093755,-0.08023771630472405,10.0,0.9873129859515676,0.38359047940180796,1.4383738778515618,0.9090581178985093,0.12566722615120451
9.0,-0.16095508438713546,-2.8943944366809755,0.22421421074396566,-0.717862992952454,-2.4867503533342186,-2.1191132914235156,-0.42427037292540876,-1.6606584787666252,0.8544405111741058,0.3333333333333333,-0.48493243834064337,0.10388239070417803,L,K10,COST2_e50,False,ext_2026,-0.1756563484278342,-0.01470126404069875,10.0,0.9873129859515676,0.38359047940180796,1.4383738778515618,0.9090581178985093,0.10399042539332058
66.0,-0.07242745267804857,-1.292612877985875,0.423770492700338,-0.17091197694423804,-0.5920564553789216,-0.6620028365599194,-2.105174309718808,9.34230518536513,1.0,0.48484848484848486,-2.2209996597316914,0.7916499599581106,L,K10,COST2_e50,True,overlap_2014_2020,-0.10874133188142474,-0.052964171108074054,10.0,0.9873129859515676,0.38359047940180796,1.4383738778515618,0.9090581178985093,0.09565344352310359
63.0,-0.027083131638595628,-0.6782058525990229,0.2911030748411466,-0.09303622661277194,-0.3222869428756254,-0.47800271905286384,0.8829068274835163,1.4374784553794395,0.9896818650051873,0.42857142857142855,-0.6448155395839947,0.8895840042907228,L,K10,COST2_e50,True,post_2021_2026,-0.1522989534204624,-0.12303786416556418,10.0,0.9873129859515676,0.38359047940180796,1.4383738778515618,0.9090581178985093,0.11079491214807395
30.0,0.021212597656060594,0.40875228695627497,0.2749006285873832,0.07716460222395492,0.2673060231954646,0.49314010774393413,1.1785056984940299,2.1297937345064253,0.7516600715955579,0.5333333333333333,-0.3608336047800897,0.8895840042907228,L,K10,COST2_e50,True,dev_2021_2023,-0.1696665554283027,-0.17865544610400727,10.0,0.9873129859515676,0.38359047940180796,1.4383738778515618,0.9090581178985093,0.10093840697199545
24.0,-0.037250810976213466,-0.5231269757659641,0.32480594996419376,-0.11468635651631368,-0.3972851928424265,-0.5926586621850994,0.8454816858669539,1.0967068737657777,0.9637740487997241,0.3333333333333333,-0.6448155395839947,0.805600979311172,L,K10,COST2_e50,True,hold_2024_2025,-0.11748852728093755,-0.08023771630472405,10.0,0.9873129859515676,0.38359047940180796,1.4383738778515618,0.9090581178985093,0.12566722615120451
9.0,-0.16095508438713546,-2.8943944366809755,0.22421421074396566,-0.717862992952454,-2.4867503533342186,-2.1191132914235156,-0.42427037292540876,-1.6606584787666252,0.8544405111741058,0.3333333333333333,-0.48493243834064337,0.10388239070417803,L,K10,COST2_e50,True,ext_2026,-0.1756563484278342,-0.01470126404069875,10.0,0.9873129859515676,0.38359047940180796,1.4383738778515618,0.9090581178985093,0.10399042539332058
83.0,-0.1537976768850644,-3.1250140951207,0.4182580680582668,-0.36771000640599505,-1.2737848270933214,-1.2632005122589436,-2.678998487148926,13.618466594469574,1.0,0.3493975903614458,-2.6030920886703663,0.6139585864480358,L,K10,COST3_natural,False,overlap_2014_2020,-0.14025595137199556,0.013541725513068847,10.0,0.9873129859515676,0.38359047940180796,1.4383738778515618,0.9090581178985093,0.18864730772208615
69.0,-0.1591612221567211,-4.147312263107257,0.28125693254910883,-0.5658926189452442,-1.9603095352827544,-1.9355156691126314,0.7567848418392907,1.3288437401790674,0.9999998631095905,0.21739130434782608,-0.7797718735338026,0.8149176459154901,L,K10,COST3_natural,False,post_2021_2026,-0.1850299970422311,-0.025868774885510048,10.0,0.9873129859515676,0.38359047940180796,1.4383738778515618,0.9090581178985093,0.2378129605470148
36.0,-0.11372681374540644,-2.608754741475323,0.2719886492768477,-0.4181307346750633,-1.4484473533266227,-1.662743638120607,1.281440687309699,2.6435741832314017,0.9966742792669072,0.2777777777777778,-0.4869945076885899,0.8149176459154901,L,K10,COST3_natural,False,dev_2021_2023,-0.19549287464581735,-0.0817660609004109,10.0,0.9873129859515676,0.38359047940180796,1.4383738778515618,0.9090581178985093,0.21977286695859574
24.0,-0.184568124477319,-2.328057651936757,0.30417996966480204,-0.6067727756061913,-2.1019225519990252,-2.0002227243024366,0.4743050238955577,-0.02815567735194957,0.9992176614534974,0.16666666666666666,-0.7797718735338026,0.4259418182077991,L,K10,COST3_natural,False,hold_2024_2025,-0.15884796668576914,0.025720157791549864,10.0,0.9873129859515676,0.38359047940180796,1.4383738778515618,0.9090581178985093,0.27298453965231007
9.0,-0.2731471162803853,-4.418751368065331,0.23851637940810444,-1.145192279700956,-3.9670624257553686,-2.6752315622578235,-0.5532371426442403,-0.9962448764817866,0.9592860797678994,0.1111111111111111,-0.6730196509744744,0.02681611606996684,L,K10,COST3_natural,False,ext_2026,-0.21299723424511835,0.06014988203526696,10.0,0.9873129859515676,0.38359047940180796,1.4383738778515618,0.9090581178985093,0.21618245728657043
66.0,-0.17619785372152139,-2.921231730456896,0.4532234338469485,-0.388765982875066,-1.3467248691881326,-1.3230929833459262,-2.5296498223510486,11.829695344857413,1.0,0.36363636363636365,-2.6030920886703663,0.6139585864480358,L,K10,COST3_natural,True,overlap_2014_2020,-0.14025595137199556,0.013541725513068847,10.0,0.9873129859515676,0.38359047940180796,1.4383738778515618,0.9090581178985093,0.1994238445665764
63.0,-0.16047616012973023,-3.8604223527891506,0.2924851805269265,-0.5486642428878773,-1.9006286899562288,-1.898740204265029,0.7505770773787446,1.0820867841785642,0.9999996305636707,0.2222222222222222,-0.7797718735338026,0.8149176459154901,L,K10,COST3_natural,True,post_2021_2026,-0.1850299970422311,-0.025868774885510048,10.0,0.9873129859515676,0.38359047940180796,1.4383738778515618,0.9090581178985093,0.24418794063920857
30.0,-0.10740130180646273,-2.133992048236296,0.2940826181060781,-0.3652079218354965,-1.2651173518914463,-1.5096129851888231,1.1762283052823213,1.9467187217807207,0.9910246301058656,0.3,-0.4869945076885899,0.8149176459154901,L,K10,COST3_natural,True,dev_2021_2023,-0.19549287464581735,-0.0817660609004109,10.0,0.9873129859515676,0.38359047940180796,1.4383738778515618,0.9090581178985093,0.2295523064345188
24.0,-0.184568124477319,-2.328057651936757,0.30417996966480204,-0.6067727756061913,-2.1019225519990252,-2.0002227243024366,0.4743050238955577,-0.02815567735194957,0.9992176614534974,0.16666666666666666,-0.7797718735338026,0.4259418182077991,L,K10,COST3_natural,True,hold_2024_2025,-0.15884796668576914,0.025720157791549864,10.0,0.9873129859515676,0.38359047940180796,1.4383738778515618,0.9090581178985093,0.27298453965231007
9.0,-0.2731471162803853,-4.418751368065331,0.23851637940810444,-1.145192279700956,-3.9670624257553686,-2.6752315622578235,-0.5532371426442403,-0.9962448764817866,0.9592860797678994,0.1111111111111111,-0.6730196509744744,0.02681611606996684,L,K10,COST3_natural,True,ext_2026,-0.21299723424511835,0.06014988203526696,10.0,0.9873129859515676,0.38359047940180796,1.4383738778515618,0.9090581178985093,0.21618245728657043
83.0,-0.19841061847121846,-4.027001241997315,0.42374619165325356,-0.46822985640794973,-1.6219958018384975,-1.523956155878387,-2.7583091973279776,14.1260573484021,1.0,0.3132530120481928,-2.7039565987538348,0.4839246254542041,L,K10,COST4_nat_1tick,False,overlap_2014_2020,-0.1568775645456553,0.04153305392556318,10.0,0.9873129859515676,0.38359047940180796,1.4383738778515618,0.9090581178985093,0.2332602493082402
69.0,-0.1908130031228076,-4.907656196125022,0.28225510532913894,-0.6760302985496036,-2.3418376490877404,-2.1334590862016256,0.7303062321625364,1.301411438967281,0.9999999933724988,0.18840579710144928,-0.8097217619871848,0.7826383525102434,L,K10,COST4_nat_1tick,False,post_2021_2026,-0.19577666153672224,-0.004963658413914672,10.0,0.9873129859515676,0.38359047940180796,1.4383738778515618,0.9090581178985093,0.2694647415131013
36.0,-0.1432342065120239,-3.302638738175444,0.27307957836345276,-0.5245145293193167,-1.8169716281782642,-1.9087947770680405,1.263021047659383,2.52729057846652,0.9991023678863201,0.25,-0.5151899026536987,0.7826383525102434,L,K10,COST4_nat_1tick,False,dev_2021_2023,-0.207269224878956,-0.06403501836693212,10.0,0.9873129859515676,0.38359047940180796,1.4383738778515618,0.9090581178985093,0.2492802597252132
24.0,-0.22006320700884865,-2.7159399847855488,0.30346011908033443,-0.7251799929287964,-2.512097184770229,-2.196806666968486,0.4621825987251988,-0.012590778035893813,0.999738809172272,0.16666666666666666,-0.8097217619871848,0.40081171255750014,L,K10,COST4_nat_1tick,False,hold_2024_2025,-0.16865747255867336,0.051405734450175294,10.0,0.9873129859515676,0.38359047940180796,1.4383738778515618,0.9090581178985093,0.30847962218383973
9.0,-0.3031276458698329,-4.730137718164903,0.24336175406667787,-1.2455845703132955,-4.314831521812953,-2.7620785226361475,-0.6215489601396881,-0.7813059275051621,0.973036537120714,0.0,-0.7264391202616274,-0.0019114068194202305,L,K10,COST4_nat_1tick,False,ext_2026,-0.2221242454425843,0.08100340042724861,10.0,0.9873129859515676,0.38359047940180796,1.4383738778515618,0.9090581178985093,0.246162986876018
66.0,-0.22045988443316536,-3.6561170607406495,0.4597676537695155,-0.47950281544530604,-1.6610464774471851,-1.5518806692934022,-2.601338745182069,12.222352898540937,1.0,0.3484848484848485,-2.7039565987538348,0.4839246254542041,L,K10,COST4_nat_1tick,True,overlap_2014_2020,-0.1568775645456553,0.04153305392556318,10.0,0.9873129859515676,0.38359047940180796,1.4383738778515618,0.9090581178985093,0.2436858752782204
63.0,-0.19270317413205446,-4.582503200933277,0.29340771521118597,-0.6567760973611501,-2.275139139652631,-2.0991709920172337,0.7306832983391346,1.0678224670623395,0.9999999784059875,0.19047619047619047,-0.8097217619871848,0.7826383525102434,L,K10,COST4_nat_1tick,True,post_2021_2026,-0.19577666153672224,-0.004963658413914672,10.0,0.9873129859515676,0.38359047940180796,1.4383738778515618,0.9090581178985093,0.27641495464153276
30.0,-0.1376878063092855,-2.7586532617880586,0.29519884295125004,-0.466423936261917,-1.6157399109438157,-1.7693165842962508,1.1672502469286026,1.861012531834222,0.9970752960151499,0.26666666666666666,-0.5151899026536987,0.7826383525102434,L,K10,COST4_nat_1tick,True,dev_2021_2023,-0.207269224878956,-0.06403501836693212,10.0,0.9873129859515676,0.38359047940180796,1.4383738778515618,0.9090581178985093,0.25983881093734157
24.0,-0.22006320700884865,-2.7159399847855488,0.30346011908033443,-0.7251799929287964,-2.512097184770229,-2.196806666968486,0.4621825987251988,-0.012590778035893813,0.999738809172272,0.16666666666666666,-0.8097217619871848,0.40081171255750014,L,K10,COST4_nat_1tick,True,hold_2024_2025,-0.16865747255867336,0.051405734450175294,10.0,0.9873129859515676,0.38359047940180796,1.4383738778515618,0.9090581178985093,0.30847962218383973
9.0,-0.3031276458698329,-4.730137718164903,0.24336175406667787,-1.2455845703132955,-4.314831521812953,-2.7620785226361475,-0.6215489601396881,-0.7813059275051621,0.973036537120714,0.0,-0.7264391202616274,-0.0019114068194202305,L,K10,COST4_nat_1tick,True,ext_2026,-0.2221242454425843,0.08100340042724861,10.0,0.9873129859515676,0.38359047940180796,1.4383738778515618,0.9090581178985093,0.246162986876018
83.0,0.0520267880499524,0.8602680062488365,0.524202388468877,0.09924942959896746,0.343810109375284,0.463815286855308,-1.2942325151163963,5.024285109453861,1.0,0.6024096385542169,-2.2143001096256762,1.363735338249544,L,K5,COST0_mid,False,overlap_2014_2020,-0.06666534841689568,-0.11869213646684812,5.0,0.9926224637112255,0.320904828942569,1.7348261505431604,1.1084682509334285,0.0
69.0,0.1027110031385416,2.1390148950751033,0.40735544706072124,0.2521409837026956,0.87344198888693,1.9879031075003393,1.5630114084242277,5.231253223692158,0.954307810125486,0.5652173913043478,-0.6191756989438695,1.9356437551323886,L,K5,COST0_mid,False,post_2021_2026,-0.11197460969653036,-0.21468561283507195,5.0,0.9926224637112255,0.320904828942569,1.7348261505431604,1.1084682509334285,0.0
36.0,0.1600434083592385,3.679438055148083,0.29214933274640453,0.5478137049115275,1.8976823399786196,6.844325261884325,1.0539584279589775,1.3956441015258383,0.4130393219326963,0.6111111111111112,-0.28464810229623483,1.0593037530147718,L,K5,COST0_mid,False,dev_2021_2023,-0.1360458780664878,-0.2960892864257263,5.0,0.9926224637112255,0.320904828942569,1.7348261505431604,1.1084682509334285,0.0
24.0,0.0678215320657073,0.6655028897042228,0.534081542360243,0.12698722327303544,0.4398966452419807,1.069534941474496,2.1257035579215793,5.914002542604781,0.9537644603309818,0.5,-0.6191756989438695,1.9356437551323886,L,K5,COST0_mid,False,hold_2024_2025,-0.10356482661707611,-0.17138635868278337,5.0,0.9926224637112255,0.320904828942569,1.7348261505431604,1.1084682509334285,0.0
9.0,-0.03358002821668795,-0.27760665815345725,0.4214865085703339,-0.07967046995309558,-0.27598660364330235,-0.38629040487671623,0.1092415780093184,-1.3188840766740282,0.8758273632688397,0.5555555555555556,-0.6065599689167177,0.6100225844705406,L,K5,COST0_mid,False,ext_2026,-0.03811562442857859,-0.004535596211890641,5.0,0.9926224637112255,0.320904828942569,1.7348261505431604,1.1084682509334285,0.0
66.0,0.037328249078935595,0.4836622184441576,0.5724416957121313,0.06520882276490769,0.2258899882611483,0.29917396705940946,-1.2175889181019237,4.022603369210922,1.0,0.5757575757575758,-2.2143001096256762,1.363735338249544,L,K5,COST0_mid,True,overlap_2014_2020,-0.06666534841689568,-0.11869213646684812,5.0,0.9926224637112255,0.320904828942569,1.7348261505431604,1.1084682509334285,0.0
62.0,0.10977712305290274,2.011103550978531,0.427780219953111,0.25662038105673846,0.8889590764959137,2.0224556867409826,1.4615307105053073,4.488358462324102,0.954307810125486,0.5645161290322581,-0.6191756989438695,1.9356437551323886,L,K5,COST0_mid,True,post_2021_2026,-0.11197460969653036,-0.21468561283507195,5.0,0.9926224637112255,0.320904828942569,1.7348261505431604,1.1084682509334285,0.0
29.0,0.18898914185010984,3.44875272676143,0.3146303380255376,0.6006704345045396,2.080783422332672,7.554620494764175,0.8223629424810515,0.7243774413605135,0.48229927949323714,0.6206896551724138,-0.28464810229623483,1.0593037530147718,L,K5,COST0_mid,True,dev_2021_2023,-0.1360458780664878,-0.2960892864257263,5.0,0.9926224637112255,0.320904828942569,1.7348261505431604,1.1084682509334285,0.0
24.0,0.0678215320657073,0.6655028897042228,0.534081542360243,0.12698722327303544,0.4398966452419807,1.069534941474496,2.1257035579215793,5.914002542604781,0.9537644603309818,0.5,-0.6191756989438695,1.9356437551323886,L,K5,COST0_mid,True,hold_2024_2025,-0.10356482661707611,-0.17138635868278337,5.0,0.9926224637112255,0.320904828942569,1.7348261505431604,1.1084682509334285,0.0
9.0,-0.03358002821668795,-0.27760665815345725,0.4214865085703339,-0.07967046995309558,-0.27598660364330235,-0.38629040487671623,0.1092415780093184,-1.3188840766740282,0.8758273632688397,0.5555555555555556,-0.6065599689167177,0.6100225844705406,L,K5,COST0_mid,True,ext_2026,-0.03811562442857859,-0.004535596211890641,5.0,0.9926224637112255,0.320904828942569,1.7348261505431604,1.1084682509334285,0.0
83.0,0.005266008220797915,0.08520090844187296,0.5325932197191834,0.009887486407683683,0.03425125763450964,0.043293684263196484,-1.488127922696686,5.661962199017313,1.0,0.5662650602409639,-2.384599655687012,1.2594637402512867,L,K5,COST1_e25,False,overlap_2014_2020,-0.08559604041230395,-0.09086204863310185,5.0,0.9926224637112255,0.320904828942569,1.7348261505431604,1.1084682509334285,0.046760779829154484
69.0,0.04870281754811643,1.00675145581043,0.39956786219019746,0.12188872568768683,0.42223493152179864,0.798096160896292,1.2288989208611387,3.362936462523489,0.9947045987053104,0.4927536231884058,-0.6934397019340712,1.6834446531341194,L,K5,COST1_e25,False,post_2021_2026,-0.13117901057789175,-0.17988182812600814,5.0,0.9926224637112255,0.320904828942569,1.7348261505431604,1.1084682509334285,0.054008185590425174
36.0,0.11237784167315502,2.662542090280082,0.2948190039799867,0.3811757049446636,1.3204313751500811,3.598708486832362,0.9801782777219205,1.0873335628355365,0.516415398158654,0.5555555555555556,-0.33766615437754177,0.9931835071846765,L,K5,COST1_e25,False,dev_2021_2023,-0.15052811600258692,-0.262905957675742,5.0,0.9926224637112255,0.320904828942569,1.7348261505431604,1.1084682509334285,0.047665566686083474
24.0,0.005012365035613438,0.048963319305981724,0.5104532768240918,0.009819439433906813,0.03401553600274394,0.066897474751222,1.823361057051268,4.342245761966746,0.9845702023382948,0.375,-0.6934397019340712,1.6834446531341194,L,K5,COST1_e25,False,hold_2024_2025,-0.12823036304774119,-0.1332427280833546,5.0,0.9926224637112255,0.320904828942569,1.7348261505431604,1.1084682509334285,0.06280916703009387
9.0,-0.08948940558536332,-0.7221144270412022,0.42687506365184724,-0.20963840056572033,-0.7262087219946073,-0.9096185933816687,0.12029122882590461,-1.4069891658734215,0.9311992794073909,0.5555555555555556,-0.6642352842885297,0.5521294844271004,L,K5,COST1_e25,False,ext_2026,-0.061645648959512314,0.02784375662585098,5.0,0.9926224637112255,0.320904828942569,1.7348261505431604,1.1084682509334285,0.05590937736867537
66.0,-0.01198513743636534,-0.1519124555833888,0.5822605392838395,-0.020583805062775934,-0.0713043923636428,-0.08864975875589681,-1.390201172494817,4.522631273819005,1.0,0.5454545454545454,-2.384599655687012,1.2594637402512867,L,K5,COST1_e25,True,overlap_2014_2020,-0.08559604041230395,-0.09086204863310185,5.0,0.9926224637112255,0.320904828942569,1.7348261505431604,1.1084682509334285,0.049313386515300935
62.0,0.0542797952874359,0.9883343269434013,0.4196103668903582,0.12935761261022158,0.44810791477343254,0.8490323439962011,1.147943973127491,2.7964793753036656,0.9947045987053104,0.5,-0.6934397019340712,1.6834446531341194,L,K5,COST1_e25,True,post_2021_2026,-0.13117901057789175,-0.17988182812600814,5.0,0.9926224637112255,0.320904828942569,1.7348261505431604,1.1084682509334285,0.05549732776546684
29.0,0.1396708688701577,2.631936964031357,0.31814130463617474,0.4390214877313237,1.5208150447302582,4.233604703279904,0.7570435325781826,0.4533032487811597,0.5513602451238953,0.5862068965517241,-0.33766615437754177,0.9931835071846765,L,K5,COST1_e25,True,dev_2021_2023,-0.15052811600258692,-0.262905957675742,5.0,0.9926224637112255,0.320904828942569,1.7348261505431604,1.1084682509334285,0.049318272979952144
24.0,0.005012365035613438,0.048963319305981724,0.5104532768240918,0.009819439433906813,0.03401553600274394,0.066897474751222,1.823361057051268,4.342245761966746,0.9845702023382948,0.375,-0.6934397019340712,1.6834446531341194,L,K5,COST1_e25,True,hold_2024_2025,-0.12823036304774119,-0.1332427280833546,5.0,0.9926224637112255,0.320904828942569,1.7348261505431604,1.1084682509334285,0.06280916703009387
9.0,-0.08948940558536332,-0.7221144270412022,0.42687506365184724,-0.20963840056572033,-0.7262087219946073,-0.9096185933816687,0.12029122882590461,-1.4069891658734215,0.9311992794073909,0.5555555555555556,-0.6642352842885297,0.5521294844271004,L,K5,COST1_e25,True,ext_2026,-0.061645648959512314,0.02784375662585098,5.0,0.9926224637112255,0.320904828942569,1.7348261505431604,1.1084682509334285,0.05590937736867537
83.0,-0.042864907397081924,-0.6771875586458864,0.5427720156842661,-0.07897405569637309,-0.27357415389178497,-0.32531439908612353,-1.6729329261759223,6.345016634261337,1.0,0.5301204819277109,-2.5628406039859764,1.1594724988595115,L,K5,COST2_e50,False,overlap_2014_2020,-0.10354429076178448,-0.060679383364702605,5.0,0.9926224637112255,0.320904828942569,1.7348261505431604,1.1084682509334285,0.09489169544703432
69.0,-0.009182785233053116,-0.18689971410992517,0.39523936813017513,-0.023233478174240717,-0.08048312926865503,-0.1271667848234779,0.9290096201436825,1.8771052770978356,0.999652186040452,0.43478260869565216,-0.7687848599967063,1.4272869244952144,L,K5,COST2_e50,False,post_2021_2026,-0.14921439162668923,-0.1400316063936361,5.0,0.9926224637112255,0.320904828942569,1.7348261505431604,1.1084682509334285,0.11189378837159472
36.0,0.06001140366883592,1.4619690650544526,0.3006603019988418,0.1995986941736894,0.6914301588664641,1.434870368823555,0.8907600130235339,0.7766396546252352,0.6212476169176286,0.5277777777777778,-0.4152395771732985,0.9276405472562486,L,K5,COST2_e50,False,dev_2021_2023,-0.16431316215683262,-0.22432456582566854,5.0,0.9926224637112255,0.320904828942569,1.7348261505431604,1.1084682509334285,0.10003200469040258
24.0,-0.061464925602068864,-0.58911687868233,0.49084058528695096,-0.12522380472294437,-0.4337879841944463,-0.6970733039394041,1.5135991099190989,2.8640546519499144,0.9959855075397651,0.2916666666666667,-0.7687848599967063,1.4272869244952144,L,K5,COST2_e50,False,hold_2024_2025,-0.151102926927397,-0.08963800132532813,5.0,0.9926224637112255,0.320904828942569,1.7348261505431604,1.1084682509334285,0.12928645766777616
9.0,-0.1465404998565673,-1.1506393268169224,0.43440327025934317,-0.3373374693267874,-1.1685712723414068,-1.3241807962874157,0.12277545215309935,-1.4773275835007298,0.9658172165532332,0.4444444444444444,-0.7255927749691358,0.4949760142305899,L,K5,COST2_e50,False,ext_2026,-0.08378321537089503,0.06275728448567225,5.0,0.9926224637112255,0.320904828942569,1.7348261505431604,1.1084682509334285,0.11296047163987935
66.0,-0.06274164959921524,-0.7766316262364192,0.59392738816203,-0.10563858621400808,-0.3659427971248143,-0.4288672536163492,-1.5539431428370607,5.061312044649351,1.0,0.5151515151515151,-2.5628406039859764,1.1594724988595115,L,K5,COST2_e50,True,overlap_2014_2020,-0.10354429076178448,-0.060679383364702605,5.0,0.9926224637112255,0.320904828942569,1.7348261505431604,1.1084682509334285,0.10006989867815083
62.0,-0.005077123127809588,-0.09125208674773676,0.4150023242861018,-0.012233963114648555,-0.04237969138498977,-0.06732458997043186,0.8682286885869904,1.452417987443916,0.9996557630861184,0.43548387096774194,-0.7687848599967063,1.4272869244952144,L,K5,COST2_e50,True,post_2021_2026,-0.14921439162668923,-0.1400316063936361,5.0,0.9926224637112255,0.320904828942569,1.7348261505431604,1.1084682509334285,0.11485424618071233
29.0,0.08549107169774359,1.6636565050399712,0.32517235434865743,0.26291002465135166,0.9107470410306541,1.9493392962113616,0.6792646894387326,0.18767701497909162,0.634151045168215,0.5517241379310345,-0.4152395771732985,0.9276405472562486,L,K5,COST2_e50,True,dev_2021_2023,-0.16431316215683262,-0.22432456582566854,5.0,0.9926224637112255,0.320904828942569,1.7348261505431604,1.1084682509334285,0.10349807015236626
24.0,-0.061464925602068864,-0.58911687868233,0.49084058528695096,-0.12522380472294437,-0.4337879841944463,-0.6970733039394041,1.5135991099190989,2.8640546519499144,0.9959855075397651,0.2916666666666667,-0.7687848599967063,1.4272869244952144,L,K5,COST2_e50,True,hold_2024_2025,-0.151102926927397,-0.08963800132532813,5.0,0.9926224637112255,0.320904828942569,1.7348261505431604,1.1084682509334285,0.12928645766777616
9.0,-0.1465404998565673,-1.1506393268169224,0.43440327025934317,-0.3373374693267874,-1.1685712723414068,-1.3241807962874157,0.12277545215309935,-1.4773275835007298,0.9658172165532332,0.4444444444444444,-0.7255927749691358,0.4949760142305899,L,K5,COST2_e50,True,ext_2026,-0.08378321537089503,0.06275728448567225,5.0,0.9926224637112255,0.320904828942569,1.7348261505431604,1.1084682509334285,0.11296047163987935
83.0,-0.1454690152894657,-2.1766448960594653,0.5690154333166102,-0.2556503862146111,-0.8855989157966251,-0.9410870366776246,-2.0062656978697246,7.754963233864815,1.0,0.46987951807228917,-2.946972224455745,0.9659894178317221,L,K5,COST3_natural,False,overlap_2014_2020,-0.13685697067492955,0.008612044614536145,5.0,0.9926224637112255,0.320904828942569,1.7348261505431604,1.1084682509334285,0.1974958033394181
69.0,-0.1478159284781164,-2.8176949678563785,0.4040142329953864,-0.36586812148225567,-1.267404350554098,-1.4227045480810012,0.46816489930163735,0.07368835044517885,0.9999999993598913,0.3188405797101449,-0.9265356102447229,0.8881654044223595,L,K5,COST3_natural,False,post_2021_2026,-0.1823287130055067,-0.03451278452739033,5.0,0.9926224637112255,0.320904828942569,1.7348261505431604,1.1084682509334285,0.250526931616658
36.0,-0.0733564232023268,-1.7996771820449555,0.33341565484268654,-0.2200149337227075,-0.7621540872632571,-0.968898582331442,0.537728549445789,0.23536264674692786,0.9945468945665116,0.4166666666666667,-0.7154331421756914,0.792898696623111,L,K5,COST3_natural,False,dev_2021_2023,-0.19007710393138338,-0.11672068072905654,5.0,0.9926224637112255,0.320904828942569,1.7348261505431604,1.1084682509334285,0.2333998315615653
24.0,-0.2151077765006666,-1.8652307170859401,0.47104522829692724,-0.4566605573702397,-1.5819185743559545,-1.7428120661287825,0.94565642962914,0.6164888821306529,0.9999838300858719,0.20833333333333334,-0.9265356102447229,0.8881654044223595,L,K5,COST3_natural,False,hold_2024_2025,-0.19241495239714626,0.022692824103520266,5.0,0.9926224637112255,0.320904828942569,1.7348261505431604,1.1084682509334285,0.2829293085663739
9.0,-0.26620902152114084,-1.9578743652373338,0.4570170010165177,-0.5824926007763974,-2.0178135591553095,-1.9208285407407828,0.09747639746876638,-1.5377019994555,0.9956252537547753,0.2222222222222222,-0.8644442717723537,0.3818232789986904,L,K5,COST3_natural,False,ext_2026,-0.12443851092429453,0.1417705105968463,5.0,0.9926224637112255,0.320904828942569,1.7348261505431604,1.1084682509334285,0.23262899330445289
66.0,-0.17101584190509148,-2.008590549601488,0.6232477209614318,-0.27439465264514684,-0.9505309594132163,-0.9996996044113593,-1.84850180255365,6.18647033191277,1.0,0.4696969696969697,-2.946972224455745,0.9659894178317221,L,K5,COST3_natural,True,overlap_2014_2020,-0.13685697067492955,0.008612044614536145,5.0,0.9926224637112255,0.320904828942569,1.7348261505431604,1.1084682509334285,0.20834409098402706
62.0,-0.1468949369313283,-2.4964394082594015,0.4238047385382381,-0.3466099445654844,-1.2006920687921019,-1.3634646893092888,0.445040368032567,-0.17463359419354774,0.9999999976905247,0.3387096774193548,-0.9265356102447229,0.8881654044223595,L,K5,COST3_natural,True,post_2021_2026,-0.1823287130055067,-0.03451278452739033,5.0,0.9926224637112255,0.320904828942569,1.7348261505431604,1.1084682509334285,0.25667205998423104
29.0,-0.05341442275986509,-1.06672448276478,0.36296322727028807,-0.14716207799223952,-0.5097843920599451,-0.6758059736584001,0.3732172246238127,-0.2266255967380344,0.9803255106566232,0.4827586206896552,-0.7154331421756914,0.792898696623111,L,K5,COST3_natural,True,dev_2021_2023,-0.19007710393138338,-0.11672068072905654,5.0,0.9926224637112255,0.320904828942569,1.7348261505431604,1.1084682509334285,0.24240356460997492
24.0,-0.2151077765006666,-1.8652307170859401,0.47104522829692724,-0.4566605573702397,-1.5819185743559545,-1.7428120661287825,0.94565642962914,0.6164888821306529,0.9999838300858719,0.20833333333333334,-0.9265356102447229,0.8881654044223595,L,K5,COST3_natural,True,hold_2024_2025,-0.19241495239714626,0.022692824103520266,5.0,0.9926224637112255,0.320904828942569,1.7348261505431604,1.1084682509334285,0.2829293085663739
9.0,-0.26620902152114084,-1.9578743652373338,0.4570170010165177,-0.5824926007763974,-2.0178135591553095,-1.9208285407407828,0.09747639746876638,-1.5377019994555,0.9956252537547753,0.2222222222222222,-0.8644442717723537,0.3818232789986904,L,K5,COST3_natural,True,ext_2026,-0.12443851092429453,0.1417705105968463,5.0,0.9926224637112255,0.320904828942569,1.7348261505431604,1.1084682509334285,0.23262899330445289
83.0,-0.18796682590834568,-2.7950325498695476,0.5765811350051208,-0.32600238630193185,-1.1293053929272843,-1.1540714659759093,-2.0447085831649243,7.9250422776349945,1.0,0.39759036144578314,-3.0510252636833273,0.9306029841155088,L,K5,COST4_nat_1tick,False,overlap_2014_2020,-0.15327925449494215,0.03468757141340351,5.0,0.9926224637112255,0.320904828942569,1.7348261505431604,1.1084682509334285,0.23999361395829807
69.0,-0.18025016512885533,-3.37353362518292,0.40472450468884086,-0.44536508919180656,-1.5427899247953072,-1.619368952028606,0.38626490921637263,-0.09973243770208029,0.9999999999923669,0.3188405797101449,-0.963349803093667,0.7722073117472033,L,K5,COST4_nat_1tick,False,post_2021_2026,-0.19312635058019562,-0.01287618545134029,5.0,0.9926224637112255,0.320904828942569,1.7348261505431604,1.1084682509334285,0.2829611682673969
36.0,-0.10212844048759348,-2.5187500351271956,0.3359529000679996,-0.30399630563368213,-1.0530740933415488,-1.243034107782369,0.5024207761947671,0.1587090748293516,0.9983741146463989,0.4166666666666667,-0.747846500355231,0.7587180419355415,L,K5,COST4_nat_1tick,False,dev_2021_2023,-0.2017433608883216,-0.09961492040072809,5.0,0.9926224637112255,0.320904828942569,1.7348261505431604,1.1084682509334285,0.262171848846832
24.0,-0.25317181547688544,-2.1523573722703766,0.46602809467140444,-0.5432544054138977,-1.8818884632249835,-1.916798711126649,0.8384600520816782,0.3467808686771594,0.9999980520255478,0.20833333333333334,-0.963349803093667,0.7722073117472033,L,K5,COST4_nat_1tick,False,hold_2024_2025,-0.20218663894853137,0.0509851765283541,5.0,0.9926224637112255,0.320904828942569,1.7348261505431604,1.1084682509334285,0.32099334754259273
9.0,-0.298279329432489,-2.151396244767831,0.4637322280627137,-0.6432145781167288,-2.2281606589343093,-2.035892486962914,0.08861298965595667,-1.5356060839378354,0.9979862823645554,0.2222222222222222,-0.8966326999062664,0.35704425735643713,L,K5,COST4_nat_1tick,False,ext_2026,-0.13449754036546305,0.16378178906702592,5.0,0.9926224637112255,0.320904828942569,1.7348261505431604,1.1084682509334285,0.2646993012158011
66.0,-0.21243655569519282,-2.475723267512463,0.6329397635286816,-0.33563471271080325,-1.1626727503977898,-1.1811078088630953,-1.8753089907994125,6.271679612180647,1.0,0.42424242424242425,-3.0510252636833273,0.9306029841155088,L,K5,COST4_nat_1tick,True,overlap_2014_2020,-0.15327925449494215,0.03468757141340351,5.0,0.9926224637112255,0.320904828942569,1.7348261505431604,1.1084682509334285,0.2497648047741284
62.0,-0.18046805328807738,-3.016072603271668,0.4244551508437992,-0.4251757881352468,-1.4728521343967762,-1.5649245343544218,0.37314275951460757,-0.328834173425379,0.999999999966457,0.3387096774193548,-0.963349803093667,0.7722073117472033,L,K5,COST4_nat_1tick,True,post_2021_2026,-0.19312635058019562,-0.01287618545134029,5.0,0.9926224637112255,0.320904828942569,1.7348261505431604,1.1084682509334285,0.2902451763409801
29.0,-0.08373730232838439,-1.6811164000426249,0.3660209753091364,-0.22877733238555792,-0.792507926623718,-0.9778695686343881,0.34963445035268204,-0.28940406078887815,0.9928552092857693,0.4827586206896552,-0.747846500355231,0.7587180419355415,L,K5,COST4_nat_1tick,True,dev_2021_2023,-0.2017433608883216,-0.09961492040072809,5.0,0.9926224637112255,0.320904828942569,1.7348261505431604,1.1084682509334285,0.27272644417849423
24.0,-0.25317181547688544,-2.1523573722703766,0.46602809467140444,-0.5432544054138977,-1.8818884632249835,-1.916798711126649,0.8384600520816782,0.3467808686771594,0.9999980520255478,0.20833333333333334,-0.963349803093667,0.7722073117472033,L,K5,COST4_nat_1tick,True,hold_2024_2025,-0.20218663894853137,0.0509851765283541,5.0,0.9926224637112255,0.320904828942569,1.7348261505431604,1.1084682509334285,0.32099334754259273
9.0,-0.298279329432489,-2.151396244767831,0.4637322280627137,-0.6432145781167288,-2.2281606589343093,-2.035892486962914,0.08861298965595667,-1.5356060839378354,0.9979862823645554,0.2222222222222222,-0.8966326999062664,0.35704425735643713,L,K5,COST4_nat_1tick,True,ext_2026,-0.13449754036546305,0.16378178906702592,5.0,0.9926224637112255,0.320904828942569,1.7348261505431604,1.1084682509334285,0.2646993012158011
83.0,0.03638204754036358,0.3928606714293587,0.7429089012447915,0.04897242108608892,0.16964544298152687,0.2125127816732245,-2.031219821510415,8.800414502952261,1.0,0.5662650602409639,-3.4750265888130114,1.6480322769672515,L,K3,COST0_mid,False,overlap_2014_2020,-0.06966758773631228,-0.10604963527667582,3.0,0.9949585547308617,0.28255454634541755,1.9701915639134036,1.2350844986562401,0.0
69.0,0.12130232978302953,1.8299612545553752,0.5463841129397867,0.22200925486352388,0.7690626183482624,1.7927164186490112,1.3807201522406491,2.262531718837195,0.9936331352489294,0.5507246376811594,-0.789129185809618,1.84633821917299,L,K3,COST0_mid,False,post_2021_2026,-0.10064150776197414,-0.22194383754500366,3.0,0.9949585547308617,0.28255454634541755,1.9701915639134036,1.2350844986562401,0.0
36.0,0.13121151612244486,2.527369476621372,0.4099419923170885,0.32007337277356374,1.1087666875874906,2.677898148185463,1.1397728994483773,2.5858724955895784,0.6150502618047959,0.6111111111111112,-0.6150502618047959,1.5310456291341472,L,K3,COST0_mid,False,dev_2021_2023,-0.15297399532091194,-0.28418551144335685,3.0,0.9949585547308617,0.28255454634541755,1.9701915639134036,1.2350844986562401,0.0
24.0,0.10429662690274277,0.6381729022305664,0.6922712168548982,0.1506586210193448,0.5218967724075392,1.261958089984042,1.5818238047212227,2.0619166529514996,0.9928736949811743,0.5,-0.789129185809618,1.84633821917299,L,K3,COST0_mid,False,hold_2024_2025,-0.06238076526089601,-0.16667739216363878,3.0,0.9949585547308617,0.28255454634541755,1.9701915639134036,1.2350844986562401,0.0
9.0,0.1270141254394661,0.758782757437494,0.6505102970400917,0.19525305904825374,0.6763764372096431,1.488281945035721,0.8993725300867791,0.3823001555139225,0.8551648691553616,0.4444444444444444,-0.5783644658021933,1.3949267583260083,L,K3,COST0_mid,False,ext_2026,0.0066597958042355805,-0.12035432963523054,3.0,0.9949585547308617,0.28255454634541755,1.9701915639134036,1.2350844986562401,0.0
66.0,0.012605279861137034,0.10935723365248677,0.8052622059159502,0.01565363401949193,0.05422577888969729,0.06632088043140856,-1.9826471574909044,7.623290289803838,1.0,0.5606060606060606,-3.4750265888130114,1.6480322769672515,L,K3,COST0_mid,True,overlap_2014_2020,-0.06966758773631228,-0.10604963527667582,3.0,0.9949585547308617,0.28255454634541755,1.9701915639134036,1.2350844986562401,0.0
61.0,0.12133903119590278,1.6313450945638748,0.572242507761463,0.21204127542108855,0.7345325246620623,1.7048112568878213,1.3549200139912163,1.967510593582129,0.9954383211239584,0.5409836065573771,-0.789129185809618,1.84633821917299,L,K3,COST0_mid,True,post_2021_2026,-0.10064150776197414,-0.22194383754500366,3.0,0.9949585547308617,0.28255454634541755,1.9701915639134036,1.2350844986562401,0.0
28.0,0.1341226688688946,2.114797198182579,0.440035213988317,0.3047998537509218,1.0558576656723195,2.5165730870081906,1.1398265709985835,2.467250995255065,0.724194378596228,0.6071428571428571,-0.6150502618047959,1.5310456291341472,L,K3,COST0_mid,True,dev_2021_2023,-0.15297399532091194,-0.28418551144335685,3.0,0.9949585547308617,0.28255454634541755,1.9701915639134036,1.2350844986562401,0.0
24.0,0.10429662690274277,0.6381729022305664,0.6922712168548982,0.1506586210193448,0.5218967724075392,1.261958089984042,1.5818238047212227,2.0619166529514996,0.9928736949811743,0.5,-0.789129185809618,1.84633821917299,L,K3,COST0_mid,True,hold_2024_2025,-0.06238076526089601,-0.16667739216363878,3.0,0.9949585547308617,0.28255454634541755,1.9701915639134036,1.2350844986562401,0.0
9.0,0.1270141254394661,0.758782757437494,0.6505102970400917,0.19525305904825374,0.6763764372096431,1.488281945035721,0.8993725300867791,0.3823001555139225,0.8551648691553616,0.4444444444444444,-0.5783644658021933,1.3949267583260083,L,K3,COST0_mid,True,ext_2026,0.0066597958042355805,-0.12035432963523054,3.0,0.9949585547308617,0.28255454634541755,1.9701915639134036,1.2350844986562401,0.0
83.0,-0.010885859107910099,-0.11527191830889581,0.7555062835572627,-0.014408694334949259,-0.04991318131772394,-0.059910087627932936,-2.227141677982172,9.600719745283673,1.0,0.5301204819277109,-3.686838083969846,1.5370709338307647,L,K3,COST1_e25,False,overlap_2014_2020,-0.08952052200394564,-0.07863466289603552,3.0,0.9949585547308617,0.28255454634541755,1.9701915639134036,1.2350844986562401,0.04726790664827368
69.0,0.0666155718244857,0.998327935707039,0.5386850904208198,0.12366329235592123,0.42838221078339905,0.8528257856671406,1.2531338676103405,1.9574484030351966,0.9994558446883018,0.5217391304347826,-0.8635087080620644,1.8069161215089038,L,K3,COST1_e25,False,post_2021_2026,-0.12030275548357235,-0.18691832730805805,3.0,0.9949585547308617,0.28255454634541755,1.9701915639134036,1.2350844986562401,0.05468675795854383
36.0,0.0823638170595696,1.6206062734519968,0.41117214971751276,0.20031467869639505,0.6939104020079824,1.3966989497334488,0.9873387659325448,2.183655121573838,0.7854589762867379,0.5555555555555556,-0.697524738739415,1.4485420956819954,L,K3,COST1_e25,False,dev_2021_2023,-0.16764774666043158,-0.25001156372000116,3.0,0.9949585547308617,0.28255454634541755,1.9701915639134036,1.2350844986562401,0.048847699062875255
24.0,0.03995936439176351,0.2416598690042721,0.6752270722563519,0.05917915029418847,0.2050025901165782,0.42182349374197053,1.4998097984459995,1.940470335425926,0.9986159004998613,0.5,-0.8635087080620644,1.8069161215089038,L,K3,COST1_e25,False,hold_2024_2025,-0.08875556187649519,-0.12871492626825873,3.0,0.9949585547308617,0.28255454634541755,1.9701915639134036,1.2350844986562401,0.06433726251097927
9.0,0.07470581070474258,0.4467946514960608,0.6424722210114145,0.11627866273678986,0.40280110339257197,0.790219109928257,0.8543974812389675,0.3202563044357021,0.9065451383687345,0.4444444444444444,-0.6431572517541022,1.3196157663339685,L,K3,COST1_e25,False,ext_2026,-0.015048640395007997,-0.08975445109975055,3.0,0.9949585547308617,0.28255454634541755,1.9701915639134036,1.2350844986562401,0.05230831473472353
66.0,-0.03701558243508591,-0.31472248675689585,0.820574029723662,-0.04510937599079433,-0.15626346222756687,-0.18359743105074972,-2.154413828890901,8.238942999891798,1.0,0.5303030303030303,-3.686838083969846,1.5370709338307647,L,K3,COST1_e25,True,overlap_2014_2020,-0.08952052200394564,-0.07863466289603552,3.0,0.9949585547308617,0.28255454634541755,1.9701915639134036,1.2350844986562401,0.049620862296222944
61.0,0.06481259810786956,0.8661300783081228,0.5638977274561325,0.11493679607515628,0.3981527409227076,0.7906387170808372,1.2381441143742729,1.7011270340582012,0.9995853136732703,0.5081967213114754,-0.8635087080620644,1.8069161215089038,L,K3,COST1_e25,True,post_2021_2026,-0.12030275548357235,-0.18691832730805805,3.0,0.9949585547308617,0.28255454634541755,1.9701915639134036,1.2350844986562401,0.05652643308803322
28.0,0.08293540867267979,1.3419422240321597,0.4416025576312709,0.18780554423765172,0.6505774891254743,1.2991668104263383,0.9897812469850076,2.0697015933904686,0.8365039775522296,0.5357142857142857,-0.697524738739415,1.4485420956819954,L,K3,COST1_e25,True,dev_2021_2023,-0.16764774666043158,-0.25001156372000116,3.0,0.9949585547308617,0.28255454634541755,1.9701915639134036,1.2350844986562401,0.05118726019621481
24.0,0.03995936439176351,0.2416598690042721,0.6752270722563519,0.05917915029418847,0.2050025901165782,0.42182349374197053,1.4998097984459995,1.940470335425926,0.9986159004998613,0.5,-0.8635087080620644,1.8069161215089038,L,K3,COST1_e25,True,hold_2024_2025,-0.08875556187649519,-0.12871492626825873,3.0,0.9949585547308617,0.28255454634541755,1.9701915639134036,1.2350844986562401,0.06433726251097927
9.0,0.07470581070474258,0.4467946514960608,0.6424722210114145,0.11627866273678986,0.40280110339257197,0.790219109928257,0.8543974812389675,0.3202563044357021,0.9065451383687345,0.4444444444444444,-0.6431572517541022,1.3196157663339685,L,K3,COST1_e25,True,ext_2026,-0.015048640395007997,-0.08975445109975055,3.0,0.9949585547308617,0.28255454634541755,1.9701915639134036,1.2350844986562401,0.05230831473472353
83.0,-0.05928966851028302,-0.6146047152691898,0.7704122887104631,-0.07695836291698263,-0.266591589279077,-0.30747985587501325,-2.4107031719677794,10.419689340603473,1.0,0.5180722891566265,-3.9095769193112213,1.474812046249872,L,K3,COST2_e50,False,overlap_2014_2020,-0.10827861786432118,-0.048988949354038185,3.0,0.9949585547308617,0.28255454634541755,1.9701915639134036,1.2350844986562401,0.0956717160506466
69.0,0.00792394312577433,0.11700829451924451,0.535136688119706,0.014807325495877426,0.05129408016613944,0.08786667563907491,1.1288388254408206,1.768526727879463,0.9999870998018272,0.463768115942029,-0.9379381070616885,1.766855684022837,L,K3,COST2_e50,False,post_2021_2026,-0.13871958303864435,-0.14664352616441872,3.0,0.9949585547308617,0.28255454634541755,1.9701915639134036,1.2350844986562401,0.1133783866572552
36.0,0.028615611394723572,0.571674985406621,0.41685787580038797,0.06864596558186688,0.23779660024483576,0.4016959054101949,0.791907999742716,1.8044053092072438,0.9272591116888327,0.5,-0.8056457275906098,1.3668698908206522,L,K3,COST2_e50,False,dev_2021_2023,-0.18153446820930572,-0.21015007960402932,3.0,0.9949585547308617,0.28255454634541755,1.9701915639134036,1.2350844986562401,0.10259590472772129
24.0,-0.02794631346378033,-0.1656673205050388,0.6630860338440261,-0.04214583332689221,-0.1459974492990139,-0.25855831000920065,1.4352808031548925,1.9748800935128874,0.9998631306284633,0.4166666666666667,-0.9379381070616885,1.766855684022837,L,K3,COST2_e50,False,hold_2024_2025,-0.1131341074913076,-0.08518779402752726,3.0,0.9949585547308617,0.28255454634541755,1.9701915639134036,1.2350844986562401,0.1322429403665231
9.0,0.020811287622123118,0.1241248502544518,0.6354900059171107,0.03274841056247486,0.11344382192266345,0.19934759529009163,0.8081216811998729,0.26773954889767637,0.9443958439171273,0.4444444444444444,-0.7120132388330752,1.2454203113340996,L,K3,COST2_e50,False,ext_2026,-0.03568797714889685,-0.05649926477101998,3.0,0.9949585547308617,0.28255454634541755,1.9701915639134036,1.2350844986562401,0.106202837817343
66.0,-0.08775241187488739,-0.7300114109479804,0.8383530505856945,-0.10467238332774163,-0.36259577214594796,-0.41040766435723125,-2.3135336154923323,8.865784636981527,1.0,0.5151515151515151,-3.9095769193112213,1.474812046249872,L,K3,COST2_e50,True,overlap_2014_2020,-0.10827861786432118,-0.048988949354038185,3.0,0.9949585547308617,0.28255454634541755,1.9701915639134036,1.2350844986562401,0.10035769173602442
61.0,0.004199098879212257,0.055332731460393976,0.56000028061205,0.007498387098347288,0.02597517485831294,0.04444877234700726,1.1246587992114037,1.5398155477227853,0.9999884768131465,0.45901639344262296,-0.9379381070616885,1.766855684022837,L,K3,COST2_e50,True,post_2021_2026,-0.13871958303864435,-0.14664352616441872,3.0,0.9949585547308617,0.28255454634541755,1.9701915639134036,1.2350844986562401,0.11713993231669052
28.0,0.02641267736298455,0.43606028703143435,0.44851307820452246,0.05888942518403073,0.2039989528945348,0.34309688265257277,0.7965409971859104,1.674307078904775,0.935023723149982,0.5,-0.8056457275906098,1.3668698908206522,L,K3,COST2_e50,True,dev_2021_2023,-0.18153446820930572,-0.21015007960402932,3.0,0.9949585547308617,0.28255454634541755,1.9701915639134036,1.2350844986562401,0.10770999150591004
24.0,-0.02794631346378033,-0.1656673205050388,0.6630860338440261,-0.04214583332689221,-0.1459974492990139,-0.25855831000920065,1.4352808031548925,1.9748800935128874,0.9998631306284633,0.4166666666666667,-0.9379381070616885,1.766855684022837,L,K3,COST2_e50,True,hold_2024_2025,-0.1131341074913076,-0.08518779402752726,3.0,0.9949585547308617,0.28255454634541755,1.9701915639134036,1.2350844986562401,0.1322429403665231
9.0,0.020811287622123118,0.1241248502544518,0.6354900059171107,0.03274841056247486,0.11344382192266345,0.19934759529009163,0.8081216811998729,0.26773954889767637,0.9443958439171273,0.4444444444444444,-0.7120132388330752,1.2454203113340996,L,K3,COST2_e50,True,ext_2026,-0.03568797714889685,-0.05649926477101998,3.0,0.9949585547308617,0.28255454634541755,1.9701915639134036,1.2350844986562401,0.106202837817343
83.0,-0.16167245168129465,-1.5982721010546614,0.8072384477829473,-0.20027843337408233,-0.6937848445284177,-0.7439926985837281,-2.739337303942446,12.059937951395415,1.0,0.43373493975903615,-4.392671632170164,1.3522053890957724,L,K3,COST3_natural,False,overlap_2014_2020,-0.1429391302576645,0.018733321423630135,3.0,0.9949585547308617,0.28255454634541755,1.9701915639134036,1.2350844986562401,0.19805449922165824
69.0,-0.13351908059225856,-1.8394845550172836,0.5525520669716605,-0.24164072233776757,-0.8370680165333143,-1.0663646815593766,0.7769098988786574,1.5639405557705377,1.0,0.37681159420289856,-1.2582040718459884,1.6838803791544228,L,K3,COST3_natural,False,post_2021_2026,-0.17244135528863097,-0.03892227469637243,3.0,0.9949585547308617,0.28255454634541755,1.9701915639134036,1.2350844986562401,0.2548214103752881
36.0,-0.1091002238356091,-2.0906699258078363,0.4622002509715201,-0.23604535827552298,-0.817685106848009,-0.9811236699436763,0.02122593978521313,1.5524187189651713,1.0,0.4166666666666667,-1.2582040718459884,1.1973845517739312,L,K3,COST3_natural,False,dev_2021_2023,-0.2073178695021578,-0.09821764566654861,3.0,0.9949585547308617,0.28255454634541755,1.9701915639134036,1.2350844986562401,0.24031173995805397
24.0,-0.18497898659686188,-1.0152255211773107,0.6612226941042846,-0.2797529308146946,-0.9690925794747041,-1.2912584260178102,1.3360188053753153,2.278853388676889,1.0,0.2916666666666667,-1.0910212426351034,1.6838803791544228,L,K3,COST3_natural,False,hold_2024_2025,-0.15700534618589937,0.027973640410962494,3.0,0.9949585547308617,0.28255454634541755,1.9701915639134036,1.2350844986562401,0.2892756134996046
9.0,-0.09396809160658084,-0.5496774340862055,0.6254263591695813,-0.15024645224634967,-0.5204689778952973,-0.7427105116417924,0.7077011547769386,0.19801290543600114,0.988072646622419,0.4444444444444444,-0.868433303877113,1.098833989911466,L,K3,COST3_natural,False,ext_2026,-0.07409798937514149,0.01987010223143932,3.0,0.9949585547308617,0.28255454634541755,1.9701915639134036,1.2350844986562401,0.22098221704604695
66.0,-0.19465818059590997,-1.542892136864531,0.8813555160157192,-0.22086227073938028,-0.7650893487912792,-0.8090916172210443,-2.595346389271305,10.117045213526186,1.0,0.45454545454545453,-4.392671632170164,1.3522053890957724,L,K3,COST3_natural,True,overlap_2014_2020,-0.1429391302576645,0.018733321423630135,3.0,0.9949585547308617,0.28255454634541755,1.9701915639134036,1.2350844986562401,0.20726346045704702
61.0,-0.14184217321401518,-1.7446876013323822,0.5788809061128403,-0.24502824625272082,-0.8488027435984216,-1.0830823325653638,0.7969888600346241,1.343894409630587,1.0,0.3770491803278688,-1.2582040718459884,1.6838803791544228,L,K3,COST3_natural,True,post_2021_2026,-0.17244135528863097,-0.03892227469637243,3.0,0.9949585547308617,0.28255454634541755,1.9701915639134036,1.2350844986562401,0.263181204409918
28.0,-0.12025585940253616,-1.899426086623543,0.503419141784699,-0.23887820192178325,-0.827498365098452,-0.9942557230524511,0.05035393649761808,1.2278412179426583,1.0,0.42857142857142855,-1.2582040718459884,1.1973845517739312,L,K3,COST3_natural,True,dev_2021_2023,-0.2073178695021578,-0.09821764566654861,3.0,0.9949585547308617,0.28255454634541755,1.9701915639134036,1.2350844986562401,0.25437852827143076
24.0,-0.18497898659686188,-1.0152255211773107,0.6612226941042846,-0.2797529308146946,-0.9690925794747041,-1.2912584260178102,1.3360188053753153,2.278853388676889,1.0,0.2916666666666667,-1.0910212426351034,1.6838803791544228,L,K3,COST3_natural,True,hold_2024_2025,-0.15700534618589937,0.027973640410962494,3.0,0.9949585547308617,0.28255454634541755,1.9701915639134036,1.2350844986562401,0.2892756134996046
9.0,-0.09396809160658084,-0.5496774340862055,0.6254263591695813,-0.15024645224634967,-0.5204689778952973,-0.7427105116417924,0.7077011547769386,0.19801290543600114,0.988072646622419,0.4444444444444444,-0.868433303877113,1.098833989911466,L,K3,COST3_natural,True,ext_2026,-0.07409798937514149,0.01987010223143932,3.0,0.9949585547308617,0.28255454634541755,1.9701915639134036,1.2350844986562401,0.22098221704604695
83.0,-0.20214460561423583,-1.985039026332067,0.815627475219563,-0.24783937735768338,-0.8585407873994864,-0.897351760870863,-2.80973699001372,12.341826176310082,1.0,0.39759036144578314,-4.513844361211398,1.2840529931153923,L,K3,COST4_nat_1tick,False,overlap_2014_2020,-0.1596960510162066,0.04244855459802922,3.0,0.9949585547308617,0.28255454634541755,1.9701915639134036,1.2350844986562401,0.23852665315459942
69.0,-0.16683784519974867,-2.2710688976998092,0.5525563047375622,-0.30193818036152653,-1.0459445382621186,-1.2602995554892158,0.7179308038471657,1.485018348283412,1.0,0.37681159420289856,-1.3020864675496344,1.6238668732822799,L,K3,COST4_nat_1tick,False,post_2021_2026,-0.18365462192144316,-0.016816776721694494,3.0,0.9949585547308617,0.28255454634541755,1.9701915639134036,1.2350844986562401,0.2881401749827782
36.0,-0.1392486068306662,-2.6754410570003158,0.4646217706086123,-0.2997031470313222,-1.0382021556930712,-1.1852825761250658,-0.024751825742598824,1.5229591529552122,1.0,0.4166666666666667,-1.3020864675496344,1.1606209002686991,L,K3,COST4_nat_1tick,False,dev_2021_2023,-0.21901035133046728,-0.07976174449980108,3.0,0.9949585547308617,0.28255454634541755,1.9701915639134036,1.2350844986562401,0.27046012295311106
24.0,-0.22322787995738377,-1.2091744679142418,0.6588405491213404,-0.3388192791944737,-1.173704412297386,-1.4686088641218797,1.2742210133884442,2.2003424355799432,1.0,0.2916666666666667,-1.1330280584410946,1.6238668732822799,L,K3,COST4_nat_1tick,False,hold_2024_2025,-0.1676881064663912,0.055539773490992504,3.0,0.9949585547308617,0.28255454634541755,1.9701915639134036,1.2350844986562401,0.3275245068601266
9.0,-0.12682137265571863,-0.7343709891500173,0.6229293114586444,-0.20358870633130927,-0.7052519664260944,-0.9577094316637265,0.7249784877973303,0.3012819595470928,0.9929325251823543,0.4444444444444444,-0.9030742765497435,1.0728482362663339,L,K3,COST4_nat_1tick,False,ext_2026,-0.0848090788321521,0.042012293823566554,3.0,0.9949585547308617,0.28255454634541755,1.9701915639134036,1.2350844986562401,0.25383549809518474
66.0,-0.23362392742095567,-1.8338322741509374,0.8934574426750378,-0.26148299433432304,-0.9058036630045847,-0.9378262926564463,-2.6358064899851086,10.219282075444912,1.0,0.4090909090909091,-4.513844361211398,1.2840529931153923,L,K3,COST4_nat_1tick,True,overlap_2014_2020,-0.1596960510162066,0.04244855459802922,3.0,0.9949585547308617,0.28255454634541755,1.9701915639134036,1.2350844986562401,0.2462292072820927
61.0,-0.17667263327015043,-2.148674928229467,0.5785937476258227,-0.3053483277258033,-1.0577576352545675,-1.2765076874153842,0.7458511351666444,1.2808114727400284,1.0,0.3770491803278688,-1.3020864675496344,1.6238668732822799,L,K3,COST4_nat_1tick,True,post_2021_2026,-0.18365462192144316,-0.016816776721694494,3.0,0.9949585547308617,0.28255454634541755,1.9701915639134036,1.2350844986562401,0.2980116644660532
28.0,-0.152791755592875,-2.426487373783167,0.5058155887655734,-0.3020700804531516,-1.0464014535825539,-1.1970606766542333,0.014406865591332202,1.2013626702106812,1.0,0.42857142857142855,-1.3020864675496344,1.1606209002686991,L,K3,COST4_nat_1tick,True,dev_2021_2023,-0.21901035133046728,-0.07976174449980108,3.0,0.9949585547308617,0.28255454634541755,1.9701915639134036,1.2350844986562401,0.2869144244617696
24.0,-0.22322787995738377,-1.2091744679142418,0.6588405491213404,-0.3388192791944737,-1.173704412297386,-1.4686088641218797,1.2742210133884442,2.2003424355799432,1.0,0.2916666666666667,-1.1330280584410946,1.6238668732822799,L,K3,COST4_nat_1tick,True,hold_2024_2025,-0.1676881064663912,0.055539773490992504,3.0,0.9949585547308617,0.28255454634541755,1.9701915639134036,1.2350844986562401,0.3275245068601266
9.0,-0.12682137265571863,-0.7343709891500173,0.6229293114586444,-0.20358870633130927,-0.7052519664260944,-0.9577094316637265,0.7249784877973303,0.3012819595470928,0.9929325251823543,0.4444444444444444,-0.9030742765497435,1.0728482362663339,L,K3,COST4_nat_1tick,True,ext_2026,-0.0848090788321521,0.042012293823566554,3.0,0.9949585547308617,0.28255454634541755,1.9701915639134036,1.2350844986562401,0.25383549809518474
83.0,0.03754083251987482,0.3520512917246452,0.9211186133600453,0.04075569853369245,0.14118188111663144,0.17586856000117146,-2.7407128693906246,21.38681857571581,1.0,0.5783132530120482,-5.832570397047365,3.3559193131278384,L,K2,COST0_mid,False,overlap_2014_2020,-0.09838663543181793,-0.13592746795169272,2.0,0.9961641015770847,0.25593255977684537,2.171045278468842,1.3393130067565528,0.0
69.0,0.09796361198231864,1.0624395567000724,0.7076654426355654,0.13843209810764787,0.47954285464161106,0.9271606269191717,1.165298194801845,3.461544405342601,1.0,0.4782608695652174,-1.8212697422165256,2.431328032786766,L,K2,COST0_mid,False,post_2021_2026,-0.10217033584469387,-0.20013394782701246,2.0,0.9961641015770847,0.25593255977684537,2.171045278468842,1.3393130067565528,0.0
36.0,0.11621108531541413,1.545348263732955,0.45649333471373615,0.2545734548091251,0.8818683159754883,1.7197112878148084,0.29346209912651866,0.048024948394756795,0.9807729551511277,0.5,-0.9220166182076844,1.2478748214974436,L,K2,COST0_mid,False,dev_2021_2023,-0.1581390638725169,-0.2743501491879311,2.0,0.9961641015770847,0.25593255977684537,2.171045278468842,1.3393130067565528,0.0
24.0,0.03198154579206025,0.14351657969563233,0.9282527809671983,0.034453487722101835,0.11935038246526175,0.21672084214921913,1.1591953366414434,2.4950641908518016,1.0,0.4166666666666667,-1.8212697422165256,2.431328032786766,L,K2,COST0_mid,False,hold_2024_2025,-0.10362854926063692,-0.13561009505269717,2.0,0.9961641015770847,0.25593255977684537,2.171045278468842,1.3393130067565528,0.0
9.0,0.20092589515729245,0.812863551744191,0.917218662336881,0.21905997272817734,0.7588460053397116,2.08882660332356,1.7160334587047585,3.5779452156386355,0.8909836363605151,0.5555555555555556,-0.7469114146145557,2.3237723159836836,L,K2,COST0_mid,False,ext_2026,0.1255931453757799,-0.07533274978151257,2.0,0.9961641015770847,0.25593255977684537,2.171045278468842,1.3393130067565528,0.0
66.0,0.005647297294441198,0.042170096908091016,1.003529575738508,0.0056274348369705915,0.019494006107832293,0.02374083572964481,-2.640995344580839,18.7888923292588,1.0,0.5606060606060606,-5.832570397047365,3.3559193131278384,L,K2,COST0_mid,True,overlap_2014_2020,-0.09838663543181793,-0.13592746795169272,2.0,0.9961641015770847,0.25593255977684537,2.171045278468842,1.3393130067565528,0.0
60.0,0.09980380630944787,0.9635970442205714,0.7428865131238476,0.13434596610156718,0.46538807815968086,0.8941813620433094,1.1366846658799328,3.137665678330325,1.0,0.5,-1.8212697422165256,2.431328032786766,L,K2,COST0_mid,True,post_2021_2026,-0.10217033584469387,-0.20013394782701246,2.0,0.9961641015770847,0.25593255977684537,2.171045278468842,1.3393130067565528,0.0
27.0,0.12638289715339976,1.4646759380743806,0.47194749241465217,0.26779016561096586,0.9276523452109535,1.7454852691130174,0.12580475825334678,0.18144310492999516,0.9757192138845001,0.5555555555555556,-0.9220166182076844,1.2478748214974436,L,K2,COST0_mid,True,dev_2021_2023,-0.1581390638725169,-0.2743501491879311,2.0,0.9961641015770847,0.25593255977684537,2.171045278468842,1.3393130067565528,0.0
24.0,0.03198154579206025,0.14351657969563233,0.9282527809671983,0.034453487722101835,0.11935038246526175,0.21672084214921913,1.1591953366414434,2.4950641908518016,1.0,0.4166666666666667,-1.8212697422165256,2.431328032786766,L,K2,COST0_mid,True,hold_2024_2025,-0.10362854926063692,-0.13561009505269717,2.0,0.9961641015770847,0.25593255977684537,2.171045278468842,1.3393130067565528,0.0
9.0,0.20092589515729245,0.812863551744191,0.917218662336881,0.21905997272817734,0.7588460053397116,2.08882660332356,1.7160334587047585,3.5779452156386355,0.8909836363605151,0.5555555555555556,-0.7469114146145557,2.3237723159836836,L,K2,COST0_mid,True,ext_2026,0.1255931453757799,-0.07533274978151257,2.0,0.9961641015770847,0.25593255977684537,2.171045278468842,1.3393130067565528,0.0
83.0,-0.010248050608064625,-0.0944104411550026,0.9377852718983618,-0.010927928722232395,-0.0378554555367955,-0.0455325945186727,-3.0373201635387534,22.892622456174895,1.0,0.5180722891566265,-6.1121793748359705,3.215198254956366,L,K2,COST1_e25,False,overlap_2014_2020,-0.11810206174750203,-0.10785401113943738,2.0,0.9961641015770847,0.25593255977684537,2.171045278468842,1.3393130067565528,0.04778888312793944
69.0,0.04350980787392644,0.46751921001850144,0.7018405059441577,0.06199386827267037,0.21475305921199464,0.3783190541340729,1.10555235608361,3.4419355755237655,1.0,0.463768115942029,-1.8847778433733033,2.3516789318061333,L,K2,COST1_e25,False,post_2021_2026,-0.12135304234204838,-0.16486285021597485,2.0,0.9961641015770847,0.25593255977684537,2.171045278468842,1.3393130067565528,0.05445380410839219
36.0,0.06990782013033908,0.9389683893843954,0.45491190235494566,0.15367331513738544,0.5323399791709901,0.9164060834060739,0.1656870593694425,-0.03944649603301853,1.0,0.5,-1.0036146538744068,1.1208802025275921,L,K2,COST1_e25,False,dev_2021_2023,-0.17234677737226334,-0.24225459750260242,2.0,0.9961641015770847,0.25593255977684537,2.171045278468842,1.3393130067565528,0.04630326518507505
24.0,-0.033107373135516184,-0.14652640007797754,0.9201926855769347,-0.03597873972966738,-0.12463401040816166,-0.20920008990921674,1.1576964171226927,2.618943267762081,1.0,0.375,-1.8847778433733033,2.3516789318061333,L,K2,COST1_e25,False,hold_2024_2025,-0.12789852259058873,-0.09479114945507257,2.0,0.9961641015770847,0.25593255977684537,2.171045278468842,1.3393130067565528,0.06508891892757643
9.0,0.1422302415401229,0.5791040878732627,0.9030046323136803,0.15750776513261097,0.5456229035926158,1.3355483284798058,1.6751877713392493,3.5110638399601903,0.9436996568605792,0.5555555555555556,-0.8301706053798776,2.2246280712266313,L,K2,COST1_e25,False,ext_2026,0.10007651177491891,-0.04215372976520401,2.0,0.9961641015770847,0.25593255977684537,2.171045278468842,1.3393130067565528,0.05869565361716955
66.0,-0.044963371680057755,-0.32892026686653614,1.023244882276858,-0.04394194631104158,-0.15221936718837561,-0.17931223193889717,-2.9099126864401,19.960611176511055,1.0,0.5303030303030303,-6.1121793748359705,3.215198254956366,L,K2,COST1_e25,True,overlap_2014_2020,-0.11810206174750203,-0.10785401113943738,2.0,0.9961641015770847,0.25593255977684537,2.171045278468842,1.3393130067565528,0.05061066897449895
60.0,0.04252799102770747,0.40675919260944043,0.7367567569325656,0.05772324532830854,0.19995918737278645,0.35043427238896674,1.0855616688124745,3.134749605742804,1.0,0.48333333333333334,-1.8847778433733033,2.3516789318061333,L,K2,COST1_e25,True,post_2021_2026,-0.12135304234204838,-0.16486285021597485,2.0,0.9961641015770847,0.25593255977684537,2.171045278468842,1.3393130067565528,0.057275815281740396
27.0,0.07652534233532336,0.8984183582676438,0.47105272419959837,0.1624560020650627,0.562764099142406,0.9359236375596794,-0.021089198808885348,0.05409580645246459,1.0,0.5555555555555556,-1.0036146538744068,1.1208802025275921,L,K2,COST1_e25,True,dev_2021_2023,-0.17234677737226334,-0.24225459750260242,2.0,0.9961641015770847,0.25593255977684537,2.171045278468842,1.3393130067565528,0.0498575548180764
24.0,-0.033107373135516184,-0.14652640007797754,0.9201926855769347,-0.03597873972966738,-0.12463401040816166,-0.20920008990921674,1.1576964171226927,2.618943267762081,1.0,0.375,-1.8847778433733033,2.3516789318061333,L,K2,COST1_e25,True,hold_2024_2025,-0.12789852259058873,-0.09479114945507257,2.0,0.9961641015770847,0.25593255977684537,2.171045278468842,1.3393130067565528,0.06508891892757643
9.0,0.1422302415401229,0.5791040878732627,0.9030046323136803,0.15750776513261097,0.5456229035926158,1.3355483284798058,1.6751877713392493,3.5110638399601903,0.9436996568605792,0.5555555555555556,-0.8301706053798776,2.2246280712266313,L,K2,COST1_e25,True,ext_2026,0.10007651177491891,-0.04215372976520401,2.0,0.9961641015770847,0.25593255977684537,2.171045278468842,1.3393130067565528,0.05869565361716955
83.0,-0.05931317903636136,-0.5356864207310612,0.9572951457948807,-0.06195913485710954,-0.2146327391310511,-0.24985843778466804,-3.3145737910708344,24.407504254462044,1.0,0.4939759036144578,-6.40575573203015,3.0825934445338734,L,K2,COST2_e50,False,overlap_2014_2020,-0.1367447467513203,-0.07743156771495897,2.0,0.9961641015770847,0.25593255977684537,2.171045278468842,1.3393130067565528,0.09685401155623619
69.0,-0.014679642864347179,-0.15516067020501018,0.6992963506999347,-0.020992019834872776,-0.07271848981498656,-0.11660618811076712,1.0403732004324036,3.38442985786439,1.0,0.4057971014492754,-1.9505608694982328,2.2740442077185996,L,K2,COST2_e50,False,post_2021_2026,-0.13935536562318698,-0.1246757227588398,2.0,0.9961641015770847,0.25593255977684537,2.171045278468842,1.3393130067565528,0.11264325484666582
36.0,0.019862745526058108,0.2674008050839622,0.4564571804934311,0.04351502479287639,0.15074046766776253,0.22938662432860993,0.01998878312541108,-0.017065329054918976,1.0,0.4444444444444444,-1.109162715802278,0.984682649894197,L,K2,COST2_e50,False,dev_2021_2023,-0.18586459873359226,-0.20572734425965036,2.0,0.9961641015770847,0.25593255977684537,2.171045278468842,1.3393130067565528,0.09634833978935603
24.0,-0.10267075289599333,-0.44522272178273486,0.916053977423588,-0.11207937024055718,-0.3882543274739365,-0.6013602328172427,1.1584381491107192,2.708097111439644,1.0,0.3333333333333333,-1.9505608694982328,2.2740442077185996,L,K2,COST2_e50,False,hold_2024_2025,-0.15030147790447376,-0.04763072500848037,2.0,0.9961641015770847,0.25593255977684537,2.171045278468842,1.3393130067565528,0.13465229868805356
9.0,0.08179376365842156,0.33400518674905383,0.890757150319952,0.09182498689911384,0.31809108542722336,0.696715919875528,1.628700593682113,3.4432348627458538,0.9799345171214507,0.4444444444444444,-0.919033356155664,2.1275628209524022,L,K2,COST2_e50,False,ext_2026,0.07587119956853222,-0.005922564089889313,2.0,0.9961641015770847,0.25593255977684537,2.171045278468842,1.3393130067565528,0.11913213149887089
66.0,-0.09699410569554381,-0.6937209645563978,1.046092994098134,-0.09272034727578415,-0.3211927047541774,-0.36684865514177006,-3.1577175586673865,21.126604029793526,1.0,0.5151515151515151,-6.40575573203015,3.0825934445338734,L,K2,COST2_e50,True,overlap_2014_2020,-0.1367447467513203,-0.07743156771495897,2.0,0.9961641015770847,0.25593255977684537,2.171045278468842,1.3393130067565528,0.10264140298998502
60.0,-0.018796377763357675,-0.17686828496739726,0.7341190600189951,-0.02560399094238382,-0.08869482637748423,-0.1416322736444848,1.0300788458268881,3.0937107737729623,1.0,0.4166666666666667,-1.9505608694982328,2.2740442077185996,L,K2,COST2_e50,True,post_2021_2026,-0.13935536562318698,-0.1246757227588398,2.0,0.9961641015770847,0.25593255977684537,2.171045278468842,1.3393130067565528,0.11860018407280554
27.0,0.022228575213947638,0.26223232078687525,0.4740749082828421,0.046888318334463816,0.16242589927350928,0.2392144465815774,-0.18285998073184576,0.041019776529313656,1.0,0.48148148148148145,-1.109162715802278,0.984682649894197,L,K2,COST2_e50,True,dev_2021_2023,-0.18586459873359226,-0.20572734425965036,2.0,0.9961641015770847,0.25593255977684537,2.171045278468842,1.3393130067565528,0.10415432193945212
24.0,-0.10267075289599333,-0.44522272178273486,0.916053977423588,-0.11207937024055718,-0.3882543274739365,-0.6013602328172427,1.1584381491107192,2.708097111439644,1.0,0.3333333333333333,-1.9505608694982328,2.2740442077185996,L,K2,COST2_e50,True,hold_2024_2025,-0.15030147790447376,-0.04763072500848037,2.0,0.9961641015770847,0.25593255977684537,2.171045278468842,1.3393130067565528,0.13465229868805356
9.0,0.08179376365842156,0.33400518674905383,0.890757150319952,0.09182498689911384,0.31809108542722336,0.696715919875528,1.628700593682113,3.4432348627458538,0.9799345171214507,0.4444444444444444,-0.919033356155664,2.1275628209524022,L,K2,COST2_e50,True,ext_2026,0.07587119956853222,-0.005922564089889313,2.0,0.9961641015770847,0.25593255977684537,2.171045278468842,1.3393130067565528,0.11913213149887089
83.0,-0.16343127713185787,-1.4097223493430349,1.0053757569938508,-0.16255740800885202,-0.5631153796360712,-0.6175466829435067,-3.804792030388298,27.317080323642323,1.0,0.37349397590361444,-7.040791331301349,2.838450685161818,L,K2,COST3_natural,False,overlap_2014_2020,-0.1712203415784082,-0.0077890644465502925,2.0,0.9961641015770847,0.25593255977684537,2.171045278468842,1.3393130067565528,0.20097210965173268
69.0,-0.152531021249933,-1.506829405812836,0.7131516924467332,-0.213882996935222,-0.7409124351338059,-0.9722033545339273,0.8325783611806259,3.039941247460237,1.0,0.391304347826087,-2.0936328664126886,2.136697800702799,L,K2,COST3_natural,False,post_2021_2026,-0.1723802627727219,-0.019849241522788844,2.0,0.9961641015770847,0.25593255977684537,2.171045278468842,1.3393130067565528,0.25049463323225163
36.0,-0.10191614968784843,-1.3133452297166475,0.4856536590240954,-0.2098535608537275,-0.7269540590958065,-0.860267382540054,-0.5353761579483705,1.180592003654457,1.0,0.4444444444444444,-1.5779211516641491,0.7608682401480727,L,K2,COST3_natural,False,dev_2021_2023,-0.2110774166900955,-0.10916126700224707,2.0,0.9961641015770847,0.25593255977684537,2.171045278468842,1.3393130067565528,0.21812723500326256
24.0,-0.26799453048071425,-1.0802879546954254,0.925731754378978,-0.2894948015048883,-1.0028394094670672,-1.306121810092843,1.1583893230104494,2.6901189013054982,1.0,0.3333333333333333,-2.0936328664126886,2.136697800702799,L,K2,COST3_natural,False,hold_2024_2025,-0.1905882842424588,0.07740624623825543,2.0,0.9961641015770847,0.25593255977684537,2.171045278468842,1.3393130067565528,0.2999760762727745
9.0,-0.047087816216188315,-0.1909565249091543,0.8736376848059422,-0.05389856348361135,-0.18671010081718287,-0.3304278695550405,1.5076491263640959,3.2901077758856347,1.0,0.3333333333333333,-1.123099708153257,1.9375579234490505,L,K2,COST3_natural,False,ext_2026,0.03096307681607101,0.0780508930322593,2.0,0.9961641015770847,0.25593255977684537,2.171045278468842,1.3393130067565528,0.24801371137348077
66.0,-0.2077056715191534,-1.4113986080139742,1.1017223510529233,-0.1885281453359349,-0.6530806527571373,-0.7052829873795239,-3.5861380470991517,23.322208376159352,1.0,0.3787878787878788,-7.040791331301349,2.838450685161818,L,K2,COST3_natural,True,overlap_2014_2020,-0.1712203415784082,-0.0077890644465502925,2.0,0.9961641015770847,0.25593255977684537,2.171045278468842,1.3393130067565528,0.21335296881359458
60.0,-0.16507067418636787,-1.4523568553670085,0.7490906345674332,-0.2203614176563413,-0.7633543428173771,-0.9984208345679756,0.8483098466919488,2.778002920028953,1.0,0.4,-2.0936328664126886,2.136697800702799,L,K2,COST3_natural,True,post_2021_2026,-0.1723802627727219,-0.019849241522788844,2.0,0.9961641015770847,0.25593255977684537,2.171045278468842,1.3393130067565528,0.26487448049581575
27.0,-0.11291042124811991,-1.2656107460061279,0.5128212347363621,-0.22017501148556454,-0.7627086129001177,-0.8776292167242653,-0.7487775953438925,1.1833761930827187,1.0,0.48148148148148145,-1.5779211516641491,0.6794434048711375,L,K2,COST3_natural,True,dev_2021_2023,-0.2110774166900955,-0.10916126700224707,2.0,0.9961641015770847,0.25593255977684537,2.171045278468842,1.3393130067565528,0.23929331840151968
24.0,-0.26799453048071425,-1.0802879546954254,0.925731754378978,-0.2894948015048883,-1.0028394094670672,-1.306121810092843,1.1583893230104494,2.6901189013054982,1.0,0.3333333333333333,-2.0936328664126886,2.136697800702799,L,K2,COST3_natural,True,hold_2024_2025,-0.1905882842424588,0.07740624623825543,2.0,0.9961641015770847,0.25593255977684537,2.171045278468842,1.3393130067565528,0.2999760762727745
9.0,-0.047087816216188315,-0.1909565249091543,0.8736376848059422,-0.05389856348361135,-0.18671010081718287,-0.3304278695550405,1.5076491263640959,3.2901077758856347,1.0,0.3333333333333333,-1.123099708153257,1.9375579234490505,L,K2,COST3_natural,True,ext_2026,0.03096307681607101,0.0780508930322593,2.0,0.9961641015770847,0.25593255977684537,2.171045278468842,1.3393130067565528,0.24801371137348077
83.0,-0.2021207713056377,-1.721620843869077,1.0201773907167448,-0.19812316283899797,-0.6863187683867732,-0.7388354605201517,-3.861888759990098,27.368914318092564,1.0,0.37349397590361444,-7.183058993443375,2.787236745878608,L,K2,COST4_nat_1tick,False,overlap_2014_2020,-0.18653145922542408,0.015589312080213549,2.0,0.9961641015770847,0.25593255977684537,2.171045278468842,1.3393130067565528,0.2396616038255125
69.0,-0.18827288745299117,-1.8349148232932484,0.7145847412492261,-0.2634717432167043,-0.9126928912201451,-1.14435959787116,0.7786319916896334,2.9042141754382813,1.0,0.3333333333333333,-2.138260650063663,2.079853156502106,L,K2,COST4_nat_1tick,False,post_2021_2026,-0.1834024051625849,0.004870482290406289,2.0,0.9961641015770847,0.25593255977684537,2.171045278468842,1.3393130067565528,0.2862364994353098
36.0,-0.13311738455131467,-1.7017369263644697,0.4912464885246755,-0.27097880119427686,-0.938698102885187,-1.0621921897959192,-0.5661195076204603,1.2482681401310414,1.0,0.3888888888888889,-1.6345166954000336,0.7385465787287162,L,K2,COST4_nat_1tick,False,dev_2021_2023,-0.2226493490306557,-0.08953196447934098,2.0,0.9961641015770847,0.25593255977684537,2.171045278468842,1.3393130067565528,0.2493284698667288
24.0,-0.3108975938235274,-1.238228587517322,0.9236083800888751,-0.3366119239775747,-1.1660579095253436,-1.4501196755947903,1.120456424617473,2.597579092912882,1.0,0.25,-2.138260650063663,2.079853156502106,L,K2,COST4_nat_1tick,False,hold_2024_2025,-0.20128593771760872,0.10961165610591862,2.0,0.9961641015770847,0.25593255977684537,2.171045278468842,1.3393130067565528,0.34287913961558764
9.0,-0.08189568207160064,-0.32854067482901766,0.8720788106627952,-0.09390857921356727,-0.3253088609290101,-0.5506197268829118,1.5198139354745162,3.3753615012453224,1.0,0.3333333333333333,-1.1626255356598314,1.9045308338167417,L,K2,COST4_nat_1tick,False,ext_2026,0.021274790456428588,0.10317047252802918,2.0,0.9961641015770847,0.25593255977684537,2.171045278468842,1.3393130067565528,0.2828215772288931
66.0,-0.24574196546376476,-1.6464572201315681,1.119727307052156,-0.21946590381073763,-0.7602521918584433,-0.8080532351483471,-3.623046399046933,23.214790843660566,1.0,0.3787878787878788,-7.183058993443375,2.787236745878608,L,K2,COST4_nat_1tick,True,overlap_2014_2020,-0.18653145922542408,0.015589312080213549,2.0,0.9961641015770847,0.25593255977684537,2.171045278468842,1.3393130067565528,0.25138926275820594
60.0,-0.20193097709460214,-1.7529858682137736,0.7499215716456377,-0.26926946060703677,-0.932776773396108,-1.1667921819223543,0.7993994040284117,2.6668708755100528,1.0,0.3333333333333333,-2.138260650063663,2.079853156502106,L,K2,COST4_nat_1tick,True,post_2021_2026,-0.1834024051625849,0.004870482290406289,2.0,0.9961641015770847,0.25593255977684537,2.171045278468842,1.3393130067565528,0.30173478340405
27.0,-0.14508352723211365,-1.612139822894531,0.5179204731732023,-0.28012703638304526,-0.9703885191782595,-1.0716898397878807,-0.780935802687171,1.2795545391915697,1.0,0.4074074074074074,-1.6345166954000336,0.6564023308251086,L,K2,COST4_nat_1tick,True,dev_2021_2023,-0.2226493490306557,-0.08953196447934098,2.0,0.9961641015770847,0.25593255977684537,2.171045278468842,1.3393130067565528,0.2714664243855134
24.0,-0.3108975938235274,-1.238228587517322,0.9236083800888751,-0.3366119239775747,-1.1660579095253436,-1.4501196755947903,1.120456424617473,2.597579092912882,1.0,0.25,-2.138260650063663,2.079853156502106,L,K2,COST4_nat_1tick,True,hold_2024_2025,-0.20128593771760872,0.10961165610591862,2.0,0.9961641015770847,0.25593255977684537,2.171045278468842,1.3393130067565528,0.34287913961558764
9.0,-0.08189568207160064,-0.32854067482901766,0.8720788106627952,-0.09390857921356727,-0.3253088609290101,-0.5506197268829118,1.5198139354745162,3.3753615012453224,1.0,0.3333333333333333,-1.1626255356598314,1.9045308338167417,L,K2,COST4_nat_1tick,True,ext_2026,0.021274790456428588,0.10317047252802918,2.0,0.9961641015770847,0.25593255977684537,2.171045278468842,1.3393130067565528,0.2828215772288931
83.0,0.013942074998055266,0.11584379384267596,1.0461978087766548,0.013326423436460913,0.04616408495025387,0.05721925449703161,-1.5685420659514842,5.934928068687291,1.0,0.5662650602409639,-4.552103246849255,2.942516102616036,L,K1,COST0_mid,False,overlap_2014_2020,-0.07754038482496488,-0.09148245982302015,1.0,0.9974800339177655,0.2245389967956534,2.5158173817232368,1.4981427165577246,0.0
69.0,-0.0010392020332301093,-0.007348086445076727,1.1580474648735868,-0.0008973743000625188,-0.0031085957622296835,-0.004870203264654859,0.8285344624172981,6.215890286816292,1.0,0.43478260869565216,-4.054509101112537,4.555355910334902,L,K1,COST0_mid,False,post_2021_2026,-0.12603247588174896,-0.1249932738485188,1.0,0.9974800339177655,0.2245389967956534,2.5158173817232368,1.4981427165577246,0.0
36.0,0.03977042147831341,0.3081863005307368,0.829300580387783,0.04795658223188107,0.16612647396594574,0.26419429209166795,0.6267283880701817,4.057773404503457,1.0,0.4722222222222222,-2.1604787605336813,2.909861725500016,L,K1,COST0_mid,False,dev_2021_2023,-0.18903488619241035,-0.2288053076707238,1.0,0.9974800339177655,0.2245389967956534,2.5158173817232368,1.4981427165577246,0.0
24.0,-0.04015232462664742,-0.11401631402021908,1.648055220409838,-0.024363458292776346,-0.08439749522234785,-0.1335500551307206,0.7997978624606567,3.8248807763965007,1.0,0.4166666666666667,-4.054509101112537,4.555355910334902,L,K1,COST0_mid,False,hold_2024_2025,-0.053770210455616474,-0.013617885828969065,1.0,0.9974800339177655,0.2245389967956534,2.5158173817232368,1.4981427165577246,0.0
9.0,-0.0599760358302914,-0.2360905785861922,0.7520168632387796,-0.07975357835991488,-0.2762744996095966,-0.45493993383264364,1.0768821997663205,0.5308620845659977,0.989099559329697,0.3333333333333333,-0.8225758342926202,1.4265498063521354,L,K1,COST0_mid,False,ext_2026,-0.06672220910878984,-0.006746173278498395,1.0,0.9974800339177655,0.2245389967956534,2.5158173817232368,1.4981427165577246,0.0
66.0,-0.05818104632901883,-0.39694666731698247,1.1311257101152639,-0.05143641047915892,-0.17818095261774294,-0.21426438755086305,-1.4417769767921498,4.860651618126151,1.0,0.5303030303030303,-4.552103246849255,2.942516102616036,L,K1,COST0_mid,True,overlap_2014_2020,-0.07754038482496488,-0.09148245982302015,1.0,0.9974800339177655,0.2245389967956534,2.5158173817232368,1.4981427165577246,0.0
58.0,0.02460406272395193,0.14759753892833824,1.2509621279977625,0.01966811158650515,0.06813233711352207,0.10836356448166004,0.7428960468440824,5.083736755439936,1.0,0.4482758620689655,-4.054509101112537,4.555355910334902,L,K1,COST0_mid,True,post_2021_2026,-0.12603247588174896,-0.1249932738485188,1.0,0.9974800339177655,0.2245389967956534,2.5158173817232368,1.4981427165577246,0.0
27.0,0.11842960894032328,0.6852511092709923,0.9171386269501353,0.1291294526915202,0.4473175456305494,0.7550804052672584,0.4761086490660372,3.194821610765481,1.0,0.5185185185185185,-2.1604787605336813,2.909861725500016,L,K1,COST0_mid,True,dev_2021_2023,-0.18903488619241035,-0.2288053076707238,1.0,0.9974800339177655,0.2245389967956534,2.5158173817232368,1.4981427165577246,0.0
22.0,-0.0559445218603134,-0.1471027376965529,1.723242890400506,-0.03246467585733727,-0.1124609360723257,-0.17815506855516755,0.8025297058719902,3.3735405653829256,1.0,0.4090909090909091,-4.054509101112537,4.555355910334902,L,K1,COST0_mid,True,hold_2024_2025,-0.053770210455616474,-0.013617885828969065,1.0,0.9974800339177655,0.2245389967956534,2.5158173817232368,1.4981427165577246,0.0
9.0,-0.0599760358302914,-0.2360905785861922,0.7520168632387796,-0.07975357835991488,-0.2762744996095966,-0.45493993383264364,1.0768821997663205,0.5308620845659977,0.989099559329697,0.3333333333333333,-0.8225758342926202,1.4265498063521354,L,K1,COST0_mid,True,ext_2026,-0.06672220910878984,-0.006746173278498395,1.0,0.9974800339177655,0.2245389967956534,2.5158173817232368,1.4981427165577246,0.0
83.0,-0.03489950583572742,-0.2847017738678123,1.0654221332518834,-0.03275650537614334,-0.11347186317976667,-0.13616264123310923,-1.6978360214035804,6.281439303456028,1.0,0.5421686746987951,-4.750205346512768,2.8640888102157707,L,K1,COST1_e25,False,overlap_2014_2020,-0.09806629588010665,-0.0631667900443792,1.0,0.9974800339177655,0.2245389967956534,2.5158173817232368,1.4981427165577246,0.04884158083378269
69.0,-0.058435981046271845,-0.4128927741908032,1.1456745134304998,-0.05100574409331727,-0.17668908049496332,-0.26148691676543007,0.6903818355824444,6.1355893257353165,1.0,0.42028985507246375,-4.128437075146859,4.520864583384468,L,K1,COST1_e25,False,post_2021_2026,-0.14758432624547763,-0.08914834519920582,1.0,0.9974800339177655,0.2245389967956534,2.5158173817232368,1.4981427165577246,0.057396779013041736
36.0,-0.00933549721066965,-0.07348047387464782,0.8204254427540575,-0.011378848977832338,-0.039417489122517586,-0.058343903774093306,0.4048719037600275,3.6090359810218695,1.0,0.4722222222222222,-2.241991148096152,2.718856429942043,L,K1,COST1_e25,False,dev_2021_2023,-0.20585102343612577,-0.19651552622545615,1.0,0.9974800339177655,0.2245389967956534,2.5158173817232368,1.4981427165577246,0.04910591868898306
24.0,-0.11212239188880398,-0.3162424554245413,1.6293268407096486,-0.06881516285582664,-0.2383827167948367,-0.3589276501912082,0.718462985868891,3.843913358702617,1.0,0.375,-4.128437075146859,4.520864583384468,L,K1,COST1_e25,False,hold_2024_2025,-0.08190425643103934,0.030218135457764583,1.0,0.9974800339177655,0.2245389967956534,2.5158173817232368,1.4981427165577246,0.07197006726215656
9.0,-0.11167415414192822,-0.44667825539999373,0.746377028237622,-0.14962163881921461,-0.5183045606931991,-0.7846813218692003,1.0500738766608042,0.4592715595599719,0.9956506234523583,0.3333333333333333,-0.8574850949139181,1.354411801122122,L,K1,COST1_e25,False,ext_2026,-0.08966439032138727,0.02200976382054092,1.0,0.9974800339177655,0.2245389967956534,2.5158173817232368,1.4981427165577246,0.051698118311636815
66.0,-0.1094287217661387,-0.7317002051941988,1.1539049840042734,-0.09483339034241786,-0.3285125006541588,-0.38307955318067727,-1.5557622473615154,5.100172888125237,1.0,0.5151515151515151,-4.750205346512768,2.8640888102157707,L,K1,COST1_e25,True,overlap_2014_2020,-0.09806629588010665,-0.0631667900443792,1.0,0.9974800339177655,0.2245389967956534,2.5158173817232368,1.4981427165577246,0.05124767543711987
58.0,-0.037877275894834125,-0.22742476909736267,1.2374519603797893,-0.03060908795458138,-0.10603299102135894,-0.1593215283117142,0.623567030273343,5.037576681968165,1.0,0.43103448275862066,-4.128437075146859,4.520864583384468,L,K1,COST1_e25,True,post_2021_2026,-0.14758432624547763,-0.08914834519920582,1.0,0.9974800339177655,0.2245389967956534,2.5158173817232368,1.4981427165577246,0.062481338618786054
27.0,0.06378871024234678,0.3748251224190106,0.9071466621864965,0.07031796830800963,0.24358858758898158,0.3817038537835265,0.27067333449512726,2.858803289200818,1.0,0.5185185185185185,-2.241991148096152,2.718856429942043,L,K1,COST1_e25,True,dev_2021_2023,-0.20585102343612577,-0.19651552622545615,1.0,0.9974800339177655,0.2245389967956534,2.5158173817232368,1.4981427165577246,0.0546408986979765
22.0,-0.13245953596210863,-0.34722945391959015,1.7030234367424324,-0.07777904467097595,-0.2694345142685993,-0.4059877987566233,0.7336985142592836,3.407930560204724,1.0,0.36363636363636365,-4.128437075146859,4.520864583384468,L,K1,COST1_e25,True,hold_2024_2025,-0.08190425643103934,0.030218135457764583,1.0,0.9974800339177655,0.2245389967956534,2.5158173817232368,1.4981427165577246,0.07651501410179523
9.0,-0.11167415414192822,-0.44667825539999373,0.746377028237622,-0.14962163881921461,-0.5183045606931991,-0.7846813218692003,1.0500738766608042,0.4592715595599719,0.9956506234523583,0.3333333333333333,-0.8574850949139181,1.354411801122122,L,K1,COST1_e25,True,ext_2026,-0.08966439032138727,0.02200976382054092,1.0,0.9974800339177655,0.2245389967956534,2.5158173817232368,1.4981427165577246,0.051698118311636815
83.0,-0.08477276657851968,-0.6776550662993555,1.0877720587427548,-0.0779324729819774,-0.2699660055285473,-0.31423924662506536,-1.8216918144768082,6.627233137831316,1.0,0.5421686746987951,-4.96345139794912,2.7879299008059073,L,K1,COST2_e50,False,overlap_2014_2020,-0.11742863521985081,-0.03265586864133115,1.0,0.9974800339177655,0.2245389967956534,2.5158173817232368,1.4981427165577246,0.09871484157657494
69.0,-0.11885313406135109,-0.8350652782099472,1.1361821849060332,-0.10460746140917596,-0.36237087602298673,-0.506455858192395,0.5549580553785012,6.090989068549967,1.0,0.4057971014492754,-4.204597562134075,4.4858063647583535,L,K1,COST2_e50,False,post_2021_2026,-0.16757661037036606,-0.04872347630901497,1.0,0.9974800339177655,0.2245389967956534,2.5158173817232368,1.4981427165577246,0.11781393202812097
36.0,-0.061313651043819556,-0.4895244231564181,0.8126606510126592,-0.0754480372187535,-0.2613596675884574,-0.35994191806715453,0.167065898137277,3.189492697901591,1.0,0.4444444444444444,-2.3280670435950315,2.5124464441462684,L,K1,COST2_e50,False,dev_2021_2023,-0.22171821343828785,-0.16040456239446832,1.0,0.9974800339177655,0.2245389967956534,2.5158173817232368,1.4981427165577246,0.10108407252213297
24.0,-0.188295455312862,-0.5246112221317467,1.6153222692642337,-0.11656835226980994,-0.40380461737179535,-0.5783115741043505,0.6447571078398487,3.8806968650287295,1.0,0.375,-4.204597562134075,4.4858063647583535,L,K1,COST2_e50,False,hold_2024_2025,-0.10748587770478275,0.08080957760807925,1.0,0.9974800339177655,0.2245389967956534,2.5158173817232368,1.4981427165577246,0.14814313068621457
9.0,-0.16383154279411494,-0.6647954444609881,0.7417059684958466,-0.22088475723925952,-0.7651672443118297,-1.0696467311874125,1.0220660673393425,0.38462437204261324,0.9987300006688028,0.3333333333333333,-0.9006555587637909,1.282970576123732,L,K1,COST2_e50,False,ext_2026,-0.11125215187356757,0.05257939092054734,1.0,0.9974800339177655,0.2245389967956534,2.5158173817232368,1.4981427165577246,0.10385550696382354
66.0,-0.16185471214239217,-1.0585592962668644,1.1800859927365417,-0.13715501509094413,-0.47511890930078265,-0.5383159092185984,-1.6640965026559416,5.336788197107604,1.0,0.5151515151515151,-4.96345139794912,2.7879299008059073,L,K1,COST2_e50,True,overlap_2014_2020,-0.11742863521985081,-0.03265586864133115,1.0,0.9974800339177655,0.2245389967956534,2.5158173817232368,1.4981427165577246,0.10367366581337334
58.0,-0.10376016961026847,-0.6206741119272946,1.2269412502406825,-0.08456816460438868,-0.2929527155952983,-0.41569635881081507,0.5079773687927676,5.023057866281384,1.0,0.41379310344827586,-4.204597562134075,4.4858063647583535,L,K1,COST2_e50,True,post_2021_2026,-0.16757661037036606,-0.04872347630901497,1.0,0.9974800339177655,0.2245389967956534,2.5158173817232368,1.4981427165577246,0.1283642323342204
27.0,0.005727457651822377,0.03413952057006128,0.8983464731287066,0.006375555337658459,0.0220855715425828,0.032121452929084734,0.050844492531234485,2.5478359985928254,1.0,0.48148148148148145,-2.3280670435950315,2.5124464441462684,L,K1,COST2_e50,True,dev_2021_2023,-0.22171821343828785,-0.16040456239446832,1.0,0.9974800339177655,0.2245389967956534,2.5158173817232368,1.4981427165577246,0.1127021512885009
22.0,-0.21355669585671563,-0.555132438729386,1.6875153699059524,-0.12655096342536865,-0.4383853967990584,-0.628006020363764,0.6730620727744723,3.4623407183986625,1.0,0.36363636363636365,-4.204597562134075,4.4858063647583535,L,K1,COST2_e50,True,hold_2024_2025,-0.10748587770478275,0.08080957760807925,1.0,0.9974800339177655,0.2245389967956534,2.5158173817232368,1.4981427165577246,0.15761217399640223
9.0,-0.16383154279411494,-0.6647954444609881,0.7417059684958466,-0.22088475723925952,-0.7651672443118297,-1.0696467311874125,1.0220660673393425,0.38462437204261324,0.9987300006688028,0.3333333333333333,-0.9006555587637909,1.282970576123732,L,K1,COST2_e50,True,ext_2026,-0.11125215187356757,0.05257939092054734,1.0,0.9974800339177655,0.2245389967956534,2.5158173817232368,1.4981427165577246,0.10385550696382354
83.0,-0.18936155483456718,-1.4442906917040785,1.1432408321283218,-0.16563575190193391,-0.5737790756880456,-0.6317072859790257,-2.0497283495902012,7.286356532073763,1.0,0.46987951807228917,-5.44339216115322,2.6413950089234444,L,K1,COST3_natural,False,overlap_2014_2020,-0.153123351467772,0.03623820336679518,1.0,0.9974800339177655,0.2245389967956534,2.5158173817232368,1.4981427165577246,0.20330362983262246
69.0,-0.2568268364006091,-1.7491150218874738,1.126286345413075,-0.22802978784797015,-0.7899183563836729,-0.9799126329520043,0.29741583744900324,6.078866630930459,1.0,0.36231884057971014,-4.364159784457292,4.413605012206585,L,K1,COST3_natural,False,post_2021_2026,-0.20373873277798213,0.053088103622626934,1.0,0.9974800339177655,0.2245389967956534,2.5158173817232368,1.4981427165577246,0.255787634367379
36.0,-0.17939279800307348,-1.47244716453832,0.7970480152459084,-0.2250715070756766,-0.7796705711823398,-0.9231699348764665,-0.3838517963004515,2.4944457763253958,1.0,0.3888888888888889,-2.5158561983805816,1.99427878891662,L,K1,COST3_natural,False,dev_2021_2023,-0.2509825567455098,-0.07158975874243631,1.0,0.9974800339177655,0.2245389967956534,2.5158173817232368,1.4981427165577246,0.2191632194813869
24.0,-0.36773384010811766,-0.9763413125389917,1.6041617286282344,-0.22923738519966913,-0.7941015963201293,-1.0230305980053034,0.5380172174276395,3.9583019595687703,1.0,0.3333333333333333,-4.364159784457292,4.413605012206585,L,K1,COST3_natural,False,hold_2024_2025,-0.15269677159888567,0.2150370685092321,1.0,0.9974800339177655,0.2245389967956534,2.5158173817232368,1.4981427165577246,0.32758151548147024
9.0,-0.2708109801040617,-1.1252205241016011,0.7352637373852191,-0.3683181508000557,-1.275891501071024,-1.53715211516777,0.9629960802662283,0.22675406307331958,1.0,0.3333333333333333,-1.0402104108891717,1.1404412326111215,L,K1,COST3_natural,False,ext_2026,-0.15087533338546233,0.11993564671859931,1.0,0.9974800339177655,0.2245389967956534,2.5158173817232368,1.4981427165577246,0.21083494427377028
66.0,-0.2721252608362908,-1.6916251281254477,1.2442397800101659,-0.21870805387211412,-0.7576269226620255,-0.8145609106101661,-1.8605630442905239,5.776306988956297,1.0,0.4393939393939394,-5.44339216115322,2.6413950089234444,L,K1,COST3_natural,True,overlap_2014_2020,-0.153123351467772,0.03623820336679518,1.0,0.9974800339177655,0.2245389967956534,2.5158173817232368,1.4981427165577246,0.21394421450727197
58.0,-0.2551847180314394,-1.4867882495442997,1.2152313928714322,-0.20998858285620106,-0.7274217890326543,-0.9154954089001047,0.2952028115382005,5.066599970396657,1.0,0.3793103448275862,-4.364159784457292,4.413605012206585,L,K1,COST3_natural,True,post_2021_2026,-0.20373873277798213,0.053088103622626934,1.0,0.9974800339177655,0.2245389967956534,2.5158173817232368,1.4981427165577246,0.2797887807553913
27.0,-0.12767573477304164,-0.7835233466308757,0.8801924201486409,-0.14505434476643259,-0.5024829899881478,-0.6249663236316435,-0.4567423253861482,2.052061988387318,1.0,0.4444444444444444,-2.5158561983805816,1.99427878891662,L,K1,COST3_natural,True,dev_2021_2023,-0.2509825567455098,-0.07158975874243631,1.0,0.9974800339177655,0.2245389967956534,2.5158173817232368,1.4981427165577246,0.24610534371336493
22.0,-0.40528045390976397,-1.0125644437790755,1.6729210236793284,-0.24225916715327836,-0.8392103722175988,-1.0796313409209894,0.5957850527160116,3.5977007098056744,1.0,0.3181818181818182,-4.364159784457292,4.413605012206585,L,K1,COST3_natural,True,hold_2024_2025,-0.15269677159888567,0.2150370685092321,1.0,0.9974800339177655,0.2245389967956534,2.5158173817232368,1.4981427165577246,0.34933593204945057
9.0,-0.2708109801040617,-1.1252205241016011,0.7352637373852191,-0.3683181508000557,-1.275891501071024,-1.53715211516777,0.9629960802662283,0.22675406307331958,1.0,0.3333333333333333,-1.0402104108891717,1.1404412326111215,L,K1,COST3_natural,True,ext_2026,-0.15087533338546233,0.11993564671859931,1.0,0.9974800339177655,0.2245389967956534,2.5158173817232368,1.4981427165577246,0.21083494427377028
83.0,-0.231696823348076,-1.7288442529585382,1.1708565919164364,-0.19788659426586047,-0.6854992708104768,-0.7394395458670084,-2.193875845769272,8.08530581956434,1.0,0.42168674698795183,-5.826260725051052,2.6037067334898616,L,K1,COST4_nat_1tick,False,overlap_2014_2020,-0.16833248538866674,0.06336433795940927,1.0,0.9974800339177655,0.2245389967956534,2.5158173817232368,1.4981427165577246,0.24563889834613128
69.0,-0.2942957196743906,-1.9819039062507429,1.1252619679635278,-0.26153529404979353,-0.9059848345334173,-1.0876532018909213,0.18031111111620224,5.8334682677338785,1.0,0.3333333333333333,-4.42622662040841,4.301967163556255,L,K1,COST4_nat_1tick,False,post_2021_2026,-0.21446619180532994,0.07982952786906067,1.0,0.9974800339177655,0.2245389967956534,2.5158173817232368,1.4981427165577246,0.2932565176411605
36.0,-0.21337106022601615,-1.7214743377449588,0.808919540371944,-0.2637729088951262,-0.9137361597331904,-1.0484862087592077,-0.44108387437099583,2.429803107009171,1.0,0.3888888888888889,-2.557968699515742,1.9661887730244365,L,K1,COST4_nat_1tick,False,dev_2021_2023,-0.26192342120390333,-0.048552360977887184,1.0,0.9974800339177655,0.2245389967956534,2.5158173817232368,1.4981427165577246,0.25314148170432954
24.0,-0.4156511087137868,-1.0946249424930556,1.5911199817252375,-0.2612317823217203,-0.9049334390659856,-1.1275482097447422,0.4469701674164599,3.9027886525024154,1.0,0.2916666666666667,-4.42622662040841,4.301967163556255,L,K1,COST4_nat_1tick,False,hold_2024_2025,-0.16459277208370626,0.25105833663008054,1.0,0.9974800339177655,0.2245389967956534,2.5158173817232368,1.4981427165577246,0.3754987840871394
9.0,-0.29437998669616516,-1.2187254565451693,0.7401735134966058,-0.3977175369400936,-1.3777339620827878,-1.6139372479418823,0.9452138910202358,0.18694675787625048,1.0,0.2222222222222222,-1.0709642754482593,1.1208187333695954,L,K1,COST4_nat_1tick,False,ext_2026,-0.15763306013536607,0.13674692656079906,1.0,0.9974800339177655,0.2245389967956534,2.5158173817232368,1.4981427165577246,0.23440395086587376
66.0,-0.31522576233861244,-1.9137696373372048,1.2776267274700743,-0.2467275891784253,-0.8546894401720274,-0.9026745061262779,-1.982943416381912,6.387803867740701,1.0,0.4090909090909091,-5.826260725051052,2.6037067334898616,L,K1,COST4_nat_1tick,True,overlap_2014_2020,-0.16833248538866674,0.06336433795940927,1.0,0.9974800339177655,0.2245389967956534,2.5158173817232368,1.4981427165577246,0.2570447160095936
58.0,-0.29439535730546174,-1.6971337546963718,1.2116525776070202,-0.24297010772418304,-0.8416731425975367,-1.0260374247089195,0.193686678325263,4.9063794124238616,1.0,0.3448275862068966,-4.42622662040841,4.301967163556255,L,K1,COST4_nat_1tick,True,post_2021_2026,-0.21446619180532994,0.07982952786906067,1.0,0.9974800339177655,0.2245389967956534,2.5158173817232368,1.4981427165577246,0.31899942002941367
27.0,-0.1624284242405747,-0.9831717732469579,0.8880365536561918,-0.18290736295913754,-0.6336096914473358,-0.7656330259900309,-0.4879979314406321,2.0529172059668017,1.0,0.4444444444444444,-2.557968699515742,1.9661887730244365,L,K1,COST4_nat_1tick,True,dev_2021_2023,-0.26192342120390333,-0.048552360977887184,1.0,0.9974800339177655,0.2245389967956534,2.5158173817232368,1.4981427165577246,0.28085803318089797
22.0,-0.45636106313435343,-1.1326850162489477,1.65828066063644,-0.2752013419484759,-0.9533254131317928,-1.1854767427903474,0.5143444504828532,3.5578010430386398,1.0,0.2727272727272727,-4.42622662040841,4.301967163556255,L,K1,COST4_nat_1tick,True,hold_2024_2025,-0.16459277208370626,0.25105833663008054,1.0,0.9974800339177655,0.2245389967956534,2.5158173817232368,1.4981427165577246,0.40041654127404
9.0,-0.29437998669616516,-1.2187254565451693,0.7401735134966058,-0.3977175369400936,-1.3777339620827878,-1.6139372479418823,0.9452138910202358,0.18694675787625048,1.0,0.2222222222222222,-1.0709642754482593,1.1208187333695954,L,K1,COST4_nat_1tick,True,ext_2026,-0.15763306013536607,0.13674692656079906,1.0,0.9974800339177655,0.2245389967956534,2.5158173817232368,1.4981427165577246,0.23440395086587376
7.0,0.06339357634613894,0.6324633867065934,0.3338776504071427,0.18987067948044586,0.6577313274555154,1.1187373449383002,-0.4863572632221509,-0.4273355358243931,0.5975282422496181,0.5714285714285714,-0.4863423290642028,0.4672851120059554,Ltight,quintile,COST0_mid,False,overlap_2014_2020,-0.06352174776036848,-0.15230131768165872,43.855421686746986,0.9133743781167125,0.13270798787417717,1.3030657029741557,0.7572553920495998,0.0
10.0,0.10601204365264257,2.109868377899206,0.2951997548100323,0.3591196873481948,1.244027088970647,2.915979472929681,0.0799530404682798,-1.9722186909938655,0.24898318836615585,0.5,-0.23483653282965056,0.5145576612782217,Ltight,quintile,COST0_mid,False,post_2021_2026,-0.10856447775111785,-0.25451389171364025,82.79710144927536,0.9133743781167125,0.13270798787417717,1.3030657029741557,0.7572553920495998,0.0
,,,,,,,,,,,,,Ltight,quintile,COST0_mid,False,dev_2021_2023,-0.16073338355412653,,96.27777777777777,0.9133743781167125,0.13270798787417717,1.3030657029741557,0.7572553920495998,
4.0,0.11888438116668143,1.265266768302677,0.40916752520516253,0.2905518494095324,1.0065011308208227,2.4870000890107296,0.03741762357603377,-5.784258225033378,0.23483653282965056,0.5,-0.23483653282965056,0.5145576612782217,Ltight,quintile,COST0_mid,False,hold_2024_2025,-0.05008948542762367,-0.3734300071407621,88.0,0.9133743781167125,0.13270798787417717,1.3030657029741557,0.7572553920495998,0.0
6.0,0.09743048530994998,1.5029088024200643,0.23703468900468613,0.4110389315549666,1.4238806266840567,3.737656801199678,-0.027122332726777058,-2.5651959284631225,0.17262611330151478,0.5,-0.17262611330151476,0.36876670874505757,Ltight,quintile,COST0_mid,False,ext_2026,-0.055822167401734374,-0.17523648142889237,15.0,0.9133743781167125,0.13270798787417717,1.3030657029741557,0.7572553920495998,0.0
5.0,-0.05439688153311604,-0.42779127876899,0.31705555414634806,-0.17156892797407755,-0.594332200502455,-0.8113212811955997,0.005995367544189017,0.7096399441610188,0.512052238157954,0.4,-0.4863423290642028,0.3787803631882557,Ltight,quintile,COST0_mid,True,overlap_2014_2020,-0.06352174776036848,-0.15230131768165872,43.855421686746986,0.9133743781167125,0.13270798787417717,1.3030657029741557,0.7572553920495998,0.0
8.0,0.0398541974618516,0.7223452955749412,0.28480294436033177,0.13993604438101664,0.48475267735626826,0.9805016242534709,0.4936217585805281,-2.030379572567404,0.28582143379190306,0.375,-0.23483653282965056,0.4293432301618114,Ltight,quintile,COST0_mid,True,post_2021_2026,-0.10856447775111785,-0.25451389171364025,82.79710144927536,0.9133743781167125,0.13270798787417717,1.3030657029741557,0.7572553920495998,0.0
,,,,,,,,,,,,,Ltight,quintile,COST0_mid,True,dev_2021_2023,-0.16073338355412653,,96.27777777777777,0.9133743781167125,0.13270798787417717,1.3030657029741557,0.7572553920495998,
3.0,-0.013006712203831983,-0.17642125315963936,0.3830868471521295,-0.033952385211144624,-0.1176145124477053,-0.23564008019257562,1.7320280324289032,,0.2335268339436568,0.3333333333333333,-0.23483653282965056,0.4293432301618114,Ltight,quintile,COST0_mid,True,hold_2024_2025,-0.05008948542762367,-0.3734300071407621,88.0,0.9133743781167125,0.13270798787417717,1.3030657029741557,0.7572553920495998,0.0
5.0,0.07157074326126174,0.9015773520696518,0.25537493572833286,0.2802575086593404,0.9708404884013043,2.5063946777529273,0.4242697314230476,-2.991037240915656,0.28582143379190306,0.4,-0.17262611330151476,0.36876670874505757,Ltight,quintile,COST0_mid,True,ext_2026,-0.055822167401734374,-0.17523648142889237,15.0,0.9133743781167125,0.13270798787417717,1.3030657029741557,0.7572553920495998,0.0
7.0,0.037438463710086876,0.37128000395892596,0.33206783578717713,0.11274342069697245,0.3905546657325376,0.6254154074622155,-0.448817669730829,-0.4468307491429666,0.6375030784450173,0.5714285714285714,-0.5066229770064394,0.4525196386458493,Ltight,quintile,COST1_e25,False,overlap_2014_2020,-0.07662791168200726,-0.13936726852273457,43.855421686746986,0.9133743781167125,0.13270798787417717,1.3030657029741557,0.7572553920495998,0.025955112636052068
10.0,0.06458470775780227,1.3208102819274015,0.28672172331505086,0.22525223066839747,0.7802966160717777,1.5248073215167797,0.09326304993353626,-1.9788829572373157,0.2993519834492562,0.5,-0.2612152705327524,0.45514386710276555,Ltight,quintile,COST1_e25,False,post_2021_2026,-0.12587373907768626,-0.2313280102029494,82.79710144927536,0.9133743781167125,0.13270798787417717,1.3030657029741557,0.7572553920495998,0.041427335894840295
,,,,,,,,,,,,,Ltight,quintile,COST1_e25,False,dev_2021_2023,-0.17398369013983128,,96.27777777777777,0.9133743781167125,0.13270798787417717,1.3030657029741557,0.7572553920495998,
4.0,0.08289538275056721,0.9234374572045723,0.39711079249618003,0.20874623484670116,0.7231181692863825,1.5595128159837908,0.018364242167253585,-5.893901111887196,0.2612152705327525,0.5,-0.2612152705327524,0.45514386710276555,Ltight,quintile,COST1_e25,False,hold_2024_2025,-0.07321288778556857,-0.3542210456756331,88.0,0.9133743781167125,0.13270798787417717,1.3030657029741557,0.7572553920495998,0.03598899841611422
6.0,0.05237759109595901,0.8167057646347919,0.23002520278352243,0.2277037057771959,0.7887887749556364,1.5746439594861608,-0.05447707213932567,-2.5187639336367496,0.24392279689323437,0.5,-0.2140375548114965,0.2977511371421785,Ltight,quintile,COST1_e25,False,ext_2026,-0.0738628716080864,-0.14939931988782695,15.0,0.9133743781167125,0.13270798787417717,1.3030657029741557,0.7572553920495998,0.04505289421399097
5.0,-0.0852541346502264,-0.6996175250088527,0.306063387991451,-0.27855058133450356,-0.9649275186984142,-1.2036549043407065,-0.03781609312547155,0.7708153539294269,0.553774343682385,0.4,-0.5066229770064394,0.33001055084513164,Ltight,quintile,COST1_e25,True,overlap_2014_2020,-0.07662791168200726,-0.13936726852273457,43.855421686746986,0.9133743781167125,0.13270798787417717,1.3030657029741557,0.7572553920495998,0.030857253117110357
8.0,0.0028011815721096928,0.05289104216973775,0.2792987296513391,0.010029338749970439,0.03474264856253626,0.05915228476544695,0.5091277974788612,-1.9996187336588211,0.3528363923925626,0.375,-0.2612152705327524,0.39724236206336283,Ltight,quintile,COST1_e25,True,post_2021_2026,-0.12587373907768626,-0.2313280102029494,82.79710144927536,0.9133743781167125,0.13270798787417717,1.3030657029741557,0.7572553920495998,0.03705301588974191
,,,,,,,,,,,,,Ltight,quintile,COST1_e25,True,dev_2021_2023,-0.17398369013983128,,96.27777777777777,0.9133743781167125,0.13270798787417717,1.3030657029741557,0.7572553920495998,
3.0,-0.04118744536683224,-0.5636545892542844,0.3796922212447124,-0.10847587351621525,-0.375771448651,-0.6710487852594701,1.732015079784959,,0.2612152705327524,0.3333333333333333,-0.2612152705327524,0.39724236206336283,Ltight,quintile,COST1_e25,True,hold_2024_2025,-0.07321288778556857,-0.3542210456756331,88.0,0.9133743781167125,0.13270798787417717,1.3030657029741557,0.7572553920495998,0.02818073316300026
5.0,0.02919435773547484,0.375298475385106,0.2492158202776276,0.11714488150452163,0.4058017732249342,0.8012077711932981,0.3653786603421968,-3.074957467208751,0.3528363923925626,0.4,-0.2140375548114965,0.2977511371421785,Ltight,quintile,COST1_e25,True,ext_2026,-0.0738628716080864,-0.14939931988782695,15.0,0.9133743781167125,0.13270798787417717,1.3030657029741557,0.7572553920495998,0.0423763855257869
7.0,0.011197408282922832,0.10997624945748523,0.33062254581432404,0.0338676488481558,0.11732097707581482,0.1767109224378975,-0.4002593738253023,-0.46009777870161095,0.674868141220407,0.5714285714285714,-0.5265183589582785,0.438126095640351,Ltight,quintile,COST2_e50,False,overlap_2014_2020,-0.08924484477412367,-0.12564914756044207,43.855421686746986,0.9133743781167125,0.13270798787417717,1.3030657029741557,0.7572553920495998,0.052196168063216114
10.0,0.02134562212863365,0.45370852095176506,0.276412065801199,0.0772239159197408,0.26751149186483625,0.43981189793120895,0.10960575089957536,-1.9763003932844914,0.36409017442442704,0.5,-0.28879805855634655,0.3838095515828295,Ltight,quintile,COST2_e50,False,post_2021_2026,-0.14217026741571065,-0.20525244165613316,82.79710144927536,0.9133743781167125,0.13270798787417717,1.3030657029741557,0.7572553920495998,0.08466642152400891
,,,,,,,,,,,,,Ltight,quintile,COST2_e50,False,dev_2021_2023,-0.18661589190404437,,96.27777777777777,0.9133743781167125,0.13270798787417717,1.3030657029741557,0.7572553920495998,
4.0,0.04385838267555024,0.5214512729513365,0.38140559790183814,0.11499144982879358,0.3983420670789559,0.7502590139242451,0.002109344685773325,-5.986206368085169,0.30518381391034544,0.5,-0.28879805855634655,0.3838095515828295,Ltight,quintile,COST2_e50,False,hold_2024_2025,-0.09469181077882284,-0.3308709964739569,88.0,0.9133743781167125,0.13270798787417717,1.3030657029741557,0.7572553920495998,0.07502599849113119
6.0,0.006337115097355924,0.10040213557177598,0.22264013631965934,0.028463489117960757,0.09860041862598376,0.15612066660356796,-0.05028622900698058,-2.344089901301463,0.35309201346846386,0.5,-0.25484128975718456,0.2619022951453159,Ltight,quintile,COST2_e50,False,ext_2026,-0.09099698716074348,-0.12150673844425071,15.0,0.9133743781167125,0.13270798787417717,1.3030657029741557,0.7572553920495998,0.09109337021259406
5.0,-0.11665902900356243,-1.0042776769127064,0.29443554106475156,-0.39621245649113757,-1.372520210468647,-1.5559664181472268,-0.09674408026144682,0.7902737222539802,0.5936252866840525,0.4,-0.5265183589582785,0.27838104011167564,Ltight,quintile,COST2_e50,True,overlap_2014_2020,-0.08924484477412367,-0.12564914756044207,43.855421686746986,0.9133743781167125,0.13270798787417717,1.3030657029741557,0.7572553920495998,0.06226214747044639
8.0,-0.03481271603428455,-0.6877325065833602,0.2734665760386496,-0.12730153914445616,-0.44098546735983263,-0.641565582798259,0.54023071025803,-1.900463230075668,0.41622621328329934,0.375,-0.28879805855634655,0.3643691428083613,Ltight,quintile,COST2_e50,True,post_2021_2026,-0.14217026741571065,-0.20525244165613316,82.79710144927536,0.9133743781167125,0.13270798787417717,1.3030657029741557,0.7572553920495998,0.07466691349613615
,,,,,,,,,,,,,Ltight,quintile,COST2_e50,True,dev_2021_2023,-0.18661589190404437,,96.27777777777777,0.9133743781167125,0.13270798787417717,1.3030657029741557,0.7572553920495998,
3.0,-0.06945867362687617,-0.9605792317865304,0.3757137389981957,-0.1848712634573359,-0.6404128423351146,-1.0290008342927386,1.7317259853978237,,0.28879805855634655,0.3333333333333333,-0.28879805855634655,0.3643691428083613,Ltight,quintile,COST2_e50,True,hold_2024_2025,-0.09469181077882284,-0.3308709964739569,88.0,0.9133743781167125,0.13270798787417717,1.3030657029741557,0.7572553920495998,0.05645196142304419
5.0,-0.014025141478729575,-0.18503143497838298,0.24259251158891548,-0.05781357959843312,-0.20027211446382728,-0.31541724188563935,0.336124979306485,-2.963789633999129,0.41622621328329934,0.4,-0.25484128975718456,0.2619022951453159,Ltight,quintile,COST2_e50,True,ext_2026,-0.09099698716074348,-0.12150673844425071,15.0,0.9133743781167125,0.13270798787417717,1.3030657029741557,0.7572553920495998,0.08559588473999132
7.0,-0.04268003633466772,-0.4057229505322232,0.32930277599743046,-0.12960727769571173,-0.44897277999932245,-0.5979133581326485,-0.2602905561850949,-0.45948341349756827,0.7547176083963288,0.42857142857142855,-0.565236449436876,0.4103519051331472,Ltight,quintile,COST3_natural,False,overlap_2014_2020,-0.11315128820284415,-0.09546528521630762,43.855421686746986,0.9133743781167125,0.13270798787417717,1.3030657029741557,0.7572553920495998,0.10607361268080667
10.0,-0.07828485231629234,-1.9815691897914132,0.2448283062728912,-0.31975409015424167,-1.1076606601502117,-1.277996578194243,0.228959800448479,-1.6603908370741096,0.7187282442694067,0.4,-0.3439497568463645,0.29519495160139675,Ltight,quintile,COST3_natural,False,post_2021_2026,-0.17219225437631497,-0.13718743791922017,82.79710144927536,0.9133743781167125,0.13270798787417717,1.3030657029741557,0.7572553920495998,0.1842968959689349
,,,,,,,,,,,,,Ltight,quintile,COST3_natural,False,dev_2021_2023,-0.2102569206461578,,96.27777777777777,0.9133743781167125,0.13270798787417717,1.3030657029741557,0.7572553920495998,
4.0,-0.060028196456304084,-0.9571132661158974,0.3270162610704963,-0.18356333798142088,-0.6358820555815176,-0.8702640234663279,0.18914865193384797,-4.904991431888018,0.43219997755931805,0.5,-0.3439497568463645,0.29519495160139675,Ltight,quintile,COST3_natural,False,hold_2024_2025,-0.13358757785401873,-0.2556165770488792,88.0,0.9133743781167125,0.13270798787417717,1.3030657029741557,0.7572553920495998,0.1789125776229855
6.0,-0.09045595622295118,-1.5093700811759534,0.2080515101622155,-0.4347767346289563,-1.5061107886524863,-1.6293931719310024,0.15283499997750485,-1.2898377586957297,0.5423948399302012,0.3333333333333333,-0.33531230200210926,0.20295185042708958,Ltight,quintile,COST3_natural,False,ext_2026,-0.12287939335640008,-0.0582346784994475,15.0,0.9133743781167125,0.13270798787417717,1.3030657029741557,0.7572553920495998,0.18788644153290116
5.0,-0.18182190450097602,-1.7598650358159937,0.26912327665105074,-0.6756082445322223,-2.3403756110844545,-2.152760223497522,-0.27158948698747787,0.6508393662909899,0.6839173983298885,0.2,-0.565236449436876,0.16430744170761238,Ltight,quintile,COST3_natural,True,overlap_2014_2020,-0.11315128820284415,-0.09546528521630762,43.855421686746986,0.9133743781167125,0.13270798787417717,1.3030657029741557,0.7572553920495998,0.12742502296785999
8.0,-0.11299864488090149,-2.4775555645401277,0.26145620390013385,-0.43218957207862846,-1.4971485946832717,-1.6506288838630452,0.6788027606113133,-1.4389157043161638,0.6686241269757278,0.375,-0.3439497568463645,0.29519495160139675,Ltight,quintile,COST3_natural,True,post_2021_2026,-0.17219225437631497,-0.13718743791922017,82.79710144927536,0.9133743781167125,0.13270798787417717,1.3030657029741557,0.7572553920495998,0.1528528423427531
,,,,,,,,,,,,,Ltight,quintile,COST3_natural,True,dev_2021_2023,-0.2102569206461578,,96.27777777777777,0.9133743781167125,0.13270798787417717,1.3030657029741557,0.7572553920495998,
3.0,-0.12684304175525413,-1.802543268133164,0.3655463188063241,-0.34699581210242975,-1.2020287531500635,-1.592549774105196,1.7298893474355068,,0.34394975684636464,0.3333333333333333,-0.3439497568463645,0.29519495160139675,Ltight,quintile,COST3_natural,True,hold_2024_2025,-0.13358757785401873,-0.2556165770488792,88.0,0.9133743781167125,0.13270798787417717,1.3030657029741557,0.7572553920495998,0.11383632955142214
5.0,-0.1046920067562899,-1.486934639148398,0.22931811984678574,-0.4565361290518069,-1.5814875420171026,-1.7229613123894327,0.4569584316547767,-1.7857020456784154,0.5334008123086726,0.4,-0.33531230200210926,0.20295185042708958,Ltight,quintile,COST3_natural,True,ext_2026,-0.12287939335640008,-0.0582346784994475,15.0,0.9133743781167125,0.13270798787417717,1.3030657029741557,0.7572553920495998,0.17626275001755165
7.0,-0.07623339985992761,-0.7153430117732388,0.33452141956428016,-0.22788794798020082,-0.7894270086686422,-0.9682697772084213,-0.2983809216969155,-0.4459386829286176,0.8068170890398143,0.42857142857142855,-0.6112558540089043,0.3778925498090745,Ltight,quintile,COST4_nat_1tick,False,overlap_2014_2020,-0.13495278710446698,-0.07939442334815419,43.855421686746986,0.9133743781167125,0.13270798787417717,1.3030657029741557,0.7572553920495998,0.13962697620606657
10.0,-0.11722735007384955,-3.2133928572425097,0.2393924310218845,-0.48968695281403024,-1.6963253641549674,-1.7431039166187707,0.39373803126395934,-1.424837878361442,0.80853579480123,0.3,-0.36806807575473177,0.2685335833394188,Ltight,quintile,COST4_nat_1tick,False,post_2021_2026,-0.18567720009184097,-0.10863218627898755,82.79710144927536,0.9133743781167125,0.13270798787417717,1.3030657029741557,0.7572553920495998,0.2232393937264921
,,,,,,,,,,,,,Ltight,quintile,COST4_nat_1tick,False,dev_2021_2023,-0.22438159529720286,,96.27777777777777,0.9133743781167125,0.13270798787417717,1.3030657029741557,0.7572553920495998,
4.0,-0.09318046715167211,-1.5654686514655611,0.3186926434298787,-0.2923834894612948,-1.012846118082484,-1.2641650826634858,0.2899904395168955,-4.331980909202805,0.4821438134332574,0.5,-0.36806807575473177,0.2685335833394188,Ltight,quintile,COST4_nat_1tick,False,hold_2024_2025,-0.14722818989754025,-0.23250311227659753,88.0,0.9133743781167125,0.13270798787417717,1.3030657029741557,0.7572553920495998,0.21206484831835354
6.0,-0.13325860535530118,-2.481035650250679,0.2035822213051287,-0.6545689721872785,-2.2674934337730113,-2.1294687102293106,0.4539656876771305,-0.7196571463466102,0.5895748436245032,0.16666666666666666,-0.3594651235056482,0.1783824173840431,Ltight,quintile,COST4_nat_1tick,False,ext_2026,-0.133390313121862,-0.026051568947247552,15.0,0.9133743781167125,0.13270798787417717,1.3030657029741557,0.7572553920495998,0.23068909066525117
5.0,-0.21690266413856887,-2.0408846190555368,0.27574766521006683,-0.7865983705549443,-2.7248566859041086,-2.3283697908970504,-0.29280149419755885,0.6894089299956239,0.7370032978162021,0.2,-0.6112558540089043,0.136724090051624,Ltight,quintile,COST4_nat_1tick,True,overlap_2014_2020,-0.13495278710446698,-0.07939442334815419,43.855421686746986,0.9133743781167125,0.13270798787417717,1.3030657029741557,0.7572553920495998,0.16250578260545284
8.0,-0.15025851993095574,-3.6677139725098433,0.25730703307559877,-0.5839658486397014,-2.022917039458079,-2.003189548044237,0.8614988853389315,-1.0332027782078659,0.753800172849794,0.25,-0.36806807575473177,0.2685335833394188,Ltight,quintile,COST4_nat_1tick,True,post_2021_2026,-0.18567720009184097,-0.10863218627898755,82.79710144927536,0.9133743781167125,0.13270798787417717,1.3030657029741557,0.7572553920495998,0.19011271739280733
,,,,,,,,,,,,,Ltight,quintile,COST4_nat_1tick,True,dev_2021_2023,-0.22438159529720286,,96.27777777777777,0.9133743781167125,0.13270798787417717,1.3030657029741557,0.7572553920495998,
3.0,-0.1511759895390983,-2.1599372896790143,0.3635472703274541,-0.415835853761001,-1.4404976526456708,-1.7762020168471344,1.729130721505232,,0.36806807575473177,0.3333333333333333,-0.36806807575473177,0.2685335833394188,Ltight,quintile,COST4_nat_1tick,True,hold_2024_2025,-0.14722818989754025,-0.23250311227659753,88.0,0.9133743781167125,0.13270798787417717,1.3030657029741557,0.7572553920495998,0.13816927733526632
5.0,-0.1497080381660702,-2.374293357566531,0.22310932800074268,-0.6710075258062355,-2.324438253914969,-2.194036522112682,0.8276255127893123,-0.607866880585239,0.5675130615501207,0.2,-0.3594651235056482,0.1783824173840431,Ltight,quintile,COST4_nat_1tick,True,ext_2026,-0.133390313121862,-0.026051568947247552,15.0,0.9133743781167125,0.13270798787417717,1.3030657029741557,0.7572553920495998,0.22127878142733193
83.0,-0.02515621990993483,-0.9976649112021605,0.2799020018417397,-0.08987509822869538,-0.311336472934688,-0.3582206935581749,-3.4600672182112704,23.07841031394418,1.0,0.43373493975903615,-1.877311940298223,0.5131964615639477,Ltight,K20,COST0_mid,False,overlap_2014_2020,-0.07621572729152763,-0.05105950738159283,19.83132530120482,0.9537838272176371,0.6454021085969267,0.7642307331749071,0.4066552907112992,0.0
69.0,0.02521188222469967,0.832140929317861,0.2158332008403929,0.11681188124223611,0.4046482264785097,0.5633410676799727,-1.1161323165691113,3.224915369503295,0.9727396419028744,0.5942028985507246,-0.8843956572370549,0.3711143133451047,Ltight,K20,COST0_mid,False,post_2021_2026,-0.10920690298282335,-0.134418785207523,19.985507246376812,0.9537838272176371,0.6454021085969267,0.7642307331749071,0.4066552907112992,0.0
36.0,0.07500587751818619,2.046820567048,0.18083862672967047,0.4147669050280388,1.4367947056133168,2.7772283850724873,-0.31154113806645745,-0.5356604963135054,0.5009038522041918,0.6944444444444444,-0.3497371643971199,0.3711143133451047,Ltight,K20,COST0_mid,False,dev_2021_2023,-0.1391131828984001,-0.2141190604165863,20.0,0.9537838272176371,0.6454021085969267,0.7642307331749071,0.4066552907112992,0.0
24.0,0.019384685587891852,0.5145502311444465,0.19256844570877446,0.10066387313115537,0.3487098854996573,0.5264570851602802,-0.2722290730250998,-0.7097528240628228,0.6608214037789155,0.5416666666666666,-0.34646091857622086,0.3207718578667925,Ltight,K20,COST0_mid,False,hold_2024_2025,-0.08187512072309833,-0.10125980631099014,20.0,0.9537838272176371,0.6454021085969267,0.7642307331749071,0.4066552907112992,0.0
9.0,-0.1584249079177589,-2.1705472292219845,0.31157696617467007,-0.5084615524144551,-1.7613624849543639,-1.6866296035274921,-1.6790168348508876,3.9832407697663683,0.9406748083381224,0.3333333333333333,-0.8843956572370549,0.22108022691979015,Ltight,K20,COST0_mid,False,ext_2026,-0.06246653601311625,0.09595837190464264,19.88888888888889,0.9537838272176371,0.6454021085969267,0.7642307331749071,0.4066552907112992,0.0
66.0,-0.007496543706046816,-0.2361574815738797,0.2981263215964323,-0.02514552779474044,-0.08710666344725165,-0.10229321711148817,-3.6533475349349485,23.580075995664085,1.0,0.5151515151515151,-1.877311940298223,0.5131964615639477,Ltight,K20,COST0_mid,True,overlap_2014_2020,-0.07621572729152763,-0.05105950738159283,19.83132530120482,0.9537838272176371,0.6454021085969267,0.7642307331749071,0.4066552907112992,0.0
61.0,0.0345973971597924,1.0546326424056944,0.22556589427853685,0.15338044463880826,0.5313254460038426,0.7455177594608513,-1.202875941263772,3.1131370282228596,0.9599039424791287,0.6229508196721312,-0.8843956572370549,0.3711143133451047,Ltight,K20,COST0_mid,True,post_2021_2026,-0.10920690298282335,-0.134418785207523,19.985507246376812,0.9537838272176371,0.6454021085969267,0.7642307331749071,0.4066552907112992,0.0
34.0,0.08030702321458237,2.192218420092771,0.1840328450189492,0.43637331806892105,1.5116415159255705,2.9233809723470676,-0.38527354048094115,-0.532330386312788,0.3497371643971199,0.7058823529411765,-0.3497371643971199,0.3711143133451047,Ltight,K20,COST0_mid,True,dev_2021_2023,-0.1391131828984001,-0.2141190604165863,20.0,0.9537838272176371,0.6454021085969267,0.7642307331749071,0.4066552907112992,0.0
23.0,0.02066827383938987,0.5267990039182303,0.19679136044005915,0.10502632734065191,0.36382187017273876,0.5495710931046204,-0.28899351556928365,-0.8047233625001922,0.6608214037789155,0.5652173913043478,-0.34646091857622086,0.3207718578667925,Ltight,K20,COST0_mid,True,hold_2024_2025,-0.08187512072309833,-0.10125980631099014,20.0,0.9537838272176371,0.6454021085969267,0.7642307331749071,0.4066552907112992,0.0
4.0,-0.2738419652136077,-1.8139223967528881,0.4572091334546358,-0.5989424645664438,-2.0747975588792054,-2.0245264776594185,-0.7359843142421783,1.683198552130099,0.9136258102299798,0.25,-0.8843956572370549,0.22108022691979015,Ltight,K20,COST0_mid,True,ext_2026,-0.06246653601311625,0.09595837190464264,19.88888888888889,0.9537838272176371,0.6454021085969267,0.7642307331749071,0.4066552907112992,0.0
83.0,-0.05374275384045725,-2.0833693132310596,0.288260837217464,-0.18643793017194948,-0.6458399350315901,-0.7041957710251772,-3.7647182181142855,25.457425862426533,1.0,0.37349397590361444,-2.007130450474585,0.48173020726275073,Ltight,K20,COST1_e25,False,overlap_2014_2020,-0.08873144822774844,-0.034988694387291186,19.83132530120482,0.9537838272176371,0.6454021085969267,0.7642307331749071,0.4066552907112992,0.02858653393052242
69.0,-0.016910995592936368,-0.5413132824945506,0.22124576171783875,-0.0764353425875044,-0.26477979371098154,-0.3246908573558749,-1.1943849906701773,3.493899266931053,0.9966608967303783,0.4782608695652174,-0.9538309860588848,0.34083145455044683,Ltight,K20,COST1_e25,False,post_2021_2026,-0.12465873553982741,-0.10774773994689103,19.985507246376812,0.9537838272176371,0.6454021085969267,0.7642307331749071,0.4066552907112992,0.04212287781763604
36.0,0.0427883200623663,1.1956829373851514,0.18047622239065378,0.23708563652084816,0.8212887363978326,1.3773665662004022,-0.29341664370258336,-0.5498470511802593,0.5883999981377167,0.6111111111111112,-0.38236278136359614,0.34083145455044683,Ltight,K20,COST1_e25,False,dev_2021_2023,-0.15068005821939984,-0.19346837828176608,20.0,0.9537838272176371,0.6454021085969267,0.7642307331749071,0.4066552907112992,0.03221755745581989
24.0,-0.03593115320874858,-0.8919533244446038,0.20052001457703922,-0.17918985934914708,-0.6207318811876874,-0.7443061190148493,-0.5038371526640977,-0.009004556587823398,0.8161896665898933,0.4166666666666667,-0.51477594399356,0.2748473879242874,Ltight,K20,COST1_e25,False,hold_2024_2025,-0.10217871054617066,-0.06624755733742205,20.0,0.9537838272176371,0.6454021085969267,0.7642307331749071,0.4066552907112992,0.05531583879664043
9.0,-0.2049878379053145,-2.745854796860432,0.3178909499547139,-0.6448369729761626,-2.233780799587265,-1.9796157008341386,-1.7725630406051256,4.2588392365346,0.9821118784141086,0.1111111111111111,-0.9538309860588848,0.16909097294705017,Ltight,K20,COST1_e25,False,ext_2026,-0.08052017813795587,0.12446765976735857,19.88888888888889,0.9537838272176371,0.6454021085969267,0.7642307331749071,0.4066552907112992,0.046562929987555596
66.0,-0.03609064839468322,-1.1065508808665785,0.30735866582292415,-0.11742193211977243,-0.40676150470869943,-0.4540982466692913,-3.962254800426303,25.899264314565528,1.0,0.4393939393939394,-2.007130450474585,0.48173020726275073,Ltight,K20,COST1_e25,True,overlap_2014_2020,-0.08873144822774844,-0.034988694387291186,19.83132530120482,0.9537838272176371,0.6454021085969267,0.7642307331749071,0.4066552907112992,0.028594104688636404
61.0,-0.008482942387447593,-0.2486311597572143,0.2317144761512941,-0.0366094623363488,-0.12681889760867066,-0.1574604321602378,-1.262233585714445,3.3099532238577627,0.9936396171630163,0.5245901639344263,-0.9538309860588848,0.34083145455044683,Ltight,K20,COST1_e25,True,post_2021_2026,-0.12465873553982741,-0.10774773994689103,19.985507246376812,0.9537838272176371,0.6454021085969267,0.7642307331749071,0.4066552907112992,0.04308033954723999
34.0,0.04745046015921465,1.3178677230411553,0.18406935461055995,0.25778576917166224,0.8929960993470835,1.503321576395096,-0.35938194140818686,-0.5712919566864403,0.4344439882941754,0.6176470588235294,-0.38236278136359614,0.34083145455044683,Ltight,K20,COST1_e25,True,dev_2021_2023,-0.15068005821939984,-0.19346837828176608,20.0,0.9537838272176371,0.6454021085969267,0.7642307331749071,0.4066552907112992,0.03285656305536772
23.0,-0.03577282820837757,-0.8510691416076175,0.20502511118715086,-0.17448022830590468,-0.6044172406840885,-0.7262719221410262,-0.4972659901644549,-0.13877867515436826,0.8161896665898933,0.43478260869565216,-0.51477594399356,0.2748473879242874,Ltight,K20,COST1_e25,True,hold_2024_2025,-0.10217871054617066,-0.06624755733742205,20.0,0.9537838272176371,0.6454021085969267,0.7642307331749071,0.4066552907112992,0.05644110204776744
4.0,-0.32700002056372934,-2.134206566159131,0.4652300343410729,-0.7028781386113104,-2.434841295208459,-2.2125665819662106,-0.8163363574737333,1.80089499072111,0.9672747725991204,0.25,-0.9538309860588848,0.16909097294705017,Ltight,K20,COST1_e25,True,ext_2026,-0.08052017813795587,0.12446765976735857,19.88888888888889,0.9537838272176371,0.6454021085969267,0.7642307331749071,0.4066552907112992,0.053158055350121636
83.0,-0.08272345496785638,-3.1226971540456,0.2973095400840705,-0.2782401632469129,-0.9638521988998235,-0.9990348402354301,-4.037697065199106,27.67088009018478,1.0,0.2891566265060241,-2.1384370170780267,0.45000349724257693,Ltight,K20,COST2_e50,False,overlap_2014_2020,-0.10080407383365227,-0.01808061886579587,19.83132530120482,0.9537838272176371,0.6454021085969267,0.7642307331749071,0.4066552907112992,0.05756723505792155
69.0,-0.0610683290043792,-1.869028028767991,0.22941747281596248,-0.2661886571009694,-0.922104556994818,-1.0021498378167597,-1.282294600153356,3.765115596506897,1.0,0.4057971014492754,-1.0251870896946207,0.3105006235972623,Ltight,K20,COST2_e50,False,post_2021_2026,-0.13929197569905105,-0.07822364669467186,19.985507246376812,0.9537838272176371,0.6454021085969267,0.7642307331749071,0.4066552907112992,0.08628021122907888
36.0,0.009184115763300863,0.2627082584753167,0.1807871155380874,0.0508007207038269,0.17597885864028873,0.2552149341179091,-0.2666866500425684,-0.5829686248223762,0.6934851629229966,0.5277777777777778,-0.4155470335067494,0.3105006235972623,Ltight,K20,COST2_e50,False,dev_2021_2023,-0.1617852951913768,-0.1709694109546777,20.0,0.9537838272176371,0.6454021085969267,0.7642307331749071,0.4066552907112992,0.06582176175488533
24.0,-0.09455786878568832,-2.1308879369052605,0.21432510068518174,-0.44118896239121647,-1.528323397200363,-1.5228919929372564,-0.8303021141112626,1.280409814743948,0.9577920150943602,0.3333333333333333,-0.6953538108236039,0.22940578427090047,Ltight,K20,COST2_e50,False,hold_2024_2025,-0.12116070566432768,-0.02660283687863939,20.0,0.9537838272176371,0.6454021085969267,0.7642307331749071,0.4066552907112992,0.11394255437358017
9.0,-0.25277266865827513,-3.3123279873983673,0.3246545817388949,-0.7785895621875709,-2.6971133599033617,-2.216248395018531,-1.8603769518891682,4.522487088537865,1.0,0.1111111111111111,-1.0251870896946207,0.11552260513359384,Ltight,K20,COST2_e50,False,ext_2026,-0.09766875115567691,0.15510391750259825,19.88888888888889,0.9537838272176371,0.6454021085969267,0.7642307331749071,0.4066552907112992,0.09434776074051623
66.0,-0.0651088434267553,-1.936425390471887,0.3173055815735562,-0.20519287150220547,-0.7108089575855436,-0.7570345011074873,-4.237449879237374,28.036799667949726,1.0,0.3333333333333333,-2.1384370170780267,0.45000349724257693,Ltight,K20,COST2_e50,True,overlap_2014_2020,-0.10080407383365227,-0.01808061886579587,19.83132530120482,0.9537838272176371,0.6454021085969267,0.7642307331749071,0.4066552907112992,0.057612299720708485
61.0,-0.05377398911432294,-1.4933723711044484,0.24078796532459532,-0.2233250695973641,-0.7736207342929804,-0.8553006686453021,-1.3280200902811772,3.498847439551497,1.0,0.4426229508196721,-1.0251870896946207,0.3105006235972623,Ltight,K20,COST2_e50,True,post_2021_2026,-0.13929197569905105,-0.07822364669467186,19.985507246376812,0.9537838272176371,0.6454021085969267,0.7642307331749071,0.4066552907112992,0.08837138627411534
34.0,0.013158702836536883,0.37122660618104497,0.1847808710999009,0.07121247322956223,0.24668724353248062,0.36000160060093783,-0.3234680954865912,-0.629840364838949,0.5544597816185972,0.5294117647058824,-0.4155470335067494,0.3105006235972623,Ltight,K20,COST2_e50,True,dev_2021_2023,-0.1617852951913768,-0.1709694109546777,20.0,0.9537838272176371,0.6454021085969267,0.7642307331749071,0.4066552907112992,0.0671483203780455
23.0,-0.0956509018902676,-2.0671853628039325,0.21907359035788032,-0.4366153936401533,-1.5124800903028615,-1.5113438322320383,-0.7997194013290222,1.093781549386744,0.9549760549272087,0.34782608695652173,-0.6953538108236039,0.22940578427090047,Ltight,K20,COST2_e50,True,hold_2024_2025,-0.12116070566432768,-0.02660283687863939,20.0,0.9537838272176371,0.6454021085969267,0.7642307331749071,0.4066552907112992,0.11631917572965747
4.0,-0.38190962223494956,-2.4577764330610408,0.47356181601915903,-0.8064620273765876,-2.793666411582505,-2.3733986018316173,-0.8922361486526661,1.9128466720332824,1.0,0.25,-1.0251870896946207,0.11552260513359384,Ltight,K20,COST2_e50,True,ext_2026,-0.09766875115567691,0.15510391750259825,19.88888888888889,0.9537838272176371,0.6454021085969267,0.7642307331749071,0.4066552907112992,0.10806765702134186
83.0,-0.14248824653451134,-5.048747655239584,0.3174467247909389,-0.44885719526118883,-1.5548869350704866,-1.4685139671904583,-4.486374037419277,31.46214441803126,1.0,0.2289156626506024,-2.4064765799212426,0.38356506552937364,Ltight,K20,COST3_natural,False,overlap_2014_2020,-0.12373714825253168,0.0187510982819796,19.83132530120482,0.9537838272176371,0.6454021085969267,0.7642307331749071,0.4066552907112992,0.11733202662457651
69.0,-0.15971826258624267,-4.240065411433079,0.25705957871028257,-0.6213278003005371,-2.152342636551079,-1.886929316942299,-1.4950084443537976,4.540180802804377,1.0,0.2898550724637681,-1.1755589628219552,0.24918753009710726,Ltight,K20,COST3_natural,False,post_2021_2026,-0.16645021056354806,-0.006731947977305388,19.985507246376812,0.9537838272176371,0.6454021085969267,0.7642307331749071,0.4066552907112992,0.18493014481094233
36.0,-0.06440883602768561,-1.920611839020695,0.18468158982806618,-0.3487561271681091,-1.2081266634122347,-1.3010211639757987,-0.1873588802838048,-0.7254245765578955,0.9572432285025857,0.3888888888888889,-0.48412827239446543,0.24918753009710726,Ltight,K20,COST3_natural,False,dev_2021_2023,-0.1827662379909659,-0.11835740196328026,20.0,0.9537838272176371,0.6454021085969267,0.7642307331749071,0.4066552907112992,0.13941471354587182
24.0,-0.2298909171730897,-3.9553827012158274,0.2630994610383082,-0.8737795062971139,-3.0268609990381017,-2.321763088669558,-1.4894766798797514,4.339296720478728,1.0,0.20833333333333334,-1.1083719380721109,0.13861462804191596,Ltight,K20,COST3_natural,False,hold_2024_2025,-0.1558036877548112,0.0740872294182785,20.0,0.9537838272176371,0.6454021085969267,0.7642307331749071,0.4066552907112992,0.24927560276098157
9.0,-0.3538288899222121,-4.450125556505372,0.339716391350762,-1.0415420007122318,-3.6080073269010504,-2.568191347585931,-2.0145300271132336,4.989775544229511,1.0,0.1111111111111111,-1.1755589628219552,0.0019121373308329248,Ltight,K20,COST3_natural,False,ext_2026,-0.12957682834384165,0.22425206157837044,19.88888888888889,0.9537838272176371,0.6454021085969267,0.7642307331749071,0.4066552907112992,0.19540398200445322
66.0,-0.12508203155844408,-3.4675437553116253,0.33932630927448537,-0.36861872522022343,-1.276932721405396,-1.2479748725971354,-4.6855193718623465,31.640644058604828,1.0,0.2727272727272727,-2.4064765799212426,0.38356506552937364,Ltight,K20,COST3_natural,True,overlap_2014_2020,-0.12373714825253168,0.0187510982819796,19.83132530120482,0.9537838272176371,0.6454021085969267,0.7642307331749071,0.4066552907112992,0.11758548785239727
61.0,-0.15560834091685818,-3.683532610567733,0.27088613739560796,-0.5744418758853075,-1.989925030057055,-1.785691730413588,-1.4854128441100127,4.061115519113745,1.0,0.32786885245901637,-1.1755589628219552,0.24918753009710726,Ltight,K20,COST3_natural,True,post_2021_2026,-0.16645021056354806,-0.006731947977305388,19.985507246376812,0.9537838272176371,0.6454021085969267,0.7642307331749071,0.4066552907112992,0.1902057380766506
34.0,-0.06205327097795196,-1.7874389101972532,0.18949177584291843,-0.32747210638519636,-1.1343966526415212,-1.2341065966318372,-0.22053545594093338,-0.8183699842686116,0.9296232410025373,0.4117647058823529,-0.48412827239446543,0.24918753009710726,Ltight,K20,COST3_natural,True,dev_2021_2023,-0.1827662379909659,-0.11835740196328026,20.0,0.9537838272176371,0.6454021085969267,0.7642307331749071,0.4066552907112992,0.14236029419253432
23.0,-0.23414227096682683,-3.8917698638208207,0.2681683370704621,-0.8731167651060355,-3.024565196207669,-2.3220982927961944,-1.426692846197727,4.052048176497799,1.0,0.21739130434782608,-1.1083719380721109,0.13861462804191596,Ltight,K20,COST3_natural,True,hold_2024_2025,-0.1558036877548112,0.0740872294182785,20.0,0.9537838272176371,0.6454021085969267,0.7642307331749071,0.4066552907112992,0.2548105448062167
4.0,-0.49925633761024135,-3.1366849018501117,0.4912202835566312,-1.0163593693554873,-3.520772132944733,-2.636722153609837,-1.0242638251256269,2.0951285430146047,1.0,0.25,-1.1755589628219552,0.0019121373308329248,Ltight,K20,COST3_natural,True,ext_2026,-0.12957682834384165,0.22425206157837044,19.88888888888889,0.9537838272176371,0.6454021085969267,0.7642307331749071,0.4066552907112992,0.22541437239663364
83.0,-0.1983266781065859,-6.782270316955686,0.3322807669625607,-0.5968647536224452,-2.0676001570423104,-1.8079015195979364,-4.61945753561806,32.52026179898968,1.0,0.1686746987951807,-2.5869175015337293,0.3511417457290056,Ltight,K20,COST4_nat_1tick,False,overlap_2014_2020,-0.1447202031195186,0.05360647498706728,19.83132530120482,0.9537838272176371,0.6454021085969267,0.7642307331749071,0.4066552907112992,0.17317045819665108
69.0,-0.1958990182914153,-5.101154938089174,0.26332268258915187,-0.7439504123428133,-2.577119824979138,-2.106072078527828,-1.592481129612967,4.931925023234499,1.0,0.2318840579710145,-1.230658647211567,0.21709412945317974,Ltight,K20,COST4_nat_1tick,False,post_2021_2026,-0.17914714179612126,0.016751876495294003,19.985507246376812,0.9537838272176371,0.6454021085969267,0.7642307331749071,0.4066552907112992,0.22111090051611496
36.0,-0.09918713174370092,-2.995470910915883,0.18570272677999627,-0.5341177992567057,-1.850238331078977,-1.7545751931044502,-0.21209183490575872,-0.6770698889176612,0.9885786095071082,0.3333333333333333,-0.5251278840877999,0.21709412945317974,Ltight,K20,COST4_nat_1tick,False,dev_2021_2023,-0.19608239382986875,-0.09689526208616783,20.0,0.9537838272176371,0.6454021085969267,0.7642307331749071,0.4066552907112992,0.1741930092618871
24.0,-0.2687752059711977,-4.346423461806921,0.2791098772386722,-0.9629727497653653,-3.3358354577958464,-2.435664134535995,-1.6878866759697488,5.178945367611963,1.0,0.16666666666666666,-1.230658647211567,0.09821175103525497,Ltight,K20,COST4_nat_1tick,False,hold_2024_2025,-0.16825633902880033,0.10051886694239735,20.0,0.9537838272176371,0.6454021085969267,0.7642307331749071,0.4066552907112992,0.28815989155908955
9.0,-0.38841006400285294,-4.924078043835023,0.33885337821809625,-1.1462481679992593,-3.9707201301149264,-2.675372946911605,-2.0167456820094536,4.954045375180202,1.0,0.0,-1.207640937116185,-0.0402553645301629,Ltight,K20,COST4_nat_1tick,False,ext_2026,-0.1404482743739871,0.2479617896288658,19.88888888888889,0.9537838272176371,0.6454021085969267,0.7642307331749071,0.4066552907112992,0.22998515608509404
66.0,-0.17970941998013362,-4.8875787369840715,0.3537956723579639,-0.5079469140546947,-1.759579725381106,-1.604018365526966,-4.879330967153566,33.292091819028514,1.0,0.19696969696969696,-2.5869175015337293,0.3511417457290056,Ltight,K20,COST4_nat_1tick,True,overlap_2014_2020,-0.1447202031195186,0.05360647498706728,19.83132530120482,0.9537838272176371,0.6454021085969267,0.7642307331749071,0.4066552907112992,0.1722128762740868
61.0,-0.19246836456664004,-4.45664408940472,0.2777119231705815,-0.6930504184669753,-2.400797073983346,-2.0135715836281745,-1.569594494244879,4.390806427138655,1.0,0.26229508196721313,-1.230658647211567,0.21709412945317974,Ltight,K20,COST4_nat_1tick,True,post_2021_2026,-0.17914714179612126,0.016751876495294003,19.985507246376812,0.9537838272176371,0.6454021085969267,0.7642307331749071,0.4066552907112992,0.22706576172643245
34.0,-0.096906153072431,-2.826309528894251,0.19064282158261114,-0.5083126249809449,-1.7608465851914028,-1.6921795307081586,-0.2438306999804513,-0.7756429577091373,0.9798610481913098,0.35294117647058826,-0.5251278840877999,0.21709412945317974,Ltight,K20,COST4_nat_1tick,True,dev_2021_2023,-0.19608239382986875,-0.09689526208616783,20.0,0.9537838272176371,0.6454021085969267,0.7642307331749071,0.4066552907112992,0.17721317628701339
23.0,-0.27373923185348203,-4.283273010358671,0.28429748383486514,-0.9628619576966925,-3.3354516628118125,-2.4367365187659167,-1.6222372652479042,4.8693573305252755,1.0,0.17391304347826086,-1.230658647211567,0.09821175103525497,Ltight,K20,COST4_nat_1tick,True,hold_2024_2025,-0.16825633902880033,0.10051886694239735,20.0,0.9537838272176371,0.6454021085969267,0.7642307331749071,0.4066552907112992,0.2944075056928719
4.0,-0.5374396753680758,-3.429604772078818,0.4869912454075843,-1.1035920674883364,-3.8229550634395597,-2.7251849090980826,-1.0205327342796635,2.0851411453235134,1.0,0.0,-1.207640937116185,-0.0402553645301629,Ltight,K20,COST4_nat_1tick,True,ext_2026,-0.1404482743739871,0.2479617896288658,19.88888888888889,0.9537838272176371,0.6454021085969267,0.7642307331749071,0.4066552907112992,0.2635977101544681
83.0,-0.024458453146860067,-0.7487988556372646,0.3787556762090867,-0.06457580620747748,-0.22369715458214537,-0.25525966870616945,-3.0885320158313143,17.507541661500298,1.0,0.5783132530120482,-2.3489002652261055,0.7531272622043943,Ltight,K10,COST0_mid,False,overlap_2014_2020,-0.10042137544742565,-0.07596292230056553,10.0,0.974443396344699,0.5678947062763384,1.0514177552594284,0.6153372302827493,0.0
69.0,0.0799546886769107,2.8925262334802384,0.27473407408198347,0.2910257453287407,1.0081427544399595,1.853618745650559,0.053504591181353534,0.4952508530864028,0.7814360541635713,0.6231884057971014,-0.681092917831863,0.7721405850463732,Ltight,K10,COST0_mid,False,post_2021_2026,-0.09068374713847847,-0.17063843581538915,10.0,0.974443396344699,0.5678947062763384,1.0514177552594284,0.6153372302827493,0.0
36.0,0.09485186990165159,2.1765966868569744,0.23582468565133674,0.4022134902445652,1.3933084011863917,3.326052716121335,0.5626947146574274,0.10819361285365359,0.4222708762068129,0.6666666666666666,-0.28608496620940416,0.7217686468307241,Ltight,K10,COST0_mid,False,dev_2021_2023,-0.1268846090436963,-0.2217364789453479,10.0,0.974443396344699,0.5678947062763384,1.0514177552594284,0.6153372302827493,0.0
24.0,0.08752471292782653,2.2446728048294555,0.30654904299281543,0.2855161838814739,0.9890570737317818,1.89146637856186,0.2132689999196927,0.2209190929348721,0.48255349057910335,0.5833333333333334,-0.48255349057910335,0.7721405850463732,Ltight,K10,COST0_mid,False,hold_2024_2025,-0.05161164333095427,-0.13913635625878076,10.0,0.974443396344699,0.5678947062763384,1.0514177552594284,0.6153372302827493,0.0
9.0,0.00017923244217160937,0.002735470643294571,0.3460652504869361,0.000517915167499244,0.001794110768238472,0.002461627496464443,-0.7854398453575598,0.7437473206555083,0.681092917831863,0.5555555555555556,-0.681092917831863,0.4566103041156829,Ltight,K10,COST0_mid,False,ext_2026,-0.050072576337671655,-0.05025180877984324,10.0,0.974443396344699,0.5678947062763384,1.0514177552594284,0.6153372302827493,0.0
66.0,-0.015427608248574153,-0.40155062289972976,0.41421665134178964,-0.037245263314738423,-0.12902137680481632,-0.14817044703321292,-3.0308107357298164,15.628979736805935,1.0,0.5909090909090909,-2.3489002652261055,0.7531272622043943,Ltight,K10,COST0_mid,True,overlap_2014_2020,-0.10042137544742565,-0.07596292230056553,10.0,0.974443396344699,0.5678947062763384,1.0514177552594284,0.6153372302827493,0.0
61.0,0.07736482056847532,2.4359582901214187,0.2876605564991653,0.2689448338347347,0.9316522332698595,1.6921793537912189,0.07221982719901371,0.29821875862638914,0.8295854268220693,0.6229508196721312,-0.681092917831863,0.7721405850463732,Ltight,K10,COST0_mid,True,post_2021_2026,-0.09068374713847847,-0.17063843581538915,10.0,0.974443396344699,0.5678947062763384,1.0514177552594284,0.6153372302827493,0.0
32.0,0.09605307976173419,2.062738585306271,0.24756995190502545,0.38798359422302897,1.3440145953949458,3.194385822525047,0.5423961256624068,-0.1195970622964686,0.4222708762068129,0.65625,-0.28608496620940416,0.7217686468307241,Ltight,K10,COST0_mid,True,dev_2021_2023,-0.1268846090436963,-0.2217364789453479,10.0,0.974443396344699,0.5678947062763384,1.0514177552594284,0.6153372302827493,0.0
23.0,0.07904567536088707,1.8852408261323188,0.3105477368798019,0.2545363110840568,0.881739646337487,1.6722620824893921,0.2927176028158193,0.2386725229690536,0.48255349057910335,0.5652173913043478,-0.48255349057910335,0.7721405850463732,Ltight,K10,COST0_mid,True,hold_2024_2025,-0.05161164333095427,-0.13913635625878076,10.0,0.974443396344699,0.5678947062763384,1.0514177552594284,0.6153372302827493,0.0
6.0,-0.028749171833150258,-0.353536682479161,0.4157928836032978,-0.06914301077980796,-0.23951841531781992,-0.32420266390997643,-0.628531344498011,-0.2532022996959302,0.681092917831863,0.6666666666666666,-0.681092917831863,0.4566103041156829,Ltight,K10,COST0_mid,True,ext_2026,-0.050072576337671655,-0.05025180877984324,10.0,0.974443396344699,0.5678947062763384,1.0514177552594284,0.6153372302827493,0.0
83.0,-0.05285625155516007,-1.5825769262409082,0.3886298904550895,-0.1360066553122429,-0.4711408743366245,-0.5178398550928508,-3.2971032940752925,19.012873402711573,1.0,0.4939759036144578,-2.488863057588568,0.7204987332642858,Ltight,K10,COST1_e25,False,overlap_2014_2020,-0.11231735310566608,-0.059461101550506,10.0,0.974443396344699,0.5678947062763384,1.0514177552594284,0.6153372302827493,0.028397798408300003
69.0,0.03692759787778655,1.3464897792792285,0.27257873862073073,0.13547497528473065,0.4692990806945828,0.7489241568314199,-0.005639287120445872,0.5302781493795408,0.8506856643820708,0.5652173913043478,-0.7291105775896376,0.7417476944947803,Ltight,K10,COST1_e25,False,post_2021_2026,-0.10640620286607128,-0.14333380074385782,10.0,0.974443396344699,0.5678947062763384,1.0514177552594284,0.6153372302827493,0.04302709079912415
36.0,0.061438126079329476,1.4522971756425105,0.23520951752460803,0.26120595257333373,0.9048439621928811,1.8144597056581917,0.5253082359211345,0.14722337314679335,0.5559690612551558,0.6666666666666666,-0.3551675715111743,0.6907779565884482,Ltight,K10,COST1_e25,False,dev_2021_2023,-0.13858983092591193,-0.2000279570052414,10.0,0.974443396344699,0.5678947062763384,1.0514177552594284,0.6153372302827493,0.033413743822322116
24.0,0.03058658637603448,0.7643483905814452,0.30090881629532024,0.10164735866700549,0.35211677933286034,0.5685097520810606,0.2024257569460296,0.23335564629660066,0.5203173941103489,0.5,-0.5203173941103489,0.7417476944947803,Ltight,K10,COST1_e25,False,hold_2024_2025,-0.07249056316740635,-0.10307714954344083,10.0,0.974443396344699,0.5678947062763384,1.0514177552594284,0.6153372302827493,0.05693812655179205
9.0,-0.04420515092371286,-0.6586907730688781,0.34489571416225123,-0.12816961507070854,-0.4439925705780257,-0.5554147475994247,-0.8486370051815356,0.8028801479645962,0.7316453455802829,0.3333333333333333,-0.7291105775896376,0.3946316868966729,Ltight,K10,COST1_e25,False,ext_2026,-0.0681133964898152,-0.02390824556610231,10.0,0.974443396344699,0.5678947062763384,1.0514177552594284,0.6153372302827493,0.04438438336588447
66.0,-0.04489783486292524,-1.132669694417478,0.42512013651536107,-0.10561211056936826,-0.3658510828014557,-0.40561837701536335,-3.222038823229942,16.937215002868413,1.0,0.5151515151515151,-2.488863057588568,0.7204987332642858,Ltight,K10,COST1_e25,True,overlap_2014_2020,-0.11231735310566608,-0.059461101550506,10.0,0.974443396344699,0.5678947062763384,1.0514177552594284,0.6153372302827493,0.02947022661435109
61.0,0.03329746294337354,1.0524116898611093,0.2854187348591193,0.11666179853193216,0.4041283247193415,0.6389210688333585,0.022790334609406052,0.328561107837015,0.880751637555541,0.5573770491803278,-0.7291105775896376,0.7417476944947803,Ltight,K10,COST1_e25,True,post_2021_2026,-0.10640620286607128,-0.14333380074385782,10.0,0.974443396344699,0.5678947062763384,1.0514177552594284,0.6153372302827493,0.044067357625101784
32.0,0.06212005142111847,1.373529641206761,0.24727993842705445,0.25121347011109585,0.8702289875562071,1.7403217210333854,0.5076515106504338,-0.09238781184621914,0.5563754280643204,0.65625,-0.3551675715111743,0.6907779565884482,Ltight,K10,COST1_e25,True,dev_2021_2023,-0.13858983092591193,-0.2000279570052414,10.0,0.974443396344699,0.5678947062763384,1.0514177552594284,0.6153372302827493,0.03393302834061572
23.0,0.02095430650240131,0.4903923924254165,0.3038649259925774,0.06895927996281205,0.2388819530979138,0.3812751477198854,0.29122334756311385,0.2947114220771483,0.5203173941103489,0.4782608695652174,-0.5203173941103489,0.7417476944947803,Ltight,K10,COST1_e25,True,hold_2024_2025,-0.07249056316740635,-0.10307714954344083,10.0,0.974443396344699,0.5678947062763384,1.0514177552594284,0.6153372302827493,0.05809136885848576
6.0,-0.07310757591420583,-0.8728779633212794,0.4154268019082084,-0.17598184705078196,-0.609619000603539,-0.7605890211058125,-0.6828552655498609,-0.26628693979171913,0.7316453455802829,0.3333333333333333,-0.7291105775896376,0.3946316868966729,Ltight,K10,COST1_e25,True,ext_2026,-0.0681133964898152,-0.02390824556610231,10.0,0.974443396344699,0.5678947062763384,1.0514177552594284,0.6153372302827493,0.04435840408105557
83.0,-0.08173547550636191,-2.3862775944087855,0.3991816179451159,-0.20475761365745015,-0.7093011801825254,-0.7524351045153058,-3.4943864072365405,20.500236506764537,1.0,0.43373493975903615,-2.632358483329728,0.6869407405889396,Ltight,K10,COST2_e50,False,overlap_2014_2020,-0.12379822218202369,-0.042062746675661775,10.0,0.974443396344699,0.5678947062763384,1.0514177552594284,0.6153372302827493,0.05727702235950184
69.0,-0.008435031803245157,-0.3030382951827322,0.27284871145098444,-0.030914684399235132,-0.10709160815886436,-0.14883031742241798,-0.03335513545771903,0.6046118585587257,0.9850691231603872,0.463768115942029,-0.7786481161140082,0.7105390370642906,Ltight,K10,COST2_e50,False,post_2021_2026,-0.12128747103308711,-0.11285243922984199,10.0,0.974443396344699,0.5678947062763384,1.0514177552594284,0.6153372302827493,0.08838972048015586
36.0,0.026441521206367488,0.6449390498189626,0.23546976279609672,0.11229263958304628,0.3889931141477123,0.6652478746318158,0.47895657723124563,0.21016588022980454,0.7107123901576644,0.5,-0.42883242879427214,0.6592385159243568,Ltight,K10,COST2_e50,False,dev_2021_2023,-0.14980640481193863,-0.1762479260183061,10.0,0.974443396344699,0.5678947062763384,1.0514177552594284,0.6153372302827493,0.0684103486952841
24.0,-0.0302098877264788,-0.7054538284605872,0.29924393896157564,-0.10095405050244942,-0.34971508940023344,-0.47662565413085783,0.2576798573864811,0.3756760415229876,0.8470694461141209,0.4583333333333333,-0.5591471648358544,0.7105390370642906,Ltight,K10,COST2_e50,False,hold_2024_2025,-0.09200232523837991,-0.06179243751190111,10.0,0.974443396344699,0.5678947062763384,1.0514177552594284,0.6153372302827493,0.11773460065430533
9.0,-0.0898749613797394,-1.301864129341346,0.34411219147375394,-0.2611792421385173,-0.9047514345324924,-1.0313498639856942,-0.9091053468319531,0.8637654251270614,0.790139558947742,0.3333333333333333,-0.7786481161140082,0.33014838979712946,Ltight,K10,COST2_e50,False,ext_2026,-0.08530545803690044,0.00456950334283894,10.0,0.974443396344699,0.5678947062763384,1.0514177552594284,0.6153372302827493,0.090054193821911
66.0,-0.07487356519393822,-1.826514894340572,0.43672352023690264,-0.1714438580118669,-0.593898945444356,-0.636900535631601,-3.403103348963641,18.230564142715465,1.0,0.4696969696969697,-2.632358483329728,0.6869407405889396,Ltight,K10,COST2_e50,True,overlap_2014_2020,-0.12379822218202369,-0.042062746675661775,10.0,0.974443396344699,0.5678947062763384,1.0514177552594284,0.6153372302827493,0.05944595694536406
61.0,-0.013259163112972604,-0.412139227331581,0.2856847683898142,-0.046411865734754885,-0.160775419053321,-0.2220159828881684,0.00577013151230099,0.39778685752618914,0.9872303630059759,0.45901639344262296,-0.7786481161140082,0.7105390370642906,Ltight,K10,COST2_e50,True,post_2021_2026,-0.12128747103308711,-0.11285243922984199,10.0,0.974443396344699,0.5678947062763384,1.0514177552594284,0.6153372302827493,0.09062398368144793
32.0,0.026555841241389835,0.6059056561801891,0.2478436884143073,0.10714753888345072,0.371169962504197,0.6346359059366751,0.4659896275468092,-0.04076579685153803,0.6979005582254114,0.5,-0.42883242879427214,0.6592385159243568,Ltight,K10,COST2_e50,True,dev_2021_2023,-0.14980640481193863,-0.1762479260183061,10.0,0.974443396344699,0.5678947062763384,1.0514177552594284,0.6153372302827493,0.06949723852034435
23.0,-0.04113342425006105,-0.9095518807171212,0.30103705980101053,-0.13663907120688326,-0.47333162725868694,-0.6353038176913646,0.35599857099514975,0.5020523179320149,0.8470694461141209,0.43478260869565216,-0.5591471648358544,0.7105390370642906,Ltight,K10,COST2_e50,True,hold_2024_2025,-0.09200232523837991,-0.06179243751190111,10.0,0.974443396344699,0.5678947062763384,1.0514177552594284,0.6153372302827493,0.12017909961094811
6.0,-0.11875451864406661,-1.3690367086981692,0.41560546535805853,-0.2857385875369937,-0.9898275025940806,-1.1399045449226728,-0.7327210366787629,-0.2792543172431081,0.790139558947742,0.3333333333333333,-0.7786481161140082,0.33014838979712946,Ltight,K10,COST2_e50,True,ext_2026,-0.08530545803690044,0.00456950334283894,10.0,0.974443396344699,0.5678947062763384,1.0514177552594284,0.6153372302827493,0.09000534681091635
83.0,-0.14160767550862585,-3.897487177455771,0.42234006443003874,-0.335293019618515,-1.1614890908049125,-1.1532056894991383,-3.853238256350453,23.37300532891493,1.0,0.3132530120481928,-2.9313037115051683,0.6163833430095645,Ltight,K10,COST3_natural,False,overlap_2014_2020,-0.14562431632594627,-0.0040166408173204415,10.0,0.974443396344699,0.5678947062763384,1.0514177552594284,0.6153372302827493,0.11714922236176578
69.0,-0.11117168166267717,-3.5023188605372524,0.2854344150191792,-0.3894824023066987,-1.3492066188983678,-1.4362977537396404,-0.028766430037581742,0.5400820711412746,0.999997138731557,0.3333333333333333,-0.8834240968867231,0.6448140393659849,Ltight,K10,COST3_natural,False,post_2021_2026,-0.14888670946198293,-0.037715027799305745,10.0,0.974443396344699,0.5678947062763384,1.0514177552594284,0.6153372302827493,0.19112637033958788
36.0,-0.050965633762035584,-1.3307186729072973,0.24045853999586975,-0.21195185566256453,-0.734222765532134,-0.9239548529813087,0.3431266972751196,0.4072696805407383,0.9675126258204129,0.3611111111111111,-0.5966042596537746,0.5939573555332593,Ltight,K10,COST3_natural,False,dev_2021_2023,-0.17095496769238772,-0.1199893339303521,10.0,0.974443396344699,0.5678947062763384,1.0514177552594284,0.6153372302827493,0.14581750366368718
24.0,-0.17306369808643585,-3.0995852304620044,0.31599247211365783,-0.5476829777900133,-1.89722948794584,-1.8732366134200238,0.49812550428648683,0.5459447348749955,0.9959682206680178,0.2916666666666667,-0.6409681059073047,0.6448140393659849,Ltight,K10,COST3_natural,False,hold_2024_2025,-0.1275846733217803,0.04547902476465554,10.0,0.974443396344699,0.5678947062763384,1.0514177552594284,0.6153372302827493,0.2605884110142624
9.0,-0.18695049613522033,-2.5220755652197044,0.3438300665567803,-0.5437293428332197,-1.8835336947063461,-1.7825714730168523,-1.0105242371414003,0.9811645265285502,0.9338642560334087,0.3333333333333333,-0.8834240968867231,0.19078628530988773,Ltight,K10,COST3_natural,False,ext_2026,-0.11741910624757063,0.0695313898876497,10.0,0.974443396344699,0.5678947062763384,1.0514177552594284,0.6153372302827493,0.18712972857739193
66.0,-0.13706954622583778,-3.1054359639438345,0.4620514813108839,-0.29665427288958895,-1.0276405458543412,-1.0358433842370196,-3.733431363289852,20.735277621094653,1.0,0.3484848484848485,-2.9313037115051683,0.6163833430095645,Ltight,K10,COST3_natural,True,overlap_2014_2020,-0.14562431632594627,-0.0040166408173204415,10.0,0.974443396344699,0.5678947062763384,1.0514177552594284,0.6153372302827493,0.12164193797726362
61.0,-0.11925826745865287,-3.273005512569878,0.29873198001686546,-0.39921493323855023,-1.3829210950187727,-1.4692356049922195,0.03636569506781142,0.34015599610388225,0.9999928769144688,0.3114754098360656,-0.8834240968867231,0.6448140393659849,Ltight,K10,COST3_natural,True,post_2021_2026,-0.14888670946198293,-0.037715027799305745,10.0,0.974443396344699,0.5678947062763384,1.0514177552594284,0.6153372302827493,0.1966230880271282
32.0,-0.05224912261914716,-1.2804326828071155,0.2533912824103377,-0.20619936930006844,-0.7142955682327533,-0.904999821661347,0.3476936112430491,0.1386229819850433,0.9378825325965912,0.34375,-0.5966042596537746,0.5939573555332593,Ltight,K10,COST3_natural,True,dev_2021_2023,-0.17095496769238772,-0.1199893339303521,10.0,0.974443396344699,0.5678947062763384,1.0514177552594284,0.6153372302827493,0.14830220238088135
23.0,-0.18730066898876235,-3.2618932997441155,0.31512572930975014,-0.5943680619130175,-2.058951363259181,-1.9846516236550544,0.6198538950604645,0.8499657519103545,0.9959682206680178,0.2608695652173913,-0.6409681059073047,0.6448140393659849,Ltight,K10,COST3_natural,True,hold_2024_2025,-0.1275846733217803,0.04547902476465554,10.0,0.974443396344699,0.5678947062763384,1.0514177552594284,0.6153372302827493,0.26634634434964943
6.0,-0.2158111674039304,-2.2766135741746156,0.417905905921644,-0.5164109057707221,-1.7888998527551092,-1.758263385335312,-0.8056029757642793,-0.31551512406751137,0.9005973513912107,0.3333333333333333,-0.8834240968867231,0.19078628530988773,Ltight,K10,COST3_natural,True,ext_2026,-0.11741910624757063,0.0695313898876497,10.0,0.974443396344699,0.5678947062763384,1.0514177552594284,0.6153372302827493,0.18706199557078013
83.0,-0.19648908763704864,-5.331091442669162,0.4372811981835869,-0.44934263913756295,-1.556568561986693,-1.4638162269933337,-3.8958714520675395,23.61245788206667,1.0,0.24096385542168675,-3.0922257657283594,0.595642073932503,Ltight,K10,COST4_nat_1tick,False,overlap_2014_2020,-0.16599265125392032,0.030496436383128333,10.0,0.974443396344699,0.5678947062763384,1.0514177552594284,0.6153372302827493,0.17203063449018857
69.0,-0.14780064897682746,-4.598314635092684,0.2867770369661086,-0.5153852293769762,-1.7853468055029251,-1.7420219787798379,-0.03487523638625512,0.4959089939382171,0.9999999177351103,0.30434782608695654,-0.918091524643394,0.6169372566004435,Ltight,K10,COST4_nat_1tick,False,post_2021_2026,-0.1612289454003283,-0.013428296423500833,10.0,0.974443396344699,0.5678947062763384,1.0514177552594284,0.6153372302827493,0.22775533765373818
36.0,-0.08686180170840767,-2.3187412027408185,0.23928767307949955,-0.36300157292076307,-1.2574743350523607,-1.4014710118496243,0.2806672116943185,0.4972924499017082,0.991390622197343,0.3333333333333333,-0.6580150468036601,0.5499231480674429,Ltight,K10,COST4_nat_1tick,False,dev_2021_2023,-0.1841896740908438,-0.09732787238243613,10.0,0.974443396344699,0.5678947062763384,1.0514177552594284,0.6153372302827493,0.18171367161005925
24.0,-0.21213710460238042,-3.6356975637477964,0.3204120256155323,-0.6620759760650409,-2.2934984580308133,-2.0914144989175045,0.5430411608206512,0.4774375145971521,0.9989047314426333,0.25,-0.6801374050330069,0.6169372566004435,Ltight,K10,COST4_nat_1tick,False,hold_2024_2025,-0.13943440831220996,0.07270269629017043,10.0,0.974443396344699,0.5678947062763384,1.0514177552594284,0.6153372302827493,0.29966181753020693
9.0,-0.21999215638236544,-2.899116243152592,0.3440822420835729,-0.6393592271725907,-2.214805331501798,-1.976602329415692,-1.0332879494494422,0.9896362529731073,0.9620893010162009,0.3333333333333333,-0.918091524643394,0.1541895145426942,Ltight,K10,COST4_nat_1tick,False,ext_2026,-0.1275047962065818,0.09248736017578361,10.0,0.974443396344699,0.5678947062763384,1.0514177552594284,0.6153372302827493,0.22017138882453705
66.0,-0.1916404311269267,-4.303291102276656,0.4764688992405245,-0.4022097379963207,-1.3932954030171876,-1.337820171574664,-3.809666002350716,21.323121012986682,1.0,0.25757575757575757,-3.0922257657283594,0.595642073932503,Ltight,K10,COST4_nat_1tick,True,overlap_2014_2020,-0.16599265125392032,0.030496436383128333,10.0,0.974443396344699,0.5678947062763384,1.0514177552594284,0.6153372302827493,0.17621282287835255
61.0,-0.15629360533381204,-4.244720065326254,0.3000814030831497,-0.5208373585566867,-1.8042335350003,-1.7601016168040353,0.0328760768957659,0.2981534455524555,0.9999997138281803,0.2786885245901639,-0.918091524643394,0.6169372566004435,Ltight,K10,COST4_nat_1tick,True,post_2021_2026,-0.1612289454003283,-0.013428296423500833,10.0,0.974443396344699,0.5678947062763384,1.0514177552594284,0.6153372302827493,0.23365842590228736
32.0,-0.08831244501799324,-2.2227832738016815,0.2524057087763334,-0.34988291447976066,-1.2120299691584437,-1.3645023150068967,0.2885560214295698,0.20906791573221284,0.9809803397757502,0.3125,-0.6580150468036601,0.5499231480674429,Ltight,K10,COST4_nat_1tick,True,dev_2021_2023,-0.1841896740908438,-0.09732787238243613,10.0,0.974443396344699,0.5678947062763384,1.0514177552594284,0.6153372302827493,0.18436552477972742
23.0,-0.22704078945055303,-3.7972469677487894,0.31899407089705806,-0.7117398414712884,-2.4655391343985795,-2.1912183836024837,0.6694670610667122,0.809635582888486,0.9989047314426333,0.21739130434782608,-0.6801374050330069,0.6169372566004435,Ltight,K10,COST4_nat_1tick,True,hold_2024_2025,-0.13943440831220996,0.07270269629017043,10.0,0.974443396344699,0.5678947062763384,1.0514177552594284,0.6153372302827493,0.3060864648114401
6.0,-0.24766225457067212,-2.5234656763168304,0.41861917236657625,-0.5916170852151018,-2.049421700436725,-1.918163946227574,-0.8367345438833962,-0.3146620257328596,0.932505181671744,0.3333333333333333,-0.918091524643394,0.1541895145426942,Ltight,K10,COST4_nat_1tick,True,ext_2026,-0.1275047962065818,0.09248736017578361,10.0,0.974443396344699,0.5678947062763384,1.0514177552594284,0.6153372302827493,0.21891308273752186
83.0,-0.06656985557734828,-1.1540753908422894,0.6449933473332464,-0.10321014294579052,-0.35753042287711145,-0.40761343617297846,-2.677653557782096,13.647030460358511,1.0,0.5180722891566265,-3.6504474475960653,1.3286760686554389,Ltight,K5,COST0_mid,False,overlap_2014_2020,-0.0914535518503348,-0.024883696272986526,5.0,0.9858027799762591,0.5012144809341341,1.3272973185192083,0.7525618545490129,0.0
69.0,0.040109781019155105,1.0056145090769164,0.4248076530018706,0.0944186874594241,0.32707592772737787,0.54430401219278,0.8595460009475067,3.3792269473546543,1.0,0.5652173913043478,-1.0277596733150178,1.714783966075013,Ltight,K5,COST0_mid,False,post_2021_2026,-0.11975004956986987,-0.159859830589025,5.0,0.9858027799762591,0.5012144809341341,1.3272973185192083,0.7525618545490129,0.0
36.0,0.017337860244080093,0.3375203626116288,0.3110026283286549,0.05574827562472607,0.19311769163275827,0.27060732738017207,-0.3425719504737937,-0.1365484373879453,0.9281260109592303,0.6388888888888888,-0.6666727783054924,0.7070853313038978,Ltight,K5,COST0_mid,False,dev_2021_2023,-0.17668662487282266,-0.19402448511690276,5.0,0.9858027799762591,0.5012144809341341,1.3272973185192083,0.7525618545490129,0.0
24.0,0.12476177624471256,1.8416014772234792,0.5423456983683983,0.230041054294425,0.7968855877293095,1.7942505587958415,1.2818172883652195,2.4901975571532877,0.85582001096394,0.5,-0.7274810685566159,1.714783966075013,Ltight,K5,COST0_mid,False,hold_2024_2025,-0.05971614156206632,-0.18447791780677888,5.0,0.9858027799762591,0.5012144809341341,1.3272973185192083,0.7525618545490129,0.0
9.0,-0.09454118981536477,-1.4224681269349546,0.4699826810423247,-0.20115888016488587,-0.6968348016784831,-0.8518124319648075,-0.595643438675271,1.3080143661484112,1.0,0.4444444444444444,-1.0277596733150178,0.6243646479255226,Ltight,K5,COST0_mid,False,ext_2026,-0.052094169712201314,0.04244702010316345,5.0,0.9858027799762591,0.5012144809341341,1.3272973185192083,0.7525618545490129,0.0
66.0,-0.06595463882690238,-0.8494393015060842,0.7004284020435902,-0.09416328440490307,-0.3261911855937004,-0.3733603304479365,-2.608830006999579,12.269280099424243,1.0,0.5303030303030303,-3.6504474475960653,1.3286760686554389,Ltight,K5,COST0_mid,True,overlap_2014_2020,-0.0914535518503348,-0.024883696272986526,5.0,0.9858027799762591,0.5012144809341341,1.3272973185192083,0.7525618545490129,0.0
62.0,0.04973658856946153,1.1723042741953786,0.4455580323211189,0.11162763312864213,0.3866894642149339,0.6472280202087443,0.7737161110838813,2.830670421654825,1.0,0.5806451612903226,-1.0277596733150178,1.714783966075013,Ltight,K5,COST0_mid,True,post_2021_2026,-0.11975004956986987,-0.159859830589025,5.0,0.9858027799762591,0.5012144809341341,1.3272973185192083,0.7525618545490129,0.0
31.0,0.016879325119517383,0.29822920762834076,0.33483382204807055,0.05041105171595866,0.17462900567004525,0.24498459053945187,-0.31855921890750843,-0.522742136126261,0.9033250719002948,0.6451612903225806,-0.6666727783054924,0.7070853313038978,Ltight,K5,COST0_mid,True,dev_2021_2023,-0.17668662487282266,-0.19402448511690276,5.0,0.9858027799762591,0.5012144809341341,1.3272973185192083,0.7525618545490129,0.0
24.0,0.12476177624471256,1.8416014772234792,0.5423456983683983,0.230041054294425,0.7968855877293095,1.7942505587958415,1.2818172883652195,2.4901975571532877,0.85582001096394,0.5,-0.7274810685566159,1.714783966075013,Ltight,K5,COST0_mid,True,hold_2024_2025,-0.05971614156206632,-0.18447791780677888,5.0,0.9858027799762591,0.5012144809341341,1.3272973185192083,0.7525618545490129,0.0
7.0,-0.06198188818164644,-0.6968508688055725,0.5362384122002136,-0.11558643836671749,-0.4004031678341666,-0.5111607044651576,-0.8287850513118894,0.9789694482203837,1.0,0.5714285714285714,-1.0277596733150178,0.6243646479255226,Ltight,K5,COST0_mid,True,ext_2026,-0.052094169712201314,0.04244702010316345,5.0,0.9858027799762591,0.5012144809341341,1.3272973185192083,0.7525618545490129,0.0
83.0,-0.09770962021911038,-1.6615169407358452,0.6565200249024629,-0.1488296114556853,-0.5155608974239638,-0.5722741706901548,-2.8146051612723473,14.394328210433539,1.0,0.4819277108433735,-3.8106373723988978,1.2586639099654162,Ltight,K5,COST1_e25,False,overlap_2014_2020,-0.10346820935087375,-0.005758589131763341,5.0,0.9858027799762591,0.5012144809341341,1.3272973185192083,0.7525618545490129,0.031139764641762102
69.0,-0.0019573831304101966,-0.050087988034166975,0.41990717626735097,-0.0046614662502551495,-0.016147792766418995,-0.02435598031677888,0.6969673942430914,2.800312659416523,1.0,0.5072463768115942,-1.0916280028134557,1.5586731551518402,Ltight,K5,COST1_e25,False,post_2021_2026,-0.13455235637477464,-0.13259497324436442,5.0,0.9858027799762591,0.5012144809341341,1.3272973185192083,0.7525618545490129,0.0420671641495653
36.0,-0.0176820173596465,-0.35216971828606297,0.31232010205520555,-0.05661504732897736,-0.19612027689341088,-0.25350402613341627,-0.37241916422634025,-0.07380625705330024,0.9783068182562052,0.5277777777777778,-0.7422382573704873,0.6657844444353271,Ltight,K5,COST1_e25,False,dev_2021_2023,-0.18764209833888168,-0.16996008097923518,5.0,0.9858027799762591,0.5012144809341341,1.3272973185192083,0.7525618545490129,0.035019877603726594
24.0,0.07345404359918255,1.0840799034596829,0.5313141963363043,0.13824972889052747,0.4789111091420329,0.9560108399623298,1.1658753097371786,2.0013229389235607,0.9337680685683349,0.5,-0.7822388667572804,1.5586731551518402,Ltight,K5,COST1_e25,False,hold_2024_2025,-0.07965478901116342,-0.15310883261034594,5.0,0.9858027799762591,0.5012144809341341,1.3272973185192083,0.7525618545490129,0.05130773264553001
9.0,-0.14015598415904557,-2.0769807705324532,0.46981481215997656,-0.2983217653668209,-1.0334169092379506,-1.1715049514236782,-0.7231214870098931,1.4464217474965224,1.0,0.4444444444444444,-1.0916280028134557,0.5501992409996538,Ltight,K5,COST1_e25,False,ext_2026,-0.06858690148797636,0.07156908267106923,5.0,0.9858027799762591,0.5012144809341341,1.3272973185192083,0.7525618545490129,0.04561479434368079
66.0,-0.09821052355107873,-1.242560725468749,0.7134714564316471,-0.13765165048405495,-0.4768393047681924,-0.5319015997165814,-2.7360653406861246,12.899905350450577,1.0,0.5,-3.8106373723988978,1.2586639099654162,Ltight,K5,COST1_e25,True,overlap_2014_2020,-0.10346820935087375,-0.005758589131763341,5.0,0.9858027799762591,0.5012144809341341,1.3272973185192083,0.7525618545490129,0.032255884724176356
62.0,0.006703487528605245,0.16120011791415154,0.4404866232019348,0.015218367994644247,0.05271797315000785,0.0801724955964629,0.6217771582509222,2.3081194760922235,1.0,0.5161290322580645,-1.0916280028134557,1.5586731551518402,Ltight,K5,COST1_e25,True,post_2021_2026,-0.13455235637477464,-0.13259497324436442,5.0,0.9858027799762591,0.5012144809341341,1.3272973185192083,0.7525618545490129,0.04303310104085629
31.0,-0.01881550467748246,-0.34083335373520435,0.3364143097903759,-0.05592956104990493,-0.1937456827669213,-0.25114408847795283,-0.34030991088091356,-0.475378762064381,0.9667672155911631,0.5161290322580645,-0.7422382573704873,0.6657844444353271,Ltight,K5,COST1_e25,True,dev_2021_2023,-0.18764209833888168,-0.16996008097923518,5.0,0.9858027799762591,0.5012144809341341,1.3272973185192083,0.7525618545490129,0.03569482979699984
24.0,0.07345404359918255,1.0840799034596829,0.5313141963363043,0.13824972889052747,0.4789111091420329,0.9560108399623298,1.1658753097371786,2.0013229389235607,0.9337680685683349,0.5,-0.7822388667572804,1.5586731551518402,Ltight,K5,COST1_e25,True,hold_2024_2025,-0.07965478901116342,-0.15310883261034594,5.0,0.9858027799762591,0.5012144809341341,1.3272973185192083,0.7525618545490129,0.05130773264553001
7.0,-0.10914288208641422,-1.1904113251602344,0.5364471353598912,-0.20345505622505103,-0.7047889888771419,-0.8414426094547298,-0.940134053980293,1.141303746750732,1.0,0.5714285714285714,-1.0916280028134557,0.5501992409996538,Ltight,K5,COST1_e25,True,ext_2026,-0.06858690148797636,0.07156908267106923,5.0,0.9858027799762591,0.5012144809341341,1.3272973185192083,0.7525618545490129,0.04716099390476778
83.0,-0.12955810578283233,-2.1571734213500857,0.6689325747622485,-0.19367887089200247,-0.6709232894750424,-0.7257011731132341,-2.9480976962733085,15.160912973074758,1.0,0.43373493975903615,-3.977029683714155,1.1868649599667513,Ltight,K5,COST2_e50,False,overlap_2014_2020,-0.11506385206572883,0.014494253717103505,5.0,0.9858027799762591,0.5012144809341341,1.3272973185192083,0.7525618545490129,0.06298825020548406
69.0,-0.04653121338082461,-1.2075804467953652,0.416281494484105,-0.11177824140006619,-0.3872111865712271,-0.5292142339011238,0.5384631611438683,2.297078438488212,1.0,0.463768115942029,-1.1579735831623301,1.3959073775153823,Ltight,K5,COST2_e50,False,post_2021_2026,-0.1486186458758914,-0.10208743249506677,5.0,0.9858027799762591,0.5012144809341341,1.3272973185192083,0.7525618545490129,0.08664099439997971
36.0,-0.05496390163261215,-1.1232688205838668,0.3150596673692332,-0.1744555312064028,-0.6043316874218149,-0.7202005207599506,-0.40615173935308124,0.009007215640868704,0.9950495078596563,0.4722222222222222,-0.8267119734331403,0.6211665374810895,Ltight,K5,COST2_e50,False,dev_2021_2023,-0.19818757571256548,-0.14322367407995332,5.0,0.9858027799762591,0.5012144809341341,1.3272973185192083,0.7525618545490129,0.07230176187669224
24.0,0.018933508844180453,0.274622225947232,0.5216188900882234,0.03629759045148491,0.1257385417085976,0.22203176207936953,1.0559051550155054,1.5592787858799455,0.9802129182566068,0.5,-0.8377189812846603,1.3959073775153823,Ltight,K5,COST2_e50,False,hold_2024_2025,-0.09834571104175514,-0.11727921988593559,5.0,0.9858027799762591,0.5012144809341341,1.3272973185192083,0.7525618545490129,0.10582826740053211
9.0,-0.18737305297368784,-2.7192622146348553,0.4700560341309876,-0.3986185462337321,-1.380855149832135,-1.4551221861583226,-0.8522030017127423,1.6203601180609777,1.0,0.3333333333333333,-1.1579735831623301,0.4724869714974529,Ltight,K5,COST2_e50,False,ext_2026,-0.08440408608689162,0.10296896688679626,5.0,0.9858027799762591,0.5012144809341341,1.3272973185192083,0.7525618545490129,0.09283186315832306
66.0,-0.13117938444871535,-1.6277602775591014,0.7274767232090724,-0.18032107456311725,-0.6246505256374699,-0.6796629287318394,-2.8596767089811204,13.544965013918944,1.0,0.4393939393939394,-3.977029683714155,1.1868649599667513,Ltight,K5,COST2_e50,True,overlap_2014_2020,-0.11506385206572883,0.014494253717103505,5.0,0.9858027799762591,0.5012144809341341,1.3272973185192083,0.7525618545490129,0.06522474562181298
62.0,-0.03896928689107244,-0.9490832190199251,0.43674779091076626,-0.08922606525337735,-0.30908815675661117,-0.4268978501176333,0.4750271380315998,1.8547907502213765,1.0,0.5,-1.1579735831623301,1.3959073775153823,Ltight,K5,COST2_e50,True,post_2021_2026,-0.1486186458758914,-0.10208743249506677,5.0,0.9858027799762591,0.5012144809341341,1.3272973185192083,0.7525618545490129,0.08870587546053396
31.0,-0.056899907951855115,-1.0599839895616265,0.3394443537158068,-0.16762661487512462,-0.5806756273289935,-0.6951851243736223,-0.36488874466475374,-0.4087414921283741,0.9910732493308608,0.5161290322580645,-0.8267119734331403,0.6211665374810895,Ltight,K5,COST2_e50,True,dev_2021_2023,-0.19818757571256548,-0.14322367407995332,5.0,0.9858027799762591,0.5012144809341341,1.3272973185192083,0.7525618545490129,0.07377923307137249
24.0,0.018933508844180453,0.274622225947232,0.5216188900882234,0.03629759045148491,0.1257385417085976,0.22203176207936953,1.0559051550155054,1.5592787858799455,0.9802129182566068,0.5,-0.8377189812846603,1.3959073775153823,Ltight,K5,COST2_e50,True,hold_2024_2025,-0.09834571104175514,-0.11727921988593559,5.0,0.9858027799762591,0.5012144809341341,1.3272973185192083,0.7525618545490129,0.10582826740053211
7.0,-0.15808612185704482,-1.665019959540593,0.5371614161894089,-0.294299100963912,-1.0194819909826767,-1.140690087156594,-1.0507714434399391,1.3291233657142634,1.0,0.42857142857142855,-1.1579735831623301,0.4724869714974529,Ltight,K5,COST2_e50,True,ext_2026,-0.08440408608689162,0.10296896688679626,5.0,0.9858027799762591,0.5012144809341341,1.3272973185192083,0.7525618545490129,0.09610423367539839
83.0,-0.19617415855931164,-3.114093393169141,0.6966547566748905,-0.2815945153315887,-0.9754720153740896,-1.004176195870728,-3.202189056605271,16.730690686487055,1.0,0.37349397590361444,-4.330623536081944,1.0365950166627222,Ltight,K5,COST3_natural,False,overlap_2014_2020,-0.13710710116445116,0.05906705739486057,5.0,0.9858027799762591,0.5012144809341341,1.3272973185192083,0.7525618545490129,0.12960430298196335
69.0,-0.1488295197159444,-3.8218278719943624,0.4161040782116115,-0.35767378285645285,-1.2390183288854688,-1.3792285241561781,0.24384920224982845,1.497366922354634,1.0,0.3333333333333333,-1.2999702820746215,1.0679583730903655,Ltight,K5,COST3_natural,False,post_2021_2026,-0.1748427819978817,-0.026013262281937333,5.0,0.9858027799762591,0.5012144809341341,1.3272973185192083,0.7525618545490129,0.1889393007350995
36.0,-0.14030921043778935,-3.043975912025503,0.32919906473919097,-0.4262138792798509,-1.4764481876074593,-1.4832596139588414,-0.5159269004348179,0.20877945398719433,1.0,0.3888888888888889,-1.0344353019098695,0.5107207183870393,Ltight,K5,COST3_natural,False,dev_2021_2023,-0.2181710309700912,-0.07786182053230185,5.0,0.9858027799762591,0.5012144809341341,1.3272973185192083,0.7525618545490129,0.15764707068186945
24.0,-0.10930774326077812,-1.409470909873911,0.5101157154907869,-0.21428028963117154,-0.7422886974035271,-1.0096608770689615,0.877775945830909,0.8751300013739756,0.9996764208096247,0.2916666666666667,-0.9517453642078884,1.0679583730903655,Ltight,K5,COST3_natural,False,hold_2024_2025,-0.13259437172359864,-0.023286628462820497,5.0,0.9858027799762591,0.5012144809341341,1.3272973185192083,0.7525618545490129,0.23406951950549068
9.0,-0.28830216070900794,-3.929828356688416,0.47176356926580243,-0.6111157780955567,-2.1169671539369834,-1.9339387774794783,-1.1124884621949864,2.0908604109803166,1.0,0.2222222222222222,-1.2999702820746215,0.3019761523673026,Ltight,K5,COST3_natural,False,ext_2026,-0.1141922135071321,0.17410994720187584,5.0,0.9858027799762591,0.5012144809341341,1.3272973185192083,0.7525618545490129,0.19376097089364316
66.0,-0.20008845645705406,-2.3753277773058272,0.7586347413040209,-0.26374808002217387,-0.9136501499942942,-0.9481056046816878,-3.0937902111124314,14.8598495822759,1.0,0.3787878787878788,-4.330623536081944,1.0365950166627222,Ltight,K5,COST3_natural,True,overlap_2014_2020,-0.13710710116445116,0.05906705739486057,5.0,0.9858027799762591,0.5012144809341341,1.3272973185192083,0.7525618545490129,0.1341338176301517
62.0,-0.14431035169894846,-3.452743445611892,0.43667974231736084,-0.33047182572089556,-1.1447879852372769,-1.2933629430676474,0.20938069414196087,1.1347095475282347,1.0,0.3548387096774194,-1.2999702820746215,1.0679583730903655,Ltight,K5,COST3_natural,True,post_2021_2026,-0.1748427819978817,-0.026013262281937333,5.0,0.9858027799762591,0.5012144809341341,1.3272973185192083,0.7525618545490129,0.19404694026841
31.0,-0.14455800812120329,-2.8750096882510774,0.3544106045896778,-0.40788285183669,-1.4129476458344712,-1.4340757904464239,-0.45085100592990873,-0.23812404464094428,1.0,0.41935483870967744,-1.0344353019098695,0.5107207183870393,Ltight,K5,COST3_natural,True,dev_2021_2023,-0.2181710309700912,-0.07786182053230185,5.0,0.9858027799762591,0.5012144809341341,1.3272973185192083,0.7525618545490129,0.16143733324072068
24.0,-0.10930774326077812,-1.409470909873911,0.5101157154907869,-0.21428028963117154,-0.7422886974035271,-1.0096608770689615,0.877775945830909,0.8751300013739756,0.9996764208096247,0.2916666666666667,-0.9517453642078884,1.0679583730903655,Ltight,K5,COST3_natural,True,hold_2024_2025,-0.13259437172359864,-0.023286628462820497,5.0,0.9858027799762591,0.5012144809341341,1.3272973185192083,0.7525618545490129,0.23406951950549068
7.0,-0.2632225307598321,-2.546684317423196,0.5401284905202748,-0.4873331723462411,-1.6881716294348192,-1.6619931753407535,-1.2654012815403182,1.7854475284165678,1.0,0.2857142857142857,-1.2999702820746215,0.3019761523673026,Ltight,K5,COST3_natural,True,ext_2026,-0.1141922135071321,0.17410994720187584,5.0,0.9858027799762591,0.5012144809341341,1.3272973185192083,0.7525618545490129,0.20124064257818566
83.0,-0.251636782629292,-3.932912371842666,0.7139440373639526,-0.3524600941530285,-1.220957581427111,-1.2126581969403796,-3.2589665265022503,16.955660678416354,1.0,0.30120481927710846,-4.505354043438805,0.9666462891366644,Ltight,K5,COST4_nat_1tick,False,overlap_2014_2020,-0.155913679940354,0.09572310268893801,5.0,0.9858027799762591,0.5012144809341341,1.3272973185192083,0.7525618545490129,0.18506692705194372
69.0,-0.18536750358144644,-4.674327654092336,0.41761442875915,-0.4438723636351011,-1.5376189717833664,-1.5998379391864432,0.1566493994108487,1.3137798034122987,1.0,0.30434782608695654,-1.345632318894181,1.0330747782888954,Ltight,K5,COST4_nat_1tick,False,post_2021_2026,-0.186890422219939,-0.001522918638492553,5.0,0.9858027799762591,0.5012144809341341,1.3272973185192083,0.7525618545490129,0.22547728460060154
36.0,-0.17449031262916487,-3.695145208975775,0.3364797145572242,-0.5185760242895409,-1.7964000433131138,-1.6995468732906573,-0.5621624255624245,0.2621730417478281,1.0,0.3611111111111111,-1.0884071357867768,0.4878672446645684,Ltight,K5,COST4_nat_1tick,False,dev_2021_2023,-0.23053641585565898,-0.05604610322649412,5.0,0.9858027799762591,0.5012144809341341,1.3272973185192083,0.7525618545490129,0.19182817287324497
24.0,-0.14939968617301805,-1.8942430348668062,0.506457685063388,-0.29498947410447385,-1.0218735136939445,-1.2819370791231903,0.8171407721850568,0.7294143838528195,0.9999896307468877,0.25,-0.9948408017497207,1.0330747782888954,Ltight,K5,COST4_nat_1tick,False,hold_2024_2025,-0.14494993108765422,0.0044497550853637895,5.0,0.9858027799762591,0.5012144809341341,1.3272973185192083,0.7525618545490129,0.2741614624177306
9.0,-0.32479044714638206,-4.285040619629482,0.4726163630263116,-0.6872179479073607,-2.3805928032975414,-2.0731958470348175,-1.1753055596659263,2.174482931013274,1.0,0.2222222222222222,-1.345632318894181,0.23850028838742524,Ltight,K5,COST4_nat_1tick,False,ext_2026,-0.124147757363152,0.20064268978323005,5.0,0.9858027799762591,0.5012144809341341,1.3272973185192083,0.7525618545490129,0.23024925733101728
66.0,-0.254325015678772,-2.9765202956088745,0.7764069081656433,-0.3275666573854245,-1.1347241869141245,-1.1400209685158034,-3.1658393168150125,15.186441091522141,1.0,0.30303030303030304,-4.505354043438805,0.9666462891366644,Ltight,K5,COST4_nat_1tick,True,overlap_2014_2020,-0.155913679940354,0.09572310268893801,5.0,0.9858027799762591,0.5012144809341341,1.3272973185192083,0.7525618545490129,0.18837037685186964
62.0,-0.18149143649608904,-4.261388264814954,0.4381838013260467,-0.4141902004292571,-1.4347969422812197,-1.517635012369622,0.12955781262160274,0.9718351988504401,1.0,0.3387096774193548,-1.345632318894181,1.0330747782888954,Ltight,K5,COST4_nat_1tick,True,post_2021_2026,-0.186890422219939,-0.001522918638492553,5.0,0.9858027799762591,0.5012144809341341,1.3272973185192083,0.7525618545490129,0.23122802506555057
31.0,-0.17961890899336208,-3.495005940253028,0.36209043353080905,-0.49606090733153524,-1.7184053902938712,-1.6462751957143433,-0.48833581281228583,-0.19233770073295764,1.0,0.41935483870967744,-1.0884071357867768,0.4878672446645684,Ltight,K5,COST4_nat_1tick,True,dev_2021_2023,-0.23053641585565898,-0.05604610322649412,5.0,0.9858027799762591,0.5012144809341341,1.3272973185192083,0.7525618545490129,0.19649823411287948
24.0,-0.14939968617301805,-1.8942430348668062,0.506457685063388,-0.29498947410447385,-1.0218735136939445,-1.2819370791231903,0.8171407721850568,0.7294143838528195,0.9999896307468877,0.25,-0.9948408017497207,1.0330747782888954,Ltight,K5,COST4_nat_1tick,True,hold_2024_2025,-0.14494993108765422,0.0044497550853637895,5.0,0.9858027799762591,0.5012144809341341,1.3272973185192083,0.7525618545490129,0.2741614624177306
7.0,-0.2998129165444094,-2.7863312239504276,0.5410963677499414,-0.5540841417789056,-1.9194037704585236,-1.8117754543279465,-1.3250266840919942,1.890313726226192,1.0,0.2857142857142857,-1.345632318894181,0.23850028838742524,Ltight,K5,COST4_nat_1tick,True,ext_2026,-0.124147757363152,0.20064268978323005,5.0,0.9858027799762591,0.5012144809341341,1.3272973185192083,0.7525618545490129,0.23783102836276296
83.0,-0.0655453110372666,-0.9025620273803651,0.7192299510442379,-0.09113262169088268,-0.31569266199112467,-0.3566166065828635,-3.239486927290457,20.147789604814562,1.0,0.5542168674698795,-4.669444354078172,1.6383206220419793,Ltight,K3,COST0_mid,False,overlap_2014_2020,-0.0905663318301735,-0.02502102079290694,3.0,0.990031166244434,0.45756835836611354,1.5244611459288577,0.858298743457456,0.0
69.0,0.0022749833383058785,0.04695081477623774,0.4717520238040507,0.004822413521326677,0.016705330468089887,0.025727346537460553,0.5082171442899547,1.4761998979748912,1.0,0.4492753623188406,-1.2801502145863175,1.461522752604541,Ltight,K3,COST0_mid,False,post_2021_2026,-0.18013630858445728,-0.18241129192276317,3.0,0.990031166244434,0.45756835836611354,1.5244611459288577,0.858298743457456,0.0
36.0,0.004495522202420693,0.061412686780057034,0.4292509056476398,0.010472947507560865,0.03627935437619451,0.05700446500133152,0.5897523430171882,0.6571166840659215,0.9901733164446538,0.4444444444444444,-0.7806861914216192,1.2477654142842736,Ltight,K3,COST0_mid,False,dev_2021_2023,-0.17472502976870186,-0.17922055197112252,3.0,0.990031166244434,0.45756835836611354,1.5244611459288577,0.858298743457456,0.0
24.0,0.04561624087679176,0.5930733133185245,0.49347835433666754,0.0924381798632465,0.32021524816466646,0.5737764569668338,0.9508356920146381,2.284892579071793,0.9687659287125683,0.5,-0.7924461243220073,1.461522752604541,Ltight,K3,COST0_mid,False,hold_2024_2025,-0.21324930870773628,-0.258865549584528,3.0,0.990031166244434,0.45756835836611354,1.5244611459288577,0.858298743457456,0.0
9.0,-0.12218385888744906,-1.5789650522568888,0.6019525647022731,-0.20297921472912311,-0.7031406255825484,-0.9052950965974883,-0.07466015117142656,2.4962954524656764,1.0,0.3333333333333333,-1.2801502145863175,1.009455498215843,Ltight,K3,COST0_mid,False,ext_2026,-0.11348009018540174,0.008703768702047294,3.0,0.990031166244434,0.45756835836611354,1.5244611459288577,0.858298743457456,0.0
66.0,-0.036432817467923824,-0.4047556917012779,0.7760712093483585,-0.046945199137737974,-0.16262294015600162,-0.18619335209768287,-3.295988359499614,19.289814968302515,1.0,0.5757575757575758,-4.669444354078172,1.6383206220419793,Ltight,K3,COST0_mid,True,overlap_2014_2020,-0.0905663318301735,-0.02502102079290694,3.0,0.990031166244434,0.45756835836611354,1.5244611459288577,0.858298743457456,0.0
62.0,0.00996890328192627,0.20236502987678662,0.48420257209267203,0.020588290638031373,0.07131993085212998,0.11297504721926258,0.5454483928245146,1.3607597944191103,1.0,0.43548387096774194,-1.2801502145863175,1.461522752604541,Ltight,K3,COST0_mid,True,post_2021_2026,-0.18013630858445728,-0.18241129192276317,3.0,0.990031166244434,0.45756835836611354,1.5244611459288577,0.858298743457456,0.0
30.0,0.01236163405712332,0.1619634168133065,0.4426662846934991,0.027925402237675454,0.096736430994903,0.16306289256815432,0.7916841043543367,0.5143544211677846,0.9199357756366564,0.4,-0.717128215427865,1.2477654142842736,Ltight,K3,COST0_mid,True,dev_2021_2023,-0.17472502976870186,-0.17922055197112252,3.0,0.990031166244434,0.45756835836611354,1.5244611459288577,0.858298743457456,0.0
24.0,0.04561624087679176,0.5930733133185245,0.49347835433666754,0.0924381798632465,0.32021524816466646,0.5737764569668338,0.9508356920146381,2.284892579071793,0.9687659287125683,0.5,-0.7924461243220073,1.461522752604541,Ltight,K3,COST0_mid,True,hold_2024_2025,-0.21324930870773628,-0.258865549584528,3.0,0.990031166244434,0.45756835836611354,1.5244611459288577,0.858298743457456,0.0
8.0,-0.1059458499096591,-1.2209756438438841,0.6414036694015748,-0.1651781163155893,-0.5721937795142448,-0.7523400078913183,-0.17284991180191497,2.139691484526603,1.0,0.375,-1.2801502145863175,1.009455498215843,Ltight,K3,COST0_mid,True,ext_2026,-0.11348009018540174,0.008703768702047294,3.0,0.990031166244434,0.45756835836611354,1.5244611459288577,0.858298743457456,0.0
83.0,-0.09895134714434453,-1.3317579448425696,0.7364452483363367,-0.1343634810162468,-0.4654487516039115,-0.5130730893032663,-3.401507052145492,21.274763262673613,1.0,0.5180722891566265,-4.877613499343029,1.5724083206565498,Ltight,K3,COST1_e25,False,overlap_2014_2020,-0.1035856469569424,-0.004634299812597856,3.0,0.990031166244434,0.45756835836611354,1.5244611459288577,0.858298743457456,0.03340603610707793
69.0,-0.039574612597917336,-0.812618042142166,0.47417669225754117,-0.08345963275736684,-0.2891126486335983,-0.40850851160105245,0.4334678970800472,1.417636079746143,1.0,0.42028985507246375,-1.349487122235193,1.4361719261402446,Ltight,K3,COST1_e25,False,post_2021_2026,-0.1942723214647784,-0.15469770886686104,3.0,0.990031166244434,0.45756835836611354,1.5244611459288577,0.858298743457456,0.04184959593622321
36.0,-0.03194745122869099,-0.43980585520930365,0.4333115262738833,-0.07372859776755156,-0.2554033546084172,-0.3669068005577258,0.5230121599990657,0.4128228434452539,0.9976077021006687,0.4444444444444444,-0.8115454928332408,1.190787188473727,Ltight,K3,COST1_e25,False,dev_2021_2023,-0.185791760953549,-0.153844309724858,3.0,0.990031166244434,0.45756835836611354,1.5244611459288577,0.858298743457456,0.036442973431111685
24.0,-0.003757923072034671,-0.04702282610130577,0.49710180999394166,-0.0075596648342126736,-0.026187447162096207,-0.04234499287885302,0.9086923094081358,2.329076682925042,0.9900368826283994,0.4583333333333333,-0.8489771657109209,1.4361719261402446,Ltight,K3,COST1_e25,False,hold_2024_2025,-0.23143183124849362,-0.22767390817645894,3.0,0.990031166244434,0.45756835836611354,1.5244611459288577,0.858298743457456,0.04937416394882643
9.0,-0.16559443014384317,-2.156156514891135,0.5977513687938952,-0.27702894345180523,-0.9596564104513041,-1.1531143673671185,-0.2798831395137507,2.519858327222204,1.0,0.2222222222222222,-1.349487122235193,0.9200344404062188,Ltight,K3,COST1_e25,False,ext_2026,-0.12910253741978894,0.036491892724054224,3.0,0.990031166244434,0.45756835836611354,1.5244611459288577,0.858298743457456,0.04341057125639411
66.0,-0.07157466116413264,-0.7762948683567421,0.795437721196776,-0.08998147718773629,-0.3117049804585183,-0.3485236008214742,-3.444798263491834,20.255887772354424,1.0,0.5454545454545454,-4.877613499343029,1.5724083206565498,Ltight,K3,COST1_e25,True,overlap_2014_2020,-0.1035856469569424,-0.004634299812597856,3.0,0.990031166244434,0.45756835836611354,1.5244611459288577,0.858298743457456,0.03514184369620881
62.0,-0.03320016222305427,-0.6685559151215372,0.4870615983802169,-0.0681641959322301,-0.23612770122340462,-0.34187476608430883,0.47117518887278237,1.3080853015946254,1.0,0.4032258064516129,-1.349487122235193,1.4361719261402446,Ltight,K3,COST1_e25,True,post_2021_2026,-0.1942723214647784,-0.15469770886686104,3.0,0.990031166244434,0.45756835836611354,1.5244611459288577,0.858298743457456,0.043169065504980536
30.0,-0.025643542972438118,-0.33888879495428026,0.4478067225914769,-0.05726475659864556,-0.19837093582383844,-0.3014025155310191,0.7146206011963023,0.26006170450105826,0.9733822602195908,0.4,-0.7398018965727731,1.190787188473727,Ltight,K3,COST1_e25,True,dev_2021_2023,-0.185791760953549,-0.153844309724858,3.0,0.990031166244434,0.45756835836611354,1.5244611459288577,0.858298743457456,0.03800517702956144
24.0,-0.003757923072034671,-0.04702282610130577,0.49710180999394166,-0.0075596648342126736,-0.026187447162096207,-0.04234499287885302,0.9086923094081358,2.329076682925042,0.9900368826283994,0.4583333333333333,-0.8489771657109209,1.4361719261402446,Ltight,K3,COST1_e25,True,hold_2024_2025,-0.23143183124849362,-0.22767390817645894,3.0,0.990031166244434,0.45756835836611354,1.5244611459288577,0.858298743457456,0.04937416394882643
8.0,-0.14986420186592372,-1.7356397149822935,0.6370285825925563,-0.23525506697990176,-0.8149474574944182,-1.003208265832341,-0.3713885112823276,2.1936304649959437,1.0,0.25,-1.349487122235193,0.9200344404062188,Ltight,K3,COST1_e25,True,ext_2026,-0.12910253741978894,0.036491892724054224,3.0,0.990031166244434,0.45756835836611354,1.5244611459288577,0.858298743457456,0.04391835195626462
83.0,-0.1331526130582934,-1.7485688218472992,0.7550023124417606,-0.17636053673486535,-0.6109308201498083,-0.6579638449086204,-3.5567886269618167,22.389287364868437,1.0,0.4819277108433735,-5.094570603655724,1.5061255639555227,Ltight,K3,COST2_e50,False,overlap_2014_2020,-0.11611754831051853,0.017035064747774865,3.0,0.990031166244434,0.45756835836611354,1.5244611459288577,0.858298743457456,0.0676073020210268
69.0,-0.08434706893073977,-1.7094751166818902,0.4792425233303318,-0.17600080298509135,-0.6096846658861966,-0.7904528320956081,0.3546695381004904,1.3363432172318603,1.0,0.391304347826087,-1.4207936219589425,1.410477869423696,Ltight,K3,COST2_e50,False,post_2021_2026,-0.20767732364552477,-0.12333025471478494,3.0,0.990031166244434,0.45756835836611354,1.5244611459288577,0.858298743457456,0.08662205226904565
36.0,-0.07104270413868227,-0.9832359911075312,0.4405007650993943,-0.1612771413067858,-0.5586804056856366,-0.7343110600024099,0.4372668412419635,0.1732720728574244,0.9995500565921612,0.4166666666666667,-0.8434583940588292,1.1341141676659017,Ltight,K3,COST2_e50,False,dev_2021_2023,-0.1964595834052743,-0.1254168792665921,3.0,0.990031166244434,0.45756835836611354,1.5244611459288577,0.858298743457456,0.07553822634110297
24.0,-0.05703611824038857,-0.6762578293917767,0.5036133997466242,-0.11325377416304715,-0.3923225819986581,-0.571871202709427,0.8612652575352636,2.3416341470231266,0.9986005104667797,0.4166666666666667,-0.905896407074073,1.410477869423696,Ltight,K3,COST2_e50,False,hold_2024_2025,-0.2483521375385036,-0.19131601929811506,3.0,0.990031166244434,0.45756835836611354,1.5244611459288577,0.858298743457456,0.10265235911718032
9.0,-0.21039372993990643,-2.7430439344910202,0.5943154381752747,-0.3540102047254196,-1.2263273219645732,-1.3774552049856743,-0.4901636064879927,2.587853216242534,1.0,0.2222222222222222,-1.4207936219589425,0.8277595592277976,Ltight,K3,COST2_e50,False,ext_2026,-0.1440821142252493,0.06631161571465714,3.0,0.990031166244434,0.45756835836611354,1.5244611459288577,0.858298743457456,0.08820987105245737
66.0,-0.10753804672700681,-1.1369409117117844,0.81623440981506,-0.13174897484580744,-0.45639183655610494,-0.4989574866340181,-3.586693757457837,21.20448316209129,1.0,0.5303030303030303,-5.094570603655724,1.5061255639555227,Ltight,K3,COST2_e50,True,overlap_2014_2020,-0.11611754831051853,0.017035064747774865,3.0,0.990031166244434,0.45756835836611354,1.5244611459288577,0.858298743457456,0.071105229259083
62.0,-0.07947403336660662,-1.572943183564667,0.49274681968027595,-0.16128776522225796,-0.5587172080083828,-0.7395825606258137,0.39267400023367804,1.2307006610187385,1.0,0.3870967741935484,-1.4207936219589425,1.410477869423696,Ltight,K3,COST2_e50,True,post_2021_2026,-0.20767732364552477,-0.12333025471478494,3.0,0.990031166244434,0.45756835836611354,1.5244611459288577,0.858298743457456,0.0894429366485329
30.0,-0.06660353876897185,-0.8848619224704678,0.4565499274417559,-0.14588445811869888,-0.5053585869924808,-0.6937959638993811,0.6139784839424491,0.016582032298986693,0.9927607430242611,0.4,-0.7627890429548925,1.1341141676659017,Ltight,K3,COST2_e50,True,dev_2021_2023,-0.1964595834052743,-0.1254168792665921,3.0,0.990031166244434,0.45756835836611354,1.5244611459288577,0.858298743457456,0.07896517282609516
24.0,-0.05703611824038857,-0.6762578293917767,0.5036133997466242,-0.11325377416304715,-0.3923225819986581,-0.571871202709427,0.8612652575352636,2.3416341470231266,0.9986005104667797,0.4166666666666667,-0.905896407074073,1.410477869423696,Ltight,K3,COST2_e50,True,hold_2024_2025,-0.2483521375385036,-0.19131601929811506,3.0,0.990031166244434,0.45756835836611354,1.5244611459288577,0.858298743457456,0.10265235911718032
8.0,-0.19505213348639117,-2.255640184446283,0.6334418984002388,-0.30792426894873304,-1.0666809574054184,-1.2314027523453956,-0.5753113204779624,2.2924051468682656,1.0,0.25,-1.4207936219589425,0.8277595592277976,Ltight,K3,COST2_e50,True,ext_2026,-0.1440821142252493,0.06631161571465714,3.0,0.990031166244434,0.45756835836611354,1.5244611459288577,0.858298743457456,0.08910628357673206
83.0,-0.20490299222685276,-2.5475693618736224,0.7964794003398853,-0.2572608809963115,-0.8911778333710842,-0.9187512885365552,-3.844194195933127,24.543590941834506,1.0,0.39759036144578314,-5.5581302814458216,1.3710829307942107,Ltight,K3,COST3_natural,False,overlap_2014_2020,-0.13985032177415654,0.06505267045269618,3.0,0.990031166244434,0.45756835836611354,1.5244611459288577,0.858298743457456,0.13935768118958616
69.0,-0.189957746029109,-3.5774195716242856,0.5042789807782257,-0.3766917783008877,-1.304898597621218,-1.4228216709638692,0.1521077665819311,1.068934430149314,1.0,0.3333333333333333,-1.5709632086035845,1.357897994724866,Ltight,K3,COST3_natural,False,post_2021_2026,-0.23261707596216644,-0.0426593299330574,3.0,0.990031166244434,0.45756835836611354,1.5244611459288577,0.858298743457456,0.1922327293674149
36.0,-0.1619867774873271,-2.2231167944508123,0.4723100451667441,-0.3429670385903805,-1.1880726723199497,-1.3152822834160245,0.1279445202741276,-0.10645530208612453,1.0,0.4166666666666667,-1.0935651481362803,1.0199786258012131,Ltight,K3,COST3_natural,False,dev_2021_2023,-0.21670556233805358,-0.05471878485072648,3.0,0.990031166244434,0.45756835836611354,1.5244611459288577,0.858298743457456,0.1664822996897478
24.0,-0.18857442358246854,-1.8685425648956702,0.5338169576933912,-0.35325671255797786,-1.2237171485303446,-1.4333932988320284,0.7215212048710605,2.166992157167566,1.0,0.25,-1.1731228443251953,1.357897994724866,Ltight,K3,COST3_natural,False,hold_2024_2025,-0.27910873707315037,-0.09053431349068186,3.0,0.990031166244434,0.45756835836611354,1.5244611459288577,0.858298743457456,0.2341906644592603
9.0,-0.30553048005394456,-3.90464741831523,0.5897044847032288,-0.5181077776739379,-1.7947779894557208,-1.7690370489483425,-0.9219088369682213,2.869884402566341,1.0,0.2222222222222222,-1.5709632086035845,0.6303203061891303,Ltight,K3,COST3_natural,False,ext_2026,-0.17228536749599377,0.13324511255795082,3.0,0.990031166244434,0.45756835836611354,1.5244611459288577,0.858298743457456,0.1833466211664955
66.0,-0.18301531937203636,-1.828999325394202,0.8624968471883356,-0.21219245028970285,-0.7350562097685973,-0.770436464585746,-3.8469787100381017,23.016013331010225,1.0,0.42424242424242425,-5.5581302814458216,1.3710829307942107,Ltight,K3,COST3_natural,True,overlap_2014_2020,-0.13985032177415654,0.06505267045269618,3.0,0.990031166244434,0.45756835836611354,1.5244611459288577,0.858298743457456,0.14658250190411254
62.0,-0.1892918159356656,-3.4321791052659347,0.5200680725406748,-0.3639750754375736,-1.2608466466931847,-1.39418705749089,0.19095425923383927,0.9611060731148666,1.0,0.3225806451612903,-1.5709632086035845,1.357897994724866,Ltight,K3,COST3_natural,True,post_2021_2026,-0.23261707596216644,-0.0426593299330574,3.0,0.990031166244434,0.45756835836611354,1.5244611459288577,0.858298743457456,0.19926071921759186
30.0,-0.16285669640933162,-2.132535262157956,0.4939521663624907,-0.32970135065632644,-1.1421189813216794,-1.2954297942322957,0.2585204791564241,-0.2534884417927672,1.0,0.4,-1.0935651481362803,1.0199786258012131,Ltight,K3,COST3_natural,True,dev_2021_2023,-0.21670556233805358,-0.05471878485072648,3.0,0.990031166244434,0.45756835836611354,1.5244611459288577,0.858298743457456,0.17521833046645494
24.0,-0.18857442358246854,-1.8685425648956702,0.5338169576933912,-0.35325671255797786,-1.2237171485303446,-1.4333932988320284,0.7215212048710605,2.166992157167566,1.0,0.25,-1.1731228443251953,1.357897994724866,Ltight,K3,COST3_natural,True,hold_2024_2025,-0.27910873707315037,-0.09053431349068186,3.0,0.990031166244434,0.45756835836611354,1.5244611459288577,0.858298743457456,0.2341906644592603
8.0,-0.2905756912190094,-3.2741435251479794,0.628593502895584,-0.4622632748835094,-1.6013269571428326,-1.632696307170348,-0.9959980712410188,2.6396518063479064,1.0,0.25,-1.5709632086035845,0.6303203061891303,Ltight,K3,COST3_natural,True,ext_2026,-0.17228536749599377,0.13324511255795082,3.0,0.990031166244434,0.45756835836611354,1.5244611459288577,0.858298743457456,0.18462984130935028
83.0,-0.2614338739831219,-3.169671517871702,0.820555495827488,-0.31860596304882377,-1.1036834311899502,-1.1062994817223,-3.7768250969631323,23.67428131931676,1.0,0.3253012048192771,-5.730495123698912,1.3176248746486972,Ltight,K3,COST4_nat_1tick,False,overlap_2014_2020,-0.15921865552267972,0.10221521846044222,3.0,0.990031166244434,0.45756835836611354,1.5244611459288577,0.858298743457456,0.1958885629458553
69.0,-0.22556556601697791,-4.2085795497374745,0.5063672914515986,-0.44545840504498446,-1.5431131803930187,-1.5934935373439851,0.07682019352874148,0.9318189586917649,1.0,0.3333333333333333,-1.6238784771328678,1.2867112401306573,Ltight,K3,COST4_nat_1tick,False,post_2021_2026,-0.24414360654252437,-0.01857804052554655,3.0,0.990031166244434,0.45756835836611354,1.5244611459288577,0.858298743457456,0.2278405493552838
36.0,-0.1969704103734759,-2.7072725085290825,0.47697995482080513,-0.41295322451752714,-1.4305119320275095,-1.4995605601412811,0.08037398332174073,-0.1919448120953704,1.0,0.4166666666666667,-1.1355072679836231,0.9772990264714996,Ltight,K3,COST4_nat_1tick,False,dev_2021_2023,-0.22953609638009465,-0.032565686006618765,3.0,0.990031166244434,0.45756835836611354,1.5244611459288577,0.858298743457456,0.2014659325758966
24.0,-0.22435992617718967,-2.1796603404254533,0.5336694635748466,-0.42040990067951195,-1.4563426159638002,-1.6063186878840172,0.6208577124040605,1.8800133394717595,1.0,0.25,-1.2279905524911159,1.2867112401306573,Ltight,K3,COST4_nat_1tick,False,hold_2024_2025,-0.2893003347257007,-0.06494040854851107,3.0,0.990031166244434,0.45756835836611354,1.5244611459288577,0.858298743457456,0.2699761670539814
9.0,-0.3431612281637548,-4.336517036940565,0.5882692465551049,-0.583340417968985,-2.0207504840614936,-1.9010373285953324,-1.0543632945328134,2.970548130204925,1.0,0.2222222222222222,-1.6238784771328678,0.5551458483156011,Ltight,K3,COST4_nat_1tick,False,ext_2026,-0.18215570537044032,0.1610055227933144,3.0,0.990031166244434,0.45756835836611354,1.5244611459288577,0.858298743457456,0.2209773692763057
66.0,-0.23746661428485996,-2.3340712856658605,0.8851753446183439,-0.26827070560494104,-0.9293169845802213,-0.9502911883535525,-3.8168264129641356,22.589265345193343,1.0,0.3484848484848485,-5.730495123698912,1.3176248746486972,Ltight,K3,COST4_nat_1tick,True,overlap_2014_2020,-0.15921865552267972,0.10221521846044222,3.0,0.990031166244434,0.45756835836611354,1.5244611459288577,0.858298743457456,0.20103379681693614
62.0,-0.22577900510563523,-4.072751944619601,0.5220697765157631,-0.43246902092754674,-1.4981166338921579,-1.5672638986725025,0.11700732329342658,0.8334924729983424,1.0,0.3225806451612903,-1.6238784771328678,1.2867112401306573,Ltight,K3,COST4_nat_1tick,True,post_2021_2026,-0.24414360654252437,-0.01857804052554655,3.0,0.990031166244434,0.45756835836611354,1.5244611459288577,0.858298743457456,0.2357479083875615
30.0,-0.1999115852240014,-2.651024819254339,0.49908795364403613,-0.4005538177476912,-1.3875591270093708,-1.4848414402279035,0.21232401004252494,-0.33024156709043906,1.0,0.4,-1.1355072679836231,0.9772990264714996,Ltight,K3,COST4_nat_1tick,True,dev_2021_2023,-0.22953609638009465,-0.032565686006618765,3.0,0.990031166244434,0.45756835836611354,1.5244611459288577,0.858298743457456,0.21227321928112472
24.0,-0.22435992617718967,-2.1796603404254533,0.5336694635748466,-0.42040990067951195,-1.4563426159638002,-1.6063186878840172,0.6208577124040605,1.8800133394717595,1.0,0.25,-1.2279905524911159,1.2867112401306573,Ltight,K3,COST4_nat_1tick,True,hold_2024_2025,-0.2893003347257007,-0.06494040854851107,3.0,0.990031166244434,0.45756835836611354,1.5244611459288577,0.858298743457456,0.2699761670539814
8.0,-0.32703906644709896,-3.634631184993375,0.6267570862844016,-0.5217955625932874,-1.80755285115112,-1.7649221700514437,-1.134512777427787,2.792060531064979,1.0,0.25,-1.6238784771328678,0.5551458483156011,Ltight,K3,COST4_nat_1tick,True,ext_2026,-0.18215570537044032,0.1610055227933144,3.0,0.990031166244434,0.45756835836611354,1.5244611459288577,0.858298743457456,0.22109321653743985
83.0,-0.051642802686939764,-0.7505292815263549,0.67408509240898,-0.07661169675535134,-0.2653907024686564,-0.35851771272402766,0.21567633144302847,3.6313073101378706,1.0,0.46987951807228917,-2.0321850636667387,2.577856239431132,Ltight,K2,COST0_mid,False,overlap_2014_2020,-0.09477242036569483,-0.043129617678755096,2.0,0.9921618480888166,0.42770447481575474,1.6809065641661642,0.9373323046222996,0.0
69.0,-0.00762927058703859,-0.11755290330547814,0.5406345838096973,-0.014111695432573517,-0.04888434694030999,-0.07988165714159219,1.2232756466400525,3.612366099884958,1.0,0.4782608695652174,-1.2307035331898784,2.1885707381032713,Ltight,K2,COST0_mid,False,post_2021_2026,-0.18960193751039128,-0.18197266692335265,2.0,0.9921618480888166,0.42770447481575474,1.6809065641661642,0.9373323046222996,0.0
36.0,-0.03792364810414554,-0.3808278246888555,0.5248030899187239,-0.07226262351088436,-0.250325070818146,-0.3583878681983061,0.47905070387432774,1.0571424296370289,1.0,0.4722222222222222,-1.2307035331898784,1.4607753626585767,Ltight,K2,COST0_mid,False,dev_2021_2023,-0.18764360337878808,-0.1497199552746425,2.0,0.9921618480888166,0.42770447481575474,1.6809065641661642,0.9373323046222996,0.0
24.0,0.04006584646354864,0.36682628653660376,0.6029799557925327,0.06644639855546723,0.230177076556081,0.464093318479504,1.9669198879337146,6.467619126717292,0.9921778837899804,0.5,-0.9154845063211734,2.1885707381032713,Ltight,K2,COST0_mid,False,hold_2024_2025,-0.21919221009464507,-0.2592580565581937,2.0,0.9921618480888166,0.42770447481575474,1.6809065641661642,0.9373323046222996,0.0
9.0,-0.013638739320176741,-0.17966907514605307,0.4724114341096962,-0.02887046827281018,-0.10001023577362504,-0.1879071442323851,1.6666411870803752,3.096677214037678,0.7185751863844964,0.4444444444444444,-0.4377721489042765,1.065119504588178,Ltight,K2,COST0_mid,False,ext_2026,-0.1185278804787938,-0.10488914115861708,2.0,0.9921618480888166,0.42770447481575474,1.6809065641661642,0.9373323046222996,0.0
66.0,-0.030279140926614267,-0.34659019190043705,0.740767114176407,-0.040875384918077726,-0.14159648691409046,-0.19462518915234717,0.13345292918003415,2.764240364715243,1.0,0.5,-2.0321850636667387,2.577856239431132,Ltight,K2,COST0_mid,True,overlap_2014_2020,-0.09477242036569483,-0.043129617678755096,2.0,0.9921618480888166,0.42770447481575474,1.6809065641661642,0.9373323046222996,0.0
61.0,0.004083155695836924,0.06197630916142532,0.5453715373602388,0.00748692481386289,0.025935468340117368,0.04557572803329468,1.472333386248056,3.694152283377689,0.999842495496829,0.47540983606557374,-0.9154845063211734,2.1885707381032713,Ltight,K2,COST0_mid,True,post_2021_2026,-0.18960193751039128,-0.18197266692335265,2.0,0.9921618480888166,0.42770447481575474,1.6809065641661642,0.9373323046222996,0.0
28.0,-0.021062827278482996,-0.19557236258828534,0.5321643312872468,-0.03957955473553505,-0.13710759948580012,-0.21719443372775646,0.9113234750500614,0.8509789451073315,0.9893465784379017,0.4642857142857143,-0.8118219469947532,1.4607753626585767,Ltight,K2,COST0_mid,True,dev_2021_2023,-0.18764360337878808,-0.1497199552746425,2.0,0.9921618480888166,0.42770447481575474,1.6809065641661642,0.9373323046222996,0.0
24.0,0.04006584646354864,0.36682628653660376,0.6029799557925327,0.06644639855546723,0.230177076556081,0.464093318479504,1.9669198879337146,6.467619126717292,0.9921778837899804,0.5,-0.9154845063211734,2.1885707381032713,Ltight,K2,COST0_mid,True,hold_2024_2025,-0.21919221009464507,-0.2592580565581937,2.0,0.9921618480888166,0.42770447481575474,1.6809065641661642,0.9373323046222996,0.0
9.0,-0.013638739320176741,-0.17966907514605307,0.4724114341096962,-0.02887046827281018,-0.10001023577362504,-0.1879071442323851,1.6666411870803752,3.096677214037678,0.7185751863844964,0.4444444444444444,-0.4377721489042765,1.065119504588178,Ltight,K2,COST0_mid,True,ext_2026,-0.1185278804787938,-0.10488914115861708,2.0,0.9921618480888166,0.42770447481575474,1.6809065641661642,0.9373323046222996,0.0
83.0,-0.08569551368037753,-1.2374600426514415,0.679942782197632,-0.12603341917006966,-0.43659257090837195,-0.5642031437258254,0.09135212417071358,3.519202827344704,1.0,0.43373493975903615,-2.07348811320493,2.511662040257424,Ltight,K2,COST1_e25,False,overlap_2014_2020,-0.10832597310416048,-0.022630459423782927,2.0,0.9921618480888166,0.42770447481575474,1.6809065641661642,0.9373323046222996,0.03405271099343777
69.0,-0.049016702376461274,-0.7523330219058751,0.5412272081493782,-0.09056585041994547,-0.31372930871605736,-0.4722325138794258,1.1901230002933074,3.6459628687738075,1.0,0.43478260869565216,-1.265716857646141,2.162016278533524,Ltight,K2,COST1_e25,False,post_2021_2026,-0.2030887466925795,-0.15407204431611823,2.0,0.9921618480888166,0.42770447481575474,1.6809065641661642,0.9373323046222996,0.04138743178942268
36.0,-0.07548224220648368,-0.7631022276323113,0.5290583739166834,-0.1426728049830862,-0.4942330941781428,-0.6619656261825438,0.4346574546109372,0.8987517295572491,1.0,0.4166666666666667,-1.265716857646141,1.4088429703616283,Ltight,K2,COST1_e25,False,dev_2021_2023,-0.19789834930280611,-0.1224161070963224,2.0,0.9921618480888166,0.42770447481575474,1.6809065641661642,0.9373323046222996,0.037558594102338146
24.0,-0.008627062949988598,-0.07664424433325785,0.6036891541355426,-0.014290571382456239,-0.04950399140720803,-0.09038185122926659,1.9738762593985062,6.774728748816143,0.9999580042437815,0.4583333333333333,-0.9989768372435253,2.162016278533524,Ltight,K2,COST1_e25,False,hold_2024_2025,-0.23746310055065653,-0.22883603760066795,2.0,0.9921618480888166,0.42770447481575474,1.6809065641661642,0.9373323046222996,0.04869290941353724
9.0,-0.050860248193632156,-0.6893726812390447,0.45769812088222656,-0.11112181997950425,-0.38493727606804745,-0.6409986721447068,1.5847833414772445,2.797690908148387,0.7900886009973243,0.4444444444444444,-0.475272471973254,0.9819205456970341,Ltight,K2,COST1_e25,False,ext_2026,-0.1321853926301343,-0.08132514443650213,2.0,0.9921618480888166,0.42770447481575474,1.6809065641661642,0.9373323046222996,0.03722150887345541
66.0,-0.06573767629775598,-0.7484490960812135,0.7471045296512236,-0.08798993138007714,-0.30480606340958544,-0.40149797890630007,0.020897290550380143,2.682909531557387,1.0,0.4696969696969697,-2.07348811320493,2.511662040257424,Ltight,K2,COST1_e25,True,overlap_2014_2020,-0.10832597310416048,-0.022630459423782927,2.0,0.9921618480888166,0.42770447481575474,1.6809065641661642,0.9373323046222996,0.035458535371141714
61.0,-0.038854117996883694,-0.5868448585013583,0.5464809398388071,-0.07109876148350995,-0.24629333448932078,-0.3938091879565765,1.4367923892101968,3.740074398549411,0.9999998876925319,0.4262295081967213,-0.9989768372435253,2.162016278533524,Ltight,K2,COST1_e25,True,post_2021_2026,-0.2030887466925795,-0.15407204431611823,2.0,0.9921618480888166,0.42770447481575474,1.6809065641661642,0.9373323046222996,0.042937273692720615
28.0,-0.06090390904526747,-0.5719698551502133,0.5382967611815619,-0.11314188276292678,-0.3919349788187811,-0.5710749516150704,0.8500058797277904,0.6737618848412046,0.9975821249944248,0.39285714285714285,-0.8404868147058244,1.4088429703616283,Ltight,K2,COST1_e25,True,dev_2021_2023,-0.19789834930280611,-0.1224161070963224,2.0,0.9921618480888166,0.42770447481575474,1.6809065641661642,0.9373323046222996,0.03984108176678447
24.0,-0.008627062949988598,-0.07664424433325785,0.6036891541355426,-0.014290571382456239,-0.04950399140720803,-0.09038185122926659,1.9738762593985062,6.774728748816143,0.9999580042437815,0.4583333333333333,-0.9989768372435253,2.162016278533524,Ltight,K2,COST1_e25,True,hold_2024_2025,-0.23746310055065653,-0.22883603760066795,2.0,0.9921618480888166,0.42770447481575474,1.6809065641661642,0.9373323046222996,0.04869290941353724
9.0,-0.050860248193632156,-0.6893726812390447,0.45769812088222656,-0.11112181997950425,-0.38493727606804745,-0.6409986721447068,1.5847833414772445,2.797690908148387,0.7900886009973243,0.4444444444444444,-0.475272471973254,0.9819205456970341,Ltight,K2,COST1_e25,True,ext_2026,-0.1321853926301343,-0.08132514443650213,2.0,0.9921618480888166,0.42770447481575474,1.6809065641661642,0.9373323046222996,0.03722150887345541
83.0,-0.12063356835997707,-1.7270229020589067,0.6868081990641339,-0.17564375108561037,-0.6084478018245165,-0.7536859986523378,-0.032645084069670344,3.4458979297421664,1.0,0.39759036144578314,-2.1598800305255987,2.44748897349497,Ltight,K2,COST2_e50,False,overlap_2014_2020,-0.12134599817754589,-0.000712429817568853,2.0,0.9921618480888166,0.42770447481575474,1.6809065641661642,0.9373323046222996,0.0689907656730373
69.0,-0.09327182032265086,-1.416908954026226,0.5448093526426065,-0.17120084277230996,-0.5930571159605037,-0.8217598841411601,1.1370807808044163,3.6114088695622257,1.0,0.391304347826087,-1.3019616864462447,2.135163245916894,Ltight,K2,COST2_e50,False,post_2021_2026,-0.21583279473059785,-0.12256097440794703,2.0,0.9921618480888166,0.42770447481575474,1.6809065641661642,0.9373323046222996,0.08564254973561226
36.0,-0.11586104262714031,-1.1776297315259203,0.536483302469417,-0.21596393045941095,-0.7481210003159432,-0.9365951823298787,0.3761293211679804,0.7208122821826244,1.0,0.3888888888888889,-1.3019616864462447,1.3576038921735694,Ltight,K2,COST2_e50,False,dev_2021_2023,-0.2078023798575887,-0.09194133723044841,2.0,0.9921618480888166,0.42770447481575474,1.6809065641661642,0.9373323046222996,0.07793739452299478
24.0,-0.060847946043212815,-0.5185352157076693,0.6078724582455589,-0.10009985683317865,-0.34675607573087214,-0.5728270719072327,1.954996349948232,6.95592791939209,1.0,0.375,-1.0855570958773613,2.135163245916894,Ltight,K2,COST2_e50,False,hold_2024_2025,-0.25431203259548185,-0.19346408655226907,2.0,0.9921618480888166,0.42770447481575474,1.6809065641661642,0.9373323046222996,0.10091379250676145
9.0,-0.08937859584986131,-1.2458309295752366,0.4426662250828575,-0.2019096799922596,-0.6994356485731336,-1.0342852548316688,1.4831827957152939,2.4301095284381926,0.8473108414500006,0.4444444444444444,-0.5137115076557983,0.8940414174747181,Ltight,K2,COST2_e50,False,ext_2026,-0.14534315324961067,-0.05596455739974934,2.0,0.9921618480888166,0.42770447481575474,1.6809065641661642,0.9373323046222996,0.07573985652968457
66.0,-0.10204662089060441,-1.1534248234370406,0.7544316268919046,-0.1352629148263766,-0.4685644817182916,-0.5926846455864817,-0.09140716795212461,2.636804277675962,1.0,0.42424242424242425,-2.1598800305255987,2.44748897349497,Ltight,K2,COST2_e50,True,overlap_2014_2020,-0.12134599817754589,-0.000712429817568853,2.0,0.9921618480888166,0.42770447481575474,1.6809065641661642,0.9373323046222996,0.07176747996399015
61.0,-0.08481546774847346,-1.265020530557733,0.5509534183441454,-0.1539430828896222,-0.5332744820772254,-0.7761057365415341,1.3745244860961203,3.7086490314543026,1.0,0.3770491803278688,-1.0855570958773613,2.135163245916894,Ltight,K2,COST2_e50,True,post_2021_2026,-0.21583279473059785,-0.12256097440794703,2.0,0.9921618480888166,0.42770447481575474,1.6809065641661642,0.9373323046222996,0.08889862344431038
28.0,-0.10389233803467933,-0.9853567134049791,0.5484822089393836,-0.1894178814579584,-0.6561627890944854,-0.8797345789114615,0.7631275546073337,0.4851251259560958,0.9998077552042562,0.35714285714285715,-0.9139613488169462,1.3576038921735694,Ltight,K2,COST2_e50,True,dev_2021_2023,-0.2078023798575887,-0.09194133723044841,2.0,0.9921618480888166,0.42770447481575474,1.6809065641661642,0.9373323046222996,0.08282951075619634
24.0,-0.060847946043212815,-0.5185352157076693,0.6078724582455589,-0.10009985683317865,-0.34675607573087214,-0.5728270719072327,1.954996349948232,6.95592791939209,1.0,0.375,-1.0855570958773613,2.135163245916894,Ltight,K2,COST2_e50,True,hold_2024_2025,-0.25431203259548185,-0.19346408655226907,2.0,0.9921618480888166,0.42770447481575474,1.6809065641661642,0.9373323046222996,0.10091379250676145
9.0,-0.08937859584986131,-1.2458309295752366,0.4426662250828575,-0.2019096799922596,-0.6994356485731336,-1.0342852548316688,1.4831827957152939,2.4301095284381926,0.8473108414500006,0.4444444444444444,-0.5137115076557983,0.8940414174747181,Ltight,K2,COST2_e50,True,ext_2026,-0.14534315324961067,-0.05596455739974934,2.0,0.9921618480888166,0.42770447481575474,1.6809065641661642,0.9373323046222996,0.07573985652968457
83.0,-0.1943725111326451,-2.714526820373517,0.7037650063012898,-0.27618950841871215,-0.9567485221973632,-1.0930661803832038,-0.27128620915629925,3.3899493382833024,1.0,0.3253012048192771,-2.511991235358061,2.324698310816317,Ltight,K2,COST3_natural,False,overlap_2014_2020,-0.14593734577771808,0.048435165354927034,2.0,0.9921618480888166,0.42770447481575474,1.6809065641661642,0.9373323046222996,0.14272970844570532
69.0,-0.19674836825715203,-2.818211291298193,0.5682553939680045,-0.3462322933413808,-1.199383846576726,-1.4020770384172514,0.9052944216649161,3.2286869062688615,1.0,0.30434782608695654,-1.3785919700989584,2.08045766233212,Ltight,K2,COST3_natural,False,post_2021_2026,-0.23946842713075076,-0.04272005887359874,2.0,0.9921618480888166,0.42770447481575474,1.6809065641661642,0.9373323046222996,0.18911909767011345
36.0,-0.20892876478288003,-2.129104570636781,0.5670641514613739,-0.368439380702258,-1.276311453771046,-1.3964810083451473,0.1748721330246936,0.3616817184583887,1.0,0.3333333333333333,-1.3785919700989584,1.2565937988810776,Ltight,K2,COST3_natural,False,dev_2021_2023,-0.22665224300422004,-0.017723478221339975,2.0,0.9921618480888166,0.42770447481575474,1.6809065641661642,0.9373323046222996,0.1710051166787345
24.0,-0.18791977404884466,-1.3865342277303088,0.6371447539579387,-0.29494047134734824,-1.0217037631638397,-1.3581549029246542,1.7342311434944102,6.583194875488704,1.0,0.25,-1.2713374660254337,2.08045766233212,Ltight,K2,COST3_natural,False,hold_2024_2025,-0.2846379582303917,-0.09671818418154705,2.0,0.9921618480888166,0.42770447481575474,1.6809065641661642,0.9373323046222996,0.2279856205123933
9.0,-0.1715697000430597,-2.5135844839435793,0.41134798995267197,-0.41709137818517067,-1.4448469168312816,-1.6838269284229228,1.1986322055751366,1.443535025832773,0.9272155049469212,0.3333333333333333,-0.594383000608764,0.6988531340503741,Ltight,K2,COST3_natural,False,ext_2026,-0.170281080704498,0.0012886193385616943,2.0,0.9921618480888166,0.42770447481575474,1.6809065641661642,0.9373323046222996,0.15793096072288296
66.0,-0.17855148541510124,-1.9757877603157363,0.7722136603076599,-0.2312203145227501,-0.8009706649909182,-0.937664335420547,-0.30739410789853755,2.6280667666971524,1.0,0.3484848484848485,-2.511991235358061,2.324698310816317,Ltight,K2,COST3_natural,True,overlap_2014_2020,-0.14593734577771808,0.048435165354927034,2.0,0.9921618480888166,0.42770447481575474,1.6809065641661642,0.9373323046222996,0.14827234448848697
61.0,-0.19275589619085912,-2.679925212106254,0.5781248089551474,-0.33341571440123696,-1.1549859147696333,-1.3898479833714859,1.0942377791425426,3.2925443983494365,1.0,0.29508196721311475,-1.2713374660254337,2.08045766233212,Ltight,K2,COST3_natural,True,post_2021_2026,-0.23946842713075076,-0.04272005887359874,2.0,0.9921618480888166,0.42770447481575474,1.6809065641661642,0.9373323046222996,0.19683905188669604
28.0,-0.2037109925029499,-1.95152663333002,0.5886314909221798,-0.3460755933798343,-1.1988410219868406,-1.3685463768045532,0.4654035286433268,0.13910334310835681,1.0,0.32142857142857145,-1.2531002811663683,1.2565937988810776,Ltight,K2,COST3_natural,True,dev_2021_2023,-0.22665224300422004,-0.017723478221339975,2.0,0.9921618480888166,0.42770447481575474,1.6809065641661642,0.9373323046222996,0.18264816522446692
24.0,-0.18791977404884466,-1.3865342277303088,0.6371447539579387,-0.29494047134734824,-1.0217037631638397,-1.3581549029246542,1.7342311434944102,6.583194875488704,1.0,0.25,-1.2713374660254337,2.08045766233212,Ltight,K2,COST3_natural,True,hold_2024_2025,-0.2846379582303917,-0.09671818418154705,2.0,0.9921618480888166,0.42770447481575474,1.6809065641661642,0.9373323046222996,0.2279856205123933
9.0,-0.1715697000430597,-2.5135844839435793,0.41134798995267197,-0.41709137818517067,-1.4448469168312816,-1.6838269284229228,1.1986322055751366,1.443535025832773,0.9272155049469212,0.3333333333333333,-0.594383000608764,0.6988531340503741,Ltight,K2,COST3_natural,True,ext_2026,-0.170281080704498,0.0012886193385616943,2.0,0.9921618480888166,0.42770447481575474,1.6809065641661642,0.9373323046222996,0.15793096072288296
83.0,-0.2504281255543111,-3.389595272771728,0.7230404562815459,-0.3463542369983188,-1.1998062717956808,-1.3038850830209687,-0.3557368432624715,3.2625268633151743,1.0,0.3132530120481928,-2.637084874958174,2.2734889599836725,Ltight,K2,COST4_nat_1tick,False,overlap_2014_2020,-0.16518820964504016,0.08523991590927085,2.0,0.9921618480888166,0.42770447481575474,1.6809065641661642,0.9373323046222996,0.19878532286737133
69.0,-0.2321968566239425,-3.2970864192796405,0.5665761181299788,-0.4098246452574162,-1.4196742155594726,-1.5685536931387185,0.7965398069136604,2.910575299057383,1.0,0.2753623188405797,-1.4139198564373459,1.9891591651485192,Ltight,K2,COST4_nat_1tick,False,post_2021_2026,-0.2507234457273643,-0.018526589103421892,2.0,0.9921618480888166,0.42770447481575474,1.6809065641661642,0.9373323046222996,0.2245675860369039
36.0,-0.24333273151255813,-2.4546630392368938,0.5691188458233991,-0.427560488109483,-1.4811129774291467,-1.548450940291506,0.12470131749984094,0.26393788234652593,1.0,0.3055555555555556,-1.4139198564373459,1.2058238123369445,Ltight,K2,COST4_nat_1tick,False,dev_2021_2023,-0.23921553222475098,0.004117199287807165,2.0,0.9921618480888166,0.42770447481575474,1.6809065641661642,0.9373323046222996,0.2054090834084126
24.0,-0.22510770316308737,-1.6480866571843662,0.6327182893573774,-0.35577872008681594,-1.232453638884382,-1.5341329374389994,1.5856442033771945,6.099659482374296,1.0,0.20833333333333334,-1.3096934033926932,1.9891591651485192,Ltight,K2,COST4_nat_1tick,False,hold_2024_2025,-0.2950322011771776,-0.06992449801409027,2.0,0.9921618480888166,0.42770447481575474,1.6809065641661642,0.9373323046222996,0.26517354962663603
9.0,-0.20655776629842626,-3.1110283096339506,0.39890099812630125,-0.5178171207108018,-1.7937711242002699,-1.9006942520097445,1.0705785299948658,0.9475217140948526,0.946837227825486,0.3333333333333333,-0.614478374595439,0.6144669495459489,Ltight,K2,COST4_nat_1tick,False,ext_2026,-0.17859841853831543,0.02795934776011083,2.0,0.9921618480888166,0.42770447481575474,1.6809065641661642,0.9373323046222996,0.19291902697824953
66.0,-0.231520722851761,-2.4994474888295013,0.7910661963708938,-0.2926692151856427,-1.0138359010256839,-1.134774346214357,-0.39748209793700845,2.586112611979053,1.0,0.3333333333333333,-2.637084874958174,2.2734889599836725,Ltight,K2,COST4_nat_1tick,True,overlap_2014_2020,-0.16518820964504016,0.08523991590927085,2.0,0.9921618480888166,0.42770447481575474,1.6809065641661642,0.9373323046222996,0.20124158192514674
61.0,-0.22946262300058679,-3.173202542038444,0.5758480852411504,-0.3984777042446772,-1.3803672588703708,-1.563184899141798,0.9855313562650693,2.9835513101899442,1.0,0.2786885245901639,-1.3096934033926932,1.9891591651485192,Ltight,K2,COST4_nat_1tick,True,post_2021_2026,-0.2507234457273643,-0.018526589103421892,2.0,0.9921618480888166,0.42770447481575474,1.6809065641661642,0.9373323046222996,0.2335457786964237
28.0,-0.24055768680128067,-2.29750372888096,0.590254663776499,-0.4075489810824574,-1.4117910836154868,-1.5308623764700653,0.41422491440969594,0.05181343036027286,1.0,0.32142857142857145,-1.2769020479648376,1.2058238123369445,Ltight,K2,COST4_nat_1tick,True,dev_2021_2023,-0.23921553222475098,0.004117199287807165,2.0,0.9921618480888166,0.42770447481575474,1.6809065641661642,0.9373323046222996,0.21949485952279768
24.0,-0.22510770316308737,-1.6480866571843662,0.6327182893573774,-0.35577872008681594,-1.232453638884382,-1.5341329374389994,1.5856442033771945,6.099659482374296,1.0,0.20833333333333334,-1.3096934033926932,1.9891591651485192,Ltight,K2,COST4_nat_1tick,True,hold_2024_2025,-0.2950322011771776,-0.06992449801409027,2.0,0.9921618480888166,0.42770447481575474,1.6809065641661642,0.9373323046222996,0.26517354962663603
9.0,-0.20655776629842626,-3.1110283096339506,0.39890099812630125,-0.5178171207108018,-1.7937711242002699,-1.9006942520097445,1.0705785299948658,0.9475217140948526,0.946837227825486,0.3333333333333333,-0.614478374595439,0.6144669495459489,Ltight,K2,COST4_nat_1tick,True,ext_2026,-0.17859841853831543,0.02795934776011083,2.0,0.9921618480888166,0.42770447481575474,1.6809065641661642,0.9373323046222996,0.19291902697824953
83.0,-0.011542860561416419,-0.1384780304049339,0.8152525262217047,-0.014158632068166548,-0.04904694021547694,-0.06648613257793247,-0.7819437484584574,6.450866759068057,1.0,0.43373493975903615,-3.8485455875448302,2.410882996717586,Ltight,K1,COST0_mid,False,overlap_2014_2020,-0.05602951949545197,-0.044486658934035556,1.0,0.9944705201102122,0.38138045776325813,1.956525964712487,1.0184014007218445,0.0
69.0,-0.023705895402253603,-0.2921442235434984,0.7223228648685179,-0.03281897411148505,-0.11368826122675951,-0.21198507128836852,3.0364136691218473,16.645292373341714,1.0,0.391304347826087,-1.3649417187600816,4.20255656955832,Ltight,K1,COST0_mid,False,post_2021_2026,-0.20725796055391416,-0.18355206515166056,1.0,0.9944705201102122,0.38138045776325813,1.956525964712487,1.0184014007218445,0.0
36.0,-0.08765053030295637,-1.4315753760502223,0.5187507555054357,-0.1689646316130289,-0.5853106532718492,-0.7722295038377773,0.35950240426381597,1.4835383402443636,1.0,0.3333333333333333,-1.3649417187600816,1.3593917461607057,Ltight,K1,COST0_mid,False,dev_2021_2023,-0.19039353471614723,-0.10274300441319086,1.0,0.9944705201102122,0.38138045776325813,1.956525964712487,1.0184014007218445,0.0
24.0,0.06600753119904286,0.3300884220604443,1.0069909931676764,0.06554927665380994,0.2270693551275745,0.5622065809498848,3.1546681418449825,12.861876059657105,1.0,0.5,-1.0511588103011453,4.20255656955832,Ltight,K1,COST0_mid,False,hold_2024_2025,-0.23749960733290373,-0.3035071385319466,1.0,0.9944705201102122,0.38138045776325813,1.956525964712487,1.0184014007218445,0.0
9.0,-0.00716316006956641,-0.0483294068777895,0.547140521908211,-0.013091993341279355,-0.04535199527889854,-0.0822493020165699,1.3618820719198255,4.166992598033,0.8533772411194787,0.3333333333333333,-0.8287295125510925,1.245345837677065,Ltight,K1,COST0_mid,False,ext_2026,-0.1940712724943431,-0.18690811242477673,1.0,0.9944705201102122,0.38138045776325813,1.956525964712487,1.0184014007218445,0.0
66.0,-0.0075188566161591384,-0.07234639171391478,0.8969957677727469,-0.008382265431227803,-0.029037019218829598,-0.03958936770545811,-0.7482609919278879,5.246702807704675,1.0,0.4090909090909091,-3.8485455875448302,2.410882996717586,Ltight,K1,COST0_mid,True,overlap_2014_2020,-0.05602951949545197,-0.044486658934035556,1.0,0.9944705201102122,0.38138045776325813,1.956525964712487,1.0184014007218445,0.0
61.0,-0.037720285530700455,-0.4052419022043363,0.759799490736695,-0.04964505239945238,-0.17197550620054144,-0.3185376158899503,3.0033116493196523,15.582416674042632,1.0,0.3770491803278688,-1.3649417187600816,4.20255656955832,Ltight,K1,COST0_mid,True,post_2021_2026,-0.20725796055391416,-0.18355206515166056,1.0,0.9944705201102122,0.38138045776325813,1.956525964712487,1.0184014007218445,0.0
28.0,-0.13645177591155927,-1.7102418345133934,0.5571266260934727,-0.2449205791300053,-0.8484297737447256,-1.0689085856352998,0.49595296775984876,1.350790026220185,1.0,0.2857142857142857,-1.3649417187600816,1.3593917461607057,Ltight,K1,COST0_mid,True,dev_2021_2023,-0.19039353471614723,-0.10274300441319086,1.0,0.9944705201102122,0.38138045776325813,1.956525964712487,1.0184014007218445,0.0
24.0,0.06600753119904286,0.3300884220604443,1.0069909931676764,0.06554927665380994,0.2270693551275745,0.5622065809498848,3.1546681418449825,12.861876059657105,1.0,0.5,-1.0511588103011453,4.20255656955832,Ltight,K1,COST0_mid,True,hold_2024_2025,-0.23749960733290373,-0.3035071385319466,1.0,0.9944705201102122,0.38138045776325813,1.956525964712487,1.0184014007218445,0.0
9.0,-0.00716316006956641,-0.0483294068777895,0.547140521908211,-0.013091993341279355,-0.04535199527889854,-0.0822493020165699,1.3618820719198255,4.166992598033,0.8533772411194787,0.3333333333333333,-0.8287295125510925,1.245345837677065,Ltight,K1,COST0_mid,True,ext_2026,-0.1940712724943431,-0.18690811242477673,1.0,0.9944705201102122,0.38138045776325813,1.956525964712487,1.0184014007218445,0.0
83.0,-0.04731707015313498,-0.5517045242253935,0.8390238070136746,-0.056395384442725106,-0.19535934233435862,-0.2525957123749891,-1.0903328409017323,7.6268660669419335,1.0,0.43373493975903615,-4.202015549131282,2.3436073613967574,Ltight,K1,COST1_e25,False,overlap_2014_2020,-0.07093138791431561,-0.02361431776118064,1.0,0.9944705201102122,0.38138045776325813,1.956525964712487,1.0184014007218445,0.035774209591718564
69.0,-0.06301511240600458,-0.7627875300430184,0.7276301198560469,-0.08660322145332766,-0.300002359312605,-0.5190248139179028,2.952950401448167,16.20588752217268,1.0,0.37681159420289856,-1.3852855379647477,4.168741848228579,Ltight,K1,COST1_e25,False,post_2021_2026,-0.2200966372033827,-0.15708152479737816,1.0,0.9944705201102122,0.38138045776325813,1.956525964712487,1.0184014007218445,0.03930921700375097
36.0,-0.12253659729357153,-1.9725081755275689,0.5269425611992821,-0.23254260770792048,-0.8055512229493526,-1.0063556235561388,0.33905881518924635,1.3164573194607065,1.0,0.3055555555555556,-1.3852855379647477,1.338057439562758,Ltight,K1,COST1_e25,False,dev_2021_2023,-0.20008246065016008,-0.07754586335658857,1.0,0.9944705201102122,0.38138045776325813,1.956525964712487,1.0184014007218445,0.03488606699061515
24.0,0.01889516142280596,0.09248224144710421,1.0126382712549655,0.018659339627159394,0.06463784853984676,0.14640425655622583,3.1103086227591192,12.731150076268795,1.0,0.5,-1.1821098513816906,4.168741848228579,Ltight,K1,COST1_e25,False,hold_2024_2025,-0.2545402737155957,-0.2734354351384016,1.0,0.9944705201102122,0.38138045776325813,1.956525964712487,1.0184014007218445,0.047112369776236895
9.0,-0.04335656973256494,-0.2883014892426611,0.5485010967106408,-0.0790455479352259,-0.27382181027186486,-0.44988302829545807,1.142521196024367,3.978284671637855,0.9407936414165811,0.3333333333333333,-0.9200649337873403,1.1872451089254468,Ltight,K1,COST1_e25,False,ext_2026,-0.20830364605037244,-0.1649470763178075,1.0,0.9944705201102122,0.38138045776325813,1.956525964712487,1.0184014007218445,0.03619340966299853
66.0,-0.04515738880756322,-0.4222952929323297,0.9241040671273133,-0.04886612927474748,-0.16927723734618305,-0.22015254852971222,-1.0342885741559626,6.237511977968473,1.0,0.4090909090909091,-4.202015549131282,2.3436073613967574,Ltight,K1,COST1_e25,True,overlap_2014_2020,-0.07093138791431561,-0.02361431776118064,1.0,0.9944705201102122,0.38138045776325813,1.956525964712487,1.0184014007218445,0.037638532191404075
61.0,-0.078406069741666,-0.8293374263115053,0.765562046344127,-0.10241634902890911,-0.35478064008755605,-0.6101184269914858,2.925470417906962,15.169418810815992,1.0,0.3770491803278688,-1.3852855379647477,4.168741848228579,Ltight,K1,COST1_e25,True,post_2021_2026,-0.2200966372033827,-0.15708152479737816,1.0,0.9944705201102122,0.38138045776325813,1.956525964712487,1.0184014007218445,0.040685784210965546
28.0,-0.1730730357427101,-2.1596986620612633,0.5671254589856695,-0.3051759235994437,-1.0571604098419887,-1.265100807267325,0.4893528190234711,1.1712347745831613,1.0,0.2857142857142857,-1.3852855379647477,1.338057439562758,Ltight,K1,COST1_e25,True,dev_2021_2023,-0.20008246065016008,-0.07754586335658857,1.0,0.9944705201102122,0.38138045776325813,1.956525964712487,1.0184014007218445,0.03662125983115083
24.0,0.01889516142280596,0.09248224144710421,1.0126382712549655,0.018659339627159394,0.06463784853984676,0.14640425655622583,3.1103086227591192,12.731150076268795,1.0,0.5,-1.1821098513816906,4.168741848228579,Ltight,K1,COST1_e25,True,hold_2024_2025,-0.2545402737155957,-0.2734354351384016,1.0,0.9944705201102122,0.38138045776325813,1.956525964712487,1.0184014007218445,0.047112369776236895
9.0,-0.04335656973256494,-0.2883014892426611,0.5485010967106408,-0.0790455479352259,-0.27382181027186486,-0.44988302829545807,1.142521196024367,3.978284671637855,0.9407936414165811,0.3333333333333333,-0.9200649337873403,1.1872451089254468,Ltight,K1,COST1_e25,True,ext_2026,-0.20830364605037244,-0.1649470763178075,1.0,0.9944705201102122,0.38138045776325813,1.956525964712487,1.0184014007218445,0.03619340966299853
83.0,-0.08397471426954534,-0.9497847883567225,0.8643826841723343,-0.0971499265397166,-0.33653721743674647,-0.4173128082857766,-1.3751589430605482,8.797393316978397,1.0,0.42168674698795183,-4.542840757427753,2.2786752308663805,Ltight,K1,COST2_e50,False,overlap_2014_2020,-0.08519077704960062,-0.0012160627800553046,1.0,0.9944705201102122,0.38138045776325813,1.956525964712487,1.0184014007218445,0.07243185370812892
69.0,-0.1046623507861086,-1.2352918882733654,0.7367309052950467,-0.14206320114152576,-0.4921213645259991,-0.7889905642365603,2.821480564985716,15.474224358938308,1.0,0.3333333333333333,-1.4058266795047132,4.1348311998442435,Ltight,K1,COST2_e50,False,post_2021_2026,-0.23210473622839825,-0.12744238544228967,1.0,0.9944705201102122,0.38138045776325813,1.956525964712487,1.0184014007218445,0.08095645538385499
36.0,-0.15941158031218405,-2.495410287445111,0.5389187791589177,-0.2957988967483658,-1.0246774359819797,-1.2109337852515412,0.28459380899962494,1.1420925924177032,1.0,0.2777777777777778,-1.4058266795047132,1.3166673732920207,Ltight,K1,COST2_e50,False,dev_2021_2023,-0.209463746215101,-0.050052165902917015,1.0,0.9944705201102122,0.38138045776325813,1.956525964712487,1.0184014007218445,0.07176105000922768
24.0,-0.03146980494714519,-0.1498839866380968,1.0225214491318753,-0.03077666974503389,-0.10661351137233316,-0.22073210578762148,3.030068228724725,12.405869235639017,1.0,0.4583333333333333,-1.3281099706425223,4.1348311998442435,Ltight,K1,COST2_e50,False,hold_2024_2025,-0.2698847951454783,-0.23841499019833315,1.0,0.9944705201102122,0.38138045776325813,1.956525964712487,1.0184014007218445,0.09747733614618806
9.0,-0.08084555491904259,-0.526252633380017,0.5538632156721411,-0.14596664416670532,-0.5056432878141218,-0.7576346444783302,0.8859638815793515,3.8197283257709245,1.0,0.2222222222222222,-1.0219294612601744,1.1315072579670173,Ltight,K1,COST2_e50,False,ext_2026,-0.22192187250270662,-0.141076317583664,1.0,0.9944705201102122,0.38138045776325813,1.956525964712487,1.0184014007218445,0.07368239484947618
66.0,-0.08366940682711482,-0.7593096056211017,0.9528807420428764,-0.0878067979920933,-0.3041716707444849,-0.3794587780171733,-1.2970434821508092,7.216333625188256,1.0,0.4090909090909091,-4.542840757427753,2.2786752308663805,Ltight,K1,COST2_e50,True,overlap_2014_2020,-0.08519077704960062,-0.0012160627800553046,1.0,0.9944705201102122,0.38138045776325813,1.956525964712487,1.0184014007218445,0.07615055021095568
61.0,-0.12157478332846547,-1.257291773376293,0.7753369934201927,-0.15680250569777496,-0.5431798132453092,-0.86629400469032,2.8010361894837956,14.477750712280395,1.0,0.32786885245901637,-1.4058266795047132,4.1348311998442435,Ltight,K1,COST2_e50,True,post_2021_2026,-0.23210473622839825,-0.12744238544228967,1.0,0.9944705201102122,0.38138045776325813,1.956525964712487,1.0184014007218445,0.08385449779776502
28.0,-0.21189915964405445,-2.6000828583378617,0.5814686859421518,-0.3644205866403879,-1.2623899427704157,-1.4343549540291065,0.44739153075070504,0.968022902073975,1.0,0.25,-1.4058266795047132,1.3166673732920207,Ltight,K1,COST2_e50,True,dev_2021_2023,-0.209463746215101,-0.050052165902917015,1.0,0.9944705201102122,0.38138045776325813,1.956525964712487,1.0184014007218445,0.07544738373249518
24.0,-0.03146980494714519,-0.1498839866380968,1.0225214491318753,-0.03077666974503389,-0.10661351137233316,-0.22073210578762148,3.030068228724725,12.405869235639017,1.0,0.4583333333333333,-1.3281099706425223,4.1348311998442435,Ltight,K1,COST2_e50,True,hold_2024_2025,-0.2698847951454783,-0.23841499019833315,1.0,0.9944705201102122,0.38138045776325813,1.956525964712487,1.0184014007218445,0.09747733614618806
9.0,-0.08084555491904259,-0.526252633380017,0.5538632156721411,-0.14596664416670532,-0.5056432878141218,-0.7576346444783302,0.8859638815793515,3.8197283257709245,1.0,0.2222222222222222,-1.0219294612601744,1.1315072579670173,Ltight,K1,COST2_e50,True,ext_2026,-0.22192187250270662,-0.141076317583664,1.0,0.9944705201102122,0.38138045776325813,1.956525964712487,1.0184014007218445,0.07368239484947618
83.0,-0.16129596350117195,-1.7042222837004142,0.9206953241786123,-0.17518929364072777,-0.6068735150556874,-0.700749458190762,-1.8587525966913636,10.86485971732684,1.0,0.3855421686746988,-5.193105673222445,2.1552956997536614,Ltight,K1,COST3_natural,False,overlap_2014_2020,-0.11198330915819367,0.04931265434297822,1.0,0.9944705201102122,0.38138045776325813,1.956525964712487,1.0184014007218445,0.14975310293975552
69.0,-0.20030444849707196,-2.1715377539331056,0.7723964830919315,-0.2593285351264753,-0.8983403973829309,-1.2313658814045776,2.3482501985620656,13.045879623966734,1.0,0.30434782608695654,-1.6811342128525462,4.066646635673053,Ltight,K1,COST3_natural,False,post_2021_2026,-0.25415652199353056,-0.05385207349645859,1.0,0.9944705201102122,0.38138045776325813,1.956525964712487,1.0184014007218445,0.17659855309481837
36.0,-0.24126658522323752,-3.382985146272735,0.5808896897264427,-0.4153397615593018,-1.4387791388485072,-1.5265945430162067,-0.012203818048292864,1.0971686175346447,1.0,0.2777777777777778,-1.606723533152322,1.2736503424150416,Ltight,K1,COST3_natural,False,dev_2021_2023,-0.22737324943410542,0.01389333578913208,1.0,0.9944705201102122,0.38138045776325813,1.956525964712487,1.0184014007218445,0.15361605492028113
24.0,-0.15349149895590217,-0.6712149443325721,1.0619982784928599,-0.14453083593857646,-0.5006695022120325,-0.8565831912786293,2.720642120805538,11.08106076705005,1.0,0.4166666666666667,-1.6811342128525462,4.066646635673053,Ltight,K1,COST3_natural,False,hold_2024_2025,-0.2968316473794546,-0.1433401484235525,1.0,0.9944705201102122,0.38138045776325813,1.956525964712487,1.0184014007218445,0.21949903015494504
9.0,-0.16129043370219628,-0.9827706736807835,0.5800188855747788,-0.27807790007106925,-0.963290102770306,-1.225068288881123,0.261429349913533,3.6821391756238615,1.0,0.1111111111111111,-1.2673352289565278,1.0263742240235108,Ltight,K1,COST3_natural,False,ext_2026,-0.247489277868767,-0.08619884416657073,1.0,0.9944705201102122,0.38138045776325813,1.956525964712487,1.0184014007218445,0.15412727363262987
66.0,-0.164837262747727,-1.4004801071782387,1.0163541321625762,-0.16218486994979778,-0.5618248699440012,-0.6530681099657875,-1.7397734010104418,8.924306506177988,1.0,0.3939393939393939,-5.193105673222445,2.1552956997536614,Ltight,K1,COST3_natural,True,overlap_2014_2020,-0.11198330915819367,0.04931265434297822,1.0,0.9944705201102122,0.38138045776325813,1.956525964712487,1.0184014007218445,0.15731840613156786
61.0,-0.2212725843502187,-2.1166311201773937,0.81327814915897,-0.27207491628668723,-0.9424951569471826,-1.2869608827593562,2.3500641734078753,12.177835293813974,1.0,0.29508196721311475,-1.6811342128525462,4.066646635673053,Ltight,K1,COST3_natural,True,post_2021_2026,-0.25415652199353056,-0.05385207349645859,1.0,0.9944705201102122,0.38138045776325813,1.956525964712487,1.0184014007218445,0.18355229881951826
28.0,-0.2986506345393544,-3.355947380216483,0.6307928056638678,-0.4734528229519745,-1.6400886886794641,-1.687863977780071,0.17143526394411987,0.7709406805495158,1.0,0.25,-1.606723533152322,1.2736503424150416,Ltight,K1,COST3_natural,True,dev_2021_2023,-0.22737324943410542,0.01389333578913208,1.0,0.9944705201102122,0.38138045776325813,1.956525964712487,1.0184014007218445,0.16219885862779515
24.0,-0.15349149895590217,-0.6712149443325721,1.0619982784928599,-0.14453083593857646,-0.5006695022120325,-0.8565831912786293,2.720642120805538,11.08106076705005,1.0,0.4166666666666667,-1.6811342128525462,4.066646635673053,Ltight,K1,COST3_natural,True,hold_2024_2025,-0.2968316473794546,-0.1433401484235525,1.0,0.9944705201102122,0.38138045776325813,1.956525964712487,1.0184014007218445,0.21949903015494504
9.0,-0.16129043370219628,-0.9827706736807835,0.5800188855747788,-0.27807790007106925,-0.963290102770306,-1.225068288881123,0.261429349913533,3.6821391756238615,1.0,0.1111111111111111,-1.2673352289565278,1.0263742240235108,Ltight,K1,COST3_natural,True,ext_2026,-0.247489277868767,-0.08619884416657073,1.0,0.9944705201102122,0.38138045776325813,1.956525964712487,1.0184014007218445,0.15412727363262987
83.0,-0.21473197215027665,-2.2353244963515015,0.9403173351840498,-0.22836117565379863,-0.7910663174170802,-0.8834223205504221,-1.9237591267448828,11.028289229476794,1.0,0.37349397590361444,-5.379492103821076,2.104127737180449,Ltight,K1,COST4_nat_1tick,False,overlap_2014_2020,-0.13168194167655292,0.08305003047372375,1.0,0.9944705201102122,0.38138045776325813,1.956525964712487,1.0184014007218445,0.20318911158886022
69.0,-0.2378189297211451,-2.5783810692619267,0.7709691965788212,-0.3084674858301311,-1.0685627158816395,-1.3838227470683866,2.1321151096551487,11.771526030098528,1.0,0.2608695652173913,-1.7200884852824354,3.9189462083840203,Ltight,K1,COST4_nat_1tick,False,post_2021_2026,-0.26497540304126765,-0.027156473320122523,1.0,0.9944705201102122,0.38138045776325813,1.956525964712487,1.0184014007218445,0.2141130343188915
36.0,-0.27612341793257117,-3.835945401625429,0.5876561161063577,-0.4698724481284844,-1.6276859064706135,-1.6596401053103138,-0.0730390025130085,1.1065080172740824,1.0,0.2222222222222222,-1.686101441710295,1.2264427343662627,Ltight,K1,COST4_nat_1tick,False,dev_2021_2023,-0.23862996363785743,0.0374934542947137,1.0,0.9944705201102122,0.38138045776325813,1.956525964712487,1.0184014007218445,0.18847288762961478
24.0,-0.19421898670288573,-0.8530971770812844,1.0491383859685262,-0.18512237212976423,-0.6412827082928487,-1.030802603462585,2.576027527602242,10.407670079187628,1.0,0.375,-1.7200884852824354,3.9189462083840203,Ltight,K1,COST4_nat_1tick,False,hold_2024_2025,-0.30818293665208524,-0.11396394994919956,1.0,0.9944705201102122,0.38138045776325813,1.956525964712487,1.0184014007218445,0.2602265179019286
9.0,-0.2008674915907991,-1.1568974562521845,0.6026229261437854,-0.333322020913078,-1.1546613510059738,-1.3847458442954104,0.030893424970462414,3.678657268212975,1.0,0.1111111111111111,-1.3894385514074354,0.9979328238634841,Ltight,K1,COST4_nat_1tick,False,ext_2026,-0.2551370710260611,-0.05426957943526198,1.0,0.9944705201102122,0.38138045776325813,1.956525964712487,1.0184014007218445,0.1937043315212327
66.0,-0.21445719950033215,-1.794671579210501,1.0367699026743615,-0.20685129742591582,-0.716553913506455,-0.8082465362832073,-1.8190617285164428,9.151485450462957,1.0,0.3787878787878788,-5.379492103821076,2.104127737180449,Ltight,K1,COST4_nat_1tick,True,overlap_2014_2020,-0.13168194167655292,0.08305003047372375,1.0,0.9944705201102122,0.38138045776325813,1.956525964712487,1.0184014007218445,0.206938342884173
61.0,-0.2606017875014206,-2.4889947405990154,0.8113466816659716,-0.3211965900523759,-1.1126576263771746,-1.4352940686048923,2.1486032165111033,11.014897703879699,1.0,0.26229508196721313,-1.7200884852824354,3.9189462083840203,Ltight,K1,COST4_nat_1tick,True,post_2021_2026,-0.26497540304126765,-0.027156473320122523,1.0,0.9944705201102122,0.38138045776325813,1.956525964712487,1.0184014007218445,0.22288150197072015
28.0,-0.3367016404428645,-3.7090139577415244,0.6375834837725468,-0.5280902799592913,-1.8293583917455296,-1.8093958365865102,0.12058713832670555,0.7691461791470147,1.0,0.21428571428571427,-1.686101441710295,1.2264427343662627,Ltight,K1,COST4_nat_1tick,True,dev_2021_2023,-0.23862996363785743,0.0374934542947137,1.0,0.9944705201102122,0.38138045776325813,1.956525964712487,1.0184014007218445,0.20024986453130522
24.0,-0.19421898670288573,-0.8530971770812844,1.0491383859685262,-0.18512237212976423,-0.6412827082928487,-1.030802603462585,2.576027527602242,10.407670079187628,1.0,0.375,-1.7200884852824354,3.9189462083840203,Ltight,K1,COST4_nat_1tick,True,hold_2024_2025,-0.30818293665208524,-0.11396394994919956,1.0,0.9944705201102122,0.38138045776325813,1.956525964712487,1.0184014007218445,0.2602265179019286
9.0,-0.2008674915907991,-1.1568974562521845,0.6026229261437854,-0.333322020913078,-1.1546613510059738,-1.3847458442954104,0.030893424970462414,3.678657268212975,1.0,0.1111111111111111,-1.3894385514074354,0.9979328238634841,Ltight,K1,COST4_nat_1tick,True,ext_2026,-0.2551370710260611,-0.05426957943526198,1.0,0.9944705201102122,0.38138045776325813,1.956525964712487,1.0184014007218445,0.1937043315212327
