date_var,P|quintile|COST0_mid,P|quintile|COST1_e25,P|quintile|COST2_e50,P|quintile|COST3_natural,P|quintile|COST4_nat_1tick,P|K20|COST0_mid,P|K20|COST1_e25,P|K20|COST2_e50,P|K20|COST3_natural,P|K20|COST4_nat_1tick,P|K10|COST0_mid,P|K10|COST1_e25,P|K10|COST2_e50,P|K10|COST3_natural,P|K10|COST4_nat_1tick,P|K5|COST0_mid,P|K5|COST1_e25,P|K5|COST2_e50,P|K5|COST3_natural,P|K5|COST4_nat_1tick,P|K3|COST0_mid,P|K3|COST1_e25,P|K3|COST2_e50,P|K3|COST3_natural,P|K3|COST4_nat_1tick,P|K2|COST0_mid,P|K2|COST1_e25,P|K2|COST2_e50,P|K2|COST3_natural,P|K2|COST4_nat_1tick,P|K1|COST0_mid,P|K1|COST1_e25,P|K1|COST2_e50,P|K1|COST3_natural,P|K1|COST4_nat_1tick,L|quintile|COST0_mid,L|quintile|COST1_e25,L|quintile|COST2_e50,L|quintile|COST3_natural,L|quintile|COST4_nat_1tick,L|K20|COST0_mid,L|K20|COST1_e25,L|K20|COST2_e50,L|K20|COST3_natural,L|K20|COST4_nat_1tick,L|K10|COST0_mid,L|K10|COST1_e25,L|K10|COST2_e50,L|K10|COST3_natural,L|K10|COST4_nat_1tick,L|K5|COST0_mid,L|K5|COST1_e25,L|K5|COST2_e50,L|K5|COST3_natural,L|K5|COST4_nat_1tick,L|K3|COST0_mid,L|K3|COST1_e25,L|K3|COST2_e50,L|K3|COST3_natural,L|K3|COST4_nat_1tick,L|K2|COST0_mid,L|K2|COST1_e25,L|K2|COST2_e50,L|K2|COST3_natural,L|K2|COST4_nat_1tick,L|K1|COST0_mid,L|K1|COST1_e25,L|K1|COST2_e50,L|K1|COST3_natural,L|K1|COST4_nat_1tick,Ltight|quintile|COST0_mid,Ltight|quintile|COST1_e25,Ltight|quintile|COST2_e50,Ltight|quintile|COST3_natural,Ltight|quintile|COST4_nat_1tick,Ltight|K20|COST0_mid,Ltight|K20|COST1_e25,Ltight|K20|COST2_e50,Ltight|K20|COST3_natural,Ltight|K20|COST4_nat_1tick,Ltight|K10|COST0_mid,Ltight|K10|COST1_e25,Ltight|K10|COST2_e50,Ltight|K10|COST3_natural,Ltight|K10|COST4_nat_1tick,Ltight|K5|COST0_mid,Ltight|K5|COST1_e25,Ltight|K5|COST2_e50,Ltight|K5|COST3_natural,Ltight|K5|COST4_nat_1tick,Ltight|K3|COST0_mid,Ltight|K3|COST1_e25,Ltight|K3|COST2_e50,Ltight|K3|COST3_natural,Ltight|K3|COST4_nat_1tick,Ltight|K2|COST0_mid,Ltight|K2|COST1_e25,Ltight|K2|COST2_e50,Ltight|K2|COST3_natural,Ltight|K2|COST4_nat_1tick,Ltight|K1|COST0_mid,Ltight|K1|COST1_e25,Ltight|K1|COST2_e50,Ltight|K1|COST3_natural,Ltight|K1|COST4_nat_1tick
2014-02-21,0.0947011979600984,-0.01662382976677107,-0.14482878519883502,-0.6491208212798915,-0.7340236829032861,-0.11115660083926263,-0.23381424430192554,-0.37148523626959984,-0.7446671173128212,-0.8334698851197712,-0.16850757084530266,-0.27701767694702756,-0.39477313323897917,-0.6940449367565096,-0.7592015364135827,0.07393617123355717,-0.03938531286086322,-0.165875954793758,-0.5218092964435764,-0.5924428458229778,0.053209566139970604,-0.06140387145070464,-0.18238330697097183,-0.4774457886037952,-0.5528410588749583,-0.08422298150884189,-0.16885555194104018,-0.26559254287226014,-0.5340205500257496,-0.6043300282960584,-0.662902473821355,-0.6980435674271899,-0.7350257046760749,-0.8155748100083507,-0.8392690527891542,0.589810334794,0.5667363270669786,0.5444273932773591,0.5017937073953822,0.4814814929019312,-0.08717066244899124,-0.1254820003212001,-0.16446319096785028,-0.2452889055963316,-0.29654220807361575,-0.166559066437002,-0.20936196196287832,-0.2532989924890391,-0.34571915143068954,-0.41264359146638646,-0.4126298198721913,-0.4594049387147684,-0.5073541428969761,-0.6077920880107098,-0.6473678089275845,-0.11760747558864698,-0.1374773047720778,-0.15766180679490727,-0.1991858499620177,-0.21794041074657866,0.11699175110812976,0.09919643200545863,0.08133694393346491,0.04523672607497864,0.03304113560904204,-0.13216490554238935,-0.14217893174325225,-0.1520419915331731,-0.17142152797508414,-0.1776826346429583,,,,,,-0.30622325311469517,-0.3350641670256321,-0.36433031738094473,-0.42458885967444954,-0.4866864022140747,-0.2696265091145578,-0.2979003470666904,-0.32702949971720496,-0.38849838389110036,-0.46461339965364634,-0.5674512582329715,-0.5994963524543431,-0.6330639082416747,-0.7058683658886977,-0.8096614744191044,-0.6007354322386852,-0.6246306998413008,-0.6488215343350363,-0.698253752330324,-0.7844938087359755,-0.7697658710078911,-0.8005065728843757,-0.8316604444883463,-0.8954399173851092,-1.0082211503111111,-0.9445865470380377,-0.9661350608816736,-0.9878648012832464,-1.0320333739000367,-1.0669685755650293
2014-03-21,0.04664559702624632,-0.012138405636148097,-0.07829887468199259,-0.37370028049896953,-0.4454794935610486,-0.0015751770402007703,-0.04576855265043661,-0.09294032693005921,-0.20278550219239633,-0.25607273690961735,-0.019221116569538843,-0.0641101753210026,-0.11141974881062672,-0.21774285369827168,-0.27286358991571397,-0.16447777185716567,-0.20307305977662754,-0.2434824397549063,-0.3325485214873374,-0.37726197262820704,-0.39152485649996094,-0.4322537924327054,-0.47538159152596965,-0.5723638959492816,-0.6314396543763229,-0.4362372102430996,-0.4851601959279205,-0.5379314895173597,-0.6599561320395014,-0.7325896277046937,-0.6311780780825909,-0.7000271056141654,-0.774366417457811,-0.9470004347243421,-1.064044965242772,,,,,,0.02054518056519844,-0.000289091526438634,-0.02122324280653415,-0.06364603955922749,-0.0927463960364705,-0.003881685817967273,-0.02348805005305027,-0.043348290420995916,-0.08405852903521394,-0.11116107735039032,-0.1259328073038012,-0.1453497894212447,-0.16500454574088474,-0.20517892895330841,-0.23071615882125582,-0.04126943278156203,-0.05971543411993929,-0.07837339531180115,-0.1164976187564748,-0.13585842986016056,0.05392394622975699,0.03318208313110543,0.012375767193888776,-0.029613527878815604,-0.05065150700421056,-0.024948556233862607,-0.04208167978544808,-0.05894181881086835,-0.091917061548625,-0.11409401337247882,,,,,,0.11987408604359606,0.10108251115326788,0.08226158368455289,0.04435735419672332,0.005198753428972858,0.0926384409311033,0.07811945564434236,0.06375360615223225,0.03538799545305654,0.0035394688464643886,0.09981909225707342,0.08708135811873191,0.07440077055944072,0.04915477051770445,0.026682353695955285,0.04891738778224464,0.03624287606050164,0.02365250132628738,-0.0013240870101556834,-0.02853011893344576,-0.17554933278971663,-0.18831218643294773,-0.2010401158633866,-0.2264384809853916,-0.2533572281906588,-0.0628619429086541,-0.07901404450408733,-0.09493520054813942,-0.126148991081933,-0.15103455991219528
2014-04-17,0.13358229764040158,0.04179848055290564,-0.05845444721605976,-0.3695140520778939,-0.4544757068459983,0.17381862194731937,0.07846975944943088,-0.02281460707651277,-0.25748722019058695,-0.33882553672012283,0.33893636762542056,0.22338300346126352,0.10317555040606793,-0.16392343077697222,-0.25181512509892323,0.40114970190633475,0.25268548655156103,0.09802884305764492,-0.2472338225653607,-0.3553454929810651,-0.41587617537343763,-0.5301447570966101,-0.6550136983638283,-0.9541292684215773,-1.0424243340530444,-0.4982479918245366,-0.6216582580037124,-0.7587251563410025,-1.098401788596573,-1.1962169275480825,-0.14048582220185768,-0.2659950373781558,-0.41145149590498564,-0.7945255053994281,-0.8988653630563121,0.207739337186979,0.15642928755303862,0.10181333145953687,-0.020320646267210918,-0.10730472797421253,0.10563412057858312,0.07228934210611075,0.038280924306807254,-0.032331273561772816,-0.09966872452293428,0.12408560289428511,0.087530182440922,0.05019151004110252,-0.02762633672980551,-0.09346144150946421,-0.15591367583586574,-0.19689194420491377,-0.23964497646699692,-0.33175361667275494,-0.40058442660020255,0.07156419531099442,0.029797290646583152,-0.013666857234498841,-0.10728739066538567,-0.1650259310140816,-0.07061070476329157,-0.11865856489998089,-0.16957270573376293,-0.2822261430632267,-0.34967237982039884,-0.017508771549876512,-0.06924686550164572,-0.12419719729867684,-0.2467391374804878,-0.3501402934858482,,,,,,0.019621074061755367,-0.007725434165611111,-0.03554083100156477,-0.09288442781588353,-0.16848995124513313,0.014684961634216065,-0.010775852447738737,-0.03687199512511172,-0.09131015958979388,-0.15925890831605424,-0.09549073591369556,-0.12549991389715107,-0.15634978323008086,-0.221018297571827,-0.2982463316615182,-0.11089543256294666,-0.1480430535867595,-0.18626657885131848,-0.26656638043222713,-0.34871661132598714,-0.2606937820807962,-0.30219813155969716,-0.3450355010258753,-0.435543679369453,-0.5113794644774442,0.2168786048802538,0.19246661148241406,0.16840609711086885,0.12108449624050666,0.054158350582941606
2014-05-16,0.14423073955866358,0.06336758201240414,-0.026222180621126523,-0.7460219729972819,-0.9517131204125038,0.07898040207205093,0.0036037685672136166,-0.0835418001127326,-0.9326406828691708,-1.1691112565045247,0.12647684999044945,0.05266759250494796,-0.039946898166527856,-1.5481464121131332,-1.9609826771396874,0.07247534083976359,0.02106429229525697,-0.03827027767403479,-0.2406063544581074,-0.27471086353169805,0.23084734044018113,0.17031263697874965,0.09893315458671309,-0.17257213740839744,-0.21126857952181016,0.35232995023400776,0.316246605670278,0.2728913651723055,0.03901353257672824,0.015455741913138699,0.5521864385197001,0.5122164059004356,0.471766429383748,0.3877102711709748,0.36895660959699894,,,,,,0.10911399792436538,0.07916797084688387,0.04959475311973799,-0.009113341268012776,-0.044882460823802206,0.09386949467259181,0.06588165247193783,0.03802112735675156,-0.018106981086645546,-0.05333716320272036,0.24444726063926658,0.21739149414645442,0.1908131731692162,0.13808660023835606,0.11271154573261505,0.16764179036139648,0.14121269385647967,0.11598168109185536,0.06797343871341754,0.04329701245703488,0.10205346678039051,0.07110240765535325,0.04204571271694768,-0.012029276703407588,-0.029497129874451744,-0.07818988317964559,-0.09223257558187825,-0.10697823878313417,-0.1389686469744953,-0.1510379146613815,,,,,,0.04176630644662882,0.020310013421716955,-0.0010844671579415266,-0.04387499852900828,-0.09018894684239503,0.044190529834530035,0.026421513472784652,0.008661808190935538,-0.026977750550463364,-0.0690946314251974,0.09729603401448839,0.07658129241030787,0.05604613622843779,0.015367854679220028,-0.02898892263064634,0.11245601033459407,0.09031574113726587,0.06826443102788143,0.02426142953648802,-0.01920507567963603,0.25920254388867586,0.24131451303260898,0.22332861343409083,0.1869579664849655,0.15343414041729053,0.3111526299215107,0.2963700905005042,0.28158130123776004,0.2519195270170591,0.2025158347510284
2014-06-20,0.09888644594890694,0.04566835731565938,-0.011647909229268172,-0.16086524692007526,-0.2068993395210361,0.3254816686259456,0.26459748455875776,0.19977166776115168,0.04338991253373323,-0.0048984950516250125,0.3772195088823243,0.3219729065421823,0.26605594844748837,0.14692900764987948,0.10006549091633582,0.07515609714189841,0.013861017275900889,-0.04871652840445678,-0.18447123815177774,-0.2369612846799699,-0.1389397050861172,-0.2101190421875328,-0.28332504068545505,-0.4449229249598261,-0.49875349984942,-0.2638995663043289,-0.33301948113106417,-0.4082544243447483,-0.5876714631302393,-0.6496494980298562,-0.14269469544879154,-0.20609278429243072,-0.27446056181560186,-0.4340062664077562,-0.49361912218167103,,,,,,0.3706283803768219,0.34758910191322234,0.3245329879545357,0.27801919256422103,0.24711374766093647,0.5017992359295924,0.4780256084664205,0.45427818643531953,0.4065893203026141,0.37010110594865375,0.7654050602952673,0.7319072143478009,0.6983999023476946,0.6309385488220673,0.5844081608884547,0.9089199765521327,0.873961047701272,0.8396866757059775,0.7729336171275887,0.7169460738992353,1.339455638516659,1.2934825404971375,1.2486076495736262,1.1617880576145712,1.1037929608748556,0.07632143299731764,0.05887083868977061,0.0418825989615661,0.009062917228715217,-0.01848392531224685,,,,,,-0.06250174410078851,-0.0813379387369137,-0.10023788415125273,-0.13846134578309688,-0.17841502185509855,0.028826904991265334,0.011467066716246976,-0.005964546073340127,-0.041248485848330296,-0.07957434726183071,0.2891263156877556,0.27286549933615467,0.2567072111071866,0.22461163802163556,0.18896378633387736,0.39052091921059107,0.3700661299400695,0.3497423176056352,0.3093555756769918,0.26707844146122994,-0.20414956417895108,-0.2230984667839242,-0.24199466464420155,-0.27978535979546515,-0.32249699961106715,-0.4561477809809825,-0.48111499567738925,-0.505834057259083,-0.5547954557445542,-0.5882462991701292
2014-07-18,0.17958733708097407,0.11291225031161839,0.03912265454523012,-0.2610289194419925,-0.3394096333100581,0.1077678344762833,0.04259599612440068,-0.029323137484765505,-0.2132042704580381,-0.27332230624366555,0.13240970548848707,0.0654444929728486,-0.01106688130300304,-0.22160542659531543,-0.287700852627822,0.17356110129702235,0.11960904346258905,0.06305965033798977,-0.06654368750109674,-0.11693084899542433,-0.07639699041112108,-0.1293153366150474,-0.18543835651830315,-0.3123193251661535,-0.3717300300193195,-0.2069888020311902,-0.2540278879586826,-0.30376834570142525,-0.4161465138805232,-0.4803651961204745,-0.062089731249522995,-0.11116747789007397,-0.16234010321614167,-0.275561556358084,-0.3159541803010746,-0.07135141118404809,-0.10472694378396685,-0.13845929561464437,-0.20745751956778646,-0.2750174313320611,0.2554076355615983,0.22207516795594837,0.18805608679000274,0.11718558941600044,0.05143121889314825,0.0683310601001148,0.029280475833575736,-0.01077313656205911,-0.09493694898392971,-0.17514593503396564,0.1801353166978636,0.13861775062506637,0.09621203439234907,0.007490740313777555,-0.09429271105847761,0.28283877229839516,0.23432572915412908,0.1853707228274921,0.08478207449375792,-0.03509252571473928,0.46417603028467586,0.4186361063662211,0.372848696974133,0.2789414854861265,0.21254317026182606,0.4868534488913301,0.4329847132276966,0.37997665448603524,0.2756924907743358,0.1658346586724766,,,,,,-0.055938421824842294,-0.08356834079675907,-0.11155133981262894,-0.16888186562101887,-0.25552565978517777,-0.02154198869632727,-0.05682818582663983,-0.09264637744984434,-0.16627874026209216,-0.29081760208192076,-0.25006781062591826,-0.2897920128129886,-0.3306070350010564,-0.4161304339939641,-0.5376532161821583,-0.2705153767173433,-0.31816190077990003,-0.36705160551015104,-0.469317169854779,-0.6077438113223248,0.026011663192295642,-0.01823098221624697,-0.06359473222124373,-0.15842014416330347,-0.33141683741035094,-0.07983574367416613,-0.134295025270055,-0.1895852254657897,-0.30353674749097925,-0.5303639176678699
2014-08-15,0.25740386002972815,0.17384484840675182,0.07904973793841905,-1.124302336483734,-1.48638058961993,0.9376777693222363,0.8177923786154557,0.6925588090841414,0.3649012515640762,0.2952313020950749,-0.12549612745379699,-0.20522093560447202,-0.2895590020996195,-0.4853923530299004,-0.5618725009663658,-0.1364388158874004,-0.22554860252896702,-0.3146710444418725,-0.5025650694307523,-0.60273153454219,-0.4266878808675427,-0.5488290310542436,-0.6710853159119244,-0.9295318296340072,-1.0813386438189505,-0.6730124809532773,-0.8310825977480476,-0.9880036608550423,-1.3148860583872768,-1.5091740947363945,-2.0665377172645676,-2.2819104275021145,-2.498391452295209,-2.954516312516985,-3.3129172391266257,,,,,,-0.16184262345153688,-0.20225180788019326,-0.24375122620486805,-0.33110677523464066,-0.38327836116231245,-0.08344456376353432,-0.12111891129425956,-0.159896946171769,-0.24163152926201678,-0.29326865908491,-0.3018304125104819,-0.33917841755087613,-0.37794045449711355,-0.46062723210927553,-0.5202557133875697,-0.15999137760589072,-0.19540028004545879,-0.2321504135987131,-0.310516036012501,-0.34997757611717223,-0.22313490183208862,-0.26493427645370354,-0.30846632275463076,-0.40185065742396886,-0.4344220095429882,-0.1744458896744212,-0.19029944281536226,-0.2064354750627585,-0.23972297564629097,-0.2596519642418589,,,,,,-0.030441471112248764,-0.054325906676081503,-0.0784108170830371,-0.12746402247873517,-0.18642549404635433,0.29128397180583987,0.27016602541919754,0.24908588493240472,0.20678249252437514,0.16707487872724242,0.37568115746560976,0.3532231422830226,0.33090217783188725,0.2864391221542761,0.2543180225581459,0.6735750241304026,0.6575313863915501,0.6417520538317499,0.6109165938076105,0.5877181345561003,0.5834316997494129,0.5651337843025586,0.547221638842833,0.5124576938240071,0.4854611723818702,0.6879839091399393,0.6676944381561245,0.6480385325804444,0.610494098247839,0.5815708373009952
2014-09-19,0.15940266159938726,0.09699195939993682,0.025416322260303548,-0.4226165529443285,-0.4974173088882142,0.06125488014785574,-0.007220656219549315,-0.07889154629922862,-0.24476685688118804,-0.30240521285277894,0.018814418287790624,-0.0643433093192452,-0.15190161294655535,-0.3613281145443436,-0.4252909125217769,0.04720290173356789,-0.05951015222772782,-0.16953989034017597,-0.4277067951235227,-0.5007673196638066,-0.4822700285565158,-0.579734708635733,-0.6873088472998335,-0.9568134641724757,-1.0353357125918783,-0.5336847887086981,-0.6567201086649066,-0.7932799792452085,-1.1397256679213863,-1.2459892661297642,0.19911899245501807,0.16954749053994722,0.1443661457008456,0.1009004056825108,0.09502386595832724,0.20046105079197568,0.1668133793243436,0.1306849174767219,0.048111666484369375,0.005756564652325491,0.10845646000177595,0.08162775936897637,0.05410000116673813,-0.00380155414956429,-0.04174371966382284,0.09328069337058931,0.0626266025795259,0.03094647402703865,-0.036442788889781697,-0.07281068979778588,0.21457126305101124,0.17520835158805184,0.13460145421109043,0.04823633459959553,0.01145529383951957,-0.19352534202404753,-0.22700575189272937,-0.2621142217997966,-0.3386671417688111,-0.37922240318035094,-0.03891545213495734,-0.07066134848333544,-0.10375722682350813,-0.17556790504555864,-0.21791048375672722,0.41150189289568695,0.37020103836295626,0.32679514381040276,0.2307060247125966,0.19541428146779116,,,,,,0.05158815726579363,0.030652131064354826,0.009636465375253589,-0.03291006132579488,-0.08970883729183682,0.039383229793060526,0.019011354646174095,-0.0018007633939744472,-0.04503222081612812,-0.11399469760422343,-0.07835138513177975,-0.0989229599210133,-0.11977384105660299,-0.16250992596873837,-0.22524168977644965,-0.12404834155217909,-0.14784922005586248,-0.1719362843068262,-0.22117423442978115,-0.2761323937457436,-0.46109567252559963,-0.48359909331443174,-0.5066835877968012,-0.5548094007288173,-0.6094356255678289,-0.48933279716560163,-0.5115237353296271,-0.534309597457419,-0.5818418348037139,-0.6312352489812456
2014-10-17,0.3774139243694787,0.24294747703490555,0.09834085674388943,-0.24906560477282952,-0.3757493783368274,0.07513697424729127,-0.05210561403232056,-0.18991398192158052,-0.5220250532740305,-0.6498873273211107,0.09941309026172371,-0.028219577254359085,-0.16704944373494796,-0.509976182287648,-0.6271207471587994,0.32087901606552394,0.21897791176736564,0.11140947468689655,-0.13429149385324224,-0.22643755561592394,0.1127884936909909,0.01627663036365995,-0.08282891187455403,-0.2993861663219569,-0.37552037601244975,-0.09349998135676113,-0.18445136169770382,-0.2805857205420051,-0.501094311281767,-0.5819263325829904,-0.27801384685128816,-0.3516165729471057,-0.4275782489879466,-0.5949435973768387,-0.6697008218500504,,,,,,0.15899370483773156,0.087805760606809,0.014535644986949814,-0.14062649390703608,-0.2685103988575789,0.9536570060909816,0.8741429296522604,0.7916499599581106,0.6139585864480358,0.4839246254542041,0.2891458216561602,0.20063145927024628,0.10885633725744898,-0.08795527175518758,-0.20954235196252902,0.7624729217544529,0.6772229091769457,0.5917338888541575,0.4177798508268039,0.30368923871471354,0.2313158112941316,0.14501965893917979,0.057278254830266384,-0.12532121616928427,-0.2378764809302676,0.32500039458198793,0.26453536766300023,0.20464042373953384,0.0856637007550376,-0.0076415402965002155,,,,,,0.5131964615639477,0.44638077876983395,0.3790777691562488,0.2420399324303174,0.10635022680100537,0.710030973022188,0.6522516099520645,0.5933760097700719,0.4714745354033961,0.34428847333903156,1.3286760686554389,1.2586639099654162,1.1868649599667513,1.0365950166627222,0.8922535097470781,-0.37323574426372336,-0.4416907167195899,-0.5134539836284501,-0.66895762633017,-0.8124864390677855,-0.5571066685799484,-0.6240995969353746,-0.6959525305222631,-0.8569041916945228,-0.9756816846888752,0.656010003421086,0.6334062134166333,0.6098370139529461,0.5594736414976494,0.48618223014089423
2014-11-21,0.07581124644156911,-0.008590207998518284,-0.10066545928249113,-0.3392790382857107,-0.3867076017733279,0.2209081136409984,0.12700987063567093,0.024443486915358553,-0.25056770748469176,-0.3056857294381578,-0.2326486028580449,-0.33923352303206555,-0.4559527930388914,-0.7570179386768341,-0.8161159379255861,0.2111372547163179,0.11435132271473461,0.006081124261375748,-0.305928515341971,-0.3649524433780576,0.3735760600471114,0.29185832914097465,0.21093300857921535,0.04302670556066546,0.011896530051165699,-0.053464859473312254,-0.1095190516335034,-0.16778854160813894,-0.3003870581128094,-0.32815212806249977,0.09464865394023636,0.03324570198920973,-0.030743413861985536,-0.18095117065635669,-0.21114347875114714,0.22495618945649998,0.1994606350073953,0.1744332461997275,0.12527356041654297,0.10767671375996302,0.21735529636470774,0.18946895078561377,0.16158311454207908,0.10509047648623393,0.08254518853496828,0.14208590616204786,0.11947540023367709,0.09689308357860987,0.05135787769954914,0.030830461083330984,0.0896754084708497,0.07018945029043522,0.0504612589434813,0.00966885088586844,-0.00573812660905515,0.0984677852058421,0.07783732096093182,0.05709197411033762,0.014409512703725702,0.0021761941811184737,-0.10187547448831763,-0.12478096632765812,-0.1469941934057189,-0.18982197991802946,-0.2016794537719449,0.07570950650564223,0.04678674407150485,0.018892419772720492,-0.03461543600632799,-0.04595512886717379,,,,,,-0.0032675886298645374,-0.021019903775912452,-0.03887109911813236,-0.07507125045986546,-0.10597663262954848,0.14220802319880338,0.1250243851299247,0.10769455678461626,0.07242110055405304,0.04210030163282896,0.0714863743410406,0.059828998811437606,0.04806361165447948,0.02414251693739028,0.005566351665010849,0.1382302921702377,0.12618430334344233,0.1140286944791859,0.08931231613494778,0.07206472346333953,-0.06061784717602331,-0.07324676313533612,-0.08611113007528004,-0.1126387316086036,-0.1306603477888565,0.027460776505408346,0.017975215709203685,0.008376653662498512,-0.011176632603311254,-0.022194942544954466
2014-12-19,0.2600373864234284,0.1119556256679231,-0.07239215736509666,-1.4822358743560073,-1.6604574861258887,0.2282080497520332,0.07285686849179691,-0.11661621540917827,-1.4617375634510685,-1.6211336424531304,0.07304200067120456,-0.06992775318343793,-0.23818434120169013,-1.9901675731364186,-2.2031188156212447,0.4263629547734685,0.2989805012079597,0.178370215788191,-0.06216321263099099,-0.13265706367782248,1.2530702278379346,1.0934788295745945,0.9486676212963643,0.6744960104684206,0.6102042980777564,0.7767999176101935,0.650979083510361,0.5318778228199427,0.28763921143500765,0.21651836546695719,-0.09465726760506366,-0.2061383622221784,-0.301783378290311,-0.4683920142960927,-0.5426740332088927,,,,,,0.38271683482324315,0.3063153822897421,0.22719744796796942,0.05474504686063886,-0.10383694458795767,0.32042041933680177,0.25651424763644215,0.1927792877471629,0.06453220699297763,-0.07440522547659609,0.5270837837814263,0.4609749188263005,0.3951791015213104,0.2633042725997234,0.12494836320801808,1.0554906716773114,0.9791079198685287,0.9043200077699863,0.7582090034039191,0.6153328690564699,0.010617667686504573,-0.02266743427031659,-0.0569002938257096,-0.12876571040850282,-0.19142194310291133,-0.03175427026587274,-0.06830056892663816,-0.10606159701056805,-0.18595781585203375,-0.25195137128200906,,,,,,-0.13829946763687107,-0.19312099221428125,-0.24818273244625727,-0.35972915167946734,-0.4859483523124216,-0.49943103025055363,-0.5559417039609391,-0.6128901948287404,-0.7290742538138355,-0.8766961111901658,-0.6536934166238038,-0.6952452813730374,-0.7381906165880265,-0.8288821936772892,-0.9958167703722678,-1.0827588624573536,-1.1333400165996053,-1.1858880523689328,-1.2977407081730292,-1.5345364950300215,-0.5947543007477774,-0.6308670150173941,-0.6676983206778755,-0.7438891359256088,-0.9119203503372892,-0.5992003004441503,-0.638010736262776,-0.6776326811057072,-0.7596483198107483,-0.8732003085808138
2015-01-16,0.057798605024156124,-0.043808233131771734,-0.16686376763875568,-0.9283596904547724,-1.0866910005227608,0.035742184599970084,-0.0504862294536339,-0.15121271652209883,-0.5374827750653344,-0.6240813940253593,-0.05368414218497547,-0.11881320880909035,-0.18804412954040783,-0.3496971384926755,-0.4414308840368384,-0.15624163978911187,-0.2091708782186424,-0.2632778340937284,-0.3829625708259101,-0.41111609615367906,0.048613072799668866,0.001963683980764408,-0.04541490641055956,-0.14931929000356486,-0.1742357780326741,-0.052335715324204,-0.10100216200607803,-0.15338207476594734,-0.2750012628416472,-0.30953907344568843,0.11575503051983871,0.05785437916470937,-0.004136171173489633,-0.14951642085251438,-0.1796292755271387,,,,,,-0.16996141216444355,-0.2191634500486362,-0.27062696814748927,-0.38317805136705757,-0.4790150015828832,-0.1605942141194532,-0.22189486508918732,-0.2867040732229589,-0.4309819720339831,-0.5552734199392648,-0.4626139859116618,-0.5394779502662836,-0.6219615390099715,-0.8108459422845982,-0.953680222468082,-0.6770269694254086,-0.7549509924135144,-0.83635366859305,-1.012758396271213,-1.1418370906334305,-1.1120350753921038,-1.209845432449809,-1.3133495891435034,-1.541786810247936,-1.688612206275957,-2.529696421190091,-2.667969719525736,-2.8183895759877737,-3.1631245854714485,-3.2685971679509143,,,,,,-0.01552653983537329,-0.058324949682324934,-0.10145404668234931,-0.18947499458632566,-0.27073049182757514,0.007988522288205735,-0.019527945957757642,-0.04740698802088661,-0.10476373822024215,-0.1824091742211928,0.1118938279947535,0.07712116831149857,0.04172368545800381,-0.03170921330259935,-0.1376040942043115,0.04185981616311851,-0.0013276125560596486,-0.04505939102226536,-0.1351626392725113,-0.2638434667443025,0.10035596093806198,0.06129696019983227,0.02225099886940357,-0.05656849233891598,-0.18689656256202702,-0.2917382890234763,-0.3196135087596843,-0.3487374345851604,-0.411254371551272,-0.5075381457713154
2015-02-20,-0.032501533916661496,-0.12422759349803422,-0.22564109867057874,-0.6077839511584145,-0.6874772437832595,-0.25074920962551367,-0.35225179088624303,-0.4626422292052482,-0.7385330851283973,-0.8064479812815196,-0.37473962334440525,-0.4771884298550849,-0.5861179231863454,-0.8364134194310613,-0.9026289453863056,-0.6980318055959336,-0.8206488054608106,-0.9482649662464392,-1.2294779467252372,-1.301998195890555,0.34770643908553,0.2452823397906881,0.1439367333137671,-0.06581484273788107,-0.12455503145528717,0.47514221794409184,0.37780771113325223,0.28036612340200784,0.07223175642692226,0.013258406832949654,0.09016148015807957,0.03275911398407261,-0.026869771487463057,-0.15670249628914634,-0.2097271986805237,,,,,,-0.2237802569686906,-0.25876494932827065,-0.294114281752893,-0.3663752149863894,-0.41401507559631284,-0.5637755640380975,-0.6003602115491025,-0.6376206467814528,-0.7145819176589906,-0.7682870341898221,-0.14351205652921914,-0.1709175569722838,-0.19862323280200822,-0.25526255341384,-0.29018345388434424,-0.2555523928260122,-0.2798636389867912,-0.304208895585257,-0.35333601501832335,-0.38839765643674307,-0.29396612643281855,-0.31978459818317695,-0.3454389195779428,-0.39657971011675763,-0.44301746454206414,0.43717934674339465,0.41600093517864034,0.39515846500287233,0.35434948663804267,0.3367620061483083,,,,,,-0.0325925764469803,-0.05986513895356274,-0.08735533514083332,-0.14321042010157387,-0.19865284713339287,0.021399029034397596,-0.0060793438672099576,-0.033780479918157566,-0.09004769113808511,-0.14569332511644723,0.1215014211838093,0.09060501979506552,0.059676255177319795,-0.002442039025893558,-0.07378191444122903,0.13425042013855934,0.10957403492532274,0.08484850700775703,0.03511261570935249,-0.008200220016537044,0.23685480192179476,0.21118696868199677,0.18536577702738655,0.1331086015072918,0.08274928116105174,0.43717934674339465,0.41600093517864034,0.39515846500287233,0.35434948663804267,0.3367620061483083
2015-03-20,0.23250303105349113,0.14983874631144842,0.05441855492351608,-0.33683048474113175,-0.41181913759331923,0.203342785605704,0.12217299848546495,0.02460094386543965,-0.45938973261151683,-0.5365337701379261,0.16377919484340886,0.08665076040012565,-0.006373116345306129,-0.3802017587873634,-0.42909895496899386,0.09329253938642668,0.006996545777335772,-0.08921071877645148,-0.34917966336206147,-0.41257715877922635,-0.015826600464804413,-0.11034947883574617,-0.20860459046974522,-0.4300521493786889,-0.48729308318630055,-0.16553481146336985,-0.29144597363818203,-0.42302763907965496,-0.723521931816539,-0.773254767169591,-0.7401202662196076,-0.8792761225509699,-1.0291541541146885,-1.3924498982512785,-1.4487483133564851,,,,,,0.05804758426034144,0.01264749473996662,-0.03323572480596074,-0.1275999505497265,-0.20993642468348644,-0.3636265672965229,-0.40356816991648436,-0.4442017072340454,-0.528079586483571,-0.5967554579900645,0.03132656546446852,-0.006846225147783186,-0.04573574040544104,-0.1263416636428799,-0.19600867715920828,0.1405799194114014,0.10941837592747705,0.07788180227773189,0.013126925535138223,-0.02190049559709467,-0.011529148365459096,-0.045711033866314754,-0.08052683792777354,-0.1526585780358125,-0.19872099886418537,0.29007250492926695,0.2564849853258945,0.22284608371642,0.1548651982862308,0.09924723716699657,,,,,,0.0924082141285851,0.066635121389838,0.04074571729686979,-0.011631633591476606,-0.07804977279497019,-0.019932408908234042,-0.050659746981696625,-0.08156345279826666,-0.14425627316732337,-0.22864847733019783,-0.3739122540088664,-0.4068079332975383,-0.4398604256525246,-0.506704467243654,-0.6079167031327579,-0.737610238684594,-0.7758333598387158,-0.8144562475850771,-0.8932442237410487,-1.0145802271266406,-0.9364872527834648,-0.9796280319501873,-1.0233471155356315,-1.1129624887556506,-1.2251187698511088,-0.9875971716818194,-1.0305980560898997,-1.0734349351492725,-1.1589452090567174,-1.2706267068458188
2015-04-17,0.08226643057985888,-0.0037929314705823503,-0.10561127987435243,-0.5407691883403387,-0.6179690591344533,0.18804868955446508,0.09857411551450235,-0.009632141903581554,-0.5382125978780563,-0.6224036544026016,0.1596102207413237,0.04379710961762928,-0.10384964001771947,-0.9970136174801952,-1.1001395491117978,0.5394277834594002,0.445800699347652,0.335879398267432,-0.09099758385462209,-0.16594098884273753,0.9745118297601092,0.9123664446931049,0.8389764268751234,0.4832329594814695,0.4353474763707443,1.1842905148069436,1.124287834254027,1.0609370045269932,0.917407417413951,0.8776110839477069,0.3945116496979808,0.309930156197076,0.21938064743184493,0.007607508155582754,-0.05036657128251998,,,,,,0.3511991603340455,0.3187599188517022,0.2859047953373286,0.21802900582817858,0.1749349054388972,0.49925059178982023,0.4656108002459359,0.43153061743371207,0.36143032315794665,0.32276127512088626,0.6268921176032713,0.5925902708529978,0.5578289220431729,0.48627542378712474,0.45635575937046213,0.5720582502985154,0.5304801901396266,0.48779317629511143,0.39813713282756047,0.36159840298595025,0.9668162239846092,0.9366187175849662,0.9063872238897497,0.8454928927297838,0.8306880543678448,1.8569375680632354,1.8233200502658715,1.7895596205530684,1.721342058795058,1.702938140211327,,,,,,0.2992898319804498,0.2703991990238628,0.24145805903492543,0.1830879225771685,0.1244485537857569,0.48518740559956175,0.4593861230568871,0.43389994151637734,0.3836263847073868,0.3357525345479345,0.6856758866911519,0.663917753234807,0.6423941491676184,0.5999182913592073,0.5652108451034312,1.0030997985146222,0.9759788858833931,0.9492054918948507,0.8965323070032755,0.8544956927137144,1.2185381503812165,1.1918602914171597,1.165492515729794,1.1135504492104853,1.073711700102137,2.0590513707961637,2.0332525549088203,2.0078215966894417,1.957991653214595,1.9394030647091887
2015-05-15,-0.011802584016359613,-0.10239043226436118,-0.20816437490053386,-0.5731644107318391,-0.6314534781797486,0.09921474778967326,-0.001851450267906285,-0.11520550035878946,-0.43891699920130595,-0.505849677286949,0.2831342104411226,0.20675428921547595,0.12826447611427358,-0.08428551209617857,-0.128796292067108,0.09064485498560554,0.017052181960757196,-0.054207103183363026,-0.1972019869830565,-0.24856370080466644,0.11931569376906137,0.042278409081944496,-0.03573047236720972,-0.20109900117088764,-0.2649081987659266,0.0789698597456513,-0.016108728365115066,-0.11323858339681342,-0.3228031707058094,-0.3715093319369562,-0.6468391800651132,-0.7182158201205306,-0.7944404789713798,-0.9663373740728269,-1.0203886560782507,0.09341615938286019,0.062247812200476316,0.03062702139004131,-0.03457043978180285,-0.05972393937920556,-0.007147868762599596,-0.03284758689825401,-0.05882888007753978,-0.11212636194996722,-0.14123340060084755,-0.14474467833844368,-0.1709568134452401,-0.19714566331112493,-0.24998316833933723,-0.2722008685132042,-0.23666351766447857,-0.2588656295119073,-0.2814670644946613,-0.32819224611356784,-0.3494813233115326,-0.11044815218167281,-0.12477069459762602,-0.13956962810071905,-0.17087323011897604,-0.1887251848154765,-0.16541080372055972,-0.1808032561345373,-0.19657200991487628,-0.22947248147678706,-0.24323690362172257,-0.26185304876027526,-0.2838116854620776,-0.3067395813869147,-0.3559222172104449,-0.37529859253968234,,,,,,0.1392377062655804,0.11623637316851448,0.09287682117609727,0.04483497204786105,-0.00726880776775532,0.06946047213889736,0.04788151420022896,0.025837258302659094,-0.019872274560049058,-0.07312187927916278,0.17947592703444548,0.1614696025295445,0.1430471307650134,0.1047134560736282,0.06285626658627813,0.34457422450258696,0.33497913491079856,0.32517721277642103,0.3048550998772272,0.28860821638189577,-0.08775066071097681,-0.09428475150709659,-0.10080983535845633,-0.1138512057885801,-0.12610398655210298,-0.09460151763428004,-0.10081827730602466,-0.10695877613540106,-0.1190251077042579,-0.13072232154195462
2015-06-19,0.04731087209746371,-0.030765120424911696,-0.1185706158424942,-0.3538690111774684,-0.412494008184161,0.03406838776198112,-0.05643157697774864,-0.15855211299222824,-0.43624695200854596,-0.4977487440643483,-0.01074972140689251,-0.1044233565955732,-0.21367075039469807,-0.5377330230846749,-0.6028023402413576,-0.5727985906522494,-0.6902285941103313,-0.8321438652124757,-1.2816495180046776,-1.3597378666778142,-0.08205366117406998,-0.1452143670408858,-0.22113597212342945,-0.5150714574434369,-0.5528236579278863,-0.07560119603193338,-0.14277934886311383,-0.2264430796986842,-0.596021813343889,-0.6430849108243046,0.16256513635746583,0.08846306704839468,-0.011530560513968502,-0.5847545281685838,-0.639304482563911,,,,,,0.29097629125693525,0.26305123562535915,0.23518528616948187,0.17909944934102212,0.14002804676950598,0.2326050485936677,0.20684985612394585,0.18117988259292483,0.1295128169248353,0.09462457727331719,0.20897729562839457,0.18000958202481376,0.15165708926449056,0.09622489641182863,0.07548510849265377,0.34644335874744203,0.31271467541227704,0.27970407861170665,0.21516719948608104,0.18730217757635642,0.4186722187065477,0.37778651656067647,0.33785617779334426,0.25996091913613995,0.22548350072237866,0.3201382303121091,0.3049615832370892,0.29024415246769164,0.26206406830442874,0.22600658665172724,,,,,,-0.014645359598313534,-0.03716191474666103,-0.05975657606483137,-0.10545581298286982,-0.15830406467065108,0.10906396205909835,0.08976981677847645,0.07031090096290121,0.0306890406720981,-0.017608211067595858,0.1424584607342207,0.1233175450436339,0.10419026995952302,0.06579850670149467,0.026393452466668077,0.26795165425003487,0.24793266804710418,0.2281872712582635,0.18937537923875708,0.14251262229968192,0.09524781218597872,0.08145252444570339,0.06776986629212822,0.040649061520530716,0.008702853769753216,0.3201382303121091,0.3049615832370892,0.29024415246769164,0.26206406830442874,0.22600658665172724
2015-07-17,0.33636981559439405,0.24699293126814836,0.1499151177205138,-0.0853213714888667,-0.16002384978856432,0.41165805221371937,0.3204450717920419,0.2207802669415446,-0.019883586753721816,-0.10748988695565395,0.12603279199291087,0.047162223861000496,-0.041027858301192266,-0.26120685856524445,-0.3283309954831889,0.04516259653366986,-0.045291831245588304,-0.1472605190533639,-0.40625585135426034,-0.4727262400119017,-0.28055009036884543,-0.38011102390272333,-0.4929648876848945,-0.7815565137255415,-0.8345025978468923,-0.14392036692501192,-0.25569626660182965,-0.3823450396754965,-0.7082230532328317,-0.7698250339578626,0.10756392714269913,-0.014055786092774358,-0.15449991826096643,-0.5304274309973064,-0.6013486091610809,,,,,,-0.6211695376919677,-0.6994846593481338,-0.7825816573792921,-0.9690723989962235,-1.103126864122527,0.22706469131686807,0.14228194933774702,0.05198732379913984,-0.15204526270358465,-0.3031549367733585,0.7509184761925948,0.6601446984396293,0.5634806916895156,0.3436339785371389,0.20702089651761774,1.6003638044354696,1.5370709338307647,1.474812046249872,1.3522053890957724,1.2840529931153923,0.5369860225162335,0.49881048420045043,0.4598704543901063,0.37879248621416883,0.3267922622211998,0.3529904398534863,0.3033267847478759,0.25229658602703364,0.14462352754229735,0.09257139709056861,,,,,,-0.638492361221668,-0.68065549247295,-0.7230230259369271,-0.808780402168679,-0.8973874908283656,-1.1801275894321632,-1.2279983025825132,-1.276105041231792,-1.3733385576379162,-1.4753651777955545,-2.63152704680181,-2.691069803294747,-2.7515239482998335,-2.875462629321897,-3.0029957175410353,-1.5250093776051414,-1.5610223143947808,-1.597283106917868,-1.670680539826313,-1.8175893906779361,-2.0321850636667387,-2.07348811320493,-2.1152492198732102,-2.200301762006793,-2.4047838103951604,0.17001542415448612,0.13717628724007103,0.10416714994382281,0.03742314158071336,-0.05551798795552343
2015-08-21,0.12517369804851977,-0.013745171046889992,-0.1653971379386386,-0.5499175776210812,-0.6400716622784639,0.2827976126912313,0.14870450537915653,-0.0004930158255476436,-0.4051396196396693,-0.5051848939057599,0.21335542338097918,0.08795693461434859,-0.05124855603071366,-0.44549300775603506,-0.5521218013760538,0.11103917061479768,-0.051987265253016765,-0.24285246300577115,-0.8508215821964298,-1.0196685281214686,0.6530242274785987,0.4637663671736415,0.23489842636270894,-0.5680614789793808,-0.7906327302984804,0.20784119173676402,-0.04864250327764741,-0.35972455159421485,-1.4054343483897256,-1.7249025781218512,-0.9976037611338163,-1.3932996658278074,-1.9025235283196578,-3.7750914350381457,-4.22937698879023,,,,,,0.07164555363922036,0.01295525362814652,-0.048706609877008075,-0.18430410471475006,-0.24678423120991774,0.1824227656458589,0.126789204299601,0.06849525569894405,-0.05850637757345617,-0.11310485770670331,0.03310000968514313,-0.014538441235114163,-0.0656389634387518,-0.1808382199375313,-0.21928567988885106,0.10861052080400813,0.06861556888396136,0.026351710803383,-0.06701373273545465,-0.10043127475070547,0.032951644854996354,-0.015361947098182671,-0.06686418552187662,-0.18235052131977408,-0.21492628261886948,0.20243862842805305,0.14495504939662385,0.08579985322383421,-0.03849656085781006,-0.07391577381223047,,,,,,-0.07386365902818204,-0.11126150536076909,-0.14935319440248399,-0.2282215230898752,-0.31148051709348,0.008747007322061351,-0.026097973843364902,-0.06191120815370538,-0.1370295339003226,-0.21609593917020092,0.23406759927791065,0.19308907424762153,0.15034939131374664,0.058576007824404475,-0.01837387604377827,-0.3078989432226724,-0.35504137095713234,-0.4050714205390942,-0.5154002376736482,-0.5922542464047323,-0.3077582016741139,-0.35956356612620755,-0.41509369715156397,-0.5395870448288472,-0.6360859879675991,-0.05210928807866,-0.08772655633041171,-0.12468959188676776,-0.20333337624796788,-0.27061540482203916
2015-09-18,0.29270840986047353,0.1847411277492641,0.06790105819265776,-0.2185153799848549,-0.2786157512197427,0.3893653920160966,0.27860676931945283,0.15811296880786613,-0.14117439053667455,-0.2067759749453544,0.2916655632666433,0.18056125848038967,0.06055287939312364,-0.24174874528832546,-0.29532720417167274,0.5373574524995276,0.44311516687784813,0.3355259841937381,0.0329116420635551,-0.02478082409122917,0.6469357864790998,0.5625713821113176,0.461979905279063,0.143922188907968,0.08573557780082823,0.336421595149857,0.26110377137652985,0.16924313803466745,-0.15064852928426248,-0.2021542512287276,0.09901773691814375,0.01489695743511299,-0.09756168360879747,-0.5700349348109701,-0.6515358236635784,,,,,,0.23793418687048756,0.19127656888956768,0.14372770487910094,0.04479159399707936,-0.006355871977160921,0.39898454381418064,0.3509039464090604,0.3014117051236712,0.19656611468756022,0.1476350925508751,0.6037144673758874,0.5598710952706614,0.5152597573681061,0.4228509570259895,0.37108639640882624,0.7375486864447054,0.697874199220785,0.6584307755626002,0.5799102821158191,0.5356590318229362,0.8041915856743903,0.7641952300582108,0.7245432832699858,0.6459982834482878,0.6009350586152029,1.0981101284255375,1.0498507292876722,1.002054899496618,0.9074972951690288,0.8479142680727825,,,,,,-0.029652809675589798,-0.06453009547837284,-0.09968274823511837,-0.171934152669553,-0.2301649285507657,0.05290925759259511,0.01922158148508881,-0.015282867009514155,-0.08799160500170077,-0.14970734705462044,0.13558205682941432,0.09729941496525152,0.05754240880157666,-0.028311274116398555,-0.08075106994187803,0.39075919738435816,0.3517431937352951,0.3102533682417841,0.2167973314554309,0.18029541398444615,0.457402685365296,0.4077836641589994,0.3545164620205674,0.23255873583614067,0.19393225668037656,0.42202336984053657,0.3874813141269978,0.3534103102661428,0.28641096834573065,0.24471081597053124
2015-10-16,0.11694782921277476,0.0008692661898084873,-0.13261446884480022,-0.6987102578845202,-0.799588715938925,-0.1456304509882912,-0.2445635499851163,-0.35746666395175836,-0.6693408058070343,-0.7342986733802039,-0.2137642796359273,-0.3233036171441869,-0.4448356697949506,-0.745288382365138,-0.8098653580888427,-0.3583936302339693,-0.4711076787868711,-0.5950799865862515,-0.8969188824722893,-0.9772114429206537,-1.1203118466777138,-1.239763579291936,-1.3762377161300536,-1.7238530392943234,-1.822500813601611,-1.7057904215559085,-1.8526909774475862,-2.01737566621136,-2.417451073242648,-2.497292548948939,-0.5696132650846016,-0.6520320618351668,-0.7425781067151009,-0.9576152048301629,-1.0032586901943163,,,,,,-0.21879601702090748,-0.28440655034731777,-0.35226463985310524,-0.4973487622907082,-0.5533607048872612,-0.25161301054493684,-0.3183031439378401,-0.38848331268257275,-0.5435207179143087,-0.5902491626381461,-0.23310790463126813,-0.3024469191236202,-0.3775866835447539,-0.5511137713518202,-0.5967237289059335,-0.10398575892182799,-0.14974861732060837,-0.19833834307733758,-0.30644929936862025,-0.33227132914241836,-0.36002051865563944,-0.4080166937788757,-0.4602859562069187,-0.5808045310092085,-0.5991699478553372,-0.13013543908503356,-0.15908484107309762,-0.1900905156414543,-0.25941543416598056,-0.2794879220341172,,,,,,0.32168103034249995,0.29204122787338227,0.2628010200919497,0.2052075996352198,0.1494819375785681,0.5254021151230579,0.4957023016626544,0.4663667390009407,0.4084590764255649,0.35840284217138385,-0.09421249032523618,-0.12173695774833573,-0.14935095649940672,-0.20525145673583425,-0.24758897994615325,0.10018982012094513,0.0823021683350788,0.06458704000535331,0.02956940133206487,-0.005914050033601181,-0.2115631026189247,-0.22621856247368533,-0.2409928820866979,-0.2709672974608343,-0.287290528779942,-0.31543213230126677,-0.33230016138049845,-0.34955768701173406,-0.38533462419289166,-0.4023973178664969
2015-11-20,0.07466479950650959,-0.06726008332711828,-0.22477943305028106,-0.7395817449499208,-0.8495767026844256,0.3173526941471619,0.18568031459558373,0.04772988115322163,-0.2685515076126342,-0.3823108061556455,0.13143117358132078,0.043328257679844606,-0.05007847490308914,-0.26906882652416325,-0.33147585824259895,0.3348163375070506,0.23516351792836715,0.13042855707661283,-0.11581381795329806,-0.17061466803067166,-0.1950122454349235,-0.27524151561073296,-0.3644801967889949,-0.5885894353631586,-0.6265972754952004,-0.3797169420608145,-0.45047418922521587,-0.5255905257901612,-0.6965237448387491,-0.7330431434703322,-0.15079690867370266,-0.2083338272537284,-0.2661720004751571,-0.38548022977850227,-0.40991903700875854,,,,,,0.16298502257724332,0.10101685674557204,0.037853734794959765,-0.09386504825169822,-0.14428986898146567,0.25078331537248155,0.20309989003244489,0.15394515312277693,0.04919907847847779,0.009483578382127876,0.6045254992100839,0.5562057531132372,0.5060047520313002,0.397542176877113,0.35712356254305133,0.4892481510613018,0.44460019504955356,0.39721920816809486,0.2907052470820656,0.2639709606216595,0.7217254372386084,0.6675431996372847,0.6103144971695991,0.48209555194242315,0.45254117101179214,1.1824909258226572,1.1075471191574642,1.0310962880761676,0.8713143873524977,0.8303164512207286,,,,,,-0.1084823006177894,-0.15331537971156528,-0.1988474601592288,-0.2932301694128218,-0.366062621414556,-0.13076897240913052,-0.17413494131922502,-0.21835460626405573,-0.30993663289438234,-0.38418156110361606,-1.0944773836983843,-1.1276023001856013,-1.161757047562343,-1.233504598156952,-1.2866804657731714,-1.2623174062990041,-1.301217591942971,-1.341604263443923,-1.427345534312369,-1.488483369575373,-1.6523805036379025,-1.6999470565017285,-1.7493212141057464,-1.8541294787056866,-1.9266656817605958,-0.9530734434950944,-0.9993930019704752,-1.0482596296044586,-1.1546488123124825,-1.2348900783398657
2015-12-18,0.2937559790695511,0.1964283958638719,0.0839194774303969,-0.3725710988095271,-0.44770068245518413,0.3169325813818914,0.21762691168843107,0.10544702125659372,-0.2038668626242712,-0.27541763336919745,0.28242384233812934,0.18370812457987068,0.06978125256978873,-0.2529529059662153,-0.31920311120662453,0.6831480159037242,0.5829437332010269,0.46661473656468627,0.12728577438450475,0.06206431370767424,0.4244286916335454,0.31416447855758145,0.1790445485583237,-0.2537988551306082,-0.329076684196281,0.5550727093168196,0.4748691706278093,0.3887088230968604,0.18421398562190688,0.13677070883332776,0.3542179656444513,0.22180501425052424,0.07907117496941796,-0.26461498915397785,-0.3054451551602121,,,,,,0.23814903079244745,0.19767932427390586,0.15660164870415916,0.07176214739771507,0.021474849423819845,0.3060479266502967,0.26237339242130364,0.2177015961560496,0.12423229738855116,0.07385665780148873,0.5317890137883589,0.5001622817827104,0.4684876684680916,0.4044655135674971,0.36895222027059515,0.6396666100973524,0.5991870734930242,0.5586401830386478,0.4765369638984078,0.43219218325319725,0.8343004907394997,0.7880270857687526,0.7417554051249773,0.6481588489510846,0.6040980303871448,0.4134460534791986,0.37864619721101556,0.34187855461151084,0.2614320269919017,0.20953527480996237,,,,,,0.0022316147007137646,-0.03384833845856761,-0.07029446819220071,-0.14490160844837727,-0.22183474570003275,-0.10606592401274442,-0.14291930923624366,-0.18056078315411145,-0.25881012853551333,-0.34679484982596204,-0.36590360876751193,-0.407631501512129,-0.45084417201523597,-0.5426108770580186,-0.6434904428079882,-0.21634755875926015,-0.2622468502952348,-0.3102297865813903,-0.41379296971021634,-0.4962169369153026,-0.3468445905663422,-0.4021358939034754,-0.4605943578448086,-0.5889506939389388,-0.6994120696214354,-0.6380253674648664,-0.720517571688654,-0.8094243579459053,-1.0101874917430984,-1.1426307225094905
2016-01-15,0.07058769041307021,-0.04711710267593737,-0.1797038918797404,-0.539016937354236,-0.6224026802252698,0.05706031133679135,-0.05572181360408941,-0.18143140643636058,-0.5174595476655035,-0.6073652423517705,-0.04606541727724737,-0.19114926002059981,-0.3559461452265093,-0.8217022081385834,-0.939513907344707,0.05248164130825353,-0.11156347178924564,-0.30220517839616395,-0.8871051292485239,-0.9950582346040695,0.10460420978237517,-0.07374328100936425,-0.2741202932280967,-0.8552146005202711,-0.9843097307567622,-0.036248865000484354,-0.24226172694875625,-0.462789449379578,-1.06027268250634,-1.156712597792545,-0.1054950853113934,-0.40433046613779866,-0.6995492773811194,-1.3663409781822335,-1.5024708246728995,,,,,,0.33947227182644624,0.3001873585916786,0.25964943510145555,0.1726914409113047,0.11881132326502314,0.3598840343105543,0.31385739778859784,0.26547521449847555,0.15799207892790748,0.10051133296325523,0.406531595225209,0.3545562118788997,0.30012384708395123,0.1793346514294209,0.11338245331160947,0.33152877031914774,0.2740136451442301,0.21209441489206235,0.068025484886168,0.027581755919509062,0.25947438796401084,0.19297554320701943,0.12004356234702779,-0.055361013837617046,-0.10011411651533236,0.13519247900781295,0.07991670582692101,0.021390776395224353,-0.10749956635232016,-0.14804903235893963,,,,,,0.28978507288386474,0.2561430431574395,0.22216105166079797,0.15233567924562652,0.0822997455684792,0.30887505956906014,0.2786293000923399,0.24772969460315036,0.18282483319220594,0.1184515549187792,0.5373952097279742,0.5018923847636838,0.46491499275355574,0.3845697545841188,0.3101861167638912,0.5040599271288922,0.46296001524454455,0.41968522033058775,0.3235974317468563,0.2555683558954642,0.4671028344262504,0.4191172353667564,0.36746262448618944,0.24873061332077517,0.20401245414843017,0.6378660337020934,0.6196793050333571,0.601752606473496,0.5666235306828749,0.5467013947791404
2016-02-19,0.24614308432478452,0.11771446437779261,-0.04095812195041655,-0.9190261123571191,-1.017234911240043,0.3376991357652521,0.20007491952215176,0.04004808508290604,-0.6422712075853926,-0.7236840460261934,0.41488657470536416,0.27730741407266074,0.10220751440092761,-0.9003184964263892,-1.0132181427834062,0.37487081322357846,0.24303685653306714,0.08672172893139755,-0.44054157054603216,-0.4868387100032321,0.29573091459887546,0.17442125416248155,0.03148331675284738,-0.42854906298138995,-0.4622886545245893,0.4749075115239139,0.3351723817820878,0.16219499794933046,-0.44144443923805876,-0.48060955528177074,-0.1156371023195435,-0.2241717978336265,-0.37680105901586725,-1.0725385703132029,-1.1085445214568845,,,,,,0.22781578079285136,0.17720963520118074,0.12590825715741868,0.01962392973831718,-0.012324230540020542,0.5954434582200547,0.5450356895325122,0.4937161778867669,0.38654889690246796,0.3540285008794664,1.1154577697226284,1.0432032143232335,0.9698249758604092,0.8168603217518678,0.776526269575052,0.9906808704832968,0.9028304099381751,0.8130227466626112,0.6231702983901627,0.5845029024202025,0.21790484382394565,0.12628406372324552,0.031069007557908535,-0.17621000765875405,-0.20686090851260863,0.4588861604587182,0.3017906584637535,0.13776078807315195,-0.2226016178069814,-0.2728748927490341,,,,,,0.26685482762632456,0.23369359002175807,0.20039722285819067,0.1329496290644574,0.08724000359355005,0.20846786968642056,0.16577843803449022,0.12283751840150436,0.035385134424905595,-0.010084307523471031,1.0616512485910612,1.0139751453638766,0.9659096615160462,0.867728140843022,0.8175478525206805,1.6383206220419793,1.5724083206565498,1.5061255639555227,1.3710829307942107,1.3176248746486972,2.577856239431132,2.511662040257424,2.44748897349497,2.324698310816317,2.2734889599836725,2.410882996717586,2.3436073613967574,2.2786752308663805,2.1552956997536614,2.104127737180449
2016-03-18,0.15237146099891324,0.06294455920312941,-0.048015895286830534,-2.7499899486451405,-0.539383235508489,0.20920534955532882,0.13033656473838273,0.03553851042340922,-0.2819356161383,-0.3359211438968643,0.23212932841266432,0.15622018835505824,0.07192127507612212,-0.1447796248067987,-0.1826972512992091,0.13005733479830459,0.03829588816725987,-0.06488427118937251,-0.3364750209112855,-0.3776501911795221,0.6644156995225959,0.5936707207925954,0.5220260068271526,0.36607880923254166,0.3336195980307408,0.9539749520807277,0.8942697900663362,0.8362227375009268,0.7218420447501519,0.6966984105879797,0.6998757892143774,0.6476928554434036,0.596215777340707,0.49189332231862937,0.46883508796961004,,,,,,-0.9388287243861521,-1.024891023175987,-1.1172316549705021,-1.3258364230944832,-1.373862963697116,0.23533490769486637,0.202640674845396,0.16952317555159913,0.10086276787914777,0.07798313663107376,0.15933465631179844,0.12108723791508391,0.08274455393617047,0.004265444094305015,-0.013422384338919291,0.4536312071211961,0.40766640533691956,0.36206351629434497,0.2700002548680269,0.25271100649626393,0.3342273519881579,0.29131581025137077,0.24790163708036866,0.15724761465845383,0.14181283737102063,0.3345880031669741,0.26488651272590114,0.19425679566579335,0.045913437189783246,0.022150969348228244,,,,,,0.11851141566000883,0.09194180636524346,0.06532178093547303,0.011156387848658966,-0.026537447708713358,0.1413329966494502,0.1179901804826991,0.09473486745817272,0.048042382403868045,0.016736514239932998,0.09479366266879885,0.0724135480834941,0.05063569831973158,0.008462357739777604,-0.015978767695155216,0.05046297729406024,0.02488683303503425,0.0003349476570030374,-0.046320598008412595,-0.06370147801437365,0.20975635696918576,0.18006472542015378,0.1516581932005805,0.09787977048637853,0.08132316270816986,0.6995184824398297,0.6576249777406766,0.6184175255042257,0.5467553333762059,0.5235973256254759
2016-04-15,-0.06734619306361511,-0.16077193895135716,-0.2696680886292915,-0.601968500405407,-0.6729436027730706,-0.09327225972896652,-0.18658330567106804,-0.2937526268337587,-0.6098330699279895,-0.6852745691904872,0.2000574874701172,0.1421848697402795,0.08307851203885891,-0.04981717440702815,-0.09938982118038586,-0.0577488078327939,-0.1153122541119439,-0.17231838888591522,-0.29948884205800547,-0.33855278586655124,0.0251154074954828,-0.038929709567103954,-0.10011179694274586,-0.23548479395851485,-0.2685637410032684,-0.02271570356081376,-0.10443358578815132,-0.17782979585215364,-0.31760529116436226,-0.3568006332321339,0.007373066380261362,-0.0957217426604473,-0.18298144561035112,-0.3422395365815457,-0.3765130244663858,,,,,,0.06434337495751608,0.03033395018508217,-0.004256774719482326,-0.0764013195955463,-0.11121340841279431,0.06283525596480871,0.028243045168080405,-0.007325382725295038,-0.08311117554296327,-0.11481107997428353,0.2978811337492005,0.2693416886043844,0.24029699121958276,0.1794088861197508,0.16004111550686972,0.49995215866810655,0.4596778374507815,0.418635354950996,0.3321572196013487,0.30879538182016164,0.6060591116747193,0.5706801550765039,0.534931614015995,0.46150103988448593,0.439748104582292,0.49234530917588126,0.4472263153780236,0.40187862221531057,0.30933846914398067,0.2902223534165693,,,,,,-0.03592366259432356,-0.06315519565937705,-0.09132352690130424,-0.15158822262997157,-0.20199230153770337,-0.01374188390661768,-0.043500217250286466,-0.07454527294595253,-0.14214227683364936,-0.19675098594029838,-0.036058818828394124,-0.07218594802748657,-0.11129457474186372,-0.2014816580086972,-0.25189467432998186,0.1776669067617042,0.16170216709715884,0.14578595755201473,0.114010072859554,0.08287765555709908,-0.16515551882569535,-0.17819578214293758,-0.19139735012197845,-0.2183644129458941,-0.24566033029647782,-0.1239437998771783,-0.13607077515949395,-0.1483196829979947,-0.1732678066008293,-0.19067044787174559
2016-05-20,0.1597648879944839,0.061956598238315175,-0.05794883044316257,-0.7749882347691417,-0.9120995274055645,0.9379117550527584,0.8271591312137393,0.70301748972269,0.0974726939274862,-0.011337678285443908,0.5423767602237675,0.4412421916440463,0.3195316131219121,-0.19289907702040282,-0.2590673590135016,0.8246360473721421,0.7201421004091183,0.6046803490716197,0.3130662075381295,0.2655163298273682,0.20524992001468312,0.12941528830686064,0.051037040705878736,-0.11988583875085852,-0.16388830419716027,0.28459853893118575,0.19280305905918582,0.09920680519352132,-0.10007464949554112,-0.15437242059172218,-1.1791734125171955,-1.2445202281562473,-1.3118915174023529,-1.454516413739741,-1.5007516261954248,,,,,,0.16448141884570158,0.1346491140152374,0.10434647201297989,0.04176576336453536,0.007489675452422684,0.46181422101312153,0.43265969487516587,0.403025492441924,0.3417641878822515,0.3164306712482483,0.8609515540449304,0.820885190157244,0.7805687190995292,0.6985057466454481,0.6633791458966476,0.8649057521243426,0.8195975255097484,0.7746585741673471,0.6853388686147384,0.6558950244745005,1.4239377667843942,1.3746892062793252,1.3263853041721048,1.2319798077450406,1.2057758130417282,2.942516102616036,2.8640888102157707,2.7879299008059073,2.6413950089234444,2.6037067334898616,,,,,,-0.15099270798279496,-0.17250781208323474,-0.19433952406465055,-0.23916561248016066,-0.29078388928260684,-0.15935988000031284,-0.1826013326176513,-0.20638194399077037,-0.25587754301537186,-0.3123911862261923,0.02815098465343134,0.0029979810658548045,-0.022936808239571435,-0.07766378151755833,-0.11767956993341505,0.6801059433568716,0.651593749422569,0.622391461389842,0.5613573949318479,0.5183984034481915,0.7719421799026074,0.7396043834338222,0.7061969520889229,0.6353810126892123,0.590407615690189,-0.06029091655357166,-0.08641364803508556,-0.11458458770216673,-0.17841219851156498,-0.20801059104439512
2016-06-17,0.08861487619614927,0.022212974721320555,-0.051192870653125666,-0.2813870616811479,-0.3402579696089211,0.07725467817173182,0.004742630760617927,-0.07515169847774028,-0.34824337020599433,-0.4155168473497431,-0.07548657826510291,-0.15705837999543526,-0.2455408925289465,-0.5113838118761319,-0.5628740032278686,0.056310124187335275,-0.006729197855527391,-0.08427794586028925,-0.3951153927287292,-0.4609081754303292,0.09997218724536916,0.025772153354395755,-0.07101144795955211,-0.5139813190229418,-0.594427137750429,0.26599699343667466,0.17263025055793363,0.04499077274285013,-0.5844396971954113,-0.6954553006370503,0.9584492115349487,0.9058465057066845,0.8370111937510972,0.36330763131878185,0.319463312231518,,,,,,-0.016270008612503162,-0.04134067684107423,-0.06684649307026108,-0.1199313043914435,-0.15130319351353455,0.144180158179272,0.12275421495023509,0.10079653791173515,0.0543645316695488,0.02831887353053386,0.05425529158434733,0.0313238341887383,0.008171833424570452,-0.03942559156107378,-0.06248928394456171,-0.16642130098479252,-0.1869325794355738,-0.20703819280022523,-0.24636641258669123,-0.2644802823552083,-0.2721849294948868,-0.29183365295652225,-0.3110820903411527,-0.3487315126342425,-0.3662691435120135,-0.8010498493921542,-0.819450212262847,-0.8372397998061414,-0.8714290059543015,-0.8857826204711969,,,,,,0.025813577200807014,0.010531542758831058,-0.004763406796677472,-0.03558256674716054,-0.07013526858797214,0.05252068994013398,0.03553147426871828,0.018571903642554066,-0.015515825464073318,-0.0539175807156656,0.1421828253368807,0.1285155068776928,0.11486311797749993,0.08750288126960393,0.05243828243054943,0.10497899530182886,0.08727839343169408,0.06960457285493793,0.034178835459282686,-0.00792828512552618,-0.0031632827334656666,-0.02255855502288362,-0.04179939517535364,-0.08001479802630429,-0.11966125416290341,-0.19214765195040828,-0.20889100942764038,-0.22571093665032083,-0.2596178653619592,-0.3071297172340518
2016-07-15,0.38516435230351775,0.26137390778589853,0.1188850592681014,-0.38562998515322133,-0.4986449100191305,0.28686182684086575,0.14126433614388614,-0.01982258768365336,-0.4981003231070886,-0.6248552584246579,0.28831794458130217,0.16956641967461922,0.030735518180858734,-0.4733515496867773,-0.6046706260056546,-0.09674897061724111,-0.21604070286707183,-0.3626453237932914,-1.0327811027679634,-1.187954920825408,0.19270480267993045,0.04322854961633639,-0.14573648423109253,-1.03349954244037,-1.1704053759577573,0.26584676931215423,0.07230769279604837,-0.17650977041073435,-1.4221609277760425,-1.6192506645688005,-0.7871601294268753,-1.0275239694537248,-1.3273689441954761,-2.349193480154206,-2.5469955285770496,,,,,,0.08008319573780974,0.024064883931632884,-0.03419495393809614,-0.1624450056517835,-0.21721065099622827,-0.11940928700493914,-0.1780328165021126,-0.2396629516225502,-0.3743472027520074,-0.4357032140105507,0.05089791846725797,0.01468286326154189,-0.022568050047641064,-0.10091532925725016,-0.13209778360582836,0.38212055510971105,0.35537288685632834,0.3284723056470472,0.2739129398548309,0.25012909544733125,0.11203532202787014,0.07842926410353579,0.044596266594733924,-0.024190967335716185,-0.04314845495942726,0.17534193297053935,0.14888384027833546,0.12184101658999624,0.06559450798125255,0.05005253994581982,,,,,,0.38913463566871964,0.3590881614301956,0.3290639775761023,0.2687949415053803,0.19454247111478307,-0.03729766116764502,-0.05845158608259113,-0.08009200549642179,-0.12511129261901008,-0.18242563578736193,0.07126234196396553,0.042235293387919565,0.012266881437696567,-0.051015982092078575,-0.11520457854020077,0.29126013585574706,0.26463000216786403,0.23721173720948066,0.17942965869061678,0.13116231263326655,0.28239575815590817,0.2619885566639787,0.2404212928572813,0.19310252981331621,0.15251819037224795,0.9222910212733928,0.9092601323619136,0.8962243837516738,0.8701207542359249,0.8366841962608482
2016-08-19,0.0038865116214680806,-0.10236248554814206,-0.22762107125338987,-0.6351933141699873,-0.7086426971338565,-0.02894362758803251,-0.1511328054979074,-0.29598831572690354,-0.8198853322536325,-0.9106193663997411,0.26343119335584003,0.16215068317800624,0.046250327150936466,-0.33412483043224794,-0.39419546886724305,0.29450536898687374,0.1933792492996679,0.07748780229167315,-0.25157933414218103,-0.29625871089146355,0.26473143181100883,0.13949305636965043,-0.01077579505585631,-0.4678039771654301,-0.5210449611198714,-0.3047844677260543,-0.45685043365492367,-0.6449112660119096,-1.2474123448865642,-1.3028870770388794,-0.008664487937106502,-0.11585810082254533,-0.24777665241311442,-0.6728637051689818,-0.7115982202483548,,,,,,0.27052868117309564,0.21653535115327566,0.15989924269003414,0.03470166655580709,-0.00811452225283743,0.09402742419427006,0.024469998130427315,-0.04951618326299945,-0.21674378468124306,-0.26361114618114745,0.12079663965696827,0.03816346155811211,-0.048977195125038286,-0.24178077899404937,-0.29819519472850153,0.22793544122289047,0.13182783492695532,0.031046087565183567,-0.19012577884824283,-0.23818062108940605,0.4817422273868419,0.3573660706597287,0.22675189280931574,-0.060794432515291597,-0.12222221523348997,-0.7884343013239907,-0.9373962585736613,-1.0996352991670717,-1.4761987677898918,-1.5454225229942153,,,,,,-0.15808527404958825,-0.20994701466284402,-0.26531660584291944,-0.39067171411392165,-0.4587174365519135,0.03690002745963429,0.0028976712360974932,-0.03126690405354478,-0.10080946789366495,-0.16061856074180422,0.6578798066829714,0.6226252791739477,0.586634714265543,0.5115704490585032,0.46657908323060254,0.5027381102617828,0.4631703769636159,0.4223420778100466,0.33562422873066067,0.294951793364185,0.4032748428103131,0.3614037434900323,0.3185919429388307,0.22899595616315938,0.189793695232081,0.6200988571792863,0.5599959087170501,0.49820242600182585,0.36743858739125235,0.31987242837380114
2016-09-16,0.2317609475589597,0.11220733531455593,-0.0478489521125237,-1.6879985236486281,-2.1482803375330284,0.06298589228896795,-0.05613025878610112,-0.22264818132249672,-2.3412450254743056,-2.9530189635574233,0.10704044932673656,-0.024579642232703314,-0.21250204978469156,-2.5179315663957054,-3.248076628505143,-0.21884126704932638,-0.378650831509685,-0.6335293795501121,-3.4944778640970124,-4.465472641961807,-0.31698743663364737,-0.5391019656632619,-0.9038220255130844,-5.171633196953633,-6.739545712582334,0.06089707401041544,-0.06089182787591102,-0.23752910070186473,-1.360609896410068,-1.55393938471009,-0.21761099860766897,-0.410066015601676,-0.7119566662023369,-2.8464765081356713,-3.1813357956987574,,,,,,0.07781302729629988,0.03532777109917129,-0.008760929253354088,-0.10420264351535728,-0.16427232418578136,0.24969178786375482,0.2023135311666832,0.1525559953746843,0.04221284512031915,-0.024495503114658077,-0.03447022384624596,-0.10355062761927647,-0.17813962411756576,-0.3509174488161255,-0.43179369467827206,0.46216918919163685,0.40204421322199,0.338889336212164,0.19941040833479698,0.10000453721600144,0.9628945119265522,0.9051538988802723,0.8441556080188818,0.707137143221849,0.6288184831348795,1.1196217392921972,1.094565742928358,1.0695055703004026,1.019232979099152,0.9022882374348478,,,,,,-0.04653014044282336,-0.07766341716008923,-0.1088722683870194,-0.17222670080406988,-0.23969196217924704,0.168461966100467,0.14042196197708484,0.112712441545757,0.05781169388253979,-0.020886093739617834,-0.02704967256770585,-0.0598883961431404,-0.09251088747374792,-0.15777705467345537,-0.24227532275822303,0.05238847690607795,0.018334705241652816,-0.016244673824806072,-0.08769120119980263,-0.19241797751864287,0.15868032022861073,0.11459083690075478,0.06932380390101117,-0.025643962283832256,-0.1707563282581553,0.1719818439729115,0.10854948336393666,0.04212093770783132,-0.10131757891768722,-0.30530516667748064
2016-10-21,0.0866966668996863,0.001831396090007209,-0.0934397992880919,-0.35004334298997186,-0.4093749448444648,0.04625546191919777,-0.06218783470952005,-0.1810655324382458,-0.4782502454160707,-0.5457542479158659,0.0495878738469869,-0.09447986638941125,-0.25232012823528527,-0.6477570605780119,-0.7404169545489305,-0.8058908355624159,-0.9678578235581741,-1.1525761172311413,-1.6399429343326548,-1.7616904738784653,-1.451063693896061,-1.6667464464467172,-1.914636603819207,-2.5678151909057023,-2.7502681320235705,0.17523155742107277,0.10717479789226458,0.030298466502541865,-0.18151520576294666,-0.2100511067336327,-0.08091957931379834,-0.16511602307583584,-0.2652112913031113,-0.5660167304633906,-0.6044355998308303,,,,,,-0.08526802653976873,-0.11550115618274243,-0.14586704476784584,-0.20808632292668433,-0.24367309811019064,-0.2662830065512323,-0.29553655492634817,-0.3251945995169406,-0.38688000769778913,-0.4105442346062795,-0.40454130066534133,-0.43165518036737544,-0.4583430503417826,-0.511099346810963,-0.5403155869939624,-0.07273074326569573,-0.09453192959492573,-0.11567155307532945,-0.15669998892765763,-0.1780827927614878,-0.017338487201269515,-0.03927358203927034,-0.05960906360252105,-0.09632956406216464,-0.11581567310619967,0.3054424063696811,0.27043240911086464,0.23836671489074723,0.18147302812243882,0.16874766754648052,,,,,,-0.08335689518841743,-0.10620221912785083,-0.12964154933770472,-0.1805675431514348,-0.22061239977283967,-0.14216086528308733,-0.16356697082000174,-0.18457295738323012,-0.225899759848021,-0.27256309021565744,0.03460749929901136,0.016900217347734947,-0.0009518723800070461,-0.03745721100845023,-0.06769492657903453,-0.02251063048663693,-0.03957795861987368,-0.05643061387049719,-0.08985838225168219,-0.11988838237831545,-0.08339791313209444,-0.09375662149979336,-0.104261344986321,-0.12579360922291316,-0.14971258373198626,-0.07736370872276221,-0.08302362198044066,-0.08871106180680721,-0.10017363063400653,-0.13191009698225253
2016-11-18,0.4256201001282829,0.2881917350315787,0.13035727412642298,-0.4370294786823133,-0.5626445879352513,0.40892593011695394,0.25669929640668887,0.08041357444009994,-0.5315647432200482,-0.6341786278232499,0.7076780505578365,0.5427488963243987,0.356793900188372,-0.14920245201466092,-0.2415029786247187,1.6745810235664598,1.488570656183173,1.2940917704108066,0.8242858877942351,0.7332545098185328,1.3471929654275963,1.1687486975980506,0.9815957082077374,0.5483726753577145,0.4677688364350873,2.061832746597545,1.8261701650072204,1.5790605002235134,1.003985419152401,0.9134643654462582,3.983892119672076,3.610418813593494,3.23211501486509,2.4123625556237847,2.26122096279744,,,,,,-0.22243376635700707,-0.2720630946236704,-0.3239838716077441,-0.43698413473366093,-0.4966751960702061,-0.6913055657364806,-0.7581769824297153,-0.8288910788699734,-0.9847255976809828,-1.036030015771841,-0.3824769771154607,-0.4416659285612876,-0.5047723946193211,-0.6458986724990192,-0.6991260384184446,0.030487292804588062,-0.02086815780552312,-0.07639968461609173,-0.20404652902433543,-0.25529408044813157,-0.3445339019699795,-0.41752708715843595,-0.4967883002777088,-0.6801960298378211,-0.7279828918901472,-0.9654870416827779,-1.0899575204335556,-1.2250289727245502,-1.5378452284850712,-1.6090060821506103,,,,,,0.059552006293276415,0.03703341815473052,0.013553189072239034,-0.03696990085206535,-0.1164763104678643,0.051552449481999996,0.027792825462325834,0.0025116352747837634,-0.05379966205143692,-0.13239705369328852,-0.2707166343785088,-0.3013072582363309,-0.33481719545126787,-0.4129260416554443,-0.46361636907470893,-0.09387187596920567,-0.1375767641771275,-0.18599001035759719,-0.3008008962782084,-0.3518446432850644,-0.07282628383086504,-0.13586642187446446,-0.20596430962990425,-0.3731203778008601,-0.4354702483416452,-1.027766327386761,-1.129136577259875,-1.2427170603121067,-1.5167892438398654,-1.5926328920841306
2016-12-16,0.03485663544747439,-0.07338644931765118,-0.20233807632804676,-0.7953820934545002,-0.9145360961724968,-0.01621936096188506,-0.14063055376325995,-0.28050694915318264,-0.951031931075971,-1.118751728427037,0.2835809054117754,0.17362332200831784,0.04831834279083844,-0.4476843778165429,-0.5477573494089392,-0.029837857179530303,-0.10778456987607354,-0.19142814050256457,-0.39097196895126407,-0.4595901734069805,0.3344108861254478,0.2622865755739806,0.18795676591624663,0.02241966085584196,-0.057694966862096964,0.4936272821108503,0.43055379325528964,0.36307583408294836,0.20343606326143432,0.11631706518353346,0.8677239943302817,0.8220270112434911,0.7761257430993398,0.6817185118047371,0.6393701247861436,,,,,,0.041986914167036496,0.003809549863943551,-0.03591879660205692,-0.12170650271306205,-0.17549249242293538,0.2043031116858294,0.15311818462991209,0.09896950325425917,-0.0212277748639073,-0.06378461705662632,0.33621772092546565,0.29091447414711047,0.2431051998458798,0.1374073283215773,0.09139009597407365,0.1552551862730758,0.10585756462711393,0.051966659095448474,-0.07322570437394789,-0.12763236271885012,0.051286753427882636,0.005361284722294024,-0.044092815326417734,-0.15661804867081724,-0.20590122666509847,0.6407596540913947,0.6071135308073795,0.569395248487375,0.4773247953119404,0.41756566469836254,,,,,,0.03160288051774976,0.011496155769336547,-0.008988850506434276,-0.0515214741097354,-0.10895917702902283,0.08267385594928442,0.05937309250614263,0.03552509668974165,-0.01446640856983545,-0.08795477373125367,0.39815211411767293,0.36718224570273295,0.33515721763292994,0.26667662872799947,0.19947501709199056,0.22652585851899434,0.19677095107550163,0.16492515827525311,0.09301541886288862,0.04094756457312717,0.23726352339335804,0.20043364955043064,0.16053507092957786,0.0686268432858646,0.02234809070585525,0.19657128251050238,0.13995806022208745,0.07693766493506682,-0.07405624680258183,-0.13902482788051163
2017-01-20,-0.08179122432537578,-0.16496911543064263,-0.26773850179023856,-0.9337306521716482,-1.098406971564113,-0.22691599339726165,-0.32539319529775085,-0.45446698532928365,-1.727856069294723,-2.0840409395832906,-0.22174732727330174,-0.31390278907570635,-0.42730601858566414,-1.5921597032830719,-1.873007237312181,-0.1812460687004578,-0.3001369238514824,-0.4468270753732977,-0.920017172255398,-0.9875961938222869,0.13151392224732594,0.07601614795727596,0.015447267965944755,-0.13650677672639483,-0.1796913183051333,0.10750788435453623,0.044113633024074894,-0.023192996647713127,-0.18071672449750797,-0.23116749816297344,0.1531633651848754,0.05462126872179851,-0.046890014980672245,-0.2732639199507093,-0.3476985953558458,,,,,,-0.1941217035586822,-0.21497151298634776,-0.23659341558027963,-0.283230186529556,-0.31826635294077266,-0.21152309527250196,-0.2303320701776873,-0.24955745215057534,-0.2896058686014845,-0.3284299635895608,-0.31311174632243705,-0.3326707117049986,-0.35269065332763855,-0.39446832903925644,-0.4292940643702615,-0.5680746083046403,-0.5934950457928997,-0.6196229685035122,-0.6745197764377375,-0.7183717448497758,-0.5637448813706232,-0.590977676112014,-0.6193195074291732,-0.6798670377393735,-0.7255237776145417,-0.839505617475471,-0.8738001836145421,-0.9095625185228926,-0.9862530151316873,-1.0505542917820112,,,,,,-0.20985488245909012,-0.2268613645479518,-0.2445804019401644,-0.28306636951084035,-0.3267524224488836,-0.4191621365767493,-0.44465251069456246,-0.47155638348645296,-0.5313848331108666,-0.5858330922719301,-0.3847310211405117,-0.4136038842762702,-0.444046560665461,-0.5112938245563116,-0.5724233013078377,-0.4665985411182074,-0.489967379751177,-0.5141216745412189,-0.5651256762106805,-0.6407727609397276,-0.5507386103209893,-0.5760348325728637,-0.6024195912802168,-0.6588725537185893,-0.7200035181415736,-0.6892278670717515,-0.7227518482344644,-0.7579193991080468,-0.8338716125702885,-0.9045094902073747
2017-02-17,0.06331078678954805,-0.03276139444750306,-0.1488910450162157,-0.8230020590070494,-1.0441920443549089,-0.09273206585018523,-0.20496294124785946,-0.34175120152502075,-1.6025313978134283,-2.0892135521062465,0.07965373509267398,0.002237213734542165,-0.09351326801119825,-2.0084897619425885,-2.8789421282802268,0.15715627472414206,0.08388323224894845,-0.01485129563084947,-3.6027963055631194,-5.292140154506438,0.2552111759068287,0.15304378568544025,0.008668234762298832,-5.9293634440677305,-8.719274837878087,0.3386053065008756,0.23544790512037472,0.08185750154371718,-8.608523947313872,-12.747137265759795,0.5009405620284739,0.39202983688069404,0.2506240582578029,-0.28132113782502344,-0.36826451318852427,,,,,,0.21301354558505997,0.18762297489405555,0.16111887398737457,0.10320619912450985,0.06894654937583894,0.264126363827408,0.23404825639449603,0.20288031005325552,0.13615259372729027,0.10311136579910835,0.2268569765875207,0.1959189457900073,0.163696179446634,0.0939960913842448,0.06640882845309709,0.025707728185795975,-0.0071857677632336525,-0.042851585921338864,-0.12443376688040231,-0.1620557930628055,0.006783575095730021,-0.022258790103664827,-0.05360012627826155,-0.1247100686093533,-0.15832477364760578,0.6500238302087531,0.6397651962853039,0.6294430658254078,0.6085132077138828,0.5821415681521387,,,,,,0.035883371549757404,0.019596125375217988,0.0031620253741872495,-0.030428644653595627,-0.07885156956827494,0.11298399935002568,0.09730284173958176,0.08123668511001486,0.04756649290211373,0.0020155851479671805,-0.15020886746444564,-0.169109526149175,-0.189036727705199,-0.23263741739796495,-0.2960668238697776,-0.05537016617994511,-0.08083803323075467,-0.10799397499910457,-0.16847695178024338,-0.2291745825419112,-0.21606681659693444,-0.247738961528292,-0.2818536385468263,-0.35904277930779427,-0.4008397372672612,0.2816747027503058,0.2699749075300595,0.25831990012025285,0.2351186442258144,0.18147009124118307
2017-03-17,0.05049873947855915,-0.03986126564712977,-0.147731527379881,-0.6609969602591146,-0.7824626715559653,0.20580237155249725,0.12317917572785786,0.024207531445221808,-0.633957147975154,-0.8174983379723619,0.292935029169716,0.18518144608859596,0.048750026022943316,-1.1231624221898349,-1.4475448794452777,0.11627281200252843,0.011272210962026963,-0.11419771187568878,-0.5499729117504184,-0.6500719144656818,0.33054760640002595,0.2667972728176518,0.20399555672407174,0.07688786319495317,0.006112714936095304,0.7264702706094743,0.6515627997735431,0.5774745898552656,0.4259138656540123,0.37502569784822054,0.8749719727550277,0.7897597048874035,0.7024380878294442,0.5131702936236995,0.42728457249812524,0.5205687972592944,0.49378979748118146,0.4665808186118472,0.4099681125991602,0.3849556778907658,0.1405997575903114,0.11317523472950372,0.08488699155329804,0.02434082384834657,-0.023017749726091302,0.247367874159001,0.2170203746046398,0.1861599458576621,0.12153459402070615,0.0795690726665082,0.15197120280418458,0.1227091696092571,0.09319740948158958,0.03281447705559709,-0.020011000929005818,0.4452381464093452,0.41298464134642887,0.3804717226146722,0.3137517512985244,0.25218132435137885,0.5092926947205556,0.47366282124010833,0.43825751123821216,0.3670006947894173,0.3400772241058603,0.3301076581239797,0.30193051378016245,0.2737994837814819,0.21667317744551728,0.184486878501817,,,,,,0.31117408179290434,0.2888100695308558,0.2667103518311768,0.22307128179111796,0.17303417024879353,-0.12520308285864956,-0.1449570739074139,-0.16474808946632624,-0.20462098844174684,-0.2621666657208918,0.007535438476566403,-0.018044555802837398,-0.04370744497227469,-0.09558417471351827,-0.15315957177948894,0.026453681965293935,-0.00674879620271647,-0.039993896869213424,-0.10705372165861887,-0.1719738542885734,-0.16394399045717806,-0.20446888510318573,-0.24521547494540258,-0.32797208411555434,-0.41158321078762605,0.32978798593335423,0.2799901639725074,0.23055043259395358,0.13172110385758973,0.019359198554905088
2017-04-21,0.08876100479260624,-0.005671236916069522,-0.1157619708419794,-0.5597255298986513,-0.650823771587547,0.24966639128053747,0.14430297367696232,0.018603347967750317,-0.6712947706573884,-0.8065667729621686,0.519436167443063,0.3875962814653783,0.23063626723897113,-0.8091528902473744,-1.0204949108419823,0.2643776897132335,0.18249536064921706,0.07396813628557475,-1.2668946721937262,-1.5555730075974519,0.5123219638979165,0.41747892767232186,0.2831602592309204,-1.8373900659619151,-2.2800699302374534,0.3751091274045988,0.26441699763720955,0.10178197391442706,-2.951099795360739,-3.595667881994177,0.19480710460679374,0.0338468345918187,-0.21272417619523798,-5.618892004633056,-6.85632853790519,,,,,,0.05714168637834366,0.03557774727520863,0.013580349957721005,-0.032152360704423844,-0.06565432774178753,0.02762189384166497,0.0056839915782508355,-0.01653464340216021,-0.06227354239998584,-0.09626213600100336,0.23871665031945444,0.21208049193960285,0.18486017973683921,0.12793542115439838,0.09567773270571789,0.4147665386373589,0.39396709976642674,0.37310411944749566,0.33097483735969935,0.30405470252362277,0.3839241120284416,0.35928566173101856,0.33468995254304545,0.2853636818402414,0.25774567438844387,0.557564172490073,0.5279925704532639,0.4991349986281389,0.44329512937218163,0.4112971335304616,,,,,,-0.26554960470048694,-0.2828380766754713,-0.30034940427352874,-0.336131069272558,-0.39391834579449003,-0.3479836969891522,-0.3629085570818136,-0.37800650733866203,-0.4088163495801051,-0.46325196791943046,-0.2835120033238419,-0.29807475503672,-0.312721453964948,-0.34231337335931966,-0.3884794004387637,-0.2528626569579047,-0.26920046237155854,-0.28567459686805907,-0.319079473210919,-0.37109153349514645,0.16359386897237754,0.1520154987624011,0.14039297910266835,0.11698482419423395,0.08333775841508922,0.2431636683289118,0.22977808347515827,0.21627416602453486,0.18885986748960437,0.16719899661108661
2017-05-19,0.10957799538013138,0.018679333698512463,-0.08124260473969461,-0.3521570211241081,-0.4128046622210847,0.2518624136461057,0.17270597304304647,0.08465626628880873,-0.15396784821919957,-0.21304680432434853,0.15419012057318737,0.07122395096451356,-0.02074328254486618,-0.2738672214593641,-0.33718644214156435,0.23265472071997872,0.1404965848773121,0.034544241801816256,-0.29214900304545305,-0.35634010247003867,0.4800140090188272,0.3767199570277071,0.25366571189339143,-0.15864725856459536,-0.22628562479999773,0.44347637635221937,0.39084674418274146,0.3254662612416983,0.051992437685862036,-0.000789829592869884,0.9692103043976094,0.8924630286773314,0.7904087184680637,0.3022511751229918,0.2456306768358174,,,,,,0.16497508780518189,0.129908509574778,0.09480004025309988,0.023872521875230895,-0.015962873440371353,0.13017851372660166,0.09233741134826547,0.05414178441089504,-0.02411679633932423,-0.06108696385955592,0.05445666380348302,0.009106832662275147,-0.036570254654217454,-0.13010152965330946,-0.1628232391516528,0.016712860348867726,-0.04310959114882754,-0.10289212351093935,-0.22390204213794138,-0.2620649698833514,0.3973413092721794,0.33698943480030713,0.27836934622385406,0.1650678402787456,0.12491779263773423,1.6082390384504113,1.5254449565278052,1.4472834004732986,1.3028776351655693,1.2489000720548373,,,,,,-0.032269879410502994,-0.0490144012621746,-0.06578462909162491,-0.09947259039876921,-0.15306270694310875,-0.2507715650037441,-0.2676021606361549,-0.28454593892132146,-0.3188384821437619,-0.3666521901656541,-0.2505471393811276,-0.2676154657408464,-0.2847286399201904,-0.31912902874078614,-0.365798478633122,0.01984723142751703,0.003103671836972355,-0.0136298767034944,-0.04711063821472261,-0.0733473110892036,-0.04731512961931167,-0.06356646467940369,-0.07973390206753583,-0.11186139188447997,-0.14161779817476194,0.5108531561343166,0.4913499731263984,0.4721582161433975,0.4346575376119659,0.4087567375480764
2017-06-16,0.09083385811657133,0.006356214367460311,-0.0896637227077174,-0.38160933862171387,-0.4476795261715173,0.37356511902620676,0.27428759725141555,0.15955516675603007,-0.23567123520666328,-0.3034922758241536,0.607585801293548,0.5281307446413002,0.44175242041545937,0.09094245003189938,0.025683292318934833,0.3509735321888424,0.2427421702316156,0.12068662141020935,-0.4765877546193542,-0.5581247257676072,1.0141115841311463,0.9090426061330662,0.7857480846037617,-0.02767418109837455,-0.11116616395622447,0.9473815347512801,0.8213999393270837,0.670350906865085,-0.471583340475911,-0.5616843710596131,0.09594022218363651,0.010643867796558348,-0.12517528181214832,-2.065305598395871,-2.1794087860247355,,,,,,0.1762591120639979,0.15106820730523257,0.12548211348064733,0.07268166249985913,0.031263622452832956,0.09059217018017507,0.0641240762219519,0.0373273650321391,-0.017654348160824507,-0.059560522123058346,0.13296852242801682,0.10627548530631215,0.078879122388539,0.021406645345970088,-0.01737110272758985,0.1937538078857578,0.15952850420163917,0.12426700948359817,0.04981229098050392,0.0035432995181017973,0.28657494828907093,0.23875982782413135,0.1894299341675877,0.08499701176129304,0.030951243700888753,0.7637495411673986,0.6995090909007737,0.6333517044981702,0.49327374294501136,0.43180511143552724,,,,,,-0.018454349873319592,-0.03834284957883413,-0.0584056888219133,-0.09922438498441855,-0.14853105038673892,0.1957343846518283,0.17948812888255983,0.16301236022644244,0.12920565716939794,0.08618102402134209,0.36168299659823644,0.3459930251575864,0.3303238536596765,0.2990003982157966,0.25039539893086615,-0.051280516712010726,-0.06372724181770961,-0.07618113892527456,-0.10115279066181371,-0.13128546930263507,-0.09010999764905481,-0.09722516638542533,-0.10442102263186726,-0.11908107973486837,-0.1419851798869347,0.008111527079131542,0.0010658569566547316,-0.006058839884380829,-0.020557150581074324,-0.0512725888474721
2017-07-21,0.0914220494084339,0.01156950287285774,-0.08157179793056096,-0.3862424162293943,-0.43445630901380233,0.18825918322120744,0.120926102078172,0.045293273667170286,-0.2045563891758786,-0.25130774391115496,0.3399584212307979,0.27528265279272357,0.20773496610832615,0.035188214617368596,-0.0004490961609080468,0.3165924583635924,0.23186496495380762,0.14847302487603392,-0.026917538108148453,-0.06284981516197774,0.2225500211762313,0.1588811894624042,0.09178075007766873,-0.06342077727431145,-0.08871444587854482,0.11507274904947207,0.061838496726065895,0.006514686087290222,-0.11690042232942943,-0.1410010712419844,0.3195488735313263,0.2635247588206341,0.20540926697430717,0.07647612394529846,0.05396735470140546,0.25415362744168213,0.22073756222682436,0.18609596611795537,0.11208405325950849,0.0746338993179172,0.2136479929739566,0.18817806281578425,0.16234988253896845,0.10913575584255744,0.07196894648288554,0.16655399975847998,0.13664796995289635,0.10610977674723698,0.042364215890803136,0.003652185764960292,0.3876617924521252,0.35274921976205453,0.31756621221115994,0.24567957089613607,0.20923131401243825,0.2775077587198464,0.24677470167705554,0.21486849580508724,0.14673132510308964,0.10792356660824035,0.28206779006640215,0.24778955544600334,0.21223577509039993,0.13629311346869188,0.09408408928631656,0.13645425968140368,0.1034869892794944,0.06938048903543736,-0.0031685246110061405,-0.046205139385955385,,,,,,0.017573888573347907,0.000562733287406525,-0.01655463806736024,-0.051200216765077744,-0.10612723779258215,0.07179045799023748,0.056324577171644075,0.04083182078828382,0.009699132524748882,-0.03821622587516382,0.15665994593193183,0.1420413174183256,0.12748497809867027,0.09849349015256859,0.05132306699131223,0.21664789849224964,0.19816266852038092,0.1797875624701963,0.1432691472822686,0.08647270851717201,0.0714541007039301,0.048718126103035664,0.026152885271004844,-0.01860433289179042,-0.09024234448933949,0.19917671707846152,0.17748166089235462,0.15589444400158248,0.1128591375560195,0.027863518944163612
2017-08-18,-0.13625528685499022,-0.24257696317573152,-0.36818742321156805,-0.8057432281712298,-0.878966925145289,-0.4569864367952971,-0.5576791350092045,-0.6708327847670786,-0.9673879070192914,-1.0462224920275205,-0.5609535825072878,-0.6777747686556785,-0.8120995192373619,-1.1893230065376272,-1.274308306625018,-0.7939626693978923,-0.9111926623555332,-1.0516459019560749,-1.487303593726842,-1.586680827120328,-0.32267033592289845,-0.3748687995929568,-0.43438095308987656,-0.5912721362825507,-0.6446476181560776,-0.2906647144350947,-0.3308622135879438,-0.3768258934763315,-0.5043108140006353,-0.5544702331274585,0.036674458667301124,0.012835617242368369,-0.018621516148179862,-0.1382407988576877,-0.15005836944350093,,,,,,0.18303676158297072,0.14428282581776244,0.105003083003513,0.024023922129268516,-0.017145496856974474,-0.1419620909993886,-0.1751651844708731,-0.20906099601149353,-0.2797090653561748,-0.31437237987859457,-0.044764855563696304,-0.07256029104466866,-0.10095782226768435,-0.16013014211649085,-0.18402904018645944,-0.06342772556264276,-0.0885281671201168,-0.1146910629633986,-0.17080591325917083,-0.19409157543473954,-0.17995086665639543,-0.2070718121058227,-0.23513941652291281,-0.2946650692248187,-0.3187140613185512,0.10930494208992458,0.09357767387658855,0.07800108809281814,0.04716192604175817,0.03426650664273723,,,,,,0.04434822026573276,0.028389640667677518,0.01243107242000252,-0.019575965403453077,-0.06652499465821948,0.20263691703540926,0.18816948472007022,0.1737002948322055,0.1446697852887933,0.1005263804846302,0.038978497619853336,0.024033610454838705,0.009227499737558376,-0.020076118187494163,-0.06335152512419451,-0.020686102343158208,-0.03887803443405152,-0.05681355884668171,-0.09208460640693772,-0.14603957130527126,-0.11943245317131279,-0.13304529687829375,-0.14685974517399802,-0.17514187666518366,-0.24058498397370986,-0.1686758842305005,-0.184686041828933,-0.20100948348385828,-0.23467105866750593,-0.3112802208563923
2017-09-15,0.020892537974373515,-0.054647609738001146,-0.1401890903940322,-0.40713730245841684,-0.46698628562170663,0.017657142002436926,-0.08508487421979322,-0.2023871024746147,-0.5153431637053465,-0.5787482020333815,0.195149503541876,0.06227918143642906,-0.0929172120492902,-0.5268339381317627,-0.6006832401081946,0.4116539240724481,0.3202811881599533,0.21789407901194635,-0.045751288564755146,-0.13499070785004763,0.701121574867779,0.6288941565736715,0.5551111640663646,0.39589093790696156,0.31685877667978635,0.9326221493110178,0.8510016423503197,0.769860923243604,0.6045360447571502,0.4920642066022168,0.7188349930071749,0.5983051202505274,0.47831384675550437,0.23471081940524763,0.04396805889121436,,,,,,-0.048164217770770706,-0.08115284962576519,-0.11458581444110089,-0.18345323635858593,-0.2437850973035016,-0.09114880761216576,-0.12494529975612534,-0.15965236448604575,-0.23274118676816297,-0.28728528116300234,0.35026327362724374,0.3147988065647428,0.2777862566796748,0.19769085719640075,0.16182509746276497,0.191292586945391,0.15323821020267403,0.11388309813921149,0.029879961765815033,-0.007734891809280886,0.11555970328424958,0.0671268852297468,0.016769858765257273,-0.09165738038784427,-0.1439461759702712,-0.09136490613306658,-0.1373688006168946,-0.1839808847422375,-0.280605074490921,-0.29602028587070117,,,,,,-0.06510296719030162,-0.08260803767949348,-0.10031025409806071,-0.13643648636383077,-0.188344701521849,-0.29894327601287507,-0.32052227397366573,-0.34234390031563244,-0.38686070833951025,-0.457542959406083,-0.26583022463194006,-0.291648437448732,-0.31795287210642315,-0.3722067586579771,-0.4349510790003056,-0.1872689233925601,-0.21988278899759064,-0.25313095989836054,-0.32179836323306543,-0.4130428672086767,-0.38188591623681234,-0.426114146416372,-0.47142178288173187,-0.565651913026639,-0.6924468454444396,-1.0054570959618165,-1.0669514041633452,-1.1303104425476183,-1.263295484038293,-1.4453978235127953
2017-10-20,0.16445088577284508,0.09200740417379663,0.012206029141779096,-0.19298972824235958,-0.24154810022893042,0.5890009727478439,0.5123249038767487,0.4290390774836754,0.2150471993251551,0.16713511873086717,-0.030882090578113086,-0.07954497176777459,-0.1316132172922614,-0.2523826633613123,-0.2886302649023279,-0.049538829165606646,-0.10898077641348597,-0.17157879890386776,-0.3127247184242127,-0.3462202953506587,0.08043355190578388,0.02861449150843931,-0.023991769090343507,-0.13487812842054103,-0.15779455591203795,0.15401773349541298,0.08788066810028872,0.021023764621325935,-0.1191402268547101,-0.14755504888025944,-0.4620934778045904,-0.5203964269199622,-0.5793191840086205,-0.7009574901871067,-0.7411203713897433,,,,,,0.08640572601657237,0.057693168356686086,0.028518189013303996,-0.03180825763767192,-0.06571022924336001,0.32052741826839287,0.29079303854141,0.2610260814844894,0.2008667971991082,0.17556464798461918,0.35846946647944583,0.3265974403139115,0.2948129368631074,0.23089196135453638,0.20671948567641257,0.07981379687783158,0.05891819594255532,0.03771806800144317,-0.005957107045341914,-0.027416640034433448,-0.054914292452662106,-0.06883830284104964,-0.08292810668290462,-0.11181487083632857,-0.12483842340828555,0.19427777126809165,0.1876870801732956,0.18118251845964495,0.16841174776074197,0.1576946488222084,,,,,,-0.1401879211524742,-0.16245194309395977,-0.1849493493417957,-0.23096853252616745,-0.2769041204291819,0.09265456332710476,0.06746091192753406,0.04195953942843195,-0.010477675213071691,-0.051636505375662056,0.16416586563708463,0.12982523013965336,0.09468852356108416,0.021153239134994978,-0.03186157199376699,0.33818884388777365,0.2999253902918826,0.26170368327041155,0.1848325437574152,0.11117122862946487,-0.2319638167467059,-0.2587006398198508,-0.28565264622811143,-0.3404162326720824,-0.43648071552979384,-0.2829965559183292,-0.30155819394498395,-0.32057075970380755,-0.36011255247498664,-0.3933726291818913
2017-11-17,0.11577456299366427,0.016972081537527224,-0.09226336173245196,-0.3808519019157548,-0.4554330516767762,0.8392512830445082,0.7281118750224371,0.6111017777695444,0.3449543493481762,0.27047757588356847,0.40329757628058194,0.32514556965570607,0.24194339131973294,0.04990445161494548,-0.0005607295541752658,-0.02118991673527633,-0.11551790240827169,-0.21662395291735387,-0.452478840790328,-0.49447778612286464,0.15630187048229402,0.0649650015948865,-0.034678117252814,-0.2710745112985343,-0.3137895244792671,-0.09050687224476622,-0.19102027768906243,-0.30339991439924985,-0.5794726218986832,-0.6253027380888363,-1.3946617591082737,-1.5644087583468473,-1.7586285114881801,-2.2515681140049186,-2.3269397270515126,0.6562105737634357,0.6271376453716783,0.5981056721145578,0.5397650957473448,0.5084694805092956,0.11661364275124747,0.06650532277878253,0.015424396235537027,-0.09098788211389851,-0.13419573535912577,0.4299640073137697,0.36676377016715467,0.30296263390240186,0.17235716216622127,0.12524129913676493,0.29784205444070155,0.2714886451010527,0.24471808134134776,0.18929209457998764,0.1684931133309951,0.4730798404224642,0.4441385123520032,0.4148706695671026,0.3545184781245343,0.33594182246038523,0.7216987140129787,0.6835489354277376,0.644880351691517,0.5647807713566223,0.5398394130644637,0.9650593374586693,0.9272009465894413,0.889729131341056,0.8154789049388671,0.7890615930590643,,,,,,-0.08118571256169277,-0.102495578277658,-0.12398121022956604,-0.16759488193370597,-0.2304924454482961,-0.032396941838534365,-0.04993443706777079,-0.06760566948559604,-0.10346835552397077,-0.14656565281553893,-0.059984188527613114,-0.07618906310644424,-0.09235812945317312,-0.12470509512449746,-0.1487884553570456,-0.10211164012993246,-0.11885006236463891,-0.13571171296118018,-0.16991674252073907,-0.1978204433194793,-0.008418916516347075,-0.025337273748932743,-0.042342255894696756,-0.0767429524518149,-0.10081493092731564,-0.16556444804282355,-0.1797034159078219,-0.1943747705429787,-0.22547395656318958,-0.24367022688156403
2017-12-15,-0.13044403625343773,-0.22355927244676763,-0.3298888221583722,-0.6452940917024326,-0.70894781130255,0.13360770788956866,0.06186296205704414,-0.019026669602705493,-0.25655590143096585,-0.3138345376547991,0.14949411206530408,0.07191576099672048,-0.018457153570031914,-0.3185946282692578,-0.37730255053095707,0.29970866078926844,0.2266110257624646,0.13901942119718408,-0.21979970703490603,-0.3010764633027168,-0.019133419922789163,-0.09156402839472261,-0.18663598301711992,-0.6764247018327252,-0.7571330029934683,0.18721805902573596,0.09873782977769929,-0.021347119969179873,-0.7018045409189577,-0.8038119506407063,0.34467460570324915,0.23493486887862902,0.10407824412705757,-0.2806446494956806,-0.43618798297280015,,,,,,-0.135156833620738,-0.16994553600615836,-0.20563257606538507,-0.28058372369250717,-0.3198781759219569,-0.11105574792677181,-0.1483006831129658,-0.18627272130245695,-0.26520273885382645,-0.3074945197807094,0.3047670964685517,0.26984583332153933,0.23431267242104947,0.16040944535018598,0.12187199894445458,0.6459825413772597,0.6026396054509057,0.5583963947596048,0.4656971005674426,0.43137044548176795,0.5429411697764632,0.49786331413281787,0.45090813400753404,0.34940827256601276,0.3120735796511088,-0.3736587784421783,-0.3790892929422569,-0.38446781115866036,-0.3950828861761778,-0.4114612922560723,,,,,,-0.3669851105664368,-0.3937124353358029,-0.4207169283561958,-0.47570654725013606,-0.548574088633158,-0.4544740401457809,-0.48093628487814166,-0.5076923058591063,-0.5622210544575372,-0.6285510605615372,-0.7548476028828461,-0.7821956419528768,-0.8100138068099879,-0.867222772362217,-0.9217948749770606,-0.9458960302999606,-0.9803321915459942,-1.0155295835745066,-1.088450591518956,-1.1320474524214776,-1.4770647471112248,-1.5152090426404876,-1.5543660872694907,-1.6360146621645486,-1.67584717085597,-0.3736587784421783,-0.3790892929422569,-0.38446781115866036,-0.3950828861761778,-0.4114612922560723
2018-01-19,-0.07319300512306541,-0.16284130547068698,-0.2621513339220191,-0.5273058694858052,-0.6013885985708423,0.10157526138732803,0.013885816586602373,-0.08153412032850393,-0.3238988786025527,-0.3997437674848151,0.19516031715477075,0.10969939926534544,0.019471935281000136,-0.2007372312771033,-0.24531711636817183,0.25676181704343437,0.1629630581081232,0.05835565141751281,-0.22940193992266955,-0.277019637335972,0.17774236171484356,0.1025172565187808,0.027300934185491066,-0.12911101244852632,-0.1719487867524244,0.4235235871293744,0.3415105625839094,0.26134057995546667,0.10074504881009455,0.0436081541854062,1.2177809273262685,1.1407544463604178,1.072630092639513,0.9574481998196968,0.9497390178977957,0.3406851419224594,0.3172619029236501,0.29405297157272786,0.24792867438412197,0.22311351667935264,-0.02414952437055462,-0.05877804470133802,-0.09531476348113843,-0.17732441652319927,-0.2278332596813115,-0.14111810712904843,-0.17819928665123436,-0.2173372829605524,-0.30410759771064416,-0.3503508481871579,-0.15273781743024828,-0.18244073071357336,-0.214658844578688,-0.2903292312727444,-0.312739623114254,-0.09494637342883872,-0.11382941865227258,-0.13297599209534539,-0.17231079547532363,-0.1862467764909529,-0.17413908459925953,-0.19379090069627125,-0.21380121972002747,-0.2551537267969425,-0.26827668665378995,-0.0802809210964952,-0.09430260005519542,-0.10860944385474114,-0.13825965264699636,-0.1507112652411272,,,,,,-0.0806118824510706,-0.1045273365019147,-0.12925466363730112,-0.18307907258919448,-0.24993271534907963,0.03748782494735986,0.012795697129728056,-0.01332100214306664,-0.07350063226342562,-0.1303520534913208,0.029767737586544996,0.008879478729664547,-0.012164001161772298,-0.05490115520139016,-0.10550141812911773,0.21177040003046643,0.19393142391313994,0.1758467845575057,0.13877611058880945,0.10791625996291465,0.08390351915416738,0.06545702392315667,0.04673457062691738,0.008250931056507926,-0.019879905849018442,-0.08720825191684489,-0.10344028051004639,-0.1198461374614479,-0.15341273335041017,-0.18010944552663233
2018-02-16,0.487998131692578,0.37279522997264597,0.24594516686335471,-0.09072673811039089,-0.16360791956592408,0.5496680780063173,0.41970710824730695,0.2838214079897923,-0.037316974297605165,-0.10612324834807166,0.8443592987478493,0.7065183195811622,0.5648390781925202,0.2298247753033,0.16533805171885751,0.7278933481718277,0.6007211643001391,0.4611865215934487,0.09825542413007687,0.025809105435807667,1.6308956861229436,1.4988835501557376,1.3578108000540907,0.9870574716494687,0.9057275783434992,2.0273162077712548,1.90506191509253,1.7834311455585312,1.5356015695518739,1.45292838511872,0.7611506331796003,0.6539132771407475,0.5471432777582826,0.3250655061641241,0.26580897645232093,0.585122319930842,0.5378389441500269,0.49071240992031373,0.39639096930146545,0.3480226844062031,-0.276503066951723,-0.3364623363340738,-0.39777143542686993,-0.5254012684608719,-0.5921099232852822,-0.33261543038065006,-0.39297240777072273,-0.4546295287306432,-0.582654222503016,-0.6488977884674787,-0.35765739305151956,-0.41302981602005767,-0.4699476316458992,-0.5893481571860194,-0.6656641895778492,0.09313557897903209,0.05445264106058503,0.015509998454899282,-0.06353763900515189,-0.11097448801280536,0.6577099293364778,0.6242012468561986,0.590235046847511,0.5205656733586759,0.46398393169804564,0.0033402600903809088,-0.04168174422680493,-0.08736242794091043,-0.1812073719624645,-0.206489858161383,,,,,,-0.2846042777558152,-0.33192430795423733,-0.3799993596049036,-0.47884369868982146,-0.5819343707831013,-0.15152420123795463,-0.19655504581212552,-0.24263184797126597,-0.3385733875513435,-0.43201803090659663,-0.1415306348455819,-0.17407374966496084,-0.2069610875762184,-0.2739643266197167,-0.377281914791698,-0.0507147084751548,-0.08365477897007606,-0.1167006789505717,-0.1833079401544878,-0.28608654717639803,-0.1474689131643202,-0.17303725547094712,-0.19868072116532443,-0.2502477304397722,-0.34973129902212535,-0.03403735686790266,-0.06309355993771737,-0.09219423539997362,-0.15058704829412872,-0.2731128548190873
2018-03-16,0.09148420627178461,0.013525782496716654,-0.07760675161414349,-0.4207229528097927,-0.47276179559917153,0.18018963069655752,0.10516032576866097,0.02314863394332861,-0.2174858281323513,-0.267347576442987,0.26796807610314,0.20873671373930971,0.14475523080653213,-0.01763986091028613,-0.06839230920988365,0.6853272870367747,0.6243492341601053,0.5629646194123973,0.43215669896879083,0.3983361874651908,0.15547501081585235,0.10527240740828203,0.05311941189968561,-0.0647204688410633,-0.08662599704602697,0.14321769803229129,0.09122076702226889,0.03521036322094301,-0.09524545926687705,-0.12377154619138864,-0.5304541928865596,-0.6033380433875161,-0.6855184244251201,-0.8899771131458984,-0.92747169292308,0.0014499762318030407,-0.02416052450795414,-0.04976466287159509,-0.10132308927715378,-0.12669358034308287,0.005595218794459844,-0.024556808791913187,-0.054587611791421575,-0.1148274294967635,-0.14481559838743746,-0.002184742162517961,-0.028848000368225657,-0.05577493868585487,-0.11081292672366205,-0.13487408631838704,0.018810735907505954,-0.014532658936382614,-0.04806580880445488,-0.11615533815562146,-0.14650950369959084,0.13615927811192916,0.11405406993065784,0.09156719499327964,0.0452414516141639,0.014575331227964505,0.1817096033227154,0.15175285141235395,0.12120510795661193,0.05802990469940933,0.022322508151196796,0.7242742108921028,0.679702299105126,0.6345673537442726,0.5421976221749776,0.48210968585163827,0.24845433008259737,0.23582028057589072,0.22355090735792094,0.19999736302905907,0.17298697186427653,-0.13557865596106516,-0.15953631648803135,-0.18368379644990623,-0.23283136490612588,-0.2778327735118492,0.010231085486745672,-0.012184400412092677,-0.034718564453511486,-0.08036534510851012,-0.11961893449720484,-0.11098818575744526,-0.13200538117825641,-0.15323673321151599,-0.19647434547799408,-0.23970256289278496,0.26433478748297345,0.24660141751995837,0.22874452491284553,0.19254255769895853,0.15729361656526836,0.331031922669219,0.30923290698625555,0.28730364057605995,0.24289729958621004,0.20192924397547912,1.251255267046701,1.2272648021559291,1.20378664747492,1.1582870442112725,1.1059781143075686
2018-04-20,0.20167153169906668,0.08632025933684465,-0.04258237505333787,-0.41423928829422635,-0.4824853637926661,-0.18930600517823834,-0.3251185603205973,-0.4684363796042486,-0.8505210503518521,-0.9243750072662189,-0.20561960728497852,-0.3151581775574998,-0.4299683692631947,-0.6898946786151787,-0.745123556000489,0.16275880809104692,0.06519096933921406,-0.03349006228088973,-0.24364578604285592,-0.29204532458262134,0.300119708437141,0.20817933110121511,0.11183777930327743,-0.1048897883308088,-0.15995072173007754,0.42509187470401555,0.3259168387661362,0.22096237920228823,-0.017032598102054985,-0.08794082184537078,0.9915268293775414,0.9022916361761144,0.8147888584264091,0.642800100212459,0.5932385956631967,-0.07540726117893048,-0.1302958880903401,-0.1852623912422675,-0.2961884482242708,-0.34549792881613206,-0.1702778347757034,-0.24511377313529764,-0.32377971397081823,-0.49943756734412215,-0.5769486417762617,-0.3435614794273511,-0.4147160617268977,-0.49013813366260484,-0.6614487321500359,-0.7276576468632378,-0.40687904654231716,-0.47522926658923625,-0.5469194193713841,-0.7059018174487086,-0.7569170138442167,-0.28341740848628294,-0.3488682013899568,-0.41504713680478933,-0.5544527116023169,-0.5879260678644371,-0.40522565051199594,-0.4721090368451796,-0.5361515513600899,-0.6587662620950474,-0.6861113749312118,-0.4779373164845525,-0.571619660284646,-0.6586017501149121,-0.8181244459395807,-0.8452109631756856,,,,,,0.02060649636047296,-0.03412147765352902,-0.08961427299766234,-0.2040494388633015,-0.3098546795624153,-0.18114306946932202,-0.24348891867956285,-0.306923038618905,-0.438968561168539,-0.5491683013295341,-0.6730035804798943,-0.7431907070549852,-0.8150549257515884,-0.9660753690096812,-1.0670013222758028,-1.0377069877664324,-1.1008650095246182,-1.1676999314876209,-1.3146436099225238,-1.4004170237401357,-1.2412657068032416,-1.3086437428040782,-1.380307061417119,-1.5393967227785617,-1.6217890597491633,-0.9713755259733009,-1.0622093918314555,-1.1611737929365489,-1.3891327245873537,-1.4708412100278727
2018-05-18,-0.01693779951359778,-0.09998969993683968,-0.1956630010095103,-0.4941442943472794,-0.5562055038199117,0.2394456430125478,0.1505717100322601,0.05124048627901659,-0.24381610124136446,-0.29127876149678067,-0.02415209774733304,-0.1290688808186005,-0.24230841013452184,-0.5279568096919453,-0.5788980320433497,0.09974688616680602,-0.009504558082099962,-0.1348650308914292,-0.4814862434235715,-0.5362423995084822,0.44037523248308286,0.3932300374501084,0.34465025535049654,0.24061891487897438,0.20926933300604145,0.054316073603888404,0.010043160442160026,-0.037280671869477144,-0.14425823442833274,-0.17363886273511353,-0.39463825093398086,-0.4471244091740273,-0.5047698393709038,-0.6404915396705722,-0.6802887975754064,,,,,,-0.06058648541444636,-0.09307930904679132,-0.1262350010583328,-0.19513387053901182,-0.22084526262530238,-0.15891638179145548,-0.2029976485052819,-0.24785895288243057,-0.3407902463321724,-0.3703779543871668,0.18307038570611606,0.1360264122003534,0.08790727599655754,-0.012374901879733446,-0.04821080512902254,1.2425754353571499,1.1979416380421497,1.1528133275203432,1.06020938420365,1.0354822056211155,0.24264799587560537,0.21752622245459763,0.19193144278507845,0.13869778484871692,0.11961960960565698,-0.10349970429658417,-0.13117149859552946,-0.16015006048415925,-0.22315081837589923,-0.23544354035599446,,,,,,0.22743896746644593,0.20814619228652748,0.1885563636968876,0.14823971959815613,0.12159669117943134,0.39725573112892926,0.37591982797217677,0.35439065442304285,0.3104990408181401,0.28415976526268544,0.6869358274905708,0.654730303643136,0.6221178218485288,0.555196085845212,0.5232552937872682,1.1948838439454708,1.1498436363701312,1.1042343902521328,1.0105773332216916,0.9735167472958333,1.8018090022557023,1.7404783859135748,1.6783574030014483,1.5506695099662435,1.5047112458140828,0.301361123795597,0.2576110983794462,0.21226502883080534,0.1156058281665846,0.08466082227419525
2018-06-15,0.20211690420851175,0.1217086146601464,0.029041082350424435,-0.6433808347657826,-0.8136192934465989,0.09569011970620123,0.002533710509097814,-0.10752878483508466,-1.403522609046999,-1.7481188832221393,0.06401188798841445,-0.02852351899938739,-0.13564601771705037,-0.44214101955022245,-0.5212624353234825,-0.5762553420448293,-0.6855574245205298,-0.8160312079105693,-1.1850628769124234,-1.2506089603842638,-0.8006108701435924,-0.8910107123375686,-0.9914230697635363,-1.2341112076915306,-1.299894435057352,-1.1626369097842253,-1.2825427588108977,-1.4159585211318455,-1.7393304692167602,-1.8162752342964823,-1.2796343633591392,-1.4216174218556084,-1.5855422214380117,-2.007162056001942,-2.0817421394248807,0.4623463443570789,0.44432639468329005,0.42691801955791187,0.39375122385311134,0.3664870583657881,-0.0981070532766192,-0.13062036200952534,-0.16408738206567686,-0.235013572638039,-0.268992799547427,0.06741267383186406,0.03707233413428945,0.005268674256548089,-0.0645512708337091,-0.08547501522399842,0.11906674699573211,0.09513891041149469,0.070767854966649,0.020317531830347124,-0.001263808163195712,0.43412986270392795,0.41105489436202886,0.38778318655848054,0.34039220530678616,0.3144327586128601,0.23391602748531892,0.21892062403752288,0.20385662333696491,0.17336537685650044,0.14978314366983025,-0.06771137101198466,-0.07783020446969036,-0.08761824699031606,-0.10631307660945366,-0.12756066091824347,0.4672851120059554,0.4525196386458493,0.438126095640351,0.4103519051331472,0.3778925498090745,-0.08982359019716174,-0.11727253152994369,-0.14492992807773222,-0.2011037126920335,-0.2612165425859806,0.08691489738970355,0.06088099605989748,0.03471743684260184,-0.018212701010845794,-0.062274871741041085,0.15338907673551255,0.13436729245532036,0.11521579898681919,0.07641842993553877,0.05320331854104815,0.5004500972253655,0.4822873277250496,0.46422198052231284,0.42829336528193074,0.410328742137643,0.7474810068200826,0.725652190289616,0.7039372166420402,0.6607459852966031,0.639675911361116,0.6561222039128601,0.6452963012370516,0.6345576446727383,0.6133259800873135,0.5868921892021813
2018-07-20,0.17477007057835625,0.08369701595923737,-0.0240400857124123,-3.6224945445116683,-0.5096316632755016,0.13737963174921086,0.05081602884930292,-0.05089844942323418,-0.4431358057566392,-0.5089436366574208,0.22397219163221424,0.12154857798373703,0.0008746919148939769,-0.4709496747601747,-0.5437223230568264,-0.02048185722703677,-0.1109420159318864,-0.2153239775795539,-0.5252879027726415,-0.5888754737138292,-0.23368756137568453,-0.3102052361653852,-0.39439624173166343,-0.6113579964666294,-0.6376207438493873,-0.2048214489155728,-0.28559939821114494,-0.38084622807404167,-0.6467833919472847,-0.6773870334329777,-0.3165865053899891,-0.3778209654381618,-0.4437894964187039,-0.5945697024821155,-0.6318884085541668,,,,,,-0.02699276590305734,-0.07047441599940629,-0.11641011238281956,-0.2196829628073444,-0.2610692342475667,0.1239572060328132,0.07841157441900834,0.029556704807090106,-0.08507774535474465,-0.12611828574462902,0.26988764397455767,0.22490844076018643,0.17610739359897012,0.05548201830488686,0.02024265250236512,0.16803916590738735,0.12118043166696771,0.06807139821777156,-0.07586690504916574,-0.11223266128392942,0.030024568294752918,-0.011629572635428131,-0.054381626219911716,-0.14407277852336975,-0.18463895036511363,0.22673124471181838,0.17490056393887887,0.12187585836703052,0.011020979186820545,-0.044958896510493784,,,,,,0.11606755549165926,0.09011193840836465,0.06363582159545458,0.00876780060822388,-0.035579587948910016,0.1978924828151813,0.17050787289853592,0.14256646889872152,0.08461056687904436,0.035331271565894565,-0.018462642326447787,-0.05042744484083986,-0.08345149824324888,-0.15335596767579696,-0.20111769397973106,0.12020105657243371,0.07933758662874923,0.036868530297091556,-0.053937105080921796,-0.11374457666709006,-0.18363545632410178,-0.21711878056696016,-0.25177959080277096,-0.32528653645324274,-0.3727645937430103,-0.2539151997168757,-0.2928398224438017,-0.3335805648122119,-0.42156941098576295,-0.47811239365101654
2018-08-17,0.055591081960924854,-0.028032766698544515,-0.12476577719955731,-0.48281939463139034,-0.5425961156975734,-0.24276659776329462,-0.33714330895627137,-0.4432379559887107,-0.7192533164783841,-0.7839358481031083,-0.6343474561896922,-0.7391074662457482,-0.8561244923977122,-1.1568419064015198,-1.2367450425525641,-0.2457557376391598,-0.32130493016275175,-0.4052501046437368,-0.6200958068673152,-0.6856401862220423,0.5012623388280628,0.425280371928113,0.3380930969079311,0.0955925734799834,0.029524675460930738,0.6353355771833491,0.5421497384161006,0.43363358548961084,0.1202153183090946,0.0428817526927312,-0.3176288936812456,-0.4248484033775318,-0.5620702861618974,-1.0243854053300043,-1.0935053019375378,-0.5829820641032079,-0.6618202287515108,-0.7461941932670364,-0.9354230950675939,-0.9747592768488876,0.14727546075675574,0.10798757655685086,0.06787283272695369,-0.015963348110852718,-0.045771793250029495,0.36678240585509625,0.3206533634720743,0.27317645230427506,0.17230914913513012,0.1434525300671236,0.4339377434381132,0.37084355490235477,0.3048909321522916,0.16105262143334406,0.13264718094912697,-0.17959538049662688,-0.24597568280677057,-0.3156460903258835,-0.4681653607856291,-0.49558573066471745,-0.3982133561614334,-0.4864291793409866,-0.579072382382902,-0.7822222603872745,-0.8137136949037774,1.2256926539969244,1.1869346910468401,1.147208523088521,1.06403674481325,1.0445868525163593,,,,,,-0.3640969524477031,-0.38343657797239666,-0.4028235540513928,-0.4418315891250633,-0.475669698977643,-0.1951569267036088,-0.21831344851238238,-0.24154483002601834,-0.28835698481195676,-0.3231386564188146,-0.13721622735344924,-0.16602920664967788,-0.194883552720111,-0.25288039403463314,-0.2942960388782053,0.39621022462321753,0.3756724504718181,0.35555394522766515,0.3164662655493995,0.28167892841998005,0.5449951927685334,0.5260766157419927,0.5074483733599251,0.47100344858770904,0.43231803203703595,1.0825098250120644,1.056609791264318,1.031095512294232,0.981146880102698,0.9358151978641238
2018-09-21,0.2304940857426395,0.16532981469712504,0.09384902268823678,-0.11452358649855363,-0.16083349574283587,0.35548402965121034,0.2879738212705807,0.2136931320559269,-0.06285797924715927,-0.1266081257037457,0.15773626237189708,0.0895106655695945,0.015589946661554888,-0.16270201848756538,-0.2064463392767332,-0.2489263209507218,-0.3073076841494768,-0.3706391963119333,-0.5204743507410396,-0.5550515045340393,-0.32322302331417607,-0.3888839810548649,-0.4606342342030446,-0.6323293351440319,-0.672224560938627,-0.29832577280715245,-0.3533860254892419,-0.4166523279181406,-0.5804769547323927,-0.6202343521392865,-0.4926325764158853,-0.548528352786736,-0.6121347645510884,-0.7710273823357703,-0.8209835376202508,-0.17020834027330256,-0.18640352152299877,-0.20218934718266784,-0.23264494905898647,-0.2707088295237127,0.15684848183372702,0.13003812339638657,0.10262348875783417,0.045398039763337505,0.020245577493890277,-0.03177087192856831,-0.058676869093448325,-0.08626292000059604,-0.14402102099234176,-0.1669314476658921,-0.42351132247760337,-0.45170223282011557,-0.4808108144282764,-0.5424714388523463,-0.5651804549265228,-0.6205596141108362,-0.6479470290320386,-0.6766152304870096,-0.7386401665901852,-0.7608925521875974,-0.37262373220557704,-0.400243325908026,-0.42933783341956977,-0.493100823826197,-0.5195896116601327,-0.6804770275330729,-0.6890938955539606,-0.6975902512389914,-0.7142577023290061,-0.7415422700019952,-0.17517449771464183,-0.1876376527821963,-0.19992103808188944,-0.22399274649204792,-0.2654550062563981,0.011420639069524702,-0.0059215779964658655,-0.0233041835711226,-0.05826733300067574,-0.09469192794131248,0.007801581653513245,-0.010609738584351852,-0.02907538182911179,-0.06626189723261033,-0.10104242917060624,0.17201035640739665,0.15526084834604026,0.13851493512452862,0.10493030627542216,0.07486572249838777,-0.1227134814769602,-0.13841325186803377,-0.15417899810290359,-0.18605173297651484,-0.21543680527862336,-0.27043491073866893,-0.2818218484572286,-0.2930713103451754,-0.31520175423232394,-0.3400536822071413,-0.21101142352621616,-0.2264799893910111,-0.2416359083159223,-0.2710764370495772,-0.3106537791168984
2018-10-19,0.4657398557700846,0.34349888900267445,0.2012101057739291,-0.3760521003040801,-0.47642327488441194,0.6088088245544917,0.47709929988754274,0.33253082431172376,-0.09383367167912104,-0.16808304246110267,0.5553679989060087,0.4069530229778332,0.2563053276347012,-0.08135850597665967,-0.16150020434861778,0.4775819150964722,0.3266099985189408,0.17342597288528022,-0.17754148681364582,-0.24472200281813,0.411507854659827,0.23146087748676572,0.047188787418346145,-0.3921872281515655,-0.4728498733441357,-0.1827380751011728,-0.3442749711454374,-0.5182645205398874,-0.9818594736446261,-1.0682821498861526,-0.3982667580815078,-0.5586528171699982,-0.7563345990789581,-1.3991526705497734,-1.4658850710991258,,,,,,0.27916773749634827,0.22154075362501124,0.1627164461596327,0.03965674203029301,-0.04032848599570127,0.38040041652089757,0.3180813436859924,0.25546441168413936,0.12796184534521404,0.052807441242233466,0.6909420726907636,0.6294218131231061,0.5687816511147992,0.4489987088673237,0.4000769557662073,0.2813327999675927,0.2356258305392537,0.19089451649917433,0.10365563111508728,0.07128686487473482,0.7183612190266238,0.6629986470906594,0.608900215504552,0.5034951858444885,0.4790862504167079,0.5259728755509834,0.48060569396411434,0.4363388029852664,0.350170438066852,0.3294126000341612,,,,,,0.08256240328518594,0.036567325773381176,-0.00941995407842433,-0.10164923299627504,-0.20659014360059091,0.24043521783136745,0.19108065161642906,0.14198625989088887,0.04422663093835888,-0.06564977242865044,0.4096022884422019,0.3481843719395499,0.2875953405255194,0.1683920826777483,0.04455862884399675,0.12059976906704861,0.04545654866928994,-0.02829308320171231,-0.17238018003584954,-0.2907532648534066,0.47483416358648933,0.3998348414401064,0.3270585668401671,0.18718592755912744,0.07712630224766115,1.8966881890591833,1.8293797742825297,1.763793067565651,1.6374276236339573,1.5446975008403503
2018-11-16,0.34032699500082453,0.2129164007184351,0.06972191685788776,-0.6907678556694066,-0.8975983555769984,-0.3733867427758631,-0.5029600233655495,-0.6531438742768937,-1.1985103221029574,-1.3006240029492375,-0.4905791182189603,-0.6131041004386356,-0.7607499742386123,-1.2533905545148383,-1.3771250123194267,-0.19265002432577313,-0.264708188779908,-0.3396070314898568,-0.502530636092584,-0.5483078089791716,0.024687300121441602,-0.03660779271031006,-0.10155763086715891,-0.2484584943323253,-0.2847612521634186,0.0012611664780588505,-0.0623216370026885,-0.13200732880480254,-0.2975445360281612,-0.33489498360519254,-0.055421918436935,-0.1447437501218135,-0.24468174450243252,-0.49056207333208,-0.5414628963171478,1.2002502813186822,1.155083324431541,1.1110622847367024,1.0258844978414245,0.9963063647980217,0.06720932337647242,0.020826790386024363,-0.026138022466110883,-0.12241933807734826,-0.16150016080028043,0.22813217516561687,0.181015565781697,0.13305680107331086,0.03391322381076306,-0.005841262924769275,0.26823973842731696,0.22511856217330914,0.1812136003974742,0.09037529886816856,0.06269291832251145,-0.013469117484928517,-0.04405711739153437,-0.07557893524461193,-0.141881937029893,-0.15930026259272229,-0.06571985983582646,-0.09086127946127137,-0.11669843959160714,-0.17077925331962757,-0.1862859097513067,-0.03316613449317529,-0.05095981360202395,-0.06901051424811444,-0.10601512608661579,-0.11679887976806858,,,,,,-0.18543223980831705,-0.21858814770897933,-0.25190066507651243,-0.31917447259033205,-0.3663862582929329,-0.5750324097360968,-0.6138377016361185,-0.6529855136461195,-0.7325707372568833,-0.7779820229584223,-0.9822640588286494,-1.0285093944179573,-1.0753785675499536,-1.1713314857406785,-1.2269818298779267,-0.6195532205669412,-0.6570190312279975,-0.6948581874030975,-0.7719044817052806,-0.8308397479056023,0.0055461334551139,-0.0278176022179476,-0.06118121388577724,-0.12815357957140538,-0.17953208000275772,-0.38810747356070263,-0.4128625504433592,-0.43815314085487533,-0.4905426310898504,-0.5541783899110991
2018-12-21,0.06734515384279592,-0.04878530224813363,-0.1801577475721064,-1.0635921006084375,-0.6116403215828757,-0.006696372919469919,-0.1527866912114964,-0.3327357984602058,-3.5567621893819825,-0.9689980881085545,-0.059614731362088,-0.24141793903967748,-0.47644840976038594,-6.581252980155349,-1.3567804373468404,-0.13228896872819798,-0.33651892537023353,-0.6220308558975407,-12.326739239021087,-1.838485132749619,-0.30898125421502987,-0.5948651175616693,-1.014584252914024,-20.3966277070933,-3.4040665354139157,-0.7573257081246774,-1.0022948369163955,-1.4113830697788354,-29.277321872781535,-3.667617558820626,-0.2772160528307258,-0.5011139399345768,-0.933054491417636,-54.911288171522436,,-0.2500951432366294,-0.2984479396656342,-0.34794484261573055,-0.45180953837764243,-0.49178864571302827,0.010222585943323176,-0.035922716118374526,-0.08354290785773445,-0.18466673458907673,-0.21918545510269197,-0.15338997592628706,-0.20386710233012487,-0.2562025657419518,-0.3686484664330464,-0.4001459503478419,-0.24124035316342948,-0.2838838569379383,-0.32759725084726166,-0.41921818425580687,-0.4483704466126246,-0.44495965656983666,-0.4897570762557173,-0.535774843984534,-0.6326523782808761,-0.6619401280254981,-0.6064017523459323,-0.6545238579950821,-0.703646219312892,-0.8063762845411293,-0.8377132807112262,-1.2361722762059573,-1.2523288723339323,-1.2680404948949995,-1.2982563770460116,-1.3273993471976038,-0.4863423290642028,-0.5066229770064394,-0.5265183589582785,-0.565236449436876,-0.6112558540089043,-0.10878417234085774,-0.1397547749792579,-0.17084973213578772,-0.23366011873361503,-0.27847691278459535,-0.02734203659766185,-0.05667794524275113,-0.08641015702433753,-0.14735914119122412,-0.18667091904747465,-0.27038233712610293,-0.2937795707237192,-0.3170795951236523,-0.3635540381579484,-0.39502780376723506,-0.06287663680167219,-0.08837254061800652,-0.11352807622713909,-0.16303737968639376,-0.19213913099205823,0.006419543838329045,-0.019939013826427043,-0.045590272089989115,-0.09505340339893559,-0.12235574478061095,-0.5024947056089668,-0.540149406172937,-0.5761536501643496,-0.6437183412946981,-0.6805391727075552
2019-01-18,0.06828608323833257,-0.017163840616031434,-0.11815122910369039,-0.4795010829625719,-0.5313937650198761,0.12843255415795518,0.04306124212168638,-0.06560353515299994,-0.6109134611985457,-0.671869497409797,0.10403468857892356,0.025658185387699595,-0.0756841097381723,-0.6993309612097198,-0.7668553849175732,0.04660335866820259,-0.049500577991227035,-0.17552953366291962,-1.1479536706842484,-1.2282013335262674,0.00404648580529815,-0.0742685477410619,-0.1592015503398676,-0.3659489234719212,-0.4045590490340919,0.011617317544188821,-0.07861849495692902,-0.17818263024291553,-0.42826622313471807,-0.47715670450318864,-0.026145830652526292,-0.12528561218778134,-0.23040610237286485,-0.48046221210498374,-0.5246436513776199,0.16028668843347416,0.13035834727955375,0.10055979744342503,0.0408333107279818,0.020293457669150416,0.07371918599743454,0.04124105635525699,0.00815005494791049,-0.061393195965134706,-0.08538961308729304,0.13624787190719584,0.11034770427758084,0.08346340747060488,0.024874431787431595,0.0009300051143018573,0.06388384518143825,0.04103010527059442,0.01822004606453137,-0.027509897150531537,-0.049942390963058525,-0.1729525732142642,-0.19956937572598718,-0.2260892880415702,-0.27916086482743363,-0.30387736860071557,-0.03404401704357046,-0.06130643099238675,-0.08867428401018262,-0.14412841841581714,-0.1575016195873618,0.015954606983905828,-0.009948369526995404,-0.03606678148877607,-0.08929344694136787,-0.10350148063633369,,,,,,0.045143006075132774,0.020880309132073893,-0.004103163456206593,-0.0574726492653182,-0.0890728090728613,-0.04903131663788485,-0.0731634888461703,-0.09851717988969494,-0.15499675971656884,-0.18700788261011825,0.1326626099587198,0.1066215930942967,0.07847424323350816,0.011873578737025603,-0.02691955630018933,-0.04499698333303731,-0.06759323336669981,-0.09251051522373585,-0.15427924251869213,-0.18898932077583436,0.04010213796670031,0.011053166974240303,-0.02144251035324901,-0.10422243101475076,-0.1419052338210901,-0.47086109461589665,-0.48836419452300484,-0.5058357811271219,-0.5407195809286536,-0.5733110856413359
2019-02-15,0.15285617291796896,0.07760876233842007,-0.010202300141595344,-0.29581570710251087,-0.34909260858929064,0.3116762549011517,0.25549643043905396,0.1917066053375483,-0.007935074496984162,-0.0410662249855101,0.27523552444875504,0.2163854280279079,0.14862677804340257,-0.07170323307404863,-0.10099374022571123,0.3718790335383838,0.31041182065583095,0.23256991923354436,-0.08327762949842271,-0.1189096056692664,0.10219340025738233,0.03806747626548601,-0.04584239345326657,-0.4165481126766766,-0.45173067922459786,0.019399621133887823,-0.061829081537977504,-0.17033930099795713,-0.6671163564585187,-0.7153167136438223,-0.5303743252877697,-0.6189127738979134,-0.728664530318894,-1.0597006021470488,-1.0974424791719013,0.29723968104818665,0.269302059812933,0.24055422619766265,0.179795206317731,0.16276974692447915,-0.010819664353312108,-0.043438737367999525,-0.07676920053844907,-0.1464979676989151,-0.17087486817912284,0.11601087569362878,0.08429625013823844,0.05157426767565165,-0.01826729093196422,-0.03932553795190369,0.21906335337796914,0.1836557053992374,0.14819288185232032,0.07628068617575756,0.053352965259462815,-0.1266769226794559,-0.1596778554273225,-0.1932730484467165,-0.26307741600303064,-0.2802368739419765,-0.5518891024477754,-0.5911002900635643,-0.6311605298414336,-0.7149491567229046,-0.7362549597706236,-0.07231040079064144,-0.10487199865243935,-0.13719897353318844,-0.20263100922785715,-0.21223318915722555,,,,,,-0.19002050259948633,-0.2105141932805541,-0.23104612090960805,-0.2723726224564924,-0.3224940968178692,-0.022547639771585026,-0.038093908673445476,-0.05360017799256628,-0.08464791549278294,-0.11741447088078333,0.11178688714179319,0.0905179413523356,0.06936648491131236,0.027122729850927008,-0.006889502780443535,0.2773915059354023,0.2504132065345558,0.2237174152991868,0.1707056402445408,0.137900898884219,0.6618096730017562,0.628724231726887,0.5961780041884128,0.53202234058388,0.502628595509423,0.6442669916934559,0.618658297255242,0.5924240865298842,0.5374790562988311,0.5138484445223894
2019-03-15,0.09119401757580009,0.02403216138918718,-0.05072799418315621,-0.2621352200531252,-0.3069076813681782,0.0689593492766753,-0.0010013327095470537,-0.08226438618849585,-0.36886612845244127,-0.4049742170971867,0.0034288028469454113,-0.07072578943094793,-0.15953560452967414,-0.5061931472814601,-0.5490757938724821,0.10945024683165244,0.029713310750302646,-0.07194978519559092,-0.5451434071828446,-0.5915166215130333,0.1733039605194448,0.11573962142105942,0.05422732182789447,-0.08942460512817124,-0.11159517639992728,0.5716705327188167,0.5212428313119349,0.46959352747280836,0.35425572363878044,0.33766278260256954,0.48575939451657923,0.44441557975432733,0.4009283183734341,0.3021516430342649,0.284270404683337,,,,,,0.06382312601679904,0.03018249193249334,-0.004268219935263662,-0.07720207201978332,-0.1047271553465961,0.012453177611162991,-0.029687596929930615,-0.07315702898708518,-0.16698107276162605,-0.20101408701471957,-0.34124684413739226,-0.3953752875596891,-0.45222029783305084,-0.5793350895499731,-0.6148947989739081,-0.9979309925149618,-1.0513607109136125,-1.1065587082075974,-1.22331518072389,-1.2617759646833808,-1.2760710872035441,-1.3410383256706788,-1.408235935360036,-1.5507190079210607,-1.5945982870118485,-2.7574882314837557,-2.875199322951383,-2.996905313302928,-3.2547227524035227,-3.336392449804366,,,,,,-0.09647987110725342,-0.10949746139239708,-0.12259536296279949,-0.14910470408731075,-0.17822442178380332,-0.04944025052681961,-0.06270870090082026,-0.07613777243180497,-0.1035756633664171,-0.12570067046023803,-0.10715969441962442,-0.12698827306467472,-0.14711669814356224,-0.18845644250651947,-0.2164447459106226,-0.29881745704449975,-0.3167159673016028,-0.3351558632686852,-0.37385185889220307,-0.4009506460728506,-0.39642248414948256,-0.41882644375692,-0.4420920371397009,-0.4914863767035848,-0.521450249698091,-0.5644203368512165,-0.5902301509470154,-0.6170674372917784,-0.6741608993893808,-0.7120026854793471
2019-04-18,0.3422232874445966,0.23613897261116468,0.11189272661989996,-0.3781541215079769,-0.45482473077803764,0.9570542153737132,0.8358217231021048,0.7023272712569681,0.17972932687776633,0.08159552024273398,1.3740054472554046,1.22756468424808,1.0801547608829756,0.7125651643113624,0.6387393436514807,2.3819296138308474,2.1458123041497195,1.9189416976188358,1.4262514468663743,1.328821001862973,4.256844198019536,3.917166116165432,3.60098791831215,2.9409079550549335,2.862983569853078,0.8919158124362587,0.8222565620345501,0.739987627937499,0.4350566517438952,0.3947697136296755,0.9427882260802138,0.8640505247581844,0.7749526709493729,0.537016962951709,0.4957697840160874,,,,,,-0.02999023373268614,-0.07153127548212834,-0.11505336703553969,-0.2099943464359283,-0.2489761930000686,-0.1873717965094791,-0.22994036255197536,-0.2758805558684074,-0.38076762673343384,-0.423022428273395,-0.2894846651890083,-0.3196541702664426,-0.35174704118491873,-0.4228471070664527,-0.45673682832283663,-0.42294709288663335,-0.4490348322210321,-0.4766370254709636,-0.5373723952281415,-0.5665362753059311,-0.5036178885473579,-0.5309003995223991,-0.5602277478349205,-0.6264210029422213,-0.6549510766528488,-0.47985646981923913,-0.5272162657739713,-0.5786656781835878,-0.6966346592786052,-0.7286609593933979,,,,,,-0.03216117471955421,-0.053833646716054215,-0.07571885456193629,-0.12029960788324345,-0.1754087154537287,-0.056727118418272854,-0.07214397164255104,-0.08759102509416389,-0.11863068173590097,-0.16597031017605418,-0.07247057632752246,-0.08174010676255311,-0.09103512612576842,-0.10972305215918243,-0.13853589317689696,-0.15784878930147977,-0.16598646766728986,-0.17407601619057161,-0.1901238902866283,-0.21930817295545169,-0.1603460383084373,-0.16737543884094058,-0.17436222881416386,-0.18822146401974899,-0.20989882024347928,-0.46571385176261515,-0.4751093079552079,-0.48443026814354084,-0.5028679111508646,-0.5352844522058089
2019-05-17,0.14986987668089963,0.04572344134836831,-0.0812217444851268,-0.7421896221383092,-0.8395877631129002,0.3767480504795496,0.24424166744800918,0.07536685812217528,-0.7554829396936568,-0.8660555328304249,0.5767623583747121,0.42639959069753436,0.21783228560820153,-1.0999598335334104,-1.2556357418933752,0.5395850227844878,0.501719839757947,0.46033276656242356,0.34469004668162806,0.32307873406231263,0.26133274208034035,0.2290988887697064,0.1955507770413023,0.12226861939012074,0.09849147517360735,0.3658852705916516,0.3328558897922213,0.29759762371159204,0.217483665584508,0.19707057200008593,-0.3842320139633595,-0.42740773797249154,-0.4746804738594781,-0.5860930117479456,-0.6142665163093707,0.09505339341003718,0.05948828520428048,0.023479386075164477,-0.05042864692212032,-0.07501219643396209,-0.40915937977424355,-0.45482690587115754,-0.5018437426832747,-0.6009604010771803,-0.630530627319472,-0.8433448165165117,-0.9069015389019618,-0.9726142290062982,-1.112107594395159,-1.1457517084305362,-1.7810459175056865,-1.8697728332629526,-1.9612727162537287,-2.1541025803117697,-2.19866439762821,-3.086946961074244,-3.208293252842227,-3.3343359122495553,-3.6026480281648787,-3.6584299090352523,0.11836279668599325,0.08127472065860936,0.04414702974934814,-0.030892084180632107,-0.045368131453373206,0.2003015655251612,0.15241992069524368,0.10498235891964414,0.01057546662999631,-0.006689385557351768,,,,,,-0.11273724899860288,-0.13715407543875008,-0.16204655251140732,-0.21358277089047106,-0.25742333148427854,0.07360619919000819,0.05107394556401826,0.02807964782700967,-0.019708027187935795,-0.05433493683035889,-0.07149350425092188,-0.09741792775524247,-0.12420211295935424,-0.18106332429426156,-0.20788735042516818,-0.3123351218970193,-0.34343235921508475,-0.3760933337620241,-0.44723602131167656,-0.4773507234929824,-0.352853842457767,-0.3656596356277289,-0.37856589710299865,-0.40471750207210294,-0.43344249331749807,-0.12425441515905156,-0.13580185902365904,-0.14749055094770136,-0.17132155921027992,-0.2002295855954498
2019-06-21,-0.039078741792279326,-0.1400456109666019,-0.25447074504458467,-0.5786722959459116,-0.6360288758801225,0.3534231475248912,0.258669020280957,0.1514913270984959,-0.19715772415863275,-0.25077263370489933,0.26674882267683064,0.17638065852868678,0.07992635038207402,-0.20086082112953577,-0.2517907187574906,0.09242798262823787,0.0015767927616636979,-0.08875977867535739,-0.2837088062964318,-0.33407012581136225,-0.21281592617206285,-0.2686509981217828,-0.3291360181561854,-0.4766485397943687,-0.5211413628939394,-0.39983387528057174,-0.4583266402409734,-0.5178432355757678,-0.6440829529948078,-0.6875216418963512,-0.4217941552610699,-0.48007120497294986,-0.5401254960498258,-0.6681512804024444,-0.7071665544487428,,,,,,-0.15287055598178095,-0.1900238100695134,-0.22816805088054415,-0.30834112739081077,-0.3378906164642057,-0.14648000700003283,-0.1876113907892492,-0.229374242172255,-0.3156085403679876,-0.3475383238891459,-0.03154839773311158,-0.07801780304302522,-0.12500364629962785,-0.22153956907503874,-0.25396333395225046,-0.18918645687759308,-0.23982210233071513,-0.2915501930812149,-0.3994997172747842,-0.43916747501016873,0.39159213401365833,0.35598694223351135,0.32099036667835207,0.2523457036641229,0.2174998235076434,-0.2154332479829395,-0.23695803946784255,-0.25872484084525305,-0.3031549699442412,-0.33806460594944276,,,,,,0.05470169326766086,0.02614641177534413,-0.003306808541339634,-0.0655706606472252,-0.1075014407368887,-0.06318702700785786,-0.09095129262247803,-0.11993992385492683,-0.18256236072130688,-0.2193090124019391,-0.23690539258688154,-0.2682715493808296,-0.30099289777188143,-0.37118784488617584,-0.4184381161346012,-0.5044241041406624,-0.5413924251062542,-0.5805085619275464,-0.6662220837178616,-0.7130420073435361,-0.8869028751852264,-0.9309409617360106,-0.977731958616303,-1.0808982007052232,-1.120574999089146,-0.24065705269729043,-0.25906565243254875,-0.27787369524773164,-0.3168221350191731,-0.3512115233726536
2019-07-19,-0.013467178201446606,-0.08332319778101416,-0.16253404647028388,-0.39629495426304184,-0.44142706314131097,0.04835362336480081,-0.023471288995007444,-0.10969659997810799,-0.437525206452992,-0.48322723847961324,0.06839287029810259,0.013229106626207299,-0.053409646911331765,-0.33145973737574486,-0.37050297338052196,0.1267705530637307,0.06561465408400174,-0.0030629579267115736,-0.18056704406595975,-0.21980308267426596,-0.09183107309923899,-0.13139133533659297,-0.17346116780721643,-0.27181490170358397,-0.29621115889119826,0.12073683627979315,0.08884271690438494,0.055740559628587705,-0.020226520399859504,-0.04297574292818085,0.33190732032083337,0.2869437288744413,0.23998627764382796,0.1280263878569019,0.09458094737168721,,,,,,-0.15849492565717344,-0.19554796105957176,-0.23367472286364607,-0.31421641938791256,-0.3596033336205314,-0.47103017814408615,-0.5187034480096901,-0.5684183939749852,-0.6757091880058375,-0.7419093342643555,-0.938430282301294,-1.0041591161966794,-1.074093004860011,-1.2292005891976028,-1.328030978337065,-1.572796473973896,-1.6595093204455644,-1.7520594308527475,-1.9579067334882687,-2.100928949318302,-2.0142512701087565,-2.123361748336419,-2.2397434471746362,-2.498392463860748,-2.699776390631146,-4.552103246849255,-4.750205346512768,-4.96345139794912,-5.44339216115322,-5.826260725051052,,,,,,-0.09316003793163907,-0.10918335887167824,-0.125563684090492,-0.15978520382847294,-0.18704067836154697,-0.13806816319429038,-0.15444356404295534,-0.17126553651026422,-0.20686774777006622,-0.23409599036128675,-0.24689172847244817,-0.26413069374137665,-0.2814865368522148,-0.31667389726770895,-0.34603601030991,-0.5297711141484791,-0.5517292287010076,-0.5738953162837213,-0.619045884851682,-0.6494382879748898,-0.370433825199593,-0.38586112628068703,-0.4015312412934194,-0.4337027108370497,-0.455083493289241,-0.044386351834670545,-0.05298995573125165,-0.06143384708663169,-0.07787381016401329,-0.09308295339358286
2019-08-16,0.34631722317609054,0.21104693183066475,0.055089423971753704,-0.4570344590676795,-0.5494446473018308,0.7155159442246661,0.5466600764966127,0.3466523434745354,-0.30770926140365074,-0.42030482743249176,0.5937648820372101,0.4900953461365794,0.37473346444269817,0.07751923372349023,-0.011347489747448036,0.5069074875135,0.3973727270189851,0.27412896282110166,-0.04514004253161635,-0.13964326679466954,-0.3536995848458763,-0.4926291476260559,-0.6547952566306242,-1.098946185451074,-1.2271542993529054,-0.7408486422144871,-0.8927780141317413,-1.0656181768846458,-1.5016309167599897,-1.6609156902389854,-1.1220904861795207,-1.2776745700497651,-1.456556738652124,-1.9125827801076394,-2.0796956850135526,,,,,,-0.0025942147551428762,-0.06038947086256491,-0.12048636774656843,-0.2503860641895037,-0.3085955706271511,0.1965256150980993,0.1339455596245896,0.06855255694811224,-0.07524096738595848,-0.13772338664076628,0.5644066274257502,0.5057224364113088,0.4468980357361161,0.3278218167630975,0.29776529402858287,0.7590108129147327,0.706965287973778,0.6552875010140065,0.5524256244112401,0.5228026705542203,0.03332841277158011,-0.004291453718954341,-0.04154369717283346,-0.11547221777576783,-0.13432026300093097,0.14039259046621488,0.10010210567166788,0.06098351434536586,-0.014392503675918489,-0.03414531047985492,,,,,,-0.056360462473561856,-0.10169363499735706,-0.1493819044843197,-0.2547382486752555,-0.33658979870058575,0.13430232106894463,0.08922446476755652,0.041450896990460895,-0.06618701580668707,-0.14571736341387498,-0.3122766196023328,-0.3726592284543655,-0.43847204372563775,-0.5942411926414648,-0.6909799312064226,-0.34396969260862437,-0.41892533011889616,-0.5017460086529676,-0.7036523128800554,-0.8378551222575464,0.15652618880945895,0.07070185392126799,-0.026566880075580224,-0.2743199293554291,-0.3738157087358507,-0.5669970609533724,-0.6831450302266894,-0.8228686131298725,-1.210326784279839,-1.2792954699896035
2019-09-20,0.13568529286481423,0.05006428659493328,-0.04807854590533091,-0.40275134071394314,-0.47205596257993815,-0.1347294444334342,-0.22865880731740157,-0.3405475286003732,-0.9625279206823213,-1.0534651692712609,-0.15602841543982415,-0.2661072260499441,-0.41233781639374056,-1.492483370767445,-1.622639408269662,0.02849229073439219,-0.04357914214413733,-0.12316602692641554,-0.3571771413929308,-0.38264222039319845,-0.3458967409331119,-0.41114790148522334,-0.48227348761493316,-0.6540096518760303,-0.6809358678510806,-0.41775280117923963,-0.49153078348741036,-0.5706015282228709,-0.7552851723009331,-0.7863434807875352,-0.743294200630467,-0.81026241370636,-0.8801496097078167,-1.0330080108884006,-1.067220788508466,-0.4439438997115161,-0.5013943185583768,-0.5608336286078658,-0.6870445157649737,-0.7297229066803183,0.021161342043179848,-0.018198272810191915,-0.05785035744450123,-0.13935421423595357,-0.16966774095306228,-0.019156772254458998,-0.06731441859663295,-0.11593344691777838,-0.21650656846897806,-0.24835454211921856,-0.042819778476323664,-0.10733725104550662,-0.17171098443278543,-0.3032025353861052,-0.33757619222219315,-0.4348273509874539,-0.4849063419766189,-0.5359738977529958,-0.6422906601732028,-0.6799675504792337,-0.7928956825228853,-0.8518476037085723,-0.91236116070774,-1.0396330005876337,-1.0771401268553782,-0.5745558781907693,-0.6481217417335712,-0.7221409226317876,-0.873525958858504,-0.9250262280009258,,,,,,0.11348575678458642,0.09431950329249142,0.07392840144374416,0.02683110799704949,-0.013061287117594328,0.17790648909634346,0.15780673749702637,0.13547672420820256,0.07897501803377432,0.03806887696872069,0.013808198001690086,0.0005210493872340738,-0.01302516024735062,-0.0409837479949845,-0.07758567651005632,0.04202019290396408,0.02610501400654791,0.009821130515143661,-0.023986948666184782,-0.06185524616871685,-0.019210604800126374,-0.035898367444834545,-0.053130408570998044,-0.08941780595150567,-0.11801097180105802,-0.16633300414229957,-0.18226878105788058,-0.19892287795571206,-0.23466436354165743,-0.25920266519874624
2019-10-18,0.11738009708658537,0.03112520591454851,-0.06960613912840097,-0.3729913764040321,-0.43195289476380344,-0.1534109761263911,-0.24415813633564337,-0.3509963265792496,-0.6506394518639356,-0.7109653310699461,-0.3727435786342962,-0.48453212206265245,-0.6162751447289101,-0.9874693645703897,-1.0564126034008074,-0.7537802840464469,-0.8782261808474997,-1.020608650558394,-1.399802023535058,-1.4860060703925566,-0.21076539293852886,-0.293552343933753,-0.3879162486054199,-0.6531847453855509,-0.706095804784331,-0.25604401184451486,-0.3230427933754446,-0.3940932575208986,-0.5603821653574244,-0.6092514476652919,0.06630181330771334,0.012851000807767021,-0.0447305447208195,-0.1792212119634118,-0.25024498743730184,,,,,,0.1284432785490757,0.0890630952079769,0.048818488109182906,-0.03626756749073959,-0.0714019986095569,0.3791488018726337,0.3439125081542991,0.3078914595049577,0.23063915876884777,0.2018372506311421,0.2239357571205946,0.18699771512327407,0.1478434529237061,0.057610674029049014,0.037156082241493804,0.22235777712853114,0.19137406707630178,0.16035513469823492,0.09782420730833696,0.07952235372812219,-0.028449049096778867,-0.05597629272320409,-0.08414782280904426,-0.1427422120031615,-0.16389622862275438,0.5577641834179871,0.5316496556048723,0.5055029295642944,0.45291144332371414,0.43260620487926726,,,,,,-0.09470485862528308,-0.11997564469852887,-0.14564617110839148,-0.198594891346419,-0.25270811483192746,-0.16559375411027238,-0.1921493551345755,-0.21953289407459176,-0.2774682836250778,-0.3366092461637203,-0.3586244753138872,-0.3910667757544398,-0.42500715737025097,-0.4985660079956245,-0.5694820801417537,-0.8493305381854612,-0.8825524805553357,-0.9166291517588793,-0.9876385776794558,-1.063897241920727,-0.9470406135588207,-0.9737480270274377,-1.0007546036772783,-1.0557713441296035,-1.1455986316809572,-0.3142325499037031,-0.3206666391158425,-0.3270666756042383,-0.33977185307421587,-0.3606913735630719
2019-11-15,0.16672951014301005,0.07348376150297031,-0.0390848339172465,-0.5253551992387249,-0.5976493498967628,0.3837757623083189,0.28305439389844766,0.16996864524856206,-0.21578436219513508,-0.31128681121624047,1.0201547986437516,0.9261811661205177,0.8294328323824323,0.6129567185030221,0.5560899213535827,0.10344399589352904,0.02006712012249648,-0.06853813542233697,-0.2774644133626,-0.33358832996449,-0.2747721422888796,-0.34999634938014756,-0.4331079400429573,-0.6362609006169165,-0.7080596554282746,-0.25746794324048955,-0.3108183317943736,-0.36874357968518245,-0.5068189804099312,-0.5526951111837665,0.3588734946860934,0.32389318411508417,0.2843344419270226,0.18488738792853188,0.14092112842811222,,,,,,0.039747408993438954,-0.014803747995876304,-0.06950582662436652,-0.1820159608855893,-0.21626243949335977,-0.274995774436078,-0.3429236989940095,-0.410940313208532,-0.5519897504585951,-0.5863210473720707,-0.6382826200708552,-0.7379174437003007,-0.8356402369890397,-1.027869387046065,-1.0795989420873238,-0.9569056092716033,-1.1002529700893324,-1.2386859262103,-1.503355164437109,-1.5780047690756531,3.3559193131278384,3.215198254956366,3.0825934445338734,2.838450685161818,2.787236745878608,0.9290679845322364,0.8877503025806887,0.847379600293727,0.7691013806931836,0.7433242766569679,,,,,,-0.24069130239882064,-0.278342957455402,-0.31572628451280677,-0.3902382432631084,-0.43241209171536965,-0.45862363154942176,-0.5157351356757158,-0.5720239826861151,-0.6831125921586927,-0.7387974552247243,-0.9346315091204785,-1.0303314774111452,-1.1244180693859582,-1.3096252721694088,-1.3742369793739386,-1.0718875539984627,-1.20573040462139,-1.3353534245763778,-1.5842541612373877,-1.6735790235213548,-1.7867410670345967,-1.9763659215083922,-2.1598800305255987,-2.511991235358061,-2.637084874958174,-3.8485455875448302,-4.202015549131282,-4.542840757427753,-5.193105673222445,-5.379492103821076
2019-12-20,0.022068128900273598,-0.04620130891093488,-0.12372116721968549,-0.3486161726023471,-0.39621648128792863,0.1572054944132251,0.06461364645249913,-0.03552527290642504,-0.27708827146728354,-0.344629918969914,0.04130258758177243,-0.06390616823458262,-0.17585578061592338,-0.43422789425829056,-0.5040227895108965,-0.12296446957596571,-0.21468988632639585,-0.31126574945680135,-0.5317528543824593,-0.5833874317660912,-0.019395491481455307,-0.08569669659546109,-0.15542304166664433,-0.31567773780851793,-0.35072992518730406,0.05035818207306353,-0.004967811291102575,-0.06108304318410673,-0.18453143517761889,-0.21046602235059564,-0.07763138794451951,-0.14538170137029638,-0.21120176269317503,-0.3415600557530686,-0.37179606768637696,0.08592432882978057,0.052488297885829205,0.018028606207205033,-0.05487802215823162,-0.07484843924863682,0.17075086156870053,0.12937431579784156,0.0870483978124456,-0.001764462467058442,-0.03675189752349965,0.4551858286769215,0.4089806706231446,0.3619188269615264,0.263822071082483,0.2250179948843147,0.40798449017025845,0.37247605729970024,0.3358922433645615,0.25818151459641364,0.22965897414682307,0.2148581504464007,0.18005584247862047,0.14319980410361882,0.06150494432204298,0.027339462525545616,0.2914758114579528,0.2539414589951651,0.21354359371055592,0.12158842604119713,0.08216891809204546,0.4032390894406296,0.37476241567474944,0.34481996312390273,0.2797845068820729,0.26236679178283284,,,,,,0.25263528189761236,0.23256925368497777,0.21228514521051628,0.17062420516531787,0.1333723427975862,0.3778420254983736,0.35621600555789784,0.3340018994970428,0.28727530167865906,0.2489488214117851,0.9471531998686138,0.9186449452887835,0.8891526871724832,0.8262351453107046,0.7795332855982786,0.4712069365256166,0.4356546113739114,0.3983829357848663,0.31706330628641594,0.25894295012271334,0.5476343907205062,0.504892055055221,0.45990726421748584,0.36087701570774705,0.30136592894466346,0.45391069525361527,0.41211403622867504,0.36577349872661225,0.25513936890217603,0.19251376135290366
2020-01-17,-0.017887193317050076,-0.07335683621447381,-0.13430211886372018,-0.28973630292483066,-0.33949337667328805,-0.2360657972828981,-0.30225769822335,-0.3754813751611284,-0.5702999851237947,-0.6417021425904976,-0.21890117918504237,-0.2843510071728852,-0.3560726055574361,-0.5296484906094163,-0.5795151950959232,0.08774085541647447,0.03332148915475042,-0.024180358517877476,-0.15480076959476013,-0.20223357042181034,-0.020721136291289965,-0.08823916192989945,-0.15914341190064923,-0.31932521272382813,-0.3802879723259855,-0.08051688375224153,-0.16435056022951733,-0.25128732252180497,-0.44199829747205177,-0.5295886001850387,-0.10183606407294632,-0.18717523979283202,-0.27349032896260683,-0.4536800885523832,-0.5530527114767511,,,,,,-0.10896407087074683,-0.13927290536700432,-0.17153357108055872,-0.2449433577162356,-0.2687413295491821,-0.14681874816506946,-0.18130139165502868,-0.21790574292793508,-0.30145520243305135,-0.3263041752130814,-0.12754183425171273,-0.15837357280367276,-0.1890499535247882,-0.2516622108363367,-0.27752599660208954,-0.08364000428652701,-0.12246961480503105,-0.1607927742948692,-0.23862533886015685,-0.2627976821804123,0.060498376277358934,0.029608334900650124,-0.0025831015030776117,-0.07251860466210786,-0.10101688303205675,-0.09058577601246354,-0.11418010377994547,-0.1372563684483803,-0.1825355082636223,-0.22063549978881247,,,,,,0.13335138654472367,0.11644051410396244,0.09920420823451731,0.0633583110926712,0.024462577688418197,0.12892394751259445,0.11028463297807867,0.09117016734660038,0.050946864787693835,0.018443377302019726,0.14753033861876963,0.12563454742003782,0.10298163424718787,0.054467910951367826,0.02146888795941182,0.012401926773826566,-0.008226939992042492,-0.02903497249762249,-0.07157400760409771,-0.10058879187203346,0.08051724442496005,0.05920530997367818,0.03805538914242079,-0.004166134576578995,-0.036738214306641426,-0.09058577601246354,-0.11418010377994547,-0.1372563684483803,-0.1825355082636223,-0.22063549978881247
2020-02-21,0.21355553937723346,0.1242215036793936,0.026234939569432375,-0.2778923334446634,-0.35410296890989074,0.3908504951704783,0.29576923442349834,0.19058633540920641,-0.3094394202480427,-0.4086899601144151,1.0552680113164317,0.9579743309789597,0.8488921082199599,0.14393322886674279,0.03528743534225853,1.0656613287218242,0.9384763766773678,0.8005981408778138,0.37979153762739415,0.2997041291815429,0.7952723976790668,0.6933516769943261,0.5680923651127187,0.06923630224513516,-0.023716469468802487,1.3332423642523303,1.2544292456035733,1.1779409128138223,1.0294501836120644,0.9908084256332234,1.2296056641754305,1.1974001436993094,1.1652197148040482,1.0996012279935417,1.0772883985273984,,,,,,0.31027152686907955,0.25292546522541826,0.196060791259008,0.08154594586811638,0.05114928345581378,0.5725338031453188,0.5047963833555353,0.4390125003360552,0.30997618924336523,0.27704756830688393,1.363735338249544,1.2594637402512867,1.1594724988595115,0.9659894178317221,0.9306029841155088,1.6480322769672515,1.5011944113340796,1.3623950153155175,1.1000971181464205,1.057362723190495,0.7796674087390071,0.6880824056979291,0.5959852143836317,0.40587482558057125,0.3607516054486083,1.289977115288362,1.139060939985077,0.9888577936542557,0.6836284640777506,0.6142895914279081,,,,,,0.364338385686151,0.3339486796958631,0.30270735705734364,0.23690493911276553,0.19598965306434485,0.29965660716771797,0.26699704489739534,0.2329141744307308,0.15911521006518634,0.12433553862977019,0.23772256500305738,0.2014457996427956,0.1630561912338474,0.0778960057633308,0.04422054385532059,0.15587042895794923,0.12730488422955027,0.09740074863772656,0.031841139699355245,-0.013104797646533974,0.5141934373609338,0.48650686891662437,0.45681721283300286,0.38897240247599135,0.33151336133113946,0.29789004524985485,0.2737657158650292,0.24608434542567126,0.17525975763539126,0.14500369863820628
2020-03-20,1.4403284165873704,1.1572104774246053,0.8360267938920214,-0.3907034283485933,-0.5996046134463859,1.565750663608183,1.2790966250776599,0.9480498353851037,-0.28654098114253435,-0.5215688440182027,1.5502979634988445,1.3209942031758497,1.043899290238592,-0.3292066115313341,-0.514100792456039,2.514503795014605,2.3416729251047435,2.1705384177413825,1.809876916346563,1.7436251082140255,3.1754757832225695,2.967869685476987,2.770539248962799,2.3969237354159723,2.3219891185316377,4.42934093027822,4.186473281091879,3.953561951639976,3.508398109238693,3.4185040373691864,8.403012914566354,8.037676828515279,7.692535978114866,7.052372992521413,6.942045039788754,-1.6341215018164936,-1.8766215541240907,-2.1221017035149368,-2.625759395729515,-2.789472342701192,-1.1296693283562598,-1.2901273962721453,-1.4570185291180033,-1.8139825548366366,-1.907870915489441,-1.8685564918395585,-2.041522130102055,-2.2209996597316914,-2.6030920886703663,-2.7039565987538348,-2.2143001096256762,-2.384599655687012,-2.5628406039859764,-2.946972224455745,-3.0510252636833273,-3.4750265888130114,-3.686838083969846,-3.9095769193112213,-4.392671632170164,-4.513844361211398,-5.832570397047365,-6.1121793748359705,-6.40575573203015,-7.040791331301349,-7.183058993443375,-3.549532072391388,-3.7338893363375742,-3.924943103912393,-4.329316161946616,-4.438387434361813,,,,,,-1.877311940298223,-2.007130450474585,-2.1384370170780267,-2.4064765799212426,-2.5869175015337293,-2.3489002652261055,-2.488863057588568,-2.632358483329728,-2.9313037115051683,-3.0922257657283594,-3.6504474475960653,-3.8106373723988978,-3.977029683714155,-4.330623536081944,-4.505354043438805,-4.669444354078172,-4.877613499343029,-5.094570603655724,-5.5581302814458216,-5.730495123698912,-1.0525626509710593,-1.1526376636024898,-1.2542061685395804,-1.4624740833560979,-1.5405522985579978,-2.1567170329217182,-2.28339404667972,-2.413105331003205,-2.6824992439024085,-2.787513550989127
2020-04-17,0.05146305916687899,-0.1248582212108253,-0.3452437500031614,-2.1633174750877977,-2.9771419757816817,0.018587559806136605,-0.14554272687492203,-0.34876501629899975,-1.3438607173161115,-1.4240941875731286,-0.12266803348380578,-0.3082057946040328,-0.5388162350731499,-1.4968107834494475,-1.5761388714537925,0.0233098023829241,-0.18236991859587376,-0.4552692951877453,-1.8360219339951152,-1.9218759170252524,-0.20871460238817802,-0.3585508778326396,-0.5551358423114706,-1.568208080863283,-1.640861376843261,-0.09228654292151794,-0.19543810454096094,-0.3117420638097762,-0.615403108128938,-0.6342798900179782,-0.3627486370967239,-0.531717358131118,-0.7266229376369837,-1.254798994185795,-1.2852431662419792,,,,,,0.01736442360489232,-0.006842283623135215,-0.03121148942611479,-0.08074908755789434,-0.09244742622728208,0.045819319200510855,0.020363466779781236,-0.005353601121511675,-0.05796565519048169,-0.06972170331650801,0.05635028463633418,0.033745552724726735,0.010997771433682857,-0.03533129656380973,-0.047259725865778535,-0.13454012551614353,-0.1611901824542034,-0.1883243067837611,-0.24463629531084474,-0.2594169677756755,0.04718662966453574,0.02530022182416769,0.0037471076130364267,-0.038767840591418024,-0.05099763593723028,-0.1291723890627139,-0.1644689121943318,-0.1990702828542249,-0.26698399662325223,-0.28047930474001115,,,,,,-0.011158527835671395,-0.025287804942516867,-0.03943695770869937,-0.06786124660452764,-0.07856031028134386,0.011790394513265634,-0.0029071062286832317,-0.017628007988215844,-0.04721108789314887,-0.05790802292499736,0.0712012130179237,0.05710315488401696,0.0428254750085405,0.013654816569906914,0.002945482890005624,0.18356956342946223,0.1747529336404196,0.16591334126628315,0.14814504545089618,0.13973951007538843,0.09054914120705565,0.08263022655916169,0.07470675854094755,0.058830989772496844,0.04878337001449867,0.22354564839178537,0.21506935584266718,0.20656449808029775,0.18944831544041618,0.1784840328655507
2020-05-15,-0.009344516354429011,-0.1437319182370501,-0.31164030982318236,-1.2317964480921806,-1.3807358603188193,-0.16214715178469863,-0.27673168040016083,-0.4143667847308874,-0.9009688070716849,-0.9773312790735984,-0.1440926914267856,-0.2512020999354876,-0.37991010848852946,-0.8221380313174939,-0.90671744535386,-0.2282809395373,-0.34137412156945013,-0.4806038952900565,-0.9927250354876151,-1.1144232804917618,-0.006509510399394514,-0.05811650880162711,-0.110164888728979,-0.2265805873747908,-0.25441367865214715,-0.05049234462561869,-0.08396062499331469,-0.1138314418212818,-0.16704558516482249,-0.18426916376053104,-0.1913971616007466,-0.2157826915017509,-0.23713958635756338,-0.2754908648630048,-0.29879583848218316,,,,,,-0.3252822842408134,-0.3813669599185213,-0.4388138773434893,-0.5608449068110535,-0.5842634337297389,-0.6842399933413448,-0.7499850298318707,-0.8169581378250699,-0.9578564132655174,-0.9826582856685173,-1.0235216603417596,-1.0968662381587388,-1.171313439563657,-1.3278136068870177,-1.3557298882874975,-0.7806411593729059,-0.8303322632121525,-0.8798285976233647,-0.9804137558469985,-1.0021664383261213,-1.0630627200446132,-1.1224563317404042,-1.1817648582788483,-1.3031535413964679,-1.3278664641431104,-1.9931259420130762,-2.0939387091476123,-2.194080491181206,-2.398111913731987,-2.4368036566728293,,,,,,-0.021502643002135335,-0.04942711853682674,-0.07881519580907592,-0.14478212699841952,-0.16662423030357648,0.05467136541679446,0.029612756972242027,0.004108956117457985,-0.04899346613679967,-0.06960029937148132,0.012815685809762556,-0.015458012660093168,-0.04486811724254414,-0.10802824971630043,-0.1289299133324937,0.08877111451209546,0.05494988050935656,0.019558933980714344,-0.057271497659462545,-0.08103419938553269,0.09818187307759901,0.05791820638533285,0.015977706794105984,-0.07449605035388407,-0.10535231363401021,0.36037838341836936,0.3343512674603558,0.30799740262449227,0.25343940257473196,0.22852276017744388
2020-06-19,0.11711005518043704,0.004367908276565163,-0.13707591787925116,-0.8168304128714876,-0.9000916919437822,0.33681682261842266,0.23400921370488498,0.10664509313897064,-0.5748024804425914,-0.6668078661609194,0.18812759082209612,0.09797851430733834,-0.008770981620675189,-0.4783025908656992,-0.5743463695187894,0.23284687725828884,0.1554408817961327,0.07160164650690265,-0.17254961120012924,-0.205617104182532,0.2399202185032489,0.15873508058404429,0.06824738697376825,-0.23126690935821959,-0.26103586110405497,0.203893227473662,0.14238786524047387,0.07587085525294845,-0.18616056446647278,-0.21106394547816443,0.06374458245562142,0.0184852065262171,-0.024288202096238054,-0.10725192579529119,-0.12897546395789417,-0.31810287582756624,-0.3885556705672756,-0.4626827155085818,-0.6269844421739301,-0.6760418582271608,0.10909354746058036,0.05577712300506713,0.00046769910378882673,-0.11966601626221593,-0.1545258340512503,0.05519599714598575,-0.01038645085223544,-0.07879851556916607,-0.22911372218284515,-0.2689021954210697,-0.2834038821753711,-0.3599868366493296,-0.4395439389669897,-0.6129685966394924,-0.6608277337277229,-0.36401519445057395,-0.44360925872636964,-0.5257087176555459,-0.7032492753153211,-0.7584951690543194,-0.3847477175987457,-0.4752303393327634,-0.5699962025191934,-0.780223127067055,-0.8538682434164986,-0.9080920756181758,-1.0294039514133022,-1.1509289138245944,-1.4004074041192331,-1.5182492162879064,-0.050052613926532256,-0.09556863104377061,-0.14173079145820724,-0.23686229514684254,-0.265102113630463,0.17893167133860724,0.13981294519301893,0.10031233545918967,0.01855331462025031,-0.010102134371271741,0.20959124245180072,0.1655901260778907,0.1204474880726276,0.024104493115809936,-0.010498941968387514,-0.10008504567188053,-0.15360977140806148,-0.20867504445835766,-0.3277640298520528,-0.3659426553789641,0.2529893624950519,0.19523814487332936,0.13565069847171451,0.003957525511040616,-0.015928538700965666,0.10029699442284973,0.030488542571517674,-0.04286158200168905,-0.2104483911681193,-0.2334540725169575,-0.05834835503267888,-0.13710211922345583,-0.21211215873417988,-0.35442669559343754,-0.3780589339893097
2020-07-17,0.029968359135671807,-0.049933651835116666,-0.14610920703216618,-0.5575965744410027,-0.6212934507308472,0.03568122734827178,-0.05424877664027833,-0.15993554334479904,-0.6444316533558949,-0.722045862096633,-0.03596376861582401,-0.14580193280930043,-0.2732897955370717,-0.7213281123372797,-0.8211820809084753,0.3964551356076549,0.29357748013398466,0.17338666057041568,-0.3517070395695547,-0.46943477929945876,0.4633844859322567,0.34597992152203627,0.20101422074347564,-0.5439155311016347,-0.7159016830383811,0.37299936876698986,0.24344488466221093,0.07686820928730342,-0.9165960643153201,-1.0453142012310042,-0.0153325702134266,-0.1716424014155301,-0.39965865449309057,-2.046847634580274,-2.2769697074481745,0.1299886940707869,0.08331721547282128,0.033182424615709416,-0.08324714926170013,-0.1008338432531578,-0.07476552256634394,-0.11325386061566267,-0.15349204722996768,-0.24256494168812065,-0.2650327773530237,-0.11291463575685456,-0.15386702621655507,-0.19570817940010166,-0.2846674587387857,-0.30856895936188083,-0.07606431760042198,-0.12378363219054134,-0.17315025310008442,-0.28117126452648655,-0.3012486318767316,-0.0007060813524378817,-0.042522264301961155,-0.0854233984047682,-0.1798293905930201,-0.19368553781818948,-0.07322185394320857,-0.12220330503999555,-0.1730581716981271,-0.2880168330248731,-0.3042099311151646,0.19208825063358292,0.16920788514032203,0.1457487249613767,0.0964524254409711,0.08046945291237428,,,,,,-0.03494328845947686,-0.06473153377235896,-0.09482131312853809,-0.1567288598066528,-0.1878645979598727,-0.15942856340763434,-0.18956781027364078,-0.22042419090362053,-0.2852569537146229,-0.3122814439743946,-0.08492839982871692,-0.11509011117620693,-0.1461729011261647,-0.2124895052870327,-0.24558849946026806,0.09061909570622428,0.05492880565865854,0.018746036918076636,-0.056383990945536144,-0.0858817310213898,0.08609730155400697,0.04611360588659452,0.00520423977201101,-0.08121473868586504,-0.1175325806205999,-0.087123232310375,-0.12923404735562527,-0.17446387586227174,-0.27708100470134867,-0.3080413450481919
2020-08-21,-0.0918457105922712,-0.17553161185989313,-0.2817633461248235,-0.8680136556695844,-1.0398316811574364,-0.2599214154078747,-0.3565191738782477,-0.4911722658923885,-1.310097922819312,-1.5254991560540785,-0.17384711052376522,-0.27269651479135787,-0.417707754969284,-1.5213912722326204,-1.8444314832505757,-0.07746929345628883,-0.14343692312056078,-0.2309696657225332,-0.6999571474174375,-0.7818231115377463,0.08246314917401576,0.02014759250088205,-0.05444948226892943,-0.33380067829011845,-0.4074482090977509,0.14371930421412304,0.08087829516844702,0.002008681525970779,-0.3412502124567187,-0.4200923360862351,-0.1599071533634272,-0.23482340745820196,-0.343500624499099,-0.9269805149005488,-0.9748770160514292,0.2231002990054745,0.19570322893586178,0.16778543565904613,0.10916840304747377,0.09847699669582022,0.1505058774939444,0.11706911772146394,0.08298557746781915,0.010825809175783019,-0.0007654787187313938,0.17375539751353286,0.1380465789299058,0.10145887245766039,0.02284094943155801,0.011125878659628774,0.356966678956975,0.32602934751179224,0.2949947088802871,0.23154457910005538,0.22018766005675477,-0.14756730196459056,-0.16648701444099945,-0.18641429952168964,-0.2299849896625552,-0.23723910913308044,-0.21344269149709993,-0.23669691341564048,-0.26126880236837025,-0.31527781974136976,-0.3240531095441709,-0.12650848088701294,-0.14497148908642155,-0.16458779710624505,-0.20819799703041042,-0.21530052017050205,,,,,,0.021341880876746988,-0.0038320023171256046,-0.03005238007107902,-0.08720751784231429,-0.10657598482901326,0.10754698046472799,0.08907865825001487,0.0708753699194874,0.035028620243457986,0.020559301009355435,0.005594976718166111,-0.01262151426887903,-0.030532011407702342,-0.06568167265047165,-0.07893435788589387,0.10499058876432976,0.08759539708335728,0.07051043612519525,0.03701234541343512,0.027303848927828556,0.19609039303278286,0.1779914567455515,0.16035776625546794,0.12614614499332533,0.11838083080854356,0.3721730379922401,0.3475696817370032,0.3234766168036456,0.2763649095261833,0.2685796971703276
2020-09-18,-0.11885525903738259,-0.22982847959380998,-0.36038807853568444,-3.333864608720609,-0.9850909237793339,0.0730274017591015,-0.0017522556955407165,-0.08917104305856413,-0.6380691922811934,-0.7249703017124363,0.1464896434292663,0.059651135268922295,-0.04122870872418799,-0.9103595686605943,-1.0189848484069355,0.20969596769834015,0.15041327332475946,0.08443346157990206,-0.08338625565115487,-0.12034259984838258,0.25329019437861305,0.2084681339676937,0.1606159856262121,0.0482566946680234,0.01125244933707803,0.2969621148867581,0.24821535287774188,0.19498558433981905,0.06505598333156548,0.022326206753181588,0.22938562914356841,0.15244951623652703,0.06994454405644324,-0.12517089040811646,-0.19105043220445617,-0.1911921170204804,-0.25147551076292207,-0.31502858852416266,-0.45630644743227455,-0.49467726279828156,-0.41165809761028527,-0.4490331348648301,-0.48828400693851715,-0.5747273710296572,-0.6071889983910468,-0.2326913313516958,-0.2671238488771683,-0.303125805005854,-0.38125873482547795,-0.4155208936930058,-0.4149871680914937,-0.4561615015089523,-0.500119164890704,-0.5988957127984708,-0.6395095144471682,-0.41907744386956747,-0.46872874292160605,-0.522473812597548,-0.6462579250072292,-0.6861199366007573,-0.3765595971521564,-0.4036731874656518,-0.43115345956173246,-0.48748363986035304,-0.5191949135672864,-0.24656067284755356,-0.26531528482526034,-0.2843976132873135,-0.3236631844474107,-0.3469395896729105,0.06080466985154112,0.03354803673614282,0.006494003368887419,-0.04732547313672619,-0.07942443684870293,-0.24812310589641848,-0.28042316904706094,-0.31312394923220527,-0.38036564059119915,-0.4172273849870296,-0.6658248523870063,-0.6935476326355325,-0.7218631214146198,-0.7805121966711496,-0.8149572192308323,-0.41489729202398856,-0.43844770024293284,-0.4624026023048662,-0.5117106801605614,-0.5434402216019583,-0.0864665022732522,-0.10643483723025904,-0.12643062627338328,-0.16662471396913764,-0.19499838440350228,-0.2517683640526321,-0.27135759923502045,-0.29089150992964585,-0.32993613932660637,-0.3528706907208686,-0.24656067284755356,-0.26531528482526034,-0.2843976132873135,-0.3236631844474107,-0.3469395896729105
2020-10-16,-0.03408190550062257,-0.12755345773182203,-0.23686123205848184,-0.6835607446130987,-0.7643634801207981,0.13234501208617555,0.06992804653546941,0.002407242493773054,-0.17044005300934373,-0.2061102588959316,0.1686687334516686,0.1002398008715919,0.026541262501118157,-0.16382652574534062,-0.20907472657661272,0.11014796332076465,0.031072441935253436,-0.052255316436321475,-0.2641425079604576,-0.3158188974376589,0.1596147727222653,0.08974755397288248,0.0103271677267322,-0.2218655358695205,-0.29041913558751115,0.3337411716454195,0.25974289986433907,0.1724884724622096,-0.10759507266287727,-0.19515530415728094,-0.13167468041123542,-0.21208665846099817,-0.3189323838682204,-0.740448005783915,-0.7961058004257741,,,,,,0.0594015810918499,0.016413614122959497,-0.027084942186213823,-0.1178203454732848,-0.1371078232799643,-0.026361701871551957,-0.06700786237986428,-0.10875765985785613,-0.19808714694459612,-0.2164219928888637,-0.1629152567133152,-0.20422335579532191,-0.24731265635829525,-0.3418792564038081,-0.36402824131541855,-0.3126326668344416,-0.36137737221654376,-0.4127416048772089,-0.5280582231845378,-0.5499103547132408,-0.24794662511983012,-0.282197460356655,-0.31577641281423985,-0.3819845561780332,-0.40575212217542017,-0.9306262836954249,-0.9725057858291821,-1.0139224852422406,-1.0968431492658721,-1.1345908566677918,,,,,,0.18702988979706103,0.16655341817802177,0.14594835707409182,0.10410372148948771,0.07857667430643311,0.11848744821301788,0.09981891405853915,0.0810020474864338,0.04263826302451634,0.02391432795529186,0.2582212306016249,0.2371736024584773,0.21586336867077605,0.17205239105062597,0.15691317716421266,0.28997252456014294,0.27099294930899287,0.25216851736528795,0.21475659558536841,0.1991384259065233,0.373536018429459,0.35352517168108605,0.3336338341593929,0.29394353288875413,0.27762242345143195,0.3332371529096516,0.32043960809053773,0.30738574134268015,0.28029745791328886,0.270436482468266
2020-11-20,0.2194617889443778,0.1043701568604727,-0.030115558607911867,-0.6620551608254532,-0.7807233308340076,0.3011225913485184,0.21689452573415635,0.12338299052233712,-0.13235616408160733,-0.18032219264312405,0.03126504764552268,-0.05927515204165343,-0.16599870835873567,-0.4959957770717177,-0.5421508713565598,0.3966800035391792,0.32676317674575034,0.24576419020207088,0.00958386605397496,-0.03335073509598363,0.2717411261920478,0.19640358178953146,0.10245670695585596,-0.2065095902605194,-0.25197434456940776,0.7634200447186504,0.6744094869583659,0.558770944786142,0.15285024490966492,0.10005173366734738,0.2635594126014611,0.25159800466173965,0.2411437754594291,0.22483782349439796,0.2225769732828876,0.224857609151368,0.1690893794877642,0.11169649416227906,-0.009885126114259624,-0.03542329638793314,0.35620908782613825,0.3103291892420664,0.2632080704526464,0.16376176714186186,0.1389846536383874,0.5423272666716066,0.49283504882654194,0.4421609787551771,0.3354480459608118,0.3138614315481848,0.7395156070473238,0.6880967382349209,0.6340526558709741,0.5160732154047009,0.4918837928916026,0.31273595494702433,0.26791799300645597,0.22055031356304608,0.1166339936194736,0.09303097175960305,0.44808122926083277,0.3992444767871882,0.3474871009243389,0.2333365109988474,0.20449043015565915,1.2221485531634226,1.1681626056150098,1.111350997328587,0.9876752340987938,0.9475601085106768,0.3787803631882557,0.33001055084513164,0.27838104011167564,0.16430744170761238,0.136724090051624,0.5127128657387625,0.48173020726275073,0.45000349724257693,0.38356506552937364,0.3511417457290056,0.7531272622043943,0.7204987332642858,0.6869407405889396,0.6163833430095645,0.595642073932503,1.1310541658220987,1.096377700125195,1.0608564060917383,0.9865220714662104,0.9666462891366644,0.7631027916805561,0.7366466027256323,0.708911117080858,0.6487638394713547,0.6282684098736252,1.0421355457495483,1.0117122193274413,0.9797719657536816,0.9102725964904576,0.8891068703238076,1.4650683772530515,1.4145136236224642,1.3608330860294204,1.2419749394991555,1.208794623146908
2020-12-18,-0.26877776104785184,-0.37567531166079404,-0.5041944493222218,-0.9662824654997922,-1.0382665547896894,-0.6233642460962582,-0.7842808671395204,-0.9864642270045783,-1.7649659640769495,-1.8977108963860507,-0.39638272479500325,-0.5305895279071319,-0.7020039133917758,-1.3165911587187211,-1.3977762826232454,-0.4445112455594262,-0.5825780878430439,-0.7503684591098876,-1.2565225574455694,-1.3214819050505078,-0.2812930936282507,-0.3829426860273717,-0.49948732523584394,-0.8077442589206736,-0.8537451194403354,-0.3317740690625134,-0.3871018392441813,-0.44493209944143386,-0.5716257290241511,-0.614476007047308,-0.8123093288593651,-0.8860654476007648,-0.9632849585033856,-1.1330438226253108,-1.1948315104932643,0.16174026850549722,0.1164474376578728,0.06420870770937931,-0.08448061907952342,-0.10541396040385209,-0.011607635691331969,-0.053586124407791286,-0.09914419539183508,-0.2145435325051054,-0.2553312391650439,0.10994181297975353,0.06469023842167872,0.017529560563616237,-0.08804393087424377,-0.12337330959728096,-0.07039102914813491,-0.11816196512305718,-0.16893353519946414,-0.28953489263772925,-0.3157604683771362,0.2089312388210796,0.1601527066575739,0.10677410984849092,-0.029527296365042116,-0.05490418865487276,0.4207421146085441,0.36754626155392917,0.30761632776316006,0.14424497772280165,0.12190533884479626,0.5969757988253682,0.5465617824007983,0.4966063272970407,0.3972417975319048,0.3693006141871312,,,,,,-0.07816919671339145,-0.09986296580153461,-0.1218299480201388,-0.16683061525621012,-0.20558382530480718,-0.008952080211452607,-0.03160030006076345,-0.054504649418098156,-0.101305193308079,-0.13864093435529387,-0.061160114427674175,-0.09090175351504257,-0.12131363177612021,-0.1844396338158913,-0.22930591639475115,0.1150398428609443,0.0821898045904402,0.04831669349118686,-0.022916498240489608,-0.07397029150269094,-0.2531356294964288,-0.286257715014013,-0.3206915546176391,-0.39406812924514867,-0.43581159010607956,-0.8108146405912815,-0.8557670118025484,-0.9026255752324301,-1.0029336583322404,-1.047551751576059
2021-01-15,0.029801688317388886,-0.05682715644469716,-0.15897721871369114,-0.582182493702689,-0.6436153553211903,0.11906426098642325,0.02000588993421487,-0.08797623325444087,-0.6862483190555566,-0.8326931678915193,0.005601451543379432,-0.12280207166289991,-0.26177534617989495,-1.2239355119343103,-1.4853095830065919,0.18655649470478736,0.038924468111390595,-0.1012367820760379,-0.5615716110077302,-0.6324340813879084,-0.41730174630651595,-0.46967365567322966,-0.5385679531022222,-1.0013910187981963,-1.0949757957755308,-0.6469483946667764,-0.6843329597821319,-0.7220349280944706,-0.7990048414802269,-0.8304442919330334,-1.477039347245702,-1.5241344704086064,-1.571272518324033,-1.6661450732617302,-1.714163983250771,0.11344122240185234,0.07537243183212144,0.03626509840701381,-0.047712758231921115,-0.06835933162418067,0.07584133940407384,0.03442666162264224,-0.008730378352446,-0.1073682768731849,-0.1325445188470532,0.11788322813920776,0.06624830420434846,0.011159921090854785,-0.12253736905595372,-0.14871288946704417,0.038109971526180064,-0.007727047719729541,-0.05280594758827295,-0.1463536524746985,-0.16455754792295096,0.13095129419656815,0.08371100616517102,0.03925923311561452,-0.0492623348710336,-0.061713064246048166,0.0673338059536257,0.03123237283000535,-0.007038423614885714,-0.09343584809026662,-0.1073932195153513,0.32506734899237544,0.300093834627414,0.27444506080608355,0.2200905982073682,0.2035279477436236,,,,,,0.05469289549265022,0.029166463623193972,0.0029363842271256657,-0.05237682625818102,-0.09087967312790096,0.14419634872324705,0.11959293993688197,0.09455345546267574,0.04257934421677184,0.004142634238915588,-0.04124081685369474,-0.07634804656656267,-0.11231613054468045,-0.18786753282862922,-0.23598811397466593,0.04497838039778268,0.006262712346069732,-0.03341831546110008,-0.11715162529798054,-0.14444145517906312,-0.38557656037001553,-0.41695874376161857,-0.45038994177427655,-0.5252887399693424,-0.5495372407078163,-0.1382464022881985,-0.17393037846372028,-0.21334576520512927,-0.30693277027524635,-0.33123014452842525
2021-02-19,0.02411250284802907,-0.068620691417353,-0.1807806954987003,-0.6746266065677877,-0.749900919363657,-0.06660184339510966,-0.16404150448675686,-0.28446931598868214,-0.7546638955547613,-0.8460059657969665,-0.29049186867501486,-0.4093804181880067,-0.5591636598191594,-1.21254423853471,-1.344323336530592,-0.24212134578787597,-0.3638346008911542,-0.5103303088540332,-0.9418488773647025,-1.0116614628525413,-0.7518366489010067,-0.8888420110200523,-1.057391316225818,-1.5568075904536514,-1.6439296248613644,0.30761378040443454,0.2880830007769061,0.2708651638350634,0.25309644125877273,0.2386322466982409,0.43229616541117244,0.4344643893971123,0.441212244729593,0.48989291879595986,0.4904676883494994,-0.07356789328123059,-0.12604064048679003,-0.18414064714434386,-0.33023374601536226,-0.35585584211360305,-0.055575598772790114,-0.10298299834207231,-0.15298150388251736,-0.26585551943315,-0.2862443006515589,-0.25034197238515365,-0.30423788939435875,-0.3608336047800897,-0.4869945076885899,-0.5119740546272851,-0.17062005721917572,-0.21364136190576152,-0.2611001600864086,-0.37721504351073043,-0.3938426842688599,-0.1726040577525013,-0.22493328675739724,-0.28467516340340243,-0.4389427733000938,-0.4590359592150775,-0.20321828581576779,-0.243938456651362,-0.29107545755636455,-0.41729745114501543,-0.43698778423273954,-0.20866082038947087,-0.26038691883947707,-0.3238317715922092,-0.5109452583380396,-0.530822745378159,,,,,,-0.16124279181737466,-0.1894626643292834,-0.21848752353914147,-0.2797122459881335,-0.30409490567398373,-0.1972788127791072,-0.2320312114389379,-0.2679468251235362,-0.3444934817431385,-0.3679234160601093,-0.29368677815526,-0.33646614415341425,-0.38125656234461214,-0.47873336354052176,-0.5004877103699009,-0.5425759659284279,-0.5897076860153092,-0.6398172380154017,-0.751359682363534,-0.7778805016291019,-0.5031899321964932,-0.5564128496479994,-0.6144888099347549,-0.7486431407838163,-0.7730691421300862,0.32792690194115137,0.31240055867612415,0.2964956582513829,0.2634542228849527,0.23756504894209385
2021-03-19,0.07502401398263636,-0.038718528136895664,-0.16969013935414518,-0.6252973902764462,-0.6843265704625962,0.10891885080566752,0.03305434480920649,-0.060447465435974984,-0.5227749599753264,-0.5953182935641563,0.07681675220192435,0.0004082496863413443,-0.09032264813769014,-0.3783543460616128,-0.4212133602984608,0.3858617628343101,0.30838686648096814,0.2142994597305601,-0.10475764699753765,-0.1500585780879999,0.4953170823444847,0.42212031153590657,0.33354686724347105,0.039195359670797375,-0.0033177750876848267,0.49669421775364114,0.39977005189780607,0.2805263263202559,-0.13089132597997571,-0.18105439500282933,0.3147976525863898,0.20718806492397468,0.06462088396691013,-0.5077872815563391,-0.5602491746566299,0.19303473184421788,0.12431607209462203,0.04978740222564318,-0.15897252302346018,-0.19102591106825767,-0.14599022276308055,-0.19882257948517304,-0.2538301501015377,-0.38528622444774424,-0.4167050844362139,-0.2246664411201654,-0.27616697336224977,-0.3316647709860278,-0.47988347271465903,-0.5151899026536987,0.054820086364750775,0.0008370574935461228,-0.060874752992222,-0.2561799685106687,-0.2902027288515023,-0.21716214083995472,-0.27618200268203186,-0.33874336425244284,-0.4788103220224067,-0.5135190880148701,-0.25570694953752926,-0.3232518127586081,-0.3957536744906936,-0.5615499304663376,-0.601354676194944,-0.2610544229469228,-0.314878909476502,-0.36845769602621214,-0.4760889366857086,-0.5190067109831592,,,,,,-0.3497371643971199,-0.38236278136359614,-0.4155470335067494,-0.48412827239446543,-0.5251278840877999,-0.15521342560824708,-0.17773902663663543,-0.20042261479735815,-0.24634747554532416,-0.2930263246776155,-0.42841218222434185,-0.4516125385225455,-0.4750503711868837,-0.522742946676753,-0.5713369931013854,-0.2884735608532,-0.3099041062036593,-0.33144474070474966,-0.3749303681035233,-0.42122614177589734,-0.4246514271736624,-0.4497308380199692,-0.47494699236251114,-0.5258854430820015,-0.5754303027108971,-0.6478297529089009,-0.6777663575004067,-0.7080395359810847,-0.7697272136040879,-0.8063542710758447
2021-04-16,0.02002771575161416,-0.07109069200337481,-0.17817737814674522,-0.7220956560672485,-0.8557440285029221,0.019048608763449826,-0.0692197758121641,-0.17843537477113897,-0.5964189263230155,-0.6433157478498898,-0.06245621238051491,-0.15352113500337938,-0.2704148477922777,-0.7870022142894262,-0.8526282639563247,-0.1005521771672932,-0.18145720139383853,-0.2879642878561257,-0.7335094619116882,-0.7879216458968569,-0.08973402870494795,-0.15684678594231344,-0.24224391530332096,-0.6024724050637482,-0.661361177161234,0.04945778749385299,-0.026713937724802572,-0.12959585633557003,-0.6161393195966736,-0.6912150584524268,-0.11027208380598896,-0.16779599979125392,-0.2323012567328816,-0.39942405761676403,-0.43658837012559537,-0.08897573511676093,-0.14786668474136427,-0.21325046133315437,-0.37490636425390084,-0.40124106650895125,-0.13053002804333452,-0.16979263203714257,-0.2115003415314085,-0.3054547072960745,-0.33327751538432204,-0.08759532204625087,-0.13543168791339938,-0.1870571004666438,-0.30692862321154046,-0.33654562106515995,-0.11024278451416197,-0.15462307828320204,-0.2033029996793964,-0.3204310361104424,-0.34134024470585284,-0.18053278548515633,-0.2376580792320208,-0.3016136684993319,-0.46112994050687683,-0.4845547458230098,-0.011586233402146762,-0.056004924508853304,-0.10271394668462053,-0.20562702691816942,-0.22502166820809089,-0.20828648120876436,-0.26612973247724225,-0.3287777256463087,-0.47310177409484033,-0.49632059929698646,,,,,,-0.08492009413374774,-0.10210258679130524,-0.11970411319054863,-0.15653005748813426,-0.18504786518267868,-0.06428196640550404,-0.0777217723001618,-0.09121766776244228,-0.11847183055429,-0.14146069324217408,-0.07560138906074415,-0.08895400060300823,-0.10227515348350202,-0.12888816465638292,-0.14783150585782656,-0.09138787104931645,-0.10345543005016061,-0.11548137821426935,-0.13947181145659465,-0.15829205495812787,-0.1144833588228697,-0.1281384275390099,-0.14183463163924465,-0.16941808488968207,-0.1902954374897189,-0.25802609652289876,-0.2759642529768215,-0.2940247793914884,-0.33063317794222535,-0.3480160295415622
2021-05-21,0.08800650166739468,-0.03259352988001141,-0.18022436376591802,-0.9484215237481053,-1.0673591981843487,-0.11651692327645818,-0.2050448485740018,-0.3109850232013988,-0.6807751805397073,-0.7684102157198425,-0.050893292922654654,-0.13849238712503809,-0.2513267582037173,-0.7360786278083224,-0.8722797383301502,-0.10491360410720552,-0.18642937319930042,-0.2839878155982317,-0.6094582978950625,-0.6506823707516228,0.00974051875908477,-0.05313839869728021,-0.13184576585162638,-0.4145142162375308,-0.455667559061289,0.10054811748151216,0.03764669785234476,-0.042514655983702965,-0.3572808064497026,-0.4024349770633448,0.05498188160556072,0.02191067280498915,-0.010466299772465049,-0.07476297824866229,-0.08746116687589123,0.19435443575848985,0.12604322807637744,0.04591113751654133,-0.2250064471598402,-0.257112972852067,-0.1979202471946438,-0.25846010255275725,-0.3211689524065399,-0.467065724998479,-0.4982925330770966,0.03397358358986195,-0.026885978840056626,-0.0916475891534828,-0.2564501032942362,-0.2880168092661638,-0.06457792463427109,-0.12339120821650001,-0.18919062584079444,-0.38723794899931174,-0.412931811557689,0.06379279637066032,-0.0002517336390144842,-0.076778608142272,-0.34192444262907884,-0.3692020472722552,-0.11132374170154818,-0.16892701719465314,-0.2288721124511513,-0.35860366123932796,-0.3799524899401497,-0.23847292130193454,-0.29037254100260146,-0.34535393649590573,-0.4681915438340897,-0.4930292711477011,,,,,,0.032502916697278006,-0.007994031192209178,-0.04895712830385998,-0.13514289204300145,-0.16571830593117326,-0.08757450648317545,-0.1352900355092798,-0.18269372295750064,-0.279353951210118,-0.31319346669729936,-0.1369354954037452,-0.1895392494861114,-0.24332060384834886,-0.35793054845902694,-0.3922028530518153,-0.22342419049237366,-0.2937964120441588,-0.3665480345663815,-0.524422885735673,-0.5596569948544625,-0.24353666364426757,-0.31525608715122316,-0.39029150110996863,-0.5575011783969827,-0.5900006849893807,-0.41941538125455136,-0.5109267260818429,-0.6134739110196792,-0.863707880202048,-0.909518614875899
2021-06-18,0.05229562819224609,-0.023443766388894838,-0.11332276518296414,-0.45025155403539446,-0.49159570030191274,0.09011023681685543,0.013046610102977474,-0.08374080293310077,-0.446569136407201,-0.5027847886387163,0.13362512711375807,0.05268876523742072,-0.05231863777940621,-0.4993792999095621,-0.5621225116812781,0.1371766601403197,0.06256001191154037,-0.03634717441887236,-0.46158836174076073,-0.5164672374087111,0.13201100089111312,0.03293734362097439,-0.09937216145010974,-0.6794164510804404,-0.7598588206926178,0.33421023876050837,0.2620918545596994,0.16865774166155822,-0.1970202615536304,-0.24117486310204522,0.7556920622427558,0.674093777133884,0.5592519975522035,0.015145840212700823,-0.01499573656210651,0.035062477246673274,-0.00018946434129363254,-0.035152134344894115,-0.10545771412323768,-0.12831557363549456,-0.06665976314149141,-0.10957055816987665,-0.15150600594669406,-0.23510336526908943,-0.25551252729678064,-0.25973894459363267,-0.2984829776965002,-0.3383794210554355,-0.4225253312435719,-0.4475539857039519,0.16390608874287593,0.1330189038630829,0.10152687700689972,0.03609399105831301,0.015042224072798371,0.12367831056801454,0.098774780970045,0.07341255719487938,0.02088887457323252,0.0024607286085049918,0.21126947018546288,0.17965665883584764,0.147468189448271,0.08077214642692065,0.058022391846199006,0.6797427560763847,0.6520571949528684,0.6241471555782975,0.5673029174677242,0.5443204472016592,,,,,,0.03802111903599659,-0.00042674662774722094,-0.041269770243487436,-0.13466275059008914,-0.1677900008958324,0.15086995967038525,0.11487239823649048,0.07799516317325395,-0.0012306479628672595,-0.027424902803268147,0.028799038868800142,-0.00045583273264238056,-0.03047000384708809,-0.09386538595087057,-0.11592711906212039,-0.20639533104981017,-0.2373775064454801,-0.26958927951927786,-0.33910056754258705,-0.36072587394997435,-0.3927629925099741,-0.4266051799198004,-0.4623835475178347,-0.5413727165316048,-0.5698112820727618,-0.3421861711309655,-0.3663180226409042,-0.39018805699251025,-0.4373855773540556,-0.4579007755491218
2021-07-16,0.0871773070783754,0.0033344140569210867,-0.09963333291004534,-0.5791825175126772,-0.637544594358124,0.32595557428823024,0.22461482503316127,0.10552090872835224,-0.3325456241737603,-0.38053735403164063,0.26208399832454615,0.14165980207636014,-0.0032718816111904636,-0.5828261640508865,-0.6323519915613349,0.45170511120443346,0.3866715842117249,0.3109148903836774,0.05461912942819136,0.02102943152434389,0.777840782176635,0.7252791531977353,0.6662066317416049,0.47017765307083575,0.43553993522913415,1.024264362676003,0.9657591717192129,0.895138225849698,0.6323273811096768,0.5844221376809156,-0.09544800704180945,-0.14583241458943208,-0.22157514423896052,-0.618339996663439,-0.6697925331523988,0.006226004172320609,-0.024234720348472738,-0.054139338047823504,-0.11324432980069149,-0.13151063792978845,0.3224037654983062,0.2826256819652161,0.2409082786068235,0.14338373048692388,0.11862738158754199,0.2780137984584334,0.23956885602084826,0.19910619743838914,0.10079181632539269,0.07743670356854748,0.40265885864337336,0.3687241423809333,0.3312913368946772,0.2265070912102552,0.2062578077647555,0.6877121508326224,0.6447293597306802,0.5960220388446483,0.4493275265726007,0.4266297134386999,0.9055443095177027,0.8684127792764527,0.8319945932950112,0.7608682401480727,0.7385465787287162,-0.4403537376160429,-0.4566582186853655,-0.4736238472761044,-0.5097800881058847,-0.5213041551466245,,,,,,0.12911522570680223,0.10122149837683897,0.07239748637575977,0.008480164904989984,-0.022696353103824396,0.2481301922927987,0.21847485791760046,0.18803127651116486,0.12308621834062061,0.09269175530531609,0.39199290433715206,0.36846059750419524,0.3436427685035319,0.2883502292584383,0.2612987466034421,-0.0062710906720427895,-0.03105208504032886,-0.057706408319575075,-0.11933287589900132,-0.1366107238470612,-0.004825631386576212,-0.0238624886858948,-0.043635103579899415,-0.08621756784670587,-0.10413754711546463,-0.04453980438285676,-0.057356563957791984,-0.07147217669864203,-0.1047896531178123,-0.1147368494801394
2021-08-20,0.10134174614441005,-0.012312074926963595,-0.15858651630171997,-1.2718946653802874,-1.1027728024050056,0.6197476464898508,0.5012817160458698,0.3514729783832453,-0.41172138014320203,-0.4990478922149078,0.7590465009355616,0.6618510434939481,0.5389731269583791,-0.0678615379381116,-0.11666416554197576,1.3917072357939193,1.2996838267966413,1.2040287496194346,0.9563161353327181,0.9295842139530324,1.560515389012716,1.4568711227424083,1.3497261450537241,1.0690041472446707,1.039558779476062,1.891196488502368,1.7797780650083013,1.662247936563932,1.3269135074506586,1.299362550770605,0.4813085426931869,0.4162840605992685,0.3550500963377585,0.24118684348279318,0.20937168329077105,0.16815697789585085,0.07456984576627229,-0.04064323552489968,-0.3929501685677893,-0.4217229453084212,0.2594597487721365,0.20632720267851945,0.14967169009941622,0.018113089159332157,-0.005540753247762792,0.3408071146952756,0.28257451509009257,0.2203654280890794,0.07296025362544184,0.046707806278201314,0.5279077837220307,0.44444954861276886,0.35252892524669094,0.12189561673069398,0.09061062444553518,0.7615619645311162,0.6583024494565443,0.5469947546941548,0.27771126892731096,0.24291951635752224,1.2478748214974436,1.1208802025275921,0.984682649894197,0.6540978513770572,0.6231549210627875,2.909861725500016,2.718856429942043,2.5124464441462684,1.99427878891662,1.9661887730244365,,,,,,0.0881271193317647,0.04843831955068617,0.005711263153662494,-0.0943671578388677,-0.11849824419116131,0.07601345818982766,0.0265610116068474,-0.02809458648668106,-0.16192315523538703,-0.1875357842427068,0.13975842745148453,0.07669090648770516,0.0038739567099762284,-0.18804254355810412,-0.21385830135474643,-0.3141002688919232,-0.396870075281326,-0.4926657027234532,-0.7446901870506097,-0.7654097390748786,-0.37478956729881624,-0.48294092736839966,-0.6104220963709495,-0.95492459513726,-0.981676379553753,0.4287753110932896,0.39689474464498076,0.3640268315816648,0.2938582918076078,0.27594025445901527
2021-09-17,0.0389334764925055,-0.0412665970915147,-0.14460786100778933,-0.731938611150123,-0.7958373585082205,-0.021227033912846194,-0.09762111468475321,-0.19961391180549265,-0.973582224824945,-1.0718575119641587,-0.03678260613306206,-0.113465071059349,-0.22037698925522753,-1.0886604339828032,-1.2063912879786773,-0.05083668680388531,-0.12125333865363264,-0.22248619328838426,-1.4516291060130133,-1.6147341116996365,-0.17329583739306742,-0.2538506463534134,-0.35690535259887374,-0.7150899138327059,-0.8136668898651734,-0.11528764876219288,-0.21163537613687033,-0.3392275372384925,-0.8116264501721903,-0.9418773940995298,-0.028240969166451246,-0.09409803049463805,-0.1724701879071735,-0.3923262807425899,-0.5081599907446226,0.0625852205908472,0.03216176203565435,0.0011238669390066791,-0.064174170555232,-0.07864468968594607,0.015468912063646312,-0.020386692283462626,-0.05741198317649632,-0.13735380352759347,-0.15645288270308105,-0.16341287139629201,-0.20094935962727767,-0.2391039698513709,-0.31935835506019933,-0.33980668650071,0.12506288129585752,0.10250389071320443,0.07927599056153978,0.030234819328205098,0.014707321010604069,-0.16266626737983286,-0.18419814080906416,-0.20659062627677677,-0.25467228831731065,-0.2711398718468861,-0.1459409723936057,-0.17076395160361357,-0.19669301258443084,-0.25289410052421224,-0.2651442333263373,-0.18707852665691294,-0.21874153493368453,-0.25185678856572014,-0.32331786640827376,-0.3429503780430079,,,,,,-0.17569452355916282,-0.20017369054739131,-0.22480363300768996,-0.2753458466768881,-0.30187383016996705,-0.08524353732674012,-0.11268004498620776,-0.14000786228280082,-0.19569750880490688,-0.21776675501358234,0.12529850174419266,0.10369961521236015,0.08208086740470888,0.0382636180654819,0.01798066027214551,-0.06431550937494268,-0.07799338675844758,-0.09173876433668182,-0.1196425949443074,-0.13816915666793372,-0.15396150440473644,-0.16769612747790819,-0.18125038406077976,-0.2080173493353782,-0.22410164064598614,-0.1929610733206919,-0.21279134134335953,-0.23276229639432355,-0.27327114853120693,-0.29246826223318345
2021-10-15,0.11291539060584163,0.01593586675117145,-0.10118929628554155,-0.5901877719654152,-0.6739079038631322,0.08931736529548351,-0.0005634175329087832,-0.11440837052583874,-0.5850963224930199,-0.6555385536687769,-0.12271609260162875,-0.21838003254893373,-0.334265283651818,-0.7323484011217907,-0.8165593880493227,-0.014466604731594834,-0.08652159884530108,-0.17708227902884593,-0.5554593933254238,-0.6467545423251184,0.22903671411052906,0.15071018999562602,0.04203716909412847,-0.4981355425454828,-0.6305468666777237,-0.18395503718105494,-0.2948928153045076,-0.45145934520855396,-1.249144053676129,-1.4187749794808908,-0.16874929217299295,-0.32888960433544334,-0.573191084780868,-2.0004031648743497,-2.2552347288377255,-0.12418237272576468,-0.22808860670630954,-0.3557464995237799,-0.764754611227635,-0.7974866825365656,-0.022361119838642446,-0.08536171389767425,-0.1550766695310792,-0.333830220755144,-0.36951924043354956,0.021344100579162056,-0.04903849169701066,-0.1312355842303059,-0.3674132931878689,-0.4053186007607078,-0.08916116768408841,-0.17134687665314463,-0.2740309089019429,-0.6069242871839877,-0.6445515579062469,-0.3846619827173924,-0.49900418403432517,-0.6461116794988893,-1.147572458212221,-1.1905037503601297,0.20286665314002172,0.1656144010513101,0.12672267663554398,0.042796729453158655,-0.0034533492131432197,-0.2223217367683259,-0.2646179003325577,-0.30888733138332636,-0.4050002527196329,-0.43331739051793294,,,,,,0.1715184990230527,0.13512759483696016,0.09709773628118415,0.013303260999750766,-0.02478049484787126,0.04170233663969469,0.007126369954455147,-0.028200119048058747,-0.10252459480508075,-0.1412741536175378,-0.22631119125371194,-0.2574468872586889,-0.28948244170410714,-0.3568875982832536,-0.41325363770774703,-0.2365290124577302,-0.2663974760229946,-0.296990396687726,-0.3609138604709402,-0.4181072777772187,0.2939687925064073,0.2643946002621714,0.2340287014494133,0.170228599424032,0.1235573441145606,-0.16906462926599164,-0.1986168715053208,-0.22845379564216428,-0.28945830820081087,-0.30605503745483875
2021-11-19,0.2823707336107668,0.15106431321973326,-0.019427085877931925,-1.1054534632150943,-1.4411901356738515,0.8928549555765256,0.7597766017466236,0.5952421212998384,-0.14026953678455248,-0.2719273718933035,0.8816450779606988,0.6976477313408953,0.4637402381063832,-0.6988870128943974,-0.9090509505392639,0.021491976850703032,-0.1978916452198638,-0.5139634827509687,-2.4547308986742493,-2.82244379343023,0.6005660594649876,0.49309602037972083,0.36998191316646767,-0.05419185182988204,-0.1086919613473135,0.3965166408569397,0.32002716161641587,0.2219592590173008,-0.21911493871843052,-0.2595733544597276,0.340391172026584,0.2797167563561582,0.20763468133767005,-0.07698905063793748,-0.10268861687523634,0.5685422446333541,0.5277913720073856,0.4875995903293924,0.40795240340636113,0.38232330153341926,0.4622412658175124,0.39681740804301713,0.32747251742294015,0.15700479240671766,0.12551991276701577,0.6132799328094326,0.5417264633127671,0.47016105042269807,0.32265719461762604,0.28820148949315,1.0593037530147718,0.9931835071846765,0.9276405472562486,0.792898696623111,0.7587180419355415,1.5310456291341472,1.4485420956819954,1.3668698908206522,1.1973845517739312,1.1606209002686991,0.6983987175431413,0.6170816599962594,0.5409957968149162,0.4001485902292931,0.37586500210309504,1.121407014470729,1.0046026949058993,0.8982554829520656,0.7097301024101664,0.681319516429564,,,,,,0.3263516362339403,0.2838053169137398,0.24133043752044464,0.1554825826902677,0.1078119525359878,0.5058093595021819,0.46073656853286826,0.415419223852455,0.3224043808815116,0.2765147370078127,0.3937908265359372,0.34091216729278073,0.2892098022553581,0.18764408511572142,0.13817092357576674,1.2477654142842736,1.190787188473727,1.1341141676659017,1.0199786258012131,0.9772990264714996,1.4607753626585767,1.4088429703616283,1.3576038921735694,1.2565937988810776,1.2058238123369445,-0.04685153725204305,-0.09220511609589721,-0.13682911448876045,-0.2247960159637893,-0.2702275131935974
2021-12-17,0.21996655972461016,0.07757761214638453,-0.09907570534162707,-0.9371327036812235,-1.0446389930883733,-0.12679184352789447,-0.2885300526243567,-0.5151035185864121,-1.9803084971094138,-2.1621827444617994,0.2715750874976943,0.15542736107577385,-0.0030953044555804554,-1.0780263669881542,-1.1829861244725972,-0.1781514438264979,-0.3096805574087407,-0.4916855274266566,-1.983623725128343,-2.1416903494290973,0.01961613921851657,-0.0793466881518392,-0.2264443465578091,-2.1875400870221524,-2.3683760258502087,-0.013069942321779493,-0.07602404671407836,-0.16554581687141,-1.33599131394999,-1.505787513734247,-0.3371693756902415,-0.40150670110523345,-0.4725157030263293,-0.64609651814776,-0.7241106671929708,0.7165642169685565,0.635138397663769,0.5453438083625436,0.3191997713264826,0.2907275386121914,0.5770757692819191,0.4949125504560269,0.4075420199253892,0.20896278485403336,0.17565611805311737,0.015953833157747434,-0.05239111817043916,-0.12648496592195546,-0.2998930778272535,-0.3275151616176948,0.23197096461689118,0.1610617151076994,0.08315099413901766,-0.10459506328186265,-0.12893032404037197,0.04300073154758002,-0.02497951697456674,-0.10352419711109469,-0.3090966403842118,-0.3291299541769332,0.3231683040635027,0.2651199006837886,0.19653583732032098,0.007585943858993083,-0.012388760567355384,-0.06782943449477818,-0.11173048965779131,-0.16044036931528782,-0.27722086876044605,-0.2958152352939175,,,,,,-0.0074728418006280994,-0.0697979463416237,-0.13533570121157612,-0.2804962682747342,-0.33581198959585207,-0.28608496620940416,-0.3551675715111743,-0.42883242879427214,-0.5966042596537746,-0.6580150468036601,-0.6666727783054924,-0.7422382573704873,-0.8267119734331403,-1.0344353019098695,-1.0884071357867768,-0.4942529631001464,-0.577919501421053,-0.674141280799567,-0.9225065896199155,-0.9685455593508612,-0.6753521372239177,-0.7854927771120332,-0.9139613488169462,-1.2531002811663683,-1.2769020479648376,-0.10173990030858793,-0.13226959047748865,-0.1632697432790018,-0.22681719574391246,-0.25437118746649
2022-01-21,0.16044758465417897,0.0574235416732371,-0.07372068492776862,-0.9963177139664597,-0.925577656718529,0.23003205955921768,0.15161826631104097,0.060110717050102624,-0.42907220256222467,-0.49629127359414915,0.051854982089976076,-0.036234019483253666,-0.14099903540067582,-0.7003682461215517,-0.7871784937934698,0.19297260962304924,0.1072425285138065,0.012321225465842855,-0.252705102793475,-0.3113870569196424,-0.27599893550006,-0.36348030289645233,-0.46459089954834754,-0.7563422421548435,-0.8195887046275836,-0.23300669955943865,-0.3216823404761385,-0.4262334538081312,-0.7489043071293423,-0.8195971217867645,-0.24636125266695064,-0.31894849796744906,-0.40227506967890936,-0.6173646214112858,-0.7252341801899365,0.13765677368733598,0.09603585374464463,0.05426610095294787,-0.03159809975690392,-0.05248347811205056,0.10626994200345252,0.061998316080832505,0.013588920725080722,-0.11362117434411731,-0.13997355213605073,0.05545603042583774,0.008398204276032495,-0.042760650743365824,-0.16803330531832728,-0.19747957493880602,-0.011204837173454163,-0.0659920204437075,-0.1278052966155011,-0.29197706346855856,-0.3221036473759962,0.08790067831157897,0.04233516570992257,-0.004373449092435366,-0.10260899414480357,-0.12970724552701243,-0.027036093550851237,-0.07130991096166378,-0.11726449840545133,-0.21577484007421205,-0.24549024374002326,-0.0022798799062718755,-0.037480479245835086,-0.07377962055937293,-0.15082153936347475,-0.16755842455175518,,,,,,0.21660838302473062,0.18293496571740064,0.1482853073045309,0.07409546868116118,0.033219507243077984,0.2202419710171412,0.18114371063762355,0.14118137611777237,0.0560896615377289,0.012226625720775042,0.051767364433686014,0.01568327665048841,-0.02194402937412876,-0.10475968343854608,-0.1353709003284882,0.20072048112046803,0.17693592270062708,0.15223512868847416,0.09907289864238616,0.07114919527271152,0.12129177454317253,0.0945853492132791,0.06658797528947352,0.005232343201061973,-0.020527081085580545,-0.015194766659069492,-0.040698324781953565,-0.06603897404441428,-0.1165620855371593,-0.13235174277280337
2022-02-18,0.2847968613061522,0.17653724181375294,0.0388996343818776,-0.9600686192751475,-1.373070788477341,0.2116912917020916,0.0853937625574055,-0.09248756729609707,-1.2766798176941052,-1.573357218043584,0.3565539898109281,0.2373662482385461,0.0649776021107081,-1.3810484723253198,-1.8526051077163745,0.5140339618775434,0.39999979602308366,0.22613524694201004,-1.700223818468985,-2.4821936028083393,0.7450210421815758,0.6036056881291588,0.3631106847481018,-2.743418856719669,-4.026188663348339,1.3184523564083674,1.2944956014839781,1.2644712385544157,1.1106353811311387,1.0916319239330747,0.7468667472738904,0.69983173173337,0.6325162918577497,0.20642817034534144,0.16957363960649297,0.19906722300824775,0.15158541898922143,0.10215602385266186,-0.004563046193655357,-0.034052161253634444,0.6601961654523909,0.6261575401010047,0.5909189055402874,0.5154937764077521,0.48694603215429344,0.9582267078491236,0.924464625895099,0.8895840042907228,0.8149176459154901,0.7826383525102434,0.5284726809374449,0.48668187309526983,0.4427252723629512,0.34544454800696034,0.31076661602467526,0.3529598624476582,0.3115692712840513,0.26893421785272775,0.1789942746421348,0.13695520863961122,0.42694756651895044,0.3815716051224164,0.3342739453229334,0.23270943534204303,0.19865615875360937,0.16114314607169644,0.11515189696408301,0.06686385976228926,-0.03837158542481789,-0.06847793740881503,,,,,,0.3711143133451047,0.34083145455044683,0.3105006235972623,0.24918753009710726,0.21709412945317974,0.7217686468307241,0.6907779565884482,0.6592385159243568,0.5939573555332593,0.5499231480674429,0.40001644403861364,0.3736995669462785,0.3465520784660806,0.2889726029354637,0.2510473467548887,0.5430207034765608,0.5210172773912348,0.49910949537688043,0.4554468513957672,0.4104775136282946,0.9446847404455174,0.9212943095078681,0.8981295743974664,0.8523037102268636,0.8016224281372566,1.3593917461607057,1.338057439562758,1.3166673732920207,1.2736503424150416,1.2264427343662627
2022-03-18,0.2951538537232692,0.14099827099496046,-0.05331284843865375,-1.1031846182400333,-1.2427468294639508,0.25441769016158244,0.12655399356993116,-0.023818440680036357,-0.5524826147450059,-0.656684338770852,0.6045006881697157,0.47274653663700916,0.3259014670106175,-0.08433921148235024,-0.19366296782612336,0.5610281275579792,0.45679258840562237,0.3326701547819746,-0.06315509644331538,-0.13371806111176107,0.6593122355540331,0.5536808505020105,0.4166667514922126,-0.07664421167020652,-0.1485723329081818,0.43260375332002604,0.3190070818078749,0.16688135525168935,-0.4254663790828393,-0.490982172945709,-0.1650444068134974,-0.3506712641656089,-0.5966895014073211,-1.4924105590586354,-1.6027574540272767,0.1909115905887963,0.12291423656785383,0.05303262762992522,-0.09462423788113822,-0.12873428398856723,0.21048235564946055,0.15492038051029308,0.09639842350351929,-0.03207935924058125,-0.06638279145313969,0.24316542118610576,0.19051066464067773,0.13491860358653424,0.012463561074015223,-0.022873444649241292,0.270608869583894,0.21970383005131972,0.16607438773022717,0.048961277259766844,0.014437451035458543,0.3313644843793303,0.26840115755392047,0.2018354416879894,0.05571087959904841,0.013581375941749796,0.10392930895651353,0.025286617125751976,-0.05826213985579609,-0.24311606278649778,-0.2865614080240644,0.08238169985879873,0.029958106115069327,-0.02557517269048959,-0.14770182934306786,-0.1730580517400937,,,,,,0.27361049731652304,0.23826364764410748,0.2020138786299916,0.12616918308227984,0.08607455240938514,0.3375761487146401,0.30094492860960625,0.26315343879914427,0.1833575548059626,0.14570931778949675,0.3023454646648054,0.2552118653564217,0.20584358615148712,0.09911436783349425,0.06034797325528238,0.6604429952197728,0.6243523773463499,0.5875572155093611,0.511488639945639,0.47404727589102963,0.5067499027813755,0.4618121803542524,0.4158053271261649,0.3200610265669128,0.2841411072750438,-0.6765091811152049,-0.7342186589506967,-0.79417554953802,-0.9216577667829788,-0.9673263855128891
2022-04-14,0.2583817044894546,0.1525259810060195,0.015681481674631292,-0.8708855954730852,-0.9785484545612526,0.28662120273461084,0.2168850163590827,0.12928382880690548,-0.492340286113761,-0.6447154191593675,0.21734266713771133,0.14963887151794963,0.07137826310285417,-0.40302857327065206,-0.47830862750110825,0.39625304634462444,0.3233424373821139,0.2400958467318416,-0.5059844842835755,-0.6083726403658252,0.3348209185436555,0.28408416392028135,0.2192680071831553,-0.22213153604413605,-0.30890165145282694,0.3660469895019516,0.3105689376348847,0.24457046971473395,-0.23494806224399034,-0.34269693393074585,0.5276005501989371,0.514576170097458,0.49749040595626237,0.02832369000132806,-0.0901256662110973,-0.25805035843358604,-0.29677869156839726,-0.33604937902313015,-0.41687820071923104,-0.4436524153007971,0.03957657035626605,0.004851558046044868,-0.03128481434837482,-0.10914412198440737,-0.139436529882917,0.018974681462845866,-0.014583753072503813,-0.04987425531556927,-0.12702205292245317,-0.15500363668413814,-0.07839652549044476,-0.11930117720784375,-0.16237806880472477,-0.25657957567216777,-0.2800787769366788,-0.12888249854033587,-0.16979971211385594,-0.21284990722589375,-0.30678353400869945,-0.33153476261886067,-0.1866522981759015,-0.22097818589871115,-0.2570626646227438,-0.33574377722451987,-0.3567487833754585,-0.2526396448432522,-0.2886570876571004,-0.32557979479470944,-0.40260725388112817,-0.42431567180001883,,,,,,0.2618736792174089,0.23700937665697003,0.2114905148888323,0.15747664036492665,0.12140978587052556,0.07082826991462993,0.05163216094083295,0.0322587278860027,-0.007199146190260408,-0.034927268192627314,0.08263379614094729,0.06315070227325126,0.04338848166441095,0.002806008742622268,-0.024469824011841723,0.12140648991943964,0.10158869564431883,0.08159108497046924,0.040861249355472085,0.015003238989793388,0.07554273919776727,0.05442485623582838,0.03292676993361193,-0.011476517789115348,-0.032900011419186415,0.21216324623378036,0.1897103471927447,0.16713233571178243,0.12141133860543507,0.09611561926549494
2022-05-20,0.3977402977476601,0.23600301960681347,0.03716820338407295,-0.7777902095257132,-0.8668798917304892,0.3289112812738829,0.17780983255803376,-0.0008619449415159242,-0.6458557079690894,-0.7826113628629593,0.2945428473043997,0.153628920726809,-0.007166008726998685,-0.4994463065367971,-0.6631434008895369,0.23602494041726446,0.10636998057890262,-0.054099106438029565,-0.6018558773161587,-0.8500209927702185,0.5723401434632933,0.4110611352417051,0.20830640739054496,-0.5243927236889626,-0.8889502983157228,1.1719740933246205,0.9911477695630732,0.7529371393382408,-0.1944755831227889,-0.6952354405781969,2.0678323679075277,1.8145338920601175,1.463492702770262,-0.10795632624007201,-0.47341111314788176,0.8921653721336135,0.8136569481609346,0.7297816580296757,0.5379433085703316,0.48942390728119395,0.2167480885036699,0.14797100394269497,0.0732501554295244,-0.10399651422507106,-0.14678786256342408,0.18214275275833988,0.10790163943594444,0.024325993892987563,-0.18932718951294192,-0.23567294023627006,-0.004133653905763951,-0.07681762569941353,-0.16026340515214108,-0.3790664033673849,-0.42672815934416797,0.26685252889544087,0.21970650838848818,0.16779156098642795,0.04471144365908978,0.0022194477249467583,0.5153046414792304,0.4562896729549953,0.39049803044179576,0.23126915967737904,0.18313013414323165,0.6300195207978322,0.5557690692328031,0.47140829712703325,0.2608768237275618,0.20194832406407648,,,,,,-0.00022845732292398058,-0.04807654485748358,-0.09748918958153663,-0.20246622064302733,-0.2684112300735251,0.23711588064193184,0.1856153863500406,0.13124703422134876,0.011333268957584575,-0.07095661324827118,-0.34959107657945254,-0.39301949572256994,-0.43904273654416026,-0.5419591976752187,-0.6107611366786442,-0.4319039777230011,-0.47106208479538914,-0.5136380450097776,-0.6138561922017504,-0.7009464329477414,0.059820047121341646,0.01612961860288714,-0.03238320669868283,-0.15104574819999678,-0.21278101003743843,-0.26080411080343713,-0.2851476872956704,-0.30963202987502525,-0.35905775078493085,-0.440884400654443
2022-06-17,0.2781349448051654,0.1684271427387217,0.026125509472422287,-1.279554090189112,-1.3504193442628591,0.1614004931323911,0.06119259458298898,-0.06993767517147131,-0.865887694481956,-0.989886443663466,0.13456023079921942,0.022947557636616822,-0.1260105859046217,-1.31004510867719,-1.5103144570967186,0.059298281547279674,-0.03502790796944749,-0.15182048589121555,-0.540326199497689,-0.6122018882160831,0.17294834264506315,0.10232357978132378,0.015788027490575673,-0.24673177478111438,-0.33850199482815824,0.29827645098461475,0.22733065755893272,0.14055110466405124,-0.12484010660444467,-0.21367576959040357,-0.032219614470434754,-0.0844514106458304,-0.15041783129065678,-0.37549096765676504,-0.429721375261215,0.4921742030931572,0.4654202348330788,0.4391062782274629,0.3873519589902346,0.3664392344285489,0.022046705110517345,-0.019011440782951833,-0.062332634929999214,-0.15838206461759577,-0.18766601097647564,0.13997403077677667,0.10370172926940918,0.06544268758942431,-0.019037656939002584,-0.04519316872653609,0.44850561083625756,0.41249333917882447,0.3744248116693629,0.2896109606077564,0.2593126398573735,0.5167291816689031,0.4900286895699346,0.4627191471353836,0.4059540343066813,0.3725780750205856,0.7003165566276233,0.6726921587835448,0.6444656394300525,0.5858369189839789,0.5521575375808515,0.8577919880338343,0.8320244776989694,0.8062370521640063,0.7544228142634328,0.7358082718655192,,,,,,0.2854762550001748,0.25899094936345607,0.2320856460015566,0.17663218896089528,0.14351266032759905,0.3131878380588058,0.288445858465705,0.2633844177008056,0.21203787161612447,0.18192660557786342,0.35600550299515354,0.329783777203254,0.303366211469048,0.24971399450014165,0.2161221392181825,0.5912029397819285,0.5701930805289744,0.5490313249955936,0.5061346707803122,0.47236730542098065,0.7532307915927108,0.7310521288959544,0.7087606705946439,0.6637052740003595,0.6270762805635217,0.9290905001492422,0.9069939109065914,0.885112939003651,0.8418997358391809,0.8210586950773722
2022-07-15,0.11763365370861578,0.033594500095262436,-0.07456247171404318,-0.8222095929787767,-0.9181041430246758,0.1510916895820314,0.09037131866491305,0.016665014640662612,-0.25425231445508384,-0.29336604287652274,0.18275016629924923,0.11041242633177473,0.01997381636932527,-0.3561792394216109,-0.3981739855370442,0.19607145921223523,0.14164108216252114,0.07423373684145473,-0.15423642897678164,-0.18190234395101146,0.36038941651938605,0.3257344169808758,0.2847762872547204,0.1457947420040271,0.130188994874042,0.5455844081890034,0.5186588148092071,0.4870060205696253,0.38483939500841463,0.36920076348841596,0.36432301388640853,0.32742974618272913,0.28211255667960855,0.13239987425439015,0.11395815451257651,-0.16609036572278868,-0.19615172331842962,-0.22627441369561918,-0.28718795905793,-0.3082171203320267,0.10287340523521993,0.0659598103773198,0.024194736678317008,-0.09287776163318401,-0.11664139682255309,0.08913629307046261,0.049086764039196484,0.0038839203225443097,-0.12227480012052538,-0.14228561928144096,0.04163132379288237,-0.0003105717569040767,-0.04782930820547332,-0.17819876183308306,-0.20057741181935004,-0.18318101729840242,-0.2183947793248543,-0.25437729966481876,-0.32920814793492875,-0.35309462847298656,-0.4140360969743335,-0.4520300768720751,-0.4911884644610572,-0.5735524405675778,-0.6025692191054809,-0.050005750408422145,-0.08157641616712441,-0.11336053007862423,-0.17790531051677017,-0.2023421484876704,,,,,,0.07101114951595183,0.05238035200610186,0.033227163440647356,-0.007111120309519103,-0.03024912509053751,0.17951955106479278,0.16149115902540517,0.14266064228751885,0.10184339288647964,0.08011459987455727,0.26072700849661534,0.24028411230636432,0.21906230194248483,0.17328678830157906,0.1537099017144068,0.28894851253813947,0.26588281496210436,0.2417066405775649,0.18844657108503415,0.16773863823097634,0.2851467359621151,0.2570494866031254,0.22735337677723239,0.16084404119119866,0.14068507961094334,0.11165005043649712,0.0904925978804132,0.06846595475956352,0.02145550805125196,-0.0029211188342574967
2022-08-19,0.16874176427509913,0.07848948436945152,-0.038117477415337275,-0.7516747423998286,-0.8327134206915578,0.3139962145880072,0.22700350087878812,0.1140633942893817,-0.7750460639296802,-0.882647816811239,0.2589393703935595,0.1810817484592118,0.08713469146648717,-0.38028433013635604,-0.47910365815605327,0.3279315974649499,0.2689211624238267,0.2000289908399343,-0.3032530797544859,-0.4158352905778596,-0.17264827817257267,-0.21891974270095355,-0.2747663494477515,-0.9077495283592969,-1.0480392331036645,-0.010723719733638282,-0.04250878187684104,-0.09174074529180287,-0.9738617470818939,-1.1699681217980593,-0.14336961925698555,-0.16713369195730432,-0.191642777363366,-0.2432507228978964,-0.40174189319419884,0.09370868003896882,0.06077897684799277,0.026747428111766725,-0.045643455512284103,-0.0697135673457212,0.17533705582458214,0.1493074351456376,0.1226360177757238,0.06671777840147874,0.047390680429472976,0.2138018764600541,0.187141370462948,0.15952628489523965,0.10051994948538612,0.082361095263452,0.22374647977477508,0.19328360208144013,0.1622235756285907,0.09757717599629212,0.0788728713165412,-0.12208349454648554,-0.14235336942209187,-0.1639957284350067,-0.21210950972607695,-0.23004037689971674,-0.30605777199792067,-0.3282399508423254,-0.35203209256169987,-0.405316345932925,-0.42456423032282825,-0.4937730545371126,-0.5260147976715324,-0.5610158475184013,-0.640899668574991,-0.6677408020326568,,,,,,0.06166949007919453,0.040693124691694726,0.01918684469971399,-0.02576786596760361,-0.051131318790419766,-0.1473168926510083,-0.17047574508600527,-0.1945197902369957,-0.24566133795298628,-0.2736551536485502,-0.3178296962576918,-0.341921395913516,-0.3672029507147982,-0.42187019715404833,-0.44608924551882917,-0.3579008213239059,-0.3773267824038957,-0.3975900604001381,-0.44089730759429113,-0.46244623842203025,-0.2701574723579276,-0.2817338464219067,-0.2936792638497708,-0.31876464375347935,-0.33596215456094086,-0.28568859597391894,-0.2962902464558689,-0.3072466785135266,-0.3303074129705973,-0.3464730663098925
2022-09-16,0.16215093131155128,0.03642112483772986,-0.1331592348587281,-1.1857280809530946,-1.294785078727475,0.28698911351941736,0.2204086001668252,0.13759088810653042,-0.27269880562381305,-0.37120408366484176,0.43558995856832394,0.3700281458047483,0.28853032842693427,-0.04834945054313619,-0.12529262118569856,0.27973798436857444,0.22152922516890539,0.14631642643378745,-0.20979495081408367,-0.2995694455097604,0.2703274096652834,0.19948617133517482,0.1029776505940489,-0.42233352461395335,-0.5254371982043372,0.16685093468685475,0.10065723499386614,0.0008711641222605149,-0.6738926683285075,-0.7959653238920606,0.22145506482541677,0.1857313770395156,0.128059895319785,-0.30171407021264596,-0.3512389623101537,,,,,,-0.1963794695490548,-0.2404527803052497,-0.2865499131125984,-0.38719347873763277,-0.41868590605254685,-0.06857262503281655,-0.11319453734284365,-0.16060043977084418,-0.26759339612178545,-0.29826220296930084,-0.03205152577496602,-0.09349918260076222,-0.1597983358148858,-0.3142342443916062,-0.3438626602775595,-0.20885952142268144,-0.2930863955681584,-0.3851930085882864,-0.6048978097928126,-0.6334137976980441,-0.4204152351252023,-0.4935580919102357,-0.5789513005640621,-0.8029988297134656,-0.8263694376558692,-0.5238277926421214,-0.5801738388671708,-0.6436071954974668,-0.7981756574020287,-0.8168834949999468,,,,,,-0.23511439035646264,-0.2657816937207278,-0.29718381125144966,-0.3627944125637422,-0.4006277675703498,-0.2359525219416738,-0.2647256191436041,-0.29451413293822276,-0.35794129405472624,-0.39599659246470764,-0.3722102571049476,-0.39519391475514926,-0.41855494110397856,-0.46662772019015664,-0.4984403022701597,-0.3346363555608893,-0.3591342084728678,-0.38399129778704355,-0.4350892933803381,-0.4666951113065598,-0.5365394887570545,-0.5535335796008185,-0.5708866652324083,-0.6067397695686556,-0.6363825159871368,-0.8304449197844871,-0.8487585452121592,-0.8674962894127679,-0.9063224048034673,-0.9431411711723632
2022-10-21,0.005785409567820865,-0.13410537331073896,-0.3175032651796864,-2.0684677949909562,-1.5510846600013561,-0.04497628403784716,-0.14808424871135253,-0.2771458329458911,-0.8736482247116951,-0.9591376255581285,-0.15671941947384282,-0.27082482332892727,-0.4160220938507313,-0.9860897001262774,-1.0771958652444604,0.16387491149164887,0.05592238903166741,-0.09342853519063288,-0.8450688579836816,-0.9285117824689817,-0.045386820715575316,-0.13907456995012402,-0.2517851665295822,-0.6005548380277503,-0.6676239509526866,0.07876044751069788,0.0027905657287907726,-0.09299353656184367,-0.4239407382582729,-0.4906392894124035,-0.3149334314934904,-0.33285234232694516,-0.35199031652241797,-0.3945868205971751,-0.40616680777305414,-0.07881506856607311,-0.1494082438930265,-0.22620731981600314,-0.40931981307578963,-0.4590496388988208,-0.07929518897194479,-0.134574268793928,-0.19486265795153396,-0.3392333181886905,-0.3789414335651215,-0.07402108451365856,-0.12795384380952007,-0.18662428900577316,-0.32443835457687703,-0.3631711811413143,-0.06675700054309239,-0.13084105240268523,-0.20174411570897652,-0.3745472100311504,-0.42546747713609806,-0.1690802422874615,-0.23593379417852978,-0.3066521012169107,-0.4626151038765212,-0.5150358257322758,-0.5291788202622559,-0.614812156568624,-0.7056892611351877,-0.907200188422828,-0.972710108606818,-1.3326579627969304,-1.4713552430966226,-1.617956990459735,-1.94142428632025,-2.0457642673025096,,,,,,0.06067927430665512,0.02606408577618108,-0.010133074305965245,-0.08838837893171603,-0.11686465588346945,0.08096584441660581,0.04927944027690229,0.016239668705899907,-0.05471530943956851,-0.08463704843794408,0.01088363610925977,-0.019666715296625253,-0.05168267871699016,-0.12090292828806483,-0.14756350711137517,-0.051087733515973247,-0.09011288902163064,-0.1314098220193314,-0.22208129067894958,-0.25339634189036797,0.2485193267755762,0.21771785832631896,0.1854084097893206,0.11544743320543877,0.08111979288945359,0.013572567166550642,-0.02615850391202068,-0.06878737594090989,-0.1642432647257983,-0.21068735888522805
2022-11-18,0.4798098902674786,0.35399216098489233,0.1951227312836516,-0.8880934122175252,-1.514512709725941,0.23424342561557726,0.08672423630775845,-0.09553577990978135,-1.2591301297792656,-3.4311422356831307,0.6345474478118774,0.5159225752799319,0.3887565859880458,-0.824640266327589,-4.9826849842144245,0.5478010063945308,0.42283725834161395,0.28531373476975674,-1.8152441930956047,-10.072973339280171,0.8287695445753521,0.7116961856074793,0.5732706193110475,-2.6475258217128643,-16.329048566394334,0.905250060343111,0.7505920153771041,0.566340718032336,-4.208096032403468,-24.688937938101557,0.8172201827287295,0.6124650604185399,0.4223221487893283,0.03125442945189005,-0.026726713149060055,,,,,,0.10071746930870192,0.049344161075426926,-0.006565493329352627,-0.1388193410786327,-0.1662139752253795,0.10191080554660781,0.06303980629889717,0.020613703641375963,-0.07927172371050184,-0.10462235161803854,0.3494320268995649,0.3219780622140441,0.29356285063856674,0.23327053522006505,0.2107835171781712,0.33120760252763837,0.30933836143968724,0.2862876207482321,0.2359920716537151,0.21490026172760326,0.455593767561426,0.42945400159033226,0.40168895232211704,0.3403432085361432,0.3185979782035757,0.6033576933082383,0.5716927062741954,0.5381529442885286,0.4642768013362034,0.43776291140983725,,,,,,0.284634230351579,0.2528774834312305,0.22027608213687142,0.1517220275383543,0.12027792426764866,0.0378808131991675,0.00709620528745708,-0.02515460451134864,-0.09504906238116505,-0.12903555579079237,0.2467524882633489,0.21413282090667587,0.17975876965088586,0.1042565848589461,0.08108946511159859,0.12033273895727523,0.09893146968784827,0.07677233897832908,0.029885584300985202,0.005361580450522041,0.20264998300889953,0.18419233415788605,0.16538075064627328,0.12659892098271774,0.10285748694156704,0.537352187561585,0.5186476536447953,0.49974940987172045,0.4612926051342322,0.43392322174470366
2022-12-16,0.08951171033627098,0.00222378686813951,-0.11548151152223723,-0.970532118654079,-1.1068870565446076,0.1387344915469384,0.06379703466314357,-0.03416725553854072,-0.4693170553682401,-0.586382440482392,0.10394873323264953,0.025557422538529107,-0.07881436869879704,-0.6081060510657745,-0.7685335365760838,-0.12997656492258014,-0.21844123599419749,-0.3291780168085887,-0.7018928039239658,-0.7804922275032364,-0.10680506323241279,-0.20888640336076095,-0.33697288190776203,-0.7743152424677818,-0.8518890739436017,0.21030645623276745,0.15376234747200335,0.088838497113235,-0.08337430494328102,-0.11755468504421995,0.2704284760497202,0.25488678617412464,0.23860634959797444,0.2035047979798288,0.17556058981238032,,,,,,-0.00472826247317476,-0.03744519860436446,-0.07259589470240091,-0.15354791986539884,-0.17483685661915782,-0.018934814694864854,-0.05372047151156645,-0.09181595542054644,-0.1829227878419316,-0.2047600357785603,-0.11280366217361981,-0.1586102568619654,-0.20974687534327408,-0.337225125509678,-0.35727568898666595,0.08950349317957029,0.042263680513663526,-0.011960192184272411,-0.15568149692182529,-0.17473140675431104,-0.04223834358593315,-0.09358425784966656,-0.15520834076826268,-0.3304629943111838,-0.34785816614208437,0.1251093763159098,0.10640781386011311,0.08684798516614312,0.04481364967950474,0.02946835094115452,,,,,,-0.10430591252810334,-0.13041323778391156,-0.15752495307345965,-0.21546615272408093,-0.23995466658744255,-0.20958203889050475,-0.2386574934216148,-0.2693095672091997,-0.3364282485942013,-0.35794165394177857,-0.1732225416711489,-0.20172160201219513,-0.2311165991109605,-0.29310435001341106,-0.31278014978190133,-0.14593557859975284,-0.1790373836832439,-0.21326060058529273,-0.28578481434726266,-0.30630399061084423,-0.4912456339896219,-0.5260994679701236,-0.5628074357437698,-0.6427133925469141,-0.6648564232667998,-0.9226324568092203,-0.9806343787136791,-1.04249704687095,-1.1796101752809953,-1.2044595955934807
2023-01-20,0.0009991455512599612,-0.11211686602609738,-0.2616325544864096,-1.2230032713537007,-1.402011884146435,0.0706869575343958,-0.042248344867306886,-0.19123388601660635,-0.8546696499873309,-0.939464178230058,0.15941756977861327,0.06260147644048208,-0.06688166761077385,-0.6325609755440935,-0.7016248803620437,0.15956210050848374,0.07067783999187355,-0.046275492246989236,-0.5830119052533602,-0.6224341212840631,0.05684037542495801,0.01054252033682268,-0.052831487415063716,-0.37452860167383795,-0.41090424550428295,-0.06294567032083553,-0.08953217869560748,-0.11875464583983852,-0.18788214007398407,-0.2119173596678473,0.25780983920007916,0.24176647848432054,0.22335780501007063,0.17669816650957504,0.1669023786162418,,,,,,0.11373589083153535,0.08092241501764769,0.04510488256211159,-0.04122965421427344,-0.06929544030694662,0.1840457236456945,0.15348892179109214,0.12060598441727022,0.04412102719523292,0.01854079196951025,0.24527603858563396,0.2163294209796977,0.18403475975186057,0.10329691140038616,0.08300030938139902,0.152536193150496,0.11772022726606662,0.07772747901531912,-0.02779350769366906,-0.046626893202037445,0.10205241886977284,0.08336266059136316,0.06395318901810432,0.022584327808164995,0.0065717620743914185,0.10928565221293429,0.09953939441929516,0.08938337308259281,0.0677102224275743,0.05788437607135355,,,,,,0.15488330837699543,0.1303418128041166,0.10455916032749618,0.04827025355290454,0.016581091828389405,0.10699964343521245,0.08111902175918867,0.053727835213481234,-0.006871499717663543,-0.03995800811872563,0.08947421438369191,0.05934876477388756,0.027587267202747567,-0.0417822614540862,-0.08789898941319088,-0.11322069707653298,-0.1461225129326128,-0.18080623226943304,-0.25654533753228614,-0.31744687185991755,-0.03027059610003885,-0.055475124107623675,-0.08204540982305764,-0.14008782006300324,-0.18053132192662202,-0.05925921274309065,-0.07412553612951422,-0.08971340684687146,-0.12330414882593932,-0.13503374800492018
2023-02-17,0.22615548186148524,0.12023373157917022,-0.019431262170804625,-0.9966641917438342,-1.1534637172954834,0.39875494267693723,0.29190296621578704,0.130938965277769,-1.907023128930245,-2.344894715065212,0.49480672429139577,0.41416220336286724,0.31000804638771506,-0.5099995827555532,-0.7633319113432951,0.37321830617159457,0.29710181359789056,0.21081251406563833,-0.05060405707016469,-0.14959516800307265,0.8321510580706898,0.7319804839709663,0.6161124328260494,0.24084602318621545,0.12916346591962952,-0.07160679266888942,-0.16528318074827525,-0.27652979322753873,-0.5980576273807171,-0.711100034705761,0.29850077247122997,0.22897607037517487,0.15531364300424944,-0.02906407812840439,-0.12401335183552464,0.07619179078955471,0.042354387479927424,0.00800617923759031,-0.06285612509814759,-0.11239909262258316,0.1999091037461122,0.17304942017956265,0.1448613630948476,0.08304428227752211,0.05006293685224092,0.16759112008883295,0.14062753304905223,0.11199600599166637,0.04752290610100235,0.015527796224746093,0.26598817756301074,0.24780923852792053,0.22899909995665732,0.18923689409722544,0.15510428565096454,0.36877112080438373,0.3477838123092294,0.3260377195184159,0.27998679479442545,0.23134732322624987,-0.07814264821134148,-0.10139787992043076,-0.1257758020925654,-0.1782975005325344,-0.2272700616607798,-0.45693927515857635,-0.4855580266187286,-0.5156301641463402,-0.5806474297224095,-0.6525325583052403,,,,,,0.2989850199079239,0.28187277207750494,0.264604773023457,0.22949096514492917,0.19630686272435433,0.3466134635719567,0.3308772217392859,0.3149608167994749,0.28246486286906447,0.24549192215162077,0.1408878757554634,0.12818664481978626,0.11534356514756264,0.08918569571950952,0.05274684202451366,0.2721517722385894,0.2595497808427708,0.24683719711100255,0.22104703423226882,0.17339390193246804,-0.16366849908634917,-0.17339327999119386,-0.18323747145417274,-0.20330187462627652,-0.25011659719292934,-0.2718615984397197,-0.27818572746843373,-0.28454369975980276,-0.2973649046839798,-0.3231154702883362
2023-03-17,0.11801016228571683,-0.013867600159909288,-0.18870503052469073,-1.3392232796889423,-1.4733382852336967,0.15920369378628452,0.06219501115240819,-0.062139922073745274,-0.576782433701037,-0.6513752576384323,0.20328356480720267,0.0853902660668529,-0.07525874380102654,-0.839756651495149,-0.9220989209673278,-0.23011526544749628,-0.3676098750885142,-0.5589318475442195,-1.4582261154358978,-1.5387385805375355,0.046413385576862254,-0.040175450805060964,-0.14111620794485014,-0.4221047569971608,-0.4764117643388275,0.08004521831983935,0.011596239447167589,-0.06181570940271336,-0.2364308615560332,-0.2681639326929259,0.15349645118098532,0.0931182081956361,0.031178586431774624,-0.10470653908991223,-0.13414818791651484,,,,,,-0.045500262961146065,-0.0870151445298718,-0.1310671707356698,-0.2296425350413119,-0.2664924321235836,0.0742344047269052,0.033175674880651373,-0.010784766562617398,-0.11149175177038298,-0.15436719446480437,-0.01717113506461876,-0.0599016340399892,-0.1047152980216844,-0.2024473721388158,-0.25176949083720057,-0.33647110376139727,-0.3709856133981945,-0.40638174380872777,-0.4804494682842177,-0.5413809955600887,-0.25861176943250214,-0.29289126635426904,-0.328603389839333,-0.4048625659997872,-0.4875934930210522,-1.231022589260228,-1.2810205770156635,-1.333255235314973,-1.445240381471822,-1.5928360967176918,,,,,,0.034757902451874545,0.014984688249059241,-0.0052982120373882835,-0.047657004820869486,-0.0838887124389818,0.08418809618544582,0.0628039880313826,0.040811897663759034,-0.0053678865859172475,-0.045742084442802616,0.2702120059547177,0.24819369045480938,0.22520506093406006,0.17572738949569314,0.1494911511504607,0.2119133960279667,0.1845015189575178,0.15548030125920745,0.09165769762259238,0.07144595414376423,0.021778026425579633,-0.015051324169293057,-0.05433099635322647,-0.14166281750838444,-0.15911018573612734,-0.48733089741817903,-0.5353882977900409,-0.5871823014190702,-0.7043003195977762,-0.7215618042019388
2023-04-21,0.022070799087351323,-0.05171548288715322,-0.1480048337316069,-0.9891315433026957,-0.8531621957945594,0.10017270747086116,0.04264328266035444,-0.02959318554876511,-0.3321384992409674,-0.37681130151492365,0.14860889149123402,0.09076877739282868,0.021077145779835937,-0.22898257529211075,-0.26187970755379164,0.10396431695320418,0.040340135274539834,-0.03749146115118718,-0.3067609201309422,-0.33679789730189813,0.12478806585821123,0.09272454545364606,0.061229311056903435,-0.0020503948112357007,-0.022453938169280097,0.22327500957414603,0.18254087596006485,0.14315192328827692,0.06569095648437728,0.041969300068023685,0.616105568443013,0.5678083150126374,0.5244774052178898,0.44883684694224346,0.4337561958870768,,,,,,-0.17505105999121479,-0.19965173202586078,-0.2259577942433586,-0.28519509420337663,-0.30116265099270134,-0.001892831187003452,-0.021141574312831257,-0.041098788799258046,-0.08353230593488375,-0.09705163047435394,0.060030595435280665,0.04115386891811901,0.021635689206256137,-0.019730738507637735,-0.0308951240151365,0.1225141233707625,0.10649619722660375,0.08986935939949658,0.054436494501470256,0.04373903207905294,-0.011300257105338662,-0.026737961671563726,-0.042826104849084334,-0.07733370007758733,-0.08894712295764506,0.17119818830696398,0.15908867904605506,0.14693540986990183,0.12239548200584827,0.11537155711491232,,,,,,-0.1726221459872163,-0.19477171738912985,-0.2183699301151968,-0.2712008580094815,-0.28962971201432014,-0.21885083715365988,-0.2445387589045751,-0.2721158346603215,-0.3348267172528486,-0.3545765690001552,-0.45813881656261923,-0.4862666941881211,-0.5154385811874654,-0.5774830539684526,-0.6025959377685832,-0.7806861914216192,-0.8115454928332408,-0.8434583940588292,-0.9108435333189859,-0.9391322258530417,-1.2307035331898784,-1.265716857646141,-1.3019616864462447,-1.3785919700989584,-1.4139198564373459,-0.06417286270114575,-0.0874141479848205,-0.11162286045572845,-0.1635047288112822,-0.17454142664434902
2023-05-19,0.04464213243419991,-0.10589945419067294,-0.30559202846288147,-7.260966860626088,-1.441649971190155,-0.20846233957598007,-0.35497735178914036,-0.5477025781936682,-25.382361026106118,-1.4237863222439398,-0.6214733887968564,-0.8030149135748388,-1.0362372452131225,-1.8648876551176212,-2.0221881912109088,-1.3641894434573287,-1.6433989951974999,-2.006430596345709,-3.239243655160787,-3.50099053396887,-2.4347598604167633,-2.857356380139142,-3.4132045577437666,-5.341223993539506,-5.720569833008671,-3.0533233678799374,-3.513707672457358,-4.1066923039182495,-6.04351670859621,-6.394339280988174,-1.7314453453011467,-2.0730723871030374,-2.5327065097183143,-4.201508116344288,-4.341342589763893,,,,,,0.20580383234556382,0.16046321697480595,0.1112223329989196,-0.011655015039210813,-0.0536284177066956,0.1606571541952761,0.12331058045562969,0.08224559879571833,-0.03206717718989249,-0.06678794514520403,0.376979809066872,0.3421779668573303,0.30195537862204125,0.16425668000386828,0.14198040946899324,0.47600284387086744,0.44674922254838206,0.4175933888170775,0.3590762270497351,0.3373281190115856,0.7530097874765767,0.7352216818157331,0.7170729190143288,0.6794434048711375,0.6564023308251086,0.306585501516736,0.2796325184380981,0.2519953279986882,0.19420699289611532,0.1669725884051192,,,,,,0.0041943733733436905,-0.02387926893736228,-0.05240249285757897,-0.11104954596473687,-0.16637388351728583,-0.1030821294599388,-0.1287591058191796,-0.154812692375964,-0.20824326859991155,-0.264961389401275,-0.6164912844548536,-0.6408473188839753,-0.6657604514973102,-0.7174454506442822,-0.8030459252792832,-0.717128215427865,-0.7398018965727731,-0.7627890429548925,-0.8097669055313343,-0.9046847941539017,-0.8118219469947532,-0.8404868147058244,-0.8695911527587269,-0.9292028948099653,-1.0488300760596974,0.0915168153853072,0.06937610488067936,0.04689139289853683,0.0008185232947319765,-0.1588328917350459
2023-06-16,0.27279629102619574,0.16238434930466836,0.024595304880846075,-0.5899713186547761,-0.6711220152004558,0.29605015252078104,0.2006391428979416,0.08120834758644774,-0.5162186401274731,-0.5942951980761706,0.23681412334154933,0.17727597095294845,0.09978771102761869,-0.19971512684955264,-0.25034616698107204,-0.04357319284580019,-0.10440875816212347,-0.18873401183099658,-0.5600145245209373,-0.6066121322772409,-0.022100794275118574,-0.06818034510650339,-0.12697398309879226,-0.33126040365780435,-0.3674690451446961,0.02656609122422049,-0.030049637543038243,-0.1040546239584037,-0.3747425213131071,-0.4072302917222824,-0.059929221889778006,-0.12117426797984088,-0.20041226537373635,-0.46349200239195887,-0.5036429673286527,,,,,,0.05644353457912077,0.010641962817313888,-0.039086215607419816,-0.1628847458147567,-0.20049461248552217,-0.1542989934434763,-0.19399376129924012,-0.2359230022097956,-0.32872058816795696,-0.3627221282056608,-0.28464810229623483,-0.32263803542385006,-0.36300562660682245,-0.4527615786302162,-0.4929802889963948,-0.2684364648282487,-0.30287919281392184,-0.33849231413658126,-0.4137253949741136,-0.4639458387839708,-0.27017503967045436,-0.29056311001221813,-0.31164788911855723,-0.3561663190105131,-0.4044004669122689,-0.6228907387631392,-0.651108306317792,-0.6804188495442741,-0.7427122128042758,-0.7935065677743307,,,,,,-0.17671244011205306,-0.21286491036111374,-0.25061371129960985,-0.3329911924029207,-0.38003020143256183,0.0598844198712247,0.019750719602761112,-0.02234140863855196,-0.1160566613909255,-0.16376980835238192,0.03163580954905451,-0.0024562430302597915,-0.039597442300072894,-0.1285954993448927,-0.1712553877245371,-0.26344476247683624,-0.3053029227921486,-0.3522126519265554,-0.47032883715623575,-0.5230455581565376,-0.6725553033914753,-0.7087820344679892,-0.75119538071452,-0.8673186443678282,-0.9314793323688977,-1.3649417187600816,-1.3852855379647477,-1.4058266795047132,-1.447550223402154,-1.5236050952508449
2023-07-21,0.11426495323906247,0.007661899714743653,-0.12359605022435832,-0.9909800146918439,-1.1526339087532425,0.1867863787802908,0.10456478916520268,0.008109607569013966,-0.285034978331765,-0.34225449356765464,0.27772244116768,0.18362440483666048,0.07968950881272796,-0.20995449876285338,-0.263089883903927,0.056938373258617336,-0.02172548401657315,-0.10609786307191854,-0.3334287270481558,-0.3738412855442813,0.1427789567881288,0.06942562536224473,-0.009051877469395397,-0.2417640518952207,-0.2715367549221294,0.16710209321205138,0.09508210062096434,0.020212410043985884,-0.16918583568963402,-0.20322501773793716,0.07249460905822946,0.005999399499536762,-0.05563124134558539,-0.17558737423133675,-0.2019403450619509,,,,,,0.027741544435541804,-0.02033186527329897,-0.07262875077935374,-0.19518493140683985,-0.22409997096310658,-0.015860505467991254,-0.06217802863632943,-0.11259305444888637,-0.230730980448778,-0.2582575739613469,0.13378377664366423,0.07789066079284833,0.016814677190508776,-0.1281927110561743,-0.15624719455860397,0.41011300773740217,0.3574775920469292,0.3002024912694968,0.16331610840399122,0.14036884082267126,0.6728868684667138,0.6186741680377967,0.5585985947106806,0.40904176784230994,0.3862815810243823,0.13823997455363712,0.09452136165550995,0.05012517654088955,-0.04154524623802425,-0.06436955082658191,,,,,,0.10082227107605271,0.06396190189250095,0.02447532573084571,-0.06501901307176819,-0.10060281485576408,0.040812410749079875,0.0009160151057265864,-0.042409320113251214,-0.14298806682078252,-0.1759351876444098,0.08334493542165014,0.03319608830051346,-0.021656480528628785,-0.15112395182217683,-0.16980473168288812,0.29595848860669033,0.24941163713265316,0.19910068815184953,0.08170972481187444,0.06212608500263676,0.5035606308280318,0.44817819483623583,0.3873514780764762,0.24125900631675729,0.2226627654390923,0.8034848989517142,0.7586901612734884,0.7125810433612244,0.6156298797003988,0.5908350887687717
2023-08-18,0.005433572439662429,-0.12037490321758855,-0.27470249455083356,-1.1843357628648379,-1.7964890888365175,-0.16109849026085504,-0.2568182428521455,-0.3866030927476215,-1.180657960379327,-1.466639443713547,-0.44375580907526385,-0.5638023096303441,-0.7226081727816556,-1.4879239897510783,-1.5653404230039039,-0.15879513856766503,-0.26407792328801954,-0.41898714331368686,-1.4845304990667287,-1.564581133129985,-0.3680176873503718,-0.5123124261892026,-0.73540067876088,-2.4211306442212237,-2.5292873607266158,-0.47585573143768506,-0.6444419122557051,-0.9108077014085711,-3.138636846726094,-3.258431717651699,-0.7269387695576688,-1.0281125774095026,-1.5225495463570557,-5.8930233713065805,-6.0896251494234885,-0.49800655042376263,-0.5919204549942412,-0.708898001422964,-1.198264050975673,-1.2621765087535848,-0.054962209259265316,-0.10059909379886,-0.15326686806567477,-0.3126885539697875,-0.33458903564891934,-0.09108076399588799,-0.146465555931799,-0.2147634558991378,-0.4539471901178058,-0.4806314439833947,-0.2762992281581278,-0.33766615437754177,-0.4152395771732985,-0.7154331421756914,-0.747846500355231,-0.6150502618047959,-0.697524738739415,-0.8056457275906098,-1.2582040718459884,-1.3020864675496344,-0.9220166182076844,-1.0036146538744068,-1.109162715802278,-1.5779211516641491,-1.6345166954000336,-2.1604787605336813,-2.241991148096152,-2.3280670435950315,-2.5158561983805816,-2.557968699515742,,,,,,-0.03829614526248942,-0.07482546416296842,-0.11448855463115423,-0.20882650948154285,-0.2307315913579854,-0.08710270335534992,-0.11918290846106072,-0.15330801368893754,-0.22953193162482766,-0.251232011936601,0.08509918482077006,0.05942777375819486,0.031785053606263824,-0.03160877200687057,-0.04481663042349043,0.1769036893535333,0.15699339752441738,0.13687106831810986,0.09578684327908504,0.08017000044773415,0.016436002744108058,-0.004117111563656628,-0.025161209946225782,-0.06896190724992662,-0.08545858322549832,0.030016359979991525,0.007830563420199499,-0.01490916817020671,-0.062298123923152704,-0.07664897899746415
2023-09-15,0.06808817746508733,-0.0010273316205405836,-0.08836950354805057,-0.49451626120714903,-0.5521990012626448,0.12539667339585725,0.041494682379818404,-0.06679664143321107,-0.5508444725050132,-0.6151478055965659,0.2839316284073782,0.21966759770503952,0.14049987575977985,-0.12984315013233305,-0.1866259287678266,0.34982206400895444,0.279725400694099,0.20042059944938667,-0.005583430992786714,-0.0722912115193384,0.02102577447278242,-0.04946709061789084,-0.12926937748177836,-0.33418843263153086,-0.3878349219108793,0.4387863795622399,0.39369478450214657,0.341216709905708,0.1981093608091099,0.15502990935379235,0.8545581441082295,0.8393329509564518,0.8233442428541369,0.7880596594628242,0.7333747833109568,,,,,,0.1308031071054666,0.09998018743617265,0.06671510929315805,-0.011601770735577721,-0.03574083313582099,0.48757997617211507,0.4558651621609536,0.4205981151220129,0.33177359599000134,0.30425547110223444,0.5794167558818555,0.5452039356515754,0.5062315655401116,0.4019124198902092,0.37432173969937166,0.7829755346141836,0.7395670161340487,0.6894130657388614,0.5509556784509321,0.5167613020032893,0.40593163490065626,0.35447089367460594,0.2929082728064912,0.11276008761769785,0.07404256853173946,0.6676541675602132,0.619112272784278,0.5574921026807477,0.35488618965096896,0.2942940767109202,,,,,,0.21633229822423977,0.18292529912648478,0.14675738241543915,0.06230353454132043,0.03509638952486244,0.29110807558054885,0.25991314469606847,0.22589743744278373,0.14497398193931316,0.11285843617702301,0.2732620271241377,0.24002409375587969,0.20501693204276622,0.12841791609313444,0.09973597823713504,0.5002712913815947,0.46518994520945334,0.4279993932175544,0.34569892846781985,0.3104744053235418,0.5811182949870557,0.5331193180100982,0.48220910118324195,0.36938627704351523,0.3238932233434066,-0.019743321908631928,-0.06392311843829757,-0.11059563396400474,-0.21274898484531857,-0.27201580644938284
2023-10-20,0.34768190001678684,0.2384203531338042,0.10433547725264833,-0.4411972323727352,-0.5381709150194967,0.42588499119554724,0.2916137332349628,0.1291946096601059,-0.42256005923124923,-0.58458298115081,0.2384486335495602,0.12478733915398185,-0.006122252498144687,-0.4719754428243134,-0.5424430438795937,0.23022665290686903,0.11725445697244702,-0.01614745604651774,-0.479242924737011,-0.5434147239727606,0.36586122294690715,0.2418889737905375,0.09302131589950427,-0.39989651230870016,-0.48172215120918416,0.14384272036138723,0.020365316169541736,-0.14540806326467298,-0.7781487000662916,-0.8802456912153358,0.3693296482650834,0.3335310147800985,0.2949311627502268,0.20440274898462418,0.14115248326993945,0.08799996919584539,0.02829241388382167,-0.03410614926370164,-0.16938424208213865,-0.22064372756158024,0.15436004320815583,0.07973601818856318,-0.0020286945777831245,-0.1975551797240164,-0.24011399619048188,0.3141009837922964,0.22430088725751512,0.125395371535178,-0.11371181833662403,-0.15963576226758025,0.1943507259263904,0.12486522144707099,0.049234669423292216,-0.13094454711539166,-0.16804797741128275,-0.22877457282322944,-0.2847904796317086,-0.34712787165105363,-0.5042106940969018,-0.5399506290276403,-0.2770687977752111,-0.32302165149917095,-0.3706830599028969,-0.4723794875337134,-0.5097286345890144,-0.39263143319711724,-0.45003223450248764,-0.5102420688036083,-0.6413558575472726,-0.6809055128463973,,,,,,0.2847435370444383,0.24340002827729337,0.200312746468909,0.10724306301951542,0.059047685111008136,0.5187063799609204,0.4671644998138539,0.41349979862466707,0.297528097945479,0.2378797039895339,0.2614912054369577,0.2156473533103409,0.16727690524330188,0.059372929191451804,0.026884691310549824,0.6176881519982901,0.5705432504449314,0.5231434018389695,0.4271162549262956,0.3895372954662132,0.10332092311682223,0.07719451497465313,0.050665553756029214,-0.003766593392381501,-0.030269861420231192,-0.16150616235330495,-0.19601106849585426,-0.23112405100218547,-0.30340311752015414,-0.33855175633163137
2023-11-17,0.1646753847342307,0.06745975682389148,-0.05011764165706688,-0.4920198536850583,-0.5542516666678579,0.2567785880852982,0.1889009604254095,0.10954809203169882,-0.1506317675987462,-0.20287187007768956,0.024352786366884482,-0.05535104355902848,-0.15193615858139256,-0.5057485886472309,-0.5576608647375201,-0.02231303002954088,-0.09717536607598087,-0.190303666547509,-0.6058559139374885,-0.6636164594025901,-0.18835655914126292,-0.2739676258237478,-0.371618707772148,-0.6258252356242733,-0.6787474053615646,-0.22475880146288768,-0.33375213545277127,-0.4591049870486991,-0.7880282324058541,-0.8612912708576234,-0.055009494825200234,-0.12381542145714208,-0.19445616340917704,-0.3431389714270099,-0.4000908544960752,0.39961146280472104,0.36528962190020386,0.3304967888312511,0.2582996951978205,0.23737167892072197,0.32330837555382486,0.29226767855033453,0.25965762463478054,0.18633104462504446,0.1655662222635159,0.48350666850995916,0.45269222258525216,0.42105078383268957,0.354479507132421,0.3352307155054407,0.78350131733123,0.7478389179770205,0.7117653671819257,0.6376731213491849,0.613868318895116,0.37346052728955215,0.3385959852059286,0.3030405832063776,0.228884472802386,0.20790455816028547,0.5409317747886158,0.5067112682007201,0.4724494678352515,0.4031977481309091,0.3814289780386886,0.7211749834356105,0.6800526664253974,0.6391412404443955,0.5570323199916684,0.5361225245828648,,,,,,0.327215459195641,0.2908216207554022,0.25216946407214386,0.16430861081989512,0.14149484405483945,0.40571956939556686,0.36427368374182223,0.32023838059030046,0.21804857525722537,0.19548423664361453,0.7070853313038978,0.6657844444353271,0.6211665374810895,0.5107207183870393,0.4878672446645684,0.31743785719111545,0.2763239289679762,0.23044765908834963,0.10642614417185958,0.08714412213184747,0.32632622756457175,0.28790778122989136,0.2492940707712179,0.17085705612935076,0.15004766157463328,0.35481668997872595,0.30369120302623454,0.2522581698766805,0.14741037081381725,0.12680823655239037
2023-12-15,-0.02481375043601952,-0.12411446043670979,-0.24065137021162597,-0.5925144064168852,-0.6756149272260469,0.19624408822636824,0.11542918363698274,0.02339205113088974,-0.2396082974437759,-0.3403174092849317,0.624321886160034,0.5556471472901006,0.47852490363848565,0.249994913531356,0.18342603207710506,0.554550337924866,0.4825041755063333,0.4059253797988799,0.2313105977249937,0.16186538072169418,0.5746155041744413,0.5112931254938937,0.4442570599867764,0.29235115471839096,0.2292326496377854,0.9508785848368275,0.8768438916352761,0.8008714013120453,0.6383402551794567,0.5691240408618323,1.2441731718296887,1.211857351113117,1.1796412130974137,1.1151110814756333,1.0624022186671462,,,,,,-0.11844061504236415,-0.17497160786215424,-0.2380301219266709,-0.3970150465366704,-0.4327161797682285,-0.06768513654434583,-0.13120149464646969,-0.2041339260079149,-0.4002655399820979,-0.437920110159978,-0.025834270620881727,-0.099279119301811,-0.18085494139351332,-0.37942650009680007,-0.4241707379868246,0.0974269324674143,0.0559598542623643,0.011238110943100121,-0.09123982624882154,-0.12291690015325027,0.32094463673345736,0.28057413854614255,0.23725443598919882,0.13809727316902032,0.10194048594782634,1.1749193996373777,1.123845383735232,1.068549629118666,0.938746614846427,0.8884784364153175,,,,,,0.05761764460266816,0.007200050329669583,-0.05118122066065067,-0.21138297895147634,-0.24784890170340274,0.07239297709724135,0.01813258521704353,-0.04670315192219254,-0.2369400460997349,-0.27104309626767237,0.04724327884424977,-0.04391655019991621,-0.15598047317894556,-0.5003080523955138,-0.5439582802826788,-0.38563440620998646,-0.5046534036031298,-0.6508367683807021,-1.0935651481362803,-1.1355072679836231,-0.3900793851104407,-0.49777233367706414,-0.6216189503532144,-0.9399493282389395,-0.9853786005733826,-0.5742258118397932,-0.7737177870402727,-1.0049470794358712,-1.606723533152322,-1.686101441710295
2024-01-19,0.007631110362682159,-0.08426337360840713,-0.1994538963419117,-0.7680324596218377,-0.8549989151796031,-0.19355774478746557,-0.29272273772776414,-0.4160293285185628,-0.8517388835544358,-0.9424544620246247,0.02686970471674921,-0.04607572628203199,-0.1300051194094629,-0.3788949563277337,-0.4278868046866158,0.11128179346795342,0.054574925038170186,-0.008178029731202185,-0.17888075344024107,-0.21424394506239786,0.1567670677890055,0.11120500214160872,0.06233256883945304,-0.05466119604863756,-0.09129517805178389,0.09154660411424098,0.03674585728897328,-0.022209928884216856,-0.16531337561323084,-0.2093997441974978,0.3555994147734941,0.2758503410846761,0.1885796781124961,-0.0335380612175783,-0.09688812017399828,,,,,,0.11439822777247594,0.04915730003401281,-0.023811396356198555,-0.21817960904345488,-0.2463370597709456,-0.048492674067704356,-0.10229146105742748,-0.16347505169781362,-0.3264544876869403,-0.35144080970195235,0.013681866187223723,-0.049582130183834616,-0.12424842023736549,-0.34124128256810005,-0.37064729919235906,0.11979537227615256,0.042014675844044225,-0.05176649208732348,-0.34025450354307474,-0.3670549541544883,0.17170462050300828,0.09120182675279842,-0.005086921085092289,-0.3041200413786085,-0.3334613346438303,0.27630806180863676,0.16587221008607633,0.0305470891192553,-0.4242415836807273,-0.4637096514067294,,,,,,0.061076908211580044,-4.7346008156506914e-05,-0.06771305891812071,-0.23733752519007079,-0.26670866821444533,-0.22150701955806754,-0.300700697942651,-0.39190016523978155,-0.6379369573307652,-0.6658169075550446,0.1175796562761961,0.07632652922023514,0.02752136398776389,-0.12163235048118282,-0.15000009077976978,0.023041874368261772,-0.02297311105132671,-0.07968779113199559,-0.2713286817566495,-0.3080845649454547,-0.08606170983425276,-0.1434154650826865,-0.216142862637002,-0.47635437450052814,-0.5122710696412591,-0.18742990510284196,-0.2449062716948055,-0.3083659962693691,-0.45902839148978314,-0.48896292227158156
2024-02-16,0.2677926670874645,0.14596600915642807,-0.008593434185247018,-0.772457328260114,-0.8835888978167507,0.35179761324486014,0.253153902453736,0.12862311116118938,-0.3355798869913887,-0.41072600491801514,0.1377288632635252,0.03728001819907242,-0.09138287720904947,-0.5822671582967003,-0.6698685720274972,0.06847700544590121,-0.037519430075185156,-0.17565667165513077,-0.7115099424882114,-0.8218116285889134,-0.1658802806651362,-0.30786502819636763,-0.5002184846531923,-1.3037654326310388,-1.4384311138064956,-0.4028765020136438,-0.44870285461756787,-0.49898472291603774,-0.6172356079030862,-0.6557301775178016,-0.8835468227214314,-0.9527455560561656,-1.0294833067866385,-1.2133287369633239,-1.264853358313295,-1.2002639697490778,-1.2910740156778078,-1.3854479404670952,-1.5871496514895895,-1.6503010219034504,0.023959071537007742,-0.014949890321501569,-0.0548605234499944,-0.13862988681779317,-0.1641142476347855,-0.1232109107161315,-0.16000063002608633,-0.19807178879884313,-0.2790088155248145,-0.30247206989651143,0.012409083643216162,-0.026223551566248143,-0.06550842486542985,-0.14670718891475293,-0.17318710519213196,-0.2378009010056631,-0.28394327918134865,-0.3312463612091419,-0.43029554763298206,-0.4612154210188757,-0.949652230200406,-0.9952477843964516,-1.0430209330612836,-1.1463495079176458,-1.1759639693337576,-2.1192634719753665,-2.1966142023956365,-2.2778903800235915,-2.454463066891831,-2.504103049631566,,,,,,0.08701625147029635,0.04659333371836997,0.004344170053492004,-0.0874136682528375,-0.12620697275459078,0.12704890122988352,0.08308759552054781,0.03728798137145331,-0.061398096990449944,-0.09816545382573591,-0.01656178370798049,-0.05086326476078251,-0.08589737946035596,-0.1586659348881653,-0.18614500992886865,0.30308686317656425,0.2705393761546695,0.23793420137202992,0.1722826148753558,0.1434671062478386,0.4417594214369905,0.40837954696794054,0.37524290904131685,0.3094407289331108,0.28336861980174693,-0.5197262275344786,-0.5432063461915919,-0.5672197489126765,-0.6170137669941906,-0.6377533148453329
2024-03-15,0.04608475069466464,-0.04447522503998505,-0.1566505368392993,-0.7260405652364679,-0.8239369306175306,0.18392284316819196,0.0775589328940899,-0.06323780169962728,-0.9359327581776097,-1.0369837339049284,0.3891548808299612,0.2583650587582403,0.07687706654453927,-1.3094275271093576,-1.4602058334270318,0.9524651397888642,0.839555208297327,0.7032791763553451,0.09082318212031776,0.020728175328571907,0.01394436441109348,-0.03245312709450854,-0.09513682786773259,-0.3523625520752825,-0.38801862400652826,-0.10747757101236477,-0.1642098184928492,-0.2392952842955583,-0.5239353188365943,-0.570064595090642,-0.2488943119684326,-0.3315346435892361,-0.4475152226654716,-0.9344417127074716,-0.9897558455739806,0.23721047102954268,0.20304723700978464,0.1683214051493267,0.09638135636598491,0.07556773715119203,0.0937495220060775,0.06120469766322989,0.026633886792926775,-0.051071525881519864,-0.07456894969261296,0.011695148345047368,-0.018900371568626173,-0.05046115356402131,-0.11745231195286793,-0.14032984342069826,0.048340104288925545,0.013572028975514294,-0.021881578836940974,-0.0958224308442005,-0.11674827996314907,-0.24928742304887674,-0.2710092462726928,-0.2935780746269444,-0.3417444281431358,-0.3570403374439863,-0.31057867585432786,-0.33553205853926044,-0.36150274277404937,-0.41713379748461005,-0.4339287935051469,-0.26552406873051126,-0.28251123935625355,-0.299845831031076,-0.33586112815966185,-0.3524255671651303,,,,,,-0.10157110964491703,-0.13384178978707145,-0.16693686706262298,-0.2363623413196944,-0.2678425943260937,-0.48255349057910335,-0.5203173941103489,-0.5591471648358544,-0.6409681059073047,-0.6801374050330069,-0.4364228374317734,-0.46699873842169004,-0.49748465302342204,-0.5586354941416087,-0.6033885942015553,-0.13988019464153334,-0.167185892684527,-0.1938100601515711,-0.24561449357105986,-0.2814933201668961,-0.4831423429407174,-0.5001288127607715,-0.5175540996402553,-0.553998613515388,-0.5965835629679367,-0.39633952919416326,-0.41923867294356143,-0.4429632173130398,-0.4934232291217928,-0.5472327478252215
2024-04-19,0.18567861966581362,0.08891720308809131,-0.041105880472148304,-1.193485025296401,-2.755172600670154,0.05119557992417195,-0.055424889665408095,-0.1978108347800519,-0.9245346764812973,-1.0366439375842966,0.15107693332234046,0.03859094827901327,-0.11519878421233976,-0.9997359149635565,-1.1461444325053383,0.32673135641291395,0.21803526030054735,0.06074392714302776,-0.9135277359261067,-1.080756213762676,0.360455804484602,0.26427482589370005,0.1241436442255422,-0.9142787374086356,-1.1007922145647642,0.4125073419119511,0.2887141303957877,0.10005166128036569,-1.4102674132765283,-1.6670194387029063,0.2579884990198785,0.08721655201815237,-0.16837306036324484,-2.1336592025155223,-2.5351750465788694,,,,,,0.28443908467008316,0.24265716462662734,0.19859870072866848,0.09314705943408022,0.06604092304266942,0.1451969870905423,0.10904491590353538,0.07124575639470165,-0.013395158496646797,-0.03236280954889287,0.39182849331097824,0.34836188009403685,0.30149416033656573,0.19041267254824915,0.16745211198438176,0.4103953289398678,0.3660370554780169,0.31722523130694735,0.19569497979897313,0.17068562814738672,0.4838042571808991,0.4400297967110081,0.3898108317850869,0.2545125178552812,0.23543866028819177,0.7039463318821577,0.6748100248163522,0.6404237803987213,0.5368975398323529,0.5177064557758222,,,,,,0.19728769908399452,0.16388313456839526,0.12860181775710144,0.04377312082224119,0.016790825149599425,0.38078164810139375,0.3450838082184489,0.3067274969624623,0.20569140955948384,0.17887549491431803,0.15419704950900373,0.11890651872111282,0.07918409716392935,-0.04466104596840578,-0.07504295002635017,0.2304359683618905,0.18708150233094234,0.1366290335529055,-0.037217917401760475,-0.0720734557414002,-0.19727611260541378,-0.2333031353842484,-0.26977751393701493,-0.3444624778578551,-0.3693904947032351,0.16481976333002446,0.13657032248921053,0.10803151288665047,0.04979062180048033,0.024669713750075317
2024-05-17,0.035491145183319195,-0.07853008149168053,-0.23150899405702324,-1.4550238893092045,-1.7010605179749445,0.07124198872826254,-0.03710136409551534,-0.18397144361156056,-0.9404909748683262,-1.0554235144045099,0.04777472700191554,-0.07436170729586444,-0.25110266278407883,-1.30736411418393,-1.4676871304206638,0.13436586340801748,0.0688855824921869,-0.009596132083233622,-0.24250838651029083,-0.28329110419400055,-0.10119706001490908,-0.18177157496950114,-0.2792487816631236,-0.5723304389929873,-0.6216340328792607,-0.31508981202254466,-0.42308082696486843,-0.5554808631815978,-0.9634052424693387,-1.0240500860351993,-0.1887907125229643,-0.3175436710077042,-0.4843500728791067,-1.056830536596506,-1.1070997025987985,0.29797040093460175,0.27759624723678844,0.25763554585919973,0.21860040627777083,0.2069831018225302,-0.17334971347930506,-0.20984529079030928,-0.24812015053430592,-0.3321317205947259,-0.35149068281447937,-0.33508869216119824,-0.3826701540172967,-0.43228909270038857,-0.5395711204797781,-0.5624229326317416,-0.3088002918211943,-0.3598623221200069,-0.4134818545116092,-0.5308451533173673,-0.5535391516546507,-0.1728822022029357,-0.21474900728822904,-0.25937564804676333,-0.3600499371336371,-0.37453313984975733,-0.16078077918883865,-0.20969818983919064,-0.2623388056129706,-0.3832484180516065,-0.3978711431683456,0.12290028903837025,0.09909419293116017,0.07616627806958864,0.03240104482305983,0.026026242527457333,,,,,,-0.10166655805766717,-0.12627536540153533,-0.1515121775914271,-0.2045653006069596,-0.22361327473112697,0.11933497471093324,0.09157076672980136,0.06307404205622108,0.0027961059020179535,-0.015849769732333485,0.34212410905966634,0.31101482810660763,0.2793663629843428,0.21303441128727196,0.1980930172495573,0.347004441502943,0.3188453091400103,0.2896986006944829,0.22732548414150833,0.21340394017897696,0.061274909799693356,0.034665528906776766,0.006770758054715498,-0.05407689097122076,-0.06797619230682161,-0.03122199392301106,-0.07089119396948851,-0.11328552161392902,-0.20855359150540842,-0.228864890000276
2024-06-21,-0.08518443441004388,-0.2127018064313782,-0.3609207291177209,-1.0055432477731674,-1.1556739902737534,-0.41751302412709157,-0.5562449724428042,-0.727195929550892,-1.4270661479042759,-1.5196693402299837,0.4703065874994021,0.3418498321079371,0.17988059577037763,-0.678993394439962,-0.7740058567981336,0.5951393527090435,0.48453371551055574,0.3524656845229249,-0.11253423569970755,-0.17819379327947865,0.4612628775423495,0.3412566020172618,0.19379997344389144,-0.3915287938450348,-0.46269653474050587,0.7128361181263966,0.5621735163033761,0.37731018230648933,-0.390828511548306,-0.4736615902971759,1.0595084413921319,0.910888696149008,0.7558030754830992,0.3556690290104383,0.3115036801286092,,,,,,0.08315732082765967,0.010427149777864311,-0.06714284097231824,-0.25147294765095224,-0.30028265914898367,0.13712226990828477,0.06008914005540621,-0.02122567812036745,-0.20707004255954164,-0.24595006533609887,0.21749435282637808,0.15736523485593068,0.09588440822219763,-0.035018763391984634,-0.07943843320840902,0.15692349669096822,0.10046149315575355,0.04279566354642102,-0.07874613145648504,-0.1287319914312578,-0.42454749403149683,-0.48792363939288863,-0.5534586179359243,-0.6947457460227764,-0.7502894900524961,-0.4756216961418278,-0.5492336151136965,-0.621484390806983,-0.7640274850057698,-0.8007601248499504,,,,,,0.008774511877043423,-0.06191601820913509,-0.13706431082548234,-0.3114822471912032,-0.3785294071395569,-0.007297932779227523,-0.09266132897156909,-0.18416842072205136,-0.39986662637749265,-0.4754566090677059,-0.03682771315433453,-0.11547273222060095,-0.19991062261602166,-0.3988504440657627,-0.48901400772964204,0.12798875732430331,0.06717017165222768,0.0030241182614704955,-0.14300172591167148,-0.1782083559263405,0.07205614783605774,0.015647603920611763,-0.04542679271767419,-0.19283092759467085,-0.2235757471696319,0.3378763575525654,0.28907710797493524,0.2431066726106932,0.15805949086811,0.12408272501183981
2024-07-19,0.17786366090325245,0.03947672774891384,-0.13024715870606174,-1.3978331205818715,-1.9034240604803558,0.29570268003235667,0.17107350775029087,0.017192805138209033,-0.6577015816869956,-0.7577094857960713,0.13501544298644474,0.0235593942223329,-0.10974614921798796,-0.6621953204987315,-0.7715544505749237,0.513722285677228,0.3558383663874372,0.1572933903228858,-0.7974906404816561,-0.9371370792368988,0.8142632350526005,0.6296332070532592,0.38500071447028655,-0.9821513624332388,-1.1195363132022422,0.2636195791650497,0.10492397336649895,-0.08861014397970701,-1.1688345460178307,-1.2667412045519373,0.04347499998128068,-0.13533802203400913,-0.402431463310867,-2.347223528263268,-2.505368117286846,,,,,,0.11704490545458698,0.028396761944979476,-0.06556242752759482,-0.2910592750598059,-0.33890102303571357,0.10051147769188706,0.018026558491914757,-0.06965365026736303,-0.2841619659182427,-0.32959482024383036,-0.0038745422374286687,-0.07977870266718073,-0.15573285558998215,-0.3244855486935507,-0.36362345002798946,0.23057628645237066,0.1425337808911869,0.06014818237530406,-0.10793243460919227,-0.14331533280935127,0.45778739534839435,0.3398322759454371,0.23051005232467514,0.00759379890717049,-0.032004205761483606,0.577154162426612,0.4296138044390695,0.29397873730379,0.0029654326321955082,-0.051739442067738506,,,,,,0.1571219688099816,0.06548666727120718,-0.032942120424431384,-0.27479479401202056,-0.32015300867471996,0.20163115822344865,0.1044469903048788,0.0009090977138802858,-0.25189845519429915,-0.29505576165677716,-0.026386568291573542,-0.10427088067249685,-0.1872318067854719,-0.3938878494591136,-0.433328241354508,-0.03835533694076543,-0.13336852288737733,-0.23386471615686016,-0.4906807907510111,-0.539899060605162,0.22355919172191802,0.138952902083107,0.06040913707431622,-0.10636135796472057,-0.1555608306792442,0.577154162426612,0.4296138044390695,0.29397873730379,0.0029654326321955082,-0.051739442067738506
2024-08-16,0.06467775444449234,-0.08271873561571418,-0.25799769376480225,-0.958919898971136,-1.077674706179137,-0.40144803247052685,-0.5429816940273499,-0.7044793738909223,-1.2117226178623675,-1.3149056196264053,-0.7076933334275255,-0.8613596520415078,-1.0433593688295524,-1.648099701565736,-1.7966213931216757,-0.5794930496389774,-0.6723302711196278,-0.7789233699190138,-1.1164411662450107,-1.2152866068634323,-0.9496826031329265,-1.058002713353438,-1.1832677959054188,-1.5361350472839792,-1.6072612954984167,-1.1574869121157563,-1.2961119254281157,-1.4567894729238933,-1.918019327456252,-2.005050006483591,0.12917531339237232,0.08257221193528974,0.026233448959310124,-0.22013738854437737,-0.2478994616323088,-0.0771051164469111,-0.2299281076555355,-0.40165680172445717,-0.8385138524951772,-0.8873048023769567,-0.04214647081977804,-0.12866680463146235,-0.2222098515563486,-0.45467354704365526,-0.4921935630036126,-0.03300109985518418,-0.10865753646993387,-0.1909661553975103,-0.39352932530849644,-0.42363324142257774,-0.2736677735637029,-0.350570416971092,-0.436035994841217,-0.6530707857232383,-0.6860686092666898,-0.37131799520253517,-0.445372295952674,-0.5316786663349355,-0.7638102944897446,-0.7895941431242192,-0.6083305024559763,-0.7021910747506435,-0.8144014443126067,-1.1276782342936569,-1.1591540574608348,-0.8325054647800247,-0.9590794489089149,-1.107008366760213,-1.5021280333512481,-1.5404570591423141,,,,,,0.032380651050612025,-0.05517153947940781,-0.15247234707397486,-0.3970645589092995,-0.4439472263461075,0.03410848608806588,-0.049493555539174866,-0.14102318517261417,-0.36305864192043724,-0.4133835596864167,0.26359740784693614,0.18428750166582614,0.09725982706543373,-0.11794931150292223,-0.1642214556464228,-0.1640406452283789,-0.2297471391049267,-0.30528026793380725,-0.5047341476103273,-0.5494071087924027,-0.23106279481650827,-0.30556908561452595,-0.3945728215648532,-0.6439766852282676,-0.6691782958711822,-0.3841555401319279,-0.44530270059237187,-0.5217945218650003,-0.7532284352360655,-0.7778510557793553
2024-09-20,0.007449812309296394,-0.1403028904644986,-0.3208724374417792,-1.2339416121419378,-1.3833769009010402,-0.12178078537857946,-0.2629317020772949,-0.438180841288769,-1.3675556695048676,-1.480296093040734,-0.41771345399120596,-0.5860980187827148,-0.786429047249324,-1.4968842059319383,-1.6330566316024537,-0.24625065727295403,-0.34670978435454175,-0.45585983053868695,-0.7199225234065219,-0.8115283847611794,-0.4556650985163741,-0.5513460946540857,-0.6617997594194119,-0.95540201893994,-1.0369552514626876,-0.573264925917288,-0.6481549510705426,-0.7310003048262584,-0.930693217267511,-1.0084881461870507,-0.7818009424066114,-0.8510928930763684,-0.9285154259659351,-1.1153485478972924,-1.2207508061799706,,,,,,0.09725320798149772,0.005216252818649819,-0.09679214806645414,-0.3573477347061751,-0.4061891114254548,0.17901181192607898,0.07478112713829599,-0.04010122397101687,-0.33716216787030595,-0.39633082420479643,0.12454814659086377,0.01541728683233981,-0.1117560737326064,-0.4757414368265005,-0.5613786267593844,-0.3045433521484041,-0.3996427846183308,-0.513213164496209,-0.8425523277209044,-0.956384154501261,-0.2505699482135822,-0.3414474153187309,-0.4549394811135483,-0.8136616193094317,-0.9592384589397653,-0.015792263768118153,-0.061181363289420254,-0.11997627422698087,-0.3201634025935738,-0.4606214858736094,,,,,,0.26744778556483273,0.1825227672912063,0.09152755338235713,-0.13580758637083284,-0.18156833597820426,0.28339654041560314,0.19438427032558933,0.09621067278269396,-0.16775601500687284,-0.21763859139456607,0.22928115783729452,0.1372778083072471,0.034414732538219056,-0.2393328325333245,-0.3015261239832601,-0.13645651928486907,-0.23600662238227907,-0.35511117969895456,-0.7090964621671592,-0.7843034764822007,-0.4434074401397531,-0.5599319937198419,-0.7068992550139775,-1.1764116048279694,-1.2759761974416026,-0.6429402606971717,-0.7637084062056376,-0.9180994674255479,-1.4121466460949739,-1.5628112354271342
2024-10-18,0.1405030456956582,0.040140287741802894,-0.08478910477645718,-1.1749493543833247,-1.3160068407319365,0.1755975491797464,0.10757261463571144,0.02932459529424064,-0.21182895207372923,-0.26698814194035836,0.06585948582695456,-0.0012662083295870707,-0.07682840291648407,-0.2844102391981227,-0.33685345146705015,0.04258120417904099,-0.020038778005180502,-0.08630255887477661,-0.2405226859396401,-0.3059192876337209,-0.12701249846635454,-0.1976422842530629,-0.2725483048764845,-0.44684119074909373,-0.5323626245089843,-0.33309151539337895,-0.41727719969028204,-0.5119795242549506,-0.7456969180249586,-0.8709052215148942,-0.35068995009480486,-0.42021253398205904,-0.4985303520658029,-0.6914905640757405,-0.7726663560102047,-0.4408619759173109,-0.5551963890218252,-0.6831832589298499,-1.0228395747020729,-1.095427613452856,0.02476378339555574,-0.043074694659536394,-0.11615175338942507,-0.2949815547713581,-0.3506396615150613,-0.14477615973039915,-0.21598151314611888,-0.2949720816326614,-0.5004284678674142,-0.5764022790834266,-0.22694300684581123,-0.31278472806220536,-0.40627671148806443,-0.6419799980411987,-0.7024227586961658,-0.5007479398269363,-0.5877907656382405,-0.6830682187088519,-0.92884685661176,-0.9837499587479142,-0.5257833502847187,-0.6247736929861913,-0.73974122109066,-1.0585907294403385,-1.1308161349892953,-1.6101492407818463,-1.7559981578206858,-1.920361878365094,-2.3228852114427303,-2.4105714717061018,0.5145576612782217,0.45514386710276555,0.3838095515828295,0.14041633944054605,0.08080610001060645,-0.06273098380207065,-0.13271512344845665,-0.20851071804626434,-0.39255567941072805,-0.4490981978683232,0.07640865915589573,0.017966776480849433,-0.04587005471223499,-0.20491578185051013,-0.2528455588705045,-0.02528046557857505,-0.08537997857580598,-0.15141451060616845,-0.31944717844442044,-0.3804702911941286,0.08071353165996836,0.023570544662614157,-0.04122944030608938,-0.22085165328674145,-0.2717617441369227,0.11561196898966825,0.05367751394714271,-0.016225968082401288,-0.21577252696120608,-0.273122692958359,0.3055828795848099,0.2624097719568006,0.2052679152504615,-0.014470638408042413,-0.07084478394819893
2024-11-15,0.07607029936302713,-0.047668896789886256,-0.19605003280102418,-1.1833168485119367,-1.4167918948899396,-0.31813118290847575,-0.4059334504392771,-0.5046344130275384,-0.7923386823780969,-0.8480596862655032,-0.24629465649580468,-0.3394000626241041,-0.4492281769261485,-0.7971054938472817,-0.8596920812836935,-0.3281719137182596,-0.4503908276999309,-0.5970860195640294,-1.0896848627772409,-1.181678816991458,-0.9984043079006866,-1.1099624119995215,-1.2392635755953525,-1.604076797525956,-1.7098268346273393,-0.4067952137511563,-0.5368598707649088,-0.691398195340165,-1.1524601798443255,-1.235460783140553,-0.07928572559096125,-0.14623327960940813,-0.21275894864859368,-0.34620669525688297,-0.44283308034629054,-3.2067533135314257,-3.3047129985012114,-3.4031973983248585,-3.603061753112005,-3.6740838543849144,-0.5348515162347128,-0.6123565138952615,-0.6945192980278727,-0.881547871918347,-0.9205497072488489,-0.5184720058659921,-0.5809200472459333,-0.6448155395839947,-0.7797718735338026,-0.8097217619871848,-0.6191756989438695,-0.6934397019340712,-0.7687848599967063,-0.9265356102447229,-0.963349803093667,-0.789129185809618,-0.8635087080620644,-0.9379381070616885,-1.0910212426351034,-1.1330280584410946,-1.8212697422165256,-1.8847778433733033,-1.9505608694982328,-2.0936328664126886,-2.138260650063663,-4.054509101112537,-4.128437075146859,-4.204597562134075,-4.364159784457292,-4.42622662040841,,,,,,0.28531045845019276,0.22593457224048905,0.16335045669150808,0.020024795858734193,-0.017935149453441976,-0.14596080309238435,-0.20384138565176646,-0.2672448250058476,-0.4245973319920286,-0.4633964990660777,-0.4724235834106496,-0.5445910961442709,-0.6251147397292891,-0.8356814868892753,-0.8762386210195494,-0.6870844091993661,-0.7781893703603692,-0.8829066608114606,-1.1731228443251953,-1.2279905524911159,-0.9154845063211734,-0.9989768372435253,-1.0855570958773613,-1.2713374660254337,-1.3096934033926932,-0.7794428794443172,-0.8222883894423507,-0.8684078678901851,-0.9724789176537755,-0.9952061883875043
2024-12-20,0.14556832013479004,0.048172143366889464,-0.06540674055924159,-0.6149811354717599,-0.696254282334756,0.16247629328429625,0.08910840809761916,0.008885837978937161,-0.2091792440242698,-0.2644237970488443,0.20229967077333927,0.14325955439276342,0.08371403883736167,-0.048426268639132575,-0.09998767397051597,-0.14889575090317075,-0.1900708571790513,-0.2325559934257077,-0.3240818606018466,-0.3567117123933411,0.0975467810926125,0.05122260567888626,0.003897688629615259,-0.09756940049018309,-0.12225691317248355,0.08541232504050361,0.04263695916322646,-0.0016836923236855927,-0.09656347726891296,-0.12781472061200794,-0.030337024151826042,-0.07222383303551139,-0.1158319336121929,-0.21009485352660429,-0.2398174943650484,-0.41925993335789247,-0.5552155310425388,-0.7094936925868021,-1.1006349412233412,-1.1986958220729234,0.026411677069307027,-0.027784064876346937,-0.08479123376808204,-0.21152524416242494,-0.25226095970949797,0.1056616485684552,0.042688859295210754,-0.02464384748412382,-0.17940054688711746,-0.22367275462304673,-0.410853174662449,-0.47876701208014427,-0.5531858436506869,-0.7312224263772742,-0.7888078359172771,-0.4119779097677814,-0.48628839801924584,-0.5663394689816997,-0.7541052676387681,-0.7994031923489577,-0.10494458605598334,-0.1814010646169718,-0.26741596316523686,-0.481859918974216,-0.5363474029799209,-0.7771435480385999,-0.9029995433940435,-1.0481190657780552,-1.4231900598832103,-1.5143583068943636,,,,,,0.08458544408432281,0.03386803980436259,-0.021125345869982354,-0.15002350823285476,-0.1823947770345916,0.3046176506269484,0.26357545245475866,0.21955297630595558,0.11754666503278138,0.09023282261587962,0.4231396451598458,0.3928376762158491,0.36185496194589184,0.2972849388148176,0.26925088475500497,-0.246187674414463,-0.279529459443158,-0.3132343664383388,-0.3821581971399538,-0.4074422446062351,-0.46619854707265007,-0.5066728840525514,-0.5473604774336187,-0.6298602322276172,-0.6608125160335783,-0.6374177810036389,-0.6792289071229557,-0.7214193829959418,-0.8075419808762392,-0.8395079154530489
2025-01-17,0.06162735598835628,-0.008461761489746533,-0.08698518519536758,-0.4146416350514979,-0.48127164768290437,0.17739189869966776,0.11361204591864665,0.04473028925566297,-0.14273952104372684,-0.1924940259875667,-0.21436473504162606,-0.2690422417944281,-0.32697227531751816,-0.4588970162278829,-0.5247280510733737,-0.2927789706479376,-0.3647491674417807,-0.4420201084794432,-0.6231336768978093,-0.7150191694566369,0.013603978750664547,-0.057971777792268475,-0.13426790775180736,-0.31522231385922495,-0.39306043435198085,-0.060092883140314746,-0.1341595368274316,-0.21789831215512218,-0.4314286146789765,-0.5340639859116366,0.11765872282699097,0.055430628623964084,-0.011998111727749339,-0.1680821732933203,-0.2503747186778954,-0.04813063111929494,-0.0765654426686666,-0.10450548710640462,-0.15970700270620164,-0.17507647980285568,-0.07872599691845905,-0.11628234966025758,-0.1550783622120796,-0.2399187366010802,-0.2652334072643358,-0.046023090634126296,-0.07968743481004714,-0.11464907180554257,-0.19144070533531254,-0.2166004923736124,-0.056787772753845056,-0.0942977858928733,-0.1349553845764554,-0.230565226935931,-0.25600146479733943,0.05405071029310904,0.013300161655853293,-0.030979777544298648,-0.13603467824773396,-0.16569389881530328,0.16378844687124122,0.12756042938048245,0.09037033277969042,0.011634864453293925,-0.02387857429266438,0.28632066615602636,0.2554682927910631,0.22468757848091703,0.16296211349684264,0.14702658663844026,,,,,,-0.09625225845078783,-0.12997966042369968,-0.1652940601149312,-0.24468938534338452,-0.2740498532221831,-0.04594455575924539,-0.0808367125072032,-0.11712961452640447,-0.19754730475611992,-0.2231543065212379,-0.04209751068472245,-0.0769938225161656,-0.11482850620924812,-0.20315376774164495,-0.23032003016481917,-0.031773862841254275,-0.06938357268227996,-0.11150175287777209,-0.21444331574175624,-0.2386589262412956,0.23659733806826744,0.21110710169351837,0.18321673853602266,0.11730332071625199,0.09287453969091408,0.04166579574071705,0.00287286304073453,-0.04023759983138331,-0.1450239735025527,-0.17212092725398354
2025-02-21,0.333597100704795,0.22085580152624423,0.09515386784807298,-0.3192713426440597,-0.3816383344454206,-0.15456396193915142,-0.2588762836893014,-0.37238299646119655,-0.6808545736323179,-0.7415301551846207,-0.39279453947665877,-0.5166157820777991,-0.6492076245079166,-0.978194702578137,-1.0585346632065922,-0.5589927472610559,-0.6977531830815544,-0.8404330451062041,-1.152336405358091,-1.2566046804522741,-1.707525669553938,-1.8631108911367897,-2.0246516955256904,-2.385689089416687,-2.5201497916149007,-0.9518323677503153,-1.1119019381480637,-1.275138619779613,-1.638075718638425,-1.739122652437369,-1.5567567918323562,-1.7442194396032913,-1.9485323206779732,-2.4259690278431583,-2.549680254958008,0.12194864160210755,0.06941487305648783,0.017248696436575783,-0.08696553464120012,-0.126190234974253,-0.0856637571127777,-0.1490443659538568,-0.21622669992428084,-0.36586604235310966,-0.4002103306706085,-0.25331812381525654,-0.3080959719555639,-0.3664678288320551,-0.49819984725324346,-0.526447172944149,-0.3693846341143332,-0.40496564146513764,-0.4413330350706105,-0.5171335096852602,-0.544971441021746,-0.4151206789257703,-0.44841529686590564,-0.48203459783893027,-0.5507937238838493,-0.5794926388245925,-0.7562928461238834,-0.786915108325311,-0.8185458080251782,-0.8852415338108457,-0.9163793720073165,-0.5723436745468758,-0.5996917198028578,-0.627982224136293,-0.6877594274074477,-0.7150257534207123,,,,,,-0.2501408332719376,-0.3122842307098592,-0.3770045554002274,-0.5260926026053817,-0.5735173641551687,0.029519998296054395,-0.011094768824134932,-0.05258887300115499,-0.13909275854626346,-0.1841364574124155,-0.24529982950203244,-0.28275148106576925,-0.3207687633945743,-0.39943098719504133,-0.4294505546693801,-0.12171407261011058,-0.15021672263911612,-0.1798185674381828,-0.24313377957407606,-0.2585379820393376,-0.3288346746650662,-0.3511773664520503,-0.3745861882107282,-0.4251466657178677,-0.44216545856634015,-0.1900582727482204,-0.21628656616447184,-0.2440813085544553,-0.3053157006946985,-0.32382399671853757
2025-03-21,0.13543668420888375,0.029426970750452995,-0.08998581794387878,-0.513718890217394,-0.5843908619012232,-0.14836036925683105,-0.2382102197772575,-0.33564709560382794,-0.5968873696167327,-0.6788750309224347,-0.20749905225834311,-0.2960551185599151,-0.39383333010038607,-0.6427964008452731,-0.711267926277388,0.24755338160070778,0.17839389377745674,0.09708039177668937,-0.13289291310834073,-0.1735822550559406,0.47941157650579225,0.4253815300151891,0.3644863167737007,0.20435853440639018,0.16379407196067586,0.3851228951339511,0.32997209053994986,0.2665159692409026,0.0923528251686212,0.04647095122403622,0.23043587268535026,0.13840449503385044,0.02985201026514972,-0.2812812654874376,-0.35546045230896617,,,,,,0.039363793721789546,-0.01782945162913553,-0.07722507873822883,-0.20601502345836756,-0.2419199151617272,-0.0126419904991224,-0.07347976355333244,-0.1375678980103728,-0.2812039965205804,-0.31214834899606725,-0.34544771568180654,-0.42006485461423404,-0.5018018057087699,-0.6973276586657853,-0.7265035925282617,-0.550590728991719,-0.6345067695469575,-0.7247704492388443,-0.9319629388985186,-0.9674806804345264,-0.5579364625445606,-0.6529496434849402,-0.7572556042170571,-1.0046964569666461,-1.0393533454641473,0.03777978499998913,-0.0069042683310058806,-0.05058486261668349,-0.1359527685574301,-0.15370109526044728,,,,,,-0.05909414557591994,-0.1293611562228349,-0.20573832782836196,-0.3884397768652542,-0.43455305126238974,-0.2683395103584354,-0.34503541535025517,-0.4273283948429082,-0.6188523695257583,-0.6621922323058296,-0.7274810685566159,-0.7822388667572804,-0.8377189812846603,-0.9517453642078884,-0.9948408017497207,-0.7924461243220073,-0.8489771657109209,-0.905896407074073,-1.0217384421002835,-1.0598414173186756,-0.24246732443969982,-0.28314715494199194,-0.3236691555632302,-0.4048988006864804,-0.43585263193960505,-0.6831476323784269,-0.7430907761795609,-0.8026815880662606,-0.9219941383050125,-0.9676786229649796
2025-04-17,0.8913623386453247,0.6531680917581306,0.39845340736092894,-0.28885214949912874,-0.45520314377139903,0.7649958413839968,0.5290914762700689,0.2792364969790222,-0.4439078014616342,-0.672683555665307,0.5156523477970048,0.2701461273458232,0.023847509508063913,-0.4964437678160938,-0.694849574825636,-0.007418767499233203,-0.24366724981731824,-0.47168714737920103,-0.9353780311768363,-1.1258073265690864,-0.3053278445422938,-0.5768375167618538,-0.8505106820178792,-1.434172984480537,-1.711891988778119,0.17732513185922638,-0.16214467367986574,-0.4976836681865615,-1.194808114967384,-1.5436589685653779,2.349339248694993,1.9342665749033658,1.5078092591760894,0.5947657406288558,0.16775484811168617,1.0650264468753037,0.8330127112986021,0.5858623711979958,0.022980491809132753,-0.1847782428826612,1.0627579519504144,0.881889833547594,0.6929003925379487,0.27170139483895217,0.16819942445845726,1.2636381035090283,1.0396381912828234,0.805600979311172,0.27845613203858277,0.16782609332292076,1.9356437551323886,1.6834446531341194,1.4272869244952144,0.8881654044223595,0.7647385893863872,1.7657927878231134,1.4881027161416138,1.203041779299093,0.5901961977279035,0.4684911128014577,1.2065581048569491,0.9987367918021277,0.7868558497816689,0.33757536968184376,0.20108009873307076,3.7960322039216132,3.4429041832711444,3.0827822766945836,2.315695344375401,2.09548222511901,,,,,,-0.34646091857622086,-0.51477594399356,-0.6953538108236039,-1.1083719380721109,-1.230658647211567,0.647725190583341,0.4730504292335873,0.28301960380732294,-0.16521328636884336,-0.28312633144157795,1.714783966075013,1.5586731551518402,1.3959073775153823,1.0385874747026136,0.941518637634426,0.968125214039728,0.8679624333356025,0.7640859545945771,0.5390963271057552,0.48815028217173634,0.8891180864511519,0.7549825712895587,0.6153557950673011,0.3106581293517844,0.2533004596493579,-1.0511588103011453,-1.1821098513816906,-1.3281099706425223,-1.6811342128525462,-1.7200884852824354
2025-05-16,-0.0034933445967477716,-0.08987234520062132,-0.1933082867739056,-1.0108489974107338,-1.4650132093672164,-0.010603963146107453,-0.07709748715038678,-0.15334182630879162,-0.36266068600542045,-0.40061306378890343,-0.004561772671521858,-0.0663881509466579,-0.13620118271402243,-0.31614570737691033,-0.35988918036230066,-0.031761632924948546,-0.1059304560601595,-0.1919316476381578,-0.4244466307917452,-0.4793702176806687,-0.11187907983145601,-0.16994691376162263,-0.23835271491659749,-0.42447626533882865,-0.4679592389265059,0.19840194375636827,0.15747602192110677,0.11174177263079355,-0.0013764254164058132,-0.0504661392744542,-0.36557230440012256,-0.4129180647398365,-0.46676231258903433,-0.6040492330050699,-0.6642652409111773,0.33209846748572547,0.3070425933206743,0.2827328415917612,0.23564489297311736,0.2238393366546046,0.014077477443959874,-0.02049337093628184,-0.056571281825656294,-0.13542498197305664,-0.1528851405826363,0.09266173325137234,0.06142058294616726,0.029188324550350198,-0.03986466793781984,-0.054712853005665085,0.08143296912332143,0.048984959918817295,0.014481096265718918,-0.06324657335673434,-0.07889895216006898,0.11187432639394296,0.09018817591323353,0.0681623435296862,0.022726401849122446,0.006972810951196562,0.01887386640497357,-0.006122313782764621,-0.03128601713786833,-0.08252195322743172,-0.09555673404388076,-0.1651881572402455,-0.17522990770722657,-0.18562193008742733,-0.20764044095665724,-0.2151467610134976,,,,,,-0.040082905317994744,-0.07068547492378352,-0.1029799272029292,-0.17485757962074439,-0.1932460449199624,-0.02097658652458556,-0.056883366723676054,-0.0951546653135954,-0.18210978310771214,-0.20306871175525526,-0.0119598873331892,-0.04362590834814717,-0.07671231288724856,-0.14843678501676444,-0.16549856783075323,0.09279801519645314,0.06259665245577162,0.03175803730545751,-0.032937662021036485,-0.04870765603586236,-0.020350918939021967,-0.049188200107665225,-0.07985546696248064,-0.1479726405843133,-0.16455700373575433,0.4608492032813388,0.45070010141297656,0.44017284760249487,0.4178217937815061,0.4064219520843215
2025-06-20,-0.00988295549266996,-0.10203593044940457,-0.209196259030321,-0.6156989654825071,-0.6744000028259608,0.13787521819301973,0.047280039420592834,-0.055762151230680165,-0.36262575846058087,-0.4191562198627071,0.26204269967403965,0.16357208788294703,0.05659692053255803,-0.20210335558040915,-0.2734354477057711,-0.15358363332222907,-0.2684389992703532,-0.39434602748024644,-0.6970647610665968,-0.784748540902847,-0.21408354719626904,-0.3258779628189266,-0.4453780973710304,-0.7196832161956116,-0.8248662080660175,-0.749952075252158,-0.8656812270861612,-0.9932913140628372,-1.2975089804889683,-1.4294244549845236,-1.7749439830680402,-1.9698073599327306,-2.187685295292786,-2.7179507871121666,-2.9363793825143905,-0.15671539852900357,-0.20017518731027528,-0.24278830622645736,-0.3266924882537737,-0.3518936242201088,0.07405365943719783,0.02319015657109391,-0.029702715046147965,-0.14626802899252292,-0.17897274410947658,-0.20488757469518032,-0.2595192327729446,-0.316123012279082,-0.4395171762258948,-0.47162344509641907,-0.3277053332565854,-0.40504050328105834,-0.4858380932175501,-0.6656704446279531,-0.7096922349187669,0.15723290980731477,0.08074759756874683,0.0040177198910123675,-0.1547434335865894,-0.18490058313912133,-0.10830103413134018,-0.1853423701869571,-0.26125029801086513,-0.4123558031831844,-0.4439799289070037,0.48187257097835356,0.3940328592578263,0.3116359443172543,0.15954011411678615,0.1344964668494567,,,,,,0.16214634527670424,0.11961803581427982,0.07609757141394374,-0.016799892444805564,-0.04291875507541343,-0.009720679157163403,-0.055067703667425416,-0.10146797155097678,-0.2003276390373483,-0.22931344979460114,0.30670176159410717,0.25262522584690444,0.19732196024664916,0.0783321276717655,0.05091110558690071,0.6478539086762685,0.5948983742225643,0.544359764365836,0.44853880268618296,0.4204602889104316,0.5580047827637867,0.5067614850682391,0.4585536246076322,0.36942698655187023,0.3364193542035812,0.956308273821472,0.8806684855898015,0.8111026315017773,0.686765559498412,0.6548883678669376
2025-07-18,-0.08236655450205085,-0.17394950936381948,-0.2777096344650677,-0.6597787047375647,-0.7165786086681906,-0.15794068733185054,-0.24751921349649167,-0.3518527219654343,-0.7273975301006934,-0.7942062317069261,-0.039254213616573386,-0.1119767269739762,-0.1908428577059293,-0.3865961061916584,-0.4298032337327548,0.02328389460148811,-0.061399881206534446,-0.1542955209720607,-0.39526395909247103,-0.45070638654808803,0.2692705451630617,0.1952080602902091,0.11183680555690576,-0.10221820714776209,-0.1664020480189619,0.1555737208113105,0.09225772146628025,0.016615177786242163,-0.19617655491037467,-0.2635568401531015,-0.30121963292916054,-0.3843216182342729,-0.4850448607041581,-0.7791720194555116,-0.8643294895505125,0.14033484327957818,0.10440769080049672,0.06796349501126436,-0.008067746636590434,-0.03556024020437121,-0.3333001465422792,-0.36855254782624536,-0.40411073492441973,-0.4771683025844065,-0.5022147913021996,-0.183105417197578,-0.22315186312361324,-0.2632694027571739,-0.34517762950155106,-0.37202489429719154,0.01377210361269815,-0.02386311930378754,-0.06180938848666612,-0.14003325339174008,-0.17302782978639003,0.27557035329106083,0.2371766295360011,0.19896981672323535,0.12155593510270757,0.09619259794970417,0.28777060729881665,0.260011705456626,0.23077889882932123,0.1664022574276946,0.1470721550942094,-0.146935962809846,-0.18028288910450718,-0.21474729447383234,-0.2887270763286215,-0.2985932231966463,-0.23483653282965056,-0.25958942763110715,-0.28394710513264326,-0.33177432002079466,-0.3539934762019819,-0.27039260412265326,-0.30109433613386977,-0.332201310019222,-0.39726995202064064,-0.4236092684283528,-0.16294698697532922,-0.20003287230826822,-0.23768917706743678,-0.31766454520827686,-0.34680943040076795,-0.37071553591451706,-0.4061247102849094,-0.4409733223532833,-0.5095425044117292,-0.5431999742971836,-0.21897111109746434,-0.2555124080759013,-0.2914644781462772,-0.3623189829514958,-0.397878472773587,0.032125999521753656,-0.012464290695779812,-0.05580153904571372,-0.13970077048127705,-0.18141904515532253,0.16617183424100523,0.1506683300842464,0.1349092819272384,0.10257928367587033,0.0694730989207436
2025-08-15,0.09799308111988415,0.0072507362814177925,-0.09415407697872541,-0.427344269764967,-0.4859632049194228,0.12636292977341174,0.0339403565729326,-0.07304105982572683,-0.40054652363909204,-0.4588551628584362,0.1593278660992017,0.048096808409950995,-0.08323391800850763,-0.4728088208018463,-0.5397710250942309,-0.19949966072824327,-0.3399761307568129,-0.513980771295766,-1.0863646194462995,-1.1501104528020047,-0.2657668180816202,-0.44292389995134984,-0.6601869352791125,-1.3552220515395184,-1.3876801993703347,0.21798153676920273,0.1540828158262339,0.09145021380679608,-0.03497805209768229,-0.05659528627704652,0.29743597261386945,0.21265664496421888,0.13420643680910416,-0.009786698328881793,-0.032543992791261744,0.35344408813775063,0.3105380511996025,0.26698691666038354,0.17662749774719422,0.15183323318812805,0.41439138856059726,0.3776375773144469,0.340090220339109,0.2616768663397817,0.2357110000010071,0.5876771736558105,0.5486977781578852,0.508905505247251,0.4259418182077991,0.40081171255750014,-0.06729048091830275,-0.10285416652665158,-0.13948786903178706,-0.21705425761474773,-0.23770313525331604,-0.09536353994322028,-0.13035511667303767,-0.16638975039211562,-0.2427491425929791,-0.2656500859815282,-0.14046876405109388,-0.17723604115765967,-0.21419090777422106,-0.2895137435632233,-0.3135672090162029,-0.46413946359905034,-0.5104384819316595,-0.5586370509095676,-0.661748896875263,-0.6869968495477548,0.4293432301618114,0.39724236206336283,0.3643691428083613,0.29519495160139675,0.2685335833394188,0.17332200686028376,0.1422182755222992,0.11025962861729789,0.04313717617184198,0.015124160138260921,0.7721405850463732,0.7417476944947803,0.7105390370642906,0.6448140393659849,0.6169372566004435,1.2094183251040114,1.175897794352726,1.1413137815071988,1.0679583730903655,1.0330747782888954,0.17213325205605767,0.14943133560637195,0.12611391305163816,0.07692383182787282,0.05701282953815334,0.09104248883753269,0.06789250391351453,0.04347596630931366,-0.01008829719843879,-0.03420900398281407,0.2095746293615599,0.20210444103200542,0.19454407841738208,0.17913517472541285,0.1517081595385037
2025-09-19,0.2647505582043477,0.18502372945351997,0.09998714883821283,-0.13198254063713305,-0.17690945270009484,0.2847768152345816,0.2012806043014212,0.108405799810776,-0.1494406254041569,-0.19843062600333988,0.2892806284901508,0.20537673738488002,0.1142032910066307,-0.12047764947823653,-0.17661371033754442,0.9946125198141877,0.9125760361501245,0.8196091997296773,0.54987215070608,0.5072039703686626,0.06383395585023982,-0.014227254465480843,-0.11056868850274126,-0.43920661465493094,-0.46895395184136984,0.14425001565154344,0.0969011479644804,0.04933268260508056,-0.048752638206963184,-0.07352475734772446,0.4818742188165356,0.4230276493989852,0.3648331305508089,0.2471465150684301,0.21787639905545442,0.4088448235786202,0.36970942163329684,0.33126337558812763,0.2556269069358371,0.23680829473306642,0.46340052179324387,0.4174504412611889,0.3720108684455782,0.281114743010798,0.25498281778606935,0.5677740692161392,0.5246917984578183,0.4820964753523514,0.3975078100118285,0.3711997790543551,0.9711442219823989,0.9277075677796206,0.8850843697692404,0.8017120596170293,0.7722073117472033,1.5433760615326695,1.4833352571489489,1.424942473706289,1.3122993450126605,1.275138210208355,2.431328032786766,2.3516789318061333,2.2740442077185996,2.1238858126568885,2.079853156502106,-0.013494421590202643,-0.03501077407496844,-0.0566780622389117,-0.10061193611618091,-0.11434634159626456,,,,,,0.27586681357528264,0.2360215146195788,0.19642437671385865,0.11624643262454407,0.09141804733616879,0.2518936581251509,0.21219551263459693,0.1713835425675849,0.08448195957883103,0.0577086482697243,0.10613350673456745,0.07987356446820049,0.05313922913829422,-0.0022399333715385494,-0.02504637053708797,-0.18098005956237317,-0.20863792420754562,-0.2367112704884728,-0.2946773838609436,-0.3175549369234545,-0.08519451571103492,-0.10828964451245648,-0.1312185644006042,-0.17702328400910727,-0.19648787711842425,0.10193160411930124,0.08498475271083705,0.06812253030430893,0.03457090942012453,0.010223807861006406
2025-10-17,0.18555018866012266,0.09799158651694952,0.004509335693398505,-0.24517874436133358,-0.30052091235978046,0.34756642972300644,0.26746868098635895,0.17953912033233105,-0.07973412701467048,-0.14749448964468487,0.5901376749525686,0.5053380749747648,0.41627986041728005,0.2147527967096339,0.13744514082857054,1.5160185480395483,1.4245896137772318,1.3332296440461715,1.1452785471889817,1.0775156681388536,1.9730749024387115,1.858397379063509,1.744558338722324,1.5127143427216678,1.4236864110375755,2.6950942853418827,2.5834645749317176,2.470737624993494,2.234939083031784,2.1317244030775333,3.92199762256378,3.8591833668863846,3.793196105304603,3.6497575016465604,3.4917161402036285,0.20485195837753697,0.1615679640189517,0.11826103842711233,0.030541187878002946,-0.0006552602281143793,0.12714109454807485,0.07995145290046854,0.032829069582367906,-0.06258456499305741,-0.10176275156984696,0.13376527135892802,0.09105132687297804,0.047559447010392386,-0.04238781469153438,-0.08699395216377487,0.7479820347414534,0.7109820667377151,0.6733060915729636,0.5952199984847846,0.5458469331370702,1.84633821917299,1.8069161215089038,1.766855684022837,1.6838803791544228,1.6238668732822799,2.3578560917628923,2.3039704991116396,2.249358583722372,2.136697800702799,2.058187362719396,4.555355910334902,4.520864583384468,4.4858063647583535,4.413605012206585,4.301967163556255,,,,,,0.3207718578667925,0.2748473879242874,0.22940578427090047,0.13861462804191596,0.09821175103525497,0.4153327331503322,0.3687142543646041,0.3230661295223066,0.23302568915195376,0.19255327145362647,0.8682950541124115,0.8352817264300847,0.8017364945028618,0.732594402560239,0.6749122715875129,1.461522752604541,1.4361719261402446,1.410477869423696,1.357897994724866,1.2867112401306573,2.1885707381032713,2.162016278533524,2.135163245916894,2.08045766233212,1.9891591651485192,4.20255656955832,4.168741848228579,4.1348311998442435,4.066646635673053,3.9189462083840203
2025-11-21,0.08890861439709286,-0.022679746684821284,-0.15263462572468386,-0.6883733388419511,-0.743502526033397,0.054861634989794544,-0.037501195949465854,-0.1379044782980027,-0.4301395542404668,-0.47987963159688174,-0.4143513541247695,-0.4958133429420431,-0.5901652498214374,-0.9322878171844973,-0.9920255190327458,-0.29402201001024925,-0.371425222813215,-0.46396594558849946,-0.907734697219973,-0.9794077418238886,-0.04047317304749298,-0.11904661158003849,-0.22265599441239964,-0.8572451495548228,-0.9105964231438445,-0.06452039639006046,-0.12659861002293737,-0.19521263915312947,-0.36956269010918413,-0.41941791411346135,0.010507016507632971,-0.05759140340028479,-0.12535054940830248,-0.26653132896237874,-0.28736333570200556,0.15275601238841932,0.10741250085416335,0.0606070298894463,-0.04017974681295325,-0.058696007120726784,0.24222608937743279,0.1934714902881519,0.1436057467601273,0.038341554316202925,0.019543353618301812,0.5319502798891411,0.47076427581161695,0.4083253533912831,0.2766153913729137,0.2522870897331437,-0.11491868452951548,-0.1497864093925771,-0.1868898686243573,-0.27033756849913004,-0.28659070596237674,-0.24536002032073745,-0.27911069773578695,-0.3150365300348566,-0.3959171419514034,-0.41093100142464856,-0.3395737475001978,-0.3622426947045868,-0.38598187959768654,-0.4372310719904815,-0.4536206991296163,-0.5693333489487058,-0.5881680298407825,-0.6074182466403341,-0.6472882219065671,-0.6682120678372476,-0.2335268339436568,-0.2612152705327524,-0.28879805855634655,-0.3439497568463645,-0.36806807575473177,-0.3093460870557835,-0.34562079282578967,-0.3831331651750326,-0.46314004928747127,-0.4869965194931315,-0.46064208566947934,-0.4979092996107395,-0.5371268259147151,-0.6230675562121041,-0.6486986156968566,-0.4971122501140648,-0.5355633742508864,-0.5765872728943906,-0.6688521645250747,-0.6906071535123569,-0.7046667688371911,-0.7568305342100505,-0.8131214193953659,-0.9421929161971323,-0.9671069490143198,-0.6218512717358662,-0.6476553665943422,-0.6743521121169336,-0.7307307948902586,-0.7607116891511929,-0.5693333489487058,-0.5881680298407825,-0.6074182466403341,-0.6472882219065671,-0.6682120678372476
2025-12-19,0.01834877110229821,-0.07630980931306813,-0.1863326663407302,-0.55489495130833,-0.5983851213458824,0.0003646235664485076,-0.1671882812158047,-0.37876482515773885,-1.232744857513441,-1.3407462581998233,0.07095354883816068,-0.03935924720484635,-0.16519911448111804,-0.5296864865522617,-0.6205901889943368,-0.043301288715303976,-0.19216075469508745,-0.3618507231539964,-0.8624426241934214,-1.0130495356778317,-0.22871046836652242,-0.32131045150511467,-0.42375458258954724,-0.6931654108440248,-0.7894007554817626,-0.1331551882992501,-0.22865586028120183,-0.33637456133045696,-0.6305812610248132,-0.7406098204363295,-0.5189281002778316,-0.5993274532351528,-0.6867504934828932,-0.8935039203468897,-0.9478372089228774,0.19659214647550544,0.16721943892721425,0.13886457660187101,0.08423675032837313,0.0711416553341433,0.07235338150472387,0.028959030585279544,-0.01623090106931535,-0.11589831717097454,-0.13905174113418833,0.16834572902694367,0.12573741492373625,0.08181117221570594,-0.012958017534874688,-0.038756271902650186,0.1942887474659733,0.1663421285877309,0.13631279735525198,0.0659423466317518,0.046232191699846215,0.1753150701864643,0.15290344641453585,0.13054488907104972,0.08571111380538582,0.06938322017329346,0.24711583884843613,0.2262017226372106,0.2051506879672262,0.16241028880527875,0.15049781865774003,0.2806181114775591,0.2581831599100627,0.23583444357796723,0.191169759536163,0.17866312142115792,,,,,,-0.01013784419656244,-0.03957262821728208,-0.06941810738036469,-0.13210977991713613,-0.15460261067865716,0.2825425769674334,0.25212902346959754,0.2210314523159131,0.15438663266707353,0.1306476469055895,0.16760002424407666,0.13476957191255268,0.10002689490849831,0.02096786845811438,-0.015014324629373299,0.1026419810557993,0.06810066600992754,0.03069004765780231,-0.058601824972532135,-0.08489369118968237,0.17319140081623385,0.13878769003877695,0.10046103355922925,0.0036430061852122386,-0.02816330159321928,0.13206185716735153,0.11349815691741572,0.09474171164012002,0.056510967624831876,0.031028881775870376
2026-01-16,0.12024135564174188,0.018321243579571017,-0.09673072122925253,-0.5627914301910495,-0.6252134359921573,0.08816492411927723,-0.012762858305183089,-0.12324293795150737,-0.42398268181870835,-0.4788952256229853,0.13542640411288903,0.009385541666507957,-0.1290260800211113,-0.5207367991346193,-0.5938594232618966,0.390715977343603,0.25762164219953293,0.12054176909670483,-0.2542570548899,-0.3165682274676621,0.7534105975653622,0.6551045307748384,0.5618030632663104,0.3802179787577149,0.343950997076715,1.0851666989096969,0.9761671636129184,0.8694169804828983,0.656170767885139,0.6091570997510163,-0.5142084242906902,-0.5782806365653445,-0.6500861702085191,-0.8236431160921588,-0.8918585668115135,0.08938492987051475,0.040531842705220145,-0.007237359011132483,-0.10118228713828414,-0.14520443396624488,0.051833761609766105,-0.00033631882447276995,-0.056852900645651516,-0.2030878698210325,-0.24183627735016514,0.021597669933782426,-0.025966745481656783,-0.0770746944142886,-0.20211328638796908,-0.23426826117961133,0.08278664371762484,0.039877000566980236,-0.003008092139177132,-0.08993503949796555,-0.12473482142777409,-0.09077781345685254,-0.1269778126441614,-0.16430592884986753,-0.24332561023682314,-0.28915495221459175,-0.30590157704276166,-0.3290302274542577,-0.3533358377741775,-0.4059693262013855,-0.4461379935709996,-0.30683906057266874,-0.3365391993963984,-0.3680381936104131,-0.4372307335873108,-0.4567136900215,-0.02016555191622038,-0.05162087330094778,-0.08234088011974305,-0.1424028667002425,-0.20850596801290028,-0.17920593451180983,-0.23207372157711575,-0.28774738379222925,-0.41240846128051617,-0.4596494700289897,-0.31982270049321354,-0.3653977819497349,-0.4134252137550004,-0.5193753647222995,-0.5557816801172519,-0.399406498070188,-0.4367115012967603,-0.475854258882801,-0.5608801865970934,-0.5997506978596038,-0.17626644361124527,-0.19750311486870692,-0.2197304896078659,-0.26774348617503424,-0.29912858109630047,-0.2868128232563307,-0.3122808318835943,-0.33934153013442414,-0.3990653441432692,-0.4401220459975878,-0.08664461028710946,-0.10285585768371885,-0.11965585644055465,-0.15520126247383048,-0.21790300618324865
2026-02-20,0.1265542922998369,-0.021841159232010215,-0.18057960637377019,-0.6617621770245908,-0.727576189209837,0.02762579007969021,-0.07959376277535385,-0.19451788693926028,-0.693987878143001,-0.7737100875028289,-0.29801591234603264,-0.38981290492736037,-0.48684596030925237,-0.7216356318739309,-0.7762075505381189,-0.5974065837627676,-0.6959695987580178,-0.7986706756449307,-1.032068214608745,-1.0863006656267822,-0.6513194614806961,-0.7247764048922877,-0.7978473153702386,-0.949310441150857,-1.0011163488820916,-0.8981037880550735,-0.963872845192491,-1.026623541808648,-1.1504119319404245,-1.2002219508008225,-1.397752715702723,-1.4756357558986142,-1.554438144783279,-1.7212121875833586,-1.7883685202527606,-0.5779780487344537,-0.6612834799913739,-0.7470770968440299,-0.9292308729894514,-0.9858100765200523,-0.042246338669532424,-0.11684939438987035,-0.19260653158998717,-0.35044423696195937,-0.39623888641029026,-0.3040735448720935,-0.3940503065175092,-0.48493243834064337,-0.6730196509744744,-0.7264391202616274,-0.2853992616701331,-0.3934220434889586,-0.5037105159635796,-0.7359568400645397,-0.8057025224696125,0.7941150775217344,0.7232527673816657,0.6491131233859675,0.4872973462476998,0.42036487187582156,0.6892818394895853,0.6008867151383024,0.5077257940628616,0.3017403616273193,0.22115612623862813,-0.8225758342926202,-0.8574850949139181,-0.8930498998072527,-0.9664762504279389,-0.9901299708784681,0.36876670874505757,0.2977511371421785,0.22173208732701738,0.04932070064763469,-0.03414806620596875,0.22108022691979015,0.16909097294705017,0.11552260513359384,0.0019121373308329248,-0.0402553645301629,0.4566103041156829,0.3946316868966729,0.33014838979712946,0.19078628530988773,0.14205770194234066,0.6243646479255226,0.5501992409996538,0.4724869714974529,0.3019761523673026,0.23850028838742524,1.009455498215843,0.9200344404062188,0.8277595592277976,0.6303203061891303,0.5551458483156011,1.065119504588178,0.9819205456970341,0.8940414174747181,0.6988531340503741,0.6144669495459489,-0.8287295125510925,-0.9200649337873403,-1.0219294612601744,-1.2673352289565278,-1.3894385514074354
2026-03-20,-0.015463939260699,-0.1256893623478987,-0.24794268276340428,-0.6139458990833244,-0.6631874409428706,-0.009288259648635652,-0.14664589307960302,-0.2936397994829957,-0.6816877093925967,-0.751853694780969,-0.09353262421670044,-0.23041392483856582,-0.3759958580856041,-0.755032261896695,-0.807293281138638,-0.40358105301736513,-0.5679250823858009,-0.7446431994599987,-1.2209388659397402,-1.2808533004367557,-0.6659042006088861,-0.8668232731894503,-1.0798227865519636,-1.6280613964073811,-1.695085573229613,-1.718916200333039,-1.8800993892829707,-2.0605451096666805,-2.500612367912188,-2.5921743683116962,0.13332816087632193,0.08347668139968123,0.02857605999792101,-0.10585856160609619,-0.15274786435351828,-0.09952073726901726,-0.1457842234630826,-0.19259899228778646,-0.2889663492906928,-0.3183253132284764,-0.3993367782166132,-0.4535950111986618,-0.5094676961473439,-0.6279028976252272,-0.6608742580375009,-0.15016623391873346,-0.190772640121784,-0.2325373118050168,-0.3211966392740626,-0.3488864560247539,-0.37310226211722264,-0.41490177063925787,-0.4574764577990078,-0.5460305874983539,-0.570315943590733,-0.5571255161331364,-0.5993490466952189,-0.6429440937879201,-0.7353967338300537,-0.7598623939505474,-0.43215002761336724,-0.46756290387105937,-0.5037092205439941,-0.5790841056417785,-0.6000533790401099,-0.24837130487653036,-0.2898405271000474,-0.3318497191759111,-0.41885358456547217,-0.4303473095561797,0.31869145151204215,0.2904763692901201,0.2619022951453159,0.20295185042708958,0.1783824173840431,-0.2597936234173332,-0.2993415789604104,-0.3396176661258815,-0.423218740179357,-0.4547381478134961,-0.681092917831863,-0.7291105775896376,-0.7786481161140082,-0.8834240968867231,-0.918091524643394,-1.0277596733150178,-1.0916280028134557,-1.1579735831623301,-1.2999702820746215,-1.345632318894181,-1.2801502145863175,-1.349487122235193,-1.4207936219589425,-1.5709632086035845,-1.6238784771328678,-0.4377721489042765,-0.475272471973254,-0.5137115076557983,-0.594383000608764,-0.614478374595439,0.041591095351034,0.010356436361518173,-0.02066927782111061,-0.08310467239320873,-0.09862716449089615
2026-04-17,0.10687091956858852,-0.00550823323421154,-0.13584187846072648,-0.6087546927011669,-0.6650530719695235,0.29817661972913045,0.18460374344237565,0.05792921648907488,-0.30104827424937297,-0.34668338827146383,0.4900748348310313,0.3543401879517425,0.2053765533168311,-0.18400386042880007,-0.23680409059431815,0.2914390571561842,0.09705479572078402,-0.1164404312250567,-0.6689084190381789,-0.747010473292252,0.48807248103493045,0.2584918311372317,0.005199832999441378,-0.6671159709930261,-0.7389047863429201,0.5798034234244838,0.3107835332361345,-0.0034698548305245325,-0.8987326209441906,-0.9971898596172631,-1.041410727347407,-1.3205367488619717,-1.6817852312971462,-2.8633354897322767,-2.927459110069873,-0.16534520704898575,-0.22334252908794555,-0.28244466116731826,-0.40582089561295015,-0.43287255733597474,0.1414398149967787,0.09625356298986025,0.05089063115793041,-0.041739309253680454,-0.06697947519000176,0.0880787209372202,0.04392311184570707,-0.0009282302328151026,-0.09382707266720537,-0.12225793601509351,0.11492555175041475,0.07015279746141664,0.024112634024212508,-0.07287337910041243,-0.09914242500489626,-0.03153117349209218,-0.07797134308819886,-0.12669073231706637,-0.23223553464366464,-0.26400201015044944,0.16886969496643933,0.11887177975398722,0.06686516698626799,-0.04435227483916271,-0.07819276767172567,-0.1558934773624443,-0.20788482057502788,-0.26342064913242713,-0.387001324933653,-0.4143485527851025,-0.13681277873305583,-0.1765972896424801,-0.2165779199890535,-0.29801741615382193,-0.3248034504898769,0.007985647355508399,-0.02989597282196177,-0.06894264537220296,-0.15318864761899767,-0.18147016140320688,0.03104577731757313,-0.009357205490310595,-0.05191481830645935,-0.14731393063110393,-0.1759727179098013,0.11512357928476735,0.07610247729044009,0.03416962486198023,-0.06101686189171052,-0.09256416889269234,-0.15430057191062177,-0.19000269644599696,-0.22808385971947107,-0.313313403415858,-0.3442216281701699,-0.20870241867257538,-0.23023092496043024,-0.2523898184472527,-0.298792328617055,-0.3264346760617531,-0.002746770157168621,-0.03358626263404596,-0.06552843778774298,-0.13308335844837194,-0.15877348490360976
2026-05-15,0.06412406521102362,-0.05036494382254626,-0.17797941881920545,-0.6117197706885877,-0.6709897711490209,0.07353486830033423,-0.007741407188620653,-0.0908016792948746,-0.2761558306182918,-0.320243821142119,-0.023066211352117866,-0.11222705410793499,-0.2033398348239896,-0.4089878547667219,-0.45603829635224624,0.24163591025930922,0.1725209789449021,0.10599945851732745,-0.025201548852219813,-0.07115902197441942,0.3400177322353946,0.2498623982358186,0.16461039702939503,0.0005888511487139314,-0.044784849466060844,0.6639416826955554,0.5460691979346999,0.43653762015263153,0.23118036396151442,0.18094779525945032,1.8009194063389664,1.6359835868244623,1.4933310890977305,1.2576226211857482,1.2422438006172816,-0.13882058989235274,-0.20608529372454704,-0.27789209603034853,-0.44121784045919166,-0.47649241724267755,-0.22368573443596984,-0.27050645329823747,-0.31835935860443787,-0.41899184108514753,-0.4473450309715198,-0.36237045503941856,-0.4054869209480533,-0.4505146250346676,-0.54902447650528,-0.5748076163484545,-0.6065599689167177,-0.6642352842885297,-0.7255927749691358,-0.8644442717723537,-0.8966326999062664,-0.5783644658021933,-0.6431572517541022,-0.7120132388330752,-0.868433303877113,-0.9030742765497435,-0.7469114146145557,-0.8301706053798776,-0.919033356155664,-1.123099708153257,-1.1626255356598314,-0.651483935757217,-0.7171718017184784,-0.7809703680453608,-0.9053454447791482,-0.9486454844586235,,,,,,-0.25284649602535614,-0.29118634756596706,-0.3302266205865422,-0.410970063669327,-0.4422129297969658,0.3039609614645012,0.2720730445087579,0.24045176989746425,0.17767116168977531,0.1541895145426942,0.3322677504824494,0.29660652369366375,0.261573681994243,0.1929616214565383,0.16974688442614388,-0.025643607556291914,-0.045717361104105125,-0.06601781287506991,-0.10751448538110964,-0.12690294383366274,0.08404695615380853,0.07167161453178772,0.05953885867298603,0.035928973925246965,0.01825298079434745,-0.15809792077928875,-0.1698554825905172,-0.18144807630907578,-0.20418395244411047,-0.23392996594799664
2026-06-18,0.08053044323271422,-0.04551231858572821,-0.18813461346298122,-0.6536830106762569,-0.7088062099461545,-0.2227876559466934,-0.36284230494692843,-0.5318784280496281,-1.2064266561268013,-1.290629546554149,-0.01055382999416854,-0.10382949641089667,-0.21798878399487015,-0.7248180695612902,-0.7759546924181244,0.1476091597537247,0.06435602504709914,-0.033618045205738134,-0.48396293790959855,-0.5299894376642753,0.31355365983276223,0.23275304174629202,0.13527490447001178,-0.44972955260809716,-0.4958774929354331,0.5844996804502007,0.513196898454404,0.4186059218889033,-0.34271814872103223,-0.3905604048327266,0.8821038117817175,0.7885106185357045,0.6488650478196336,-0.768404979590043,-0.8314549928027363,0.38110168215681034,0.30865412201390907,0.23432363581109483,0.07651703768737382,0.046687693392872875,0.23406307998942347,0.16768145694030856,0.10074695465487922,-0.0373540179207074,-0.0656664561382012,0.16172035426520198,0.10076390194030095,0.03741535234795262,-0.0993831735357319,-0.12821003068377904,0.2082639822232123,0.13936175163493084,0.06847174988294513,-0.08253420825110164,-0.11093975602282564,0.25920243662136405,0.20675774377809486,0.15146507126751585,0.028890517402910196,0.005184666667528856,0.08404369610575119,0.024737061575897,-0.03745648249572919,-0.17438711512720068,-0.19971035519862274,0.21808690444751955,0.16318803871777166,0.1088738877561165,0.001010900519752056,-0.01897773358508814,0.2267291955533912,0.1682937578983798,0.10814839797778342,-0.019275703556257684,-0.05101144130145599,0.02688416644336837,-0.022505693426001436,-0.07299391810892322,-0.17921091338856643,-0.21246606804817408,0.28694495353366806,0.23522240983648596,0.1817855052820769,0.06657381350766353,0.030481644633856976,0.06032214114932477,0.017181733558717993,-0.02836493962413464,-0.12905533360895396,-0.15946715451071367,0.21532196711519613,0.17755650476249651,0.1388324141296653,0.0578007374716691,0.03124683446274138,0.24816402842123342,0.21049710969126195,0.17128698317914604,0.08733062953123943,0.05968985629735912,0.15358365759534942,0.10493014755993357,0.053686882356709265,-0.05816059012413066,-0.08698122832804778
2026-07-17,0.003687966923862085,-0.11978543826163826,-0.25753829106875187,-0.6657766209739691,-0.7261480641023131,-0.6795091231696824,-0.8915627429086486,-1.154279481117564,-2.1616192019746783,-2.353567925540486,-0.8515135755037665,-1.0561352781402413,-1.2871634300297567,-1.9020455905989362,-2.1026293487837626,-0.21880592364870238,-0.3204983023040662,-0.4359677487435707,-0.741782071067818,-0.7860655141078401,-0.3875588141844188,-0.4906027380538626,-0.6032944391241426,-0.8802024078341875,-0.9309796364998391,-0.6654222454254386,-0.7768670645116053,-0.9012367585962313,-1.2148087790282738,-1.279902916648959,-1.260828468758441,-1.3801445308576168,-1.5080752258036614,-1.8064641089523863,-1.8424441178645288,,,,,,-0.2532800038495862,-0.3124628249300223,-0.37242349257281376,-0.496152360721779,-0.5239017454598198,-0.2634184456045569,-0.30827782911743734,-0.3534329689008624,-0.44567124893142096,-0.46861373253395816,-0.47702672519835376,-0.5264835223453139,-0.5771878563810129,-0.683477528985035,-0.7086522464381149,-0.3639740276480071,-0.4125183184416002,-0.4622509258435954,-0.566283699576735,-0.5895667294432254,-0.40135048225328196,-0.45695338570990235,-0.513730128582397,-0.6319544371445027,-0.6575285808081602,-0.7718977335537711,-0.8350889087192113,-0.9006555587637909,-1.0402104108891717,-1.0709642754482593,,,,,,-0.02446751407977657,-0.06575046698696263,-0.1072597105825429,-0.1918042336140119,-0.22632722488738566,-0.05846399459757418,-0.10004436668252742,-0.14244933408721117,-0.23067275559610512,-0.266314716225489,-0.273176986284184,-0.31525029680118144,-0.3582467604670798,-0.4476388411585964,-0.48489609088745045,-0.4576387830582964,-0.49355733696361226,-0.5305708693846747,-0.608708113162013,-0.636984582446841,-0.36114422225122816,-0.3864464535523675,-0.4116947146595253,-0.46217832863198277,-0.48669545116073065,-0.15139523456561987,-0.1730013936935898,-0.19410667257445946,-0.23494539776455203,-0.26007046409927914
2026-08-21,0.0465701881323195,-0.06510496930882168,-0.18739880149149454,-0.5458336622243218,-0.5888166868908318,-0.1053000365136185,-0.21135471381915452,-0.3272433912344836,-0.6268876747593221,-0.6779633991208274,-0.300683762850208,-0.4184867138528627,-0.5515748346621795,-0.9174291926095322,-0.9706999765762614,-0.3162000092146078,-0.472882679685195,-0.6548742175405998,-1.1912017743952172,-1.256168754527536,-0.8319567404809045,-1.0259884628877598,-1.2650742055899147,-2.030468858698658,-2.1285532020681166,-1.1566012101088103,-1.4219265985982745,-1.7529344496291532,-2.8375900582159614,-2.9627082429836626,-0.2187360718536604,-0.40228834819231074,-0.6477090900129266,-1.6192451877596605,-1.7880198246701653,-0.08405267159960345,-0.1328486387215652,-0.18209124912735947,-0.2832011658257816,-0.30337742281009183,0.04796424303770802,-0.0014020045308235085,-0.05080371421419247,-0.15099425072345815,-0.1718571496434655,0.1176046933686372,0.06369842716424216,0.009526766191944102,-0.10090461431729014,-0.12275425296179825,0.6100225844705406,0.5521294844271004,0.4949760142305899,0.3818232789986904,0.35704425735643713,1.3949267583260083,1.3196157663339685,1.2454203113340996,1.098833989911466,1.0728482362663339,2.3237723159836836,2.2246280712266313,2.1275628209524022,1.9375579234490505,1.9045308338167417,1.4265498063521354,1.354411801122122,1.282970576123732,1.1404412326111215,1.1208187333695954,-0.17262611330151476,-0.2140375548114965,-0.25484128975718456,-0.33531230200210926,-0.3594651235056482,-0.8843956572370549,-0.9538309860588848,-1.0251870896946207,-1.1755589628219552,-1.207640937116185,0.03680354442841774,-0.0014846218609826933,-0.039139123383525404,-0.11321105918311876,-0.13237482123862013,-0.13878516472838331,-0.17575064603715917,-0.21264034968372406,-0.2865728249702866,-0.3095232484672442,0.021655356114460983,-0.020236928478491054,-0.06181238770256824,-0.1444838766752753,-0.17158900167529223,0.1223139648328973,0.07506077597709632,0.028618406986266554,-0.06231544197032829,-0.08979802203940246,1.245345837677065,1.1872451089254468,1.1315072579670173,1.0263742240235108,0.9979328238634841
2026-09-18,0.03390806401521859,-0.07293661150442884,-0.19268589058191854,-0.5335380914543875,-0.5807258564930213,0.12393945925969738,0.028639078559948822,-0.07993069020845175,-0.3810101219932973,-0.4454317290411909,0.13874102628251786,0.014389649087100664,-0.12784553956398517,-0.5266812252746496,-0.6154511170589887,0.030626643793638525,-0.08337228693997825,-0.22156940213191528,-0.6485233285720517,-0.761003448522906,0.2368135134061546,0.10677993762034918,-0.056937017403338785,-0.6036254843718364,-0.7579108856375818,0.7764022093651534,0.690889544149585,0.5956973008470119,0.3525296653129495,0.28098568698455456,0.9651686340959122,0.8757523060441973,0.7759866951823895,0.5203527504710393,0.4220556356401888,0.3598131646846478,0.33011642885340553,0.30077480154148506,0.24273585566974878,0.223725760486951,0.05381615057396466,0.013335744379170303,-0.027886128328285437,-0.11358224771448971,-0.1423659546011784,0.17834530998562673,0.1413258122409193,0.10388239070417803,0.02681611606996684,-0.0019114068194202305,0.42386920179044324,0.39211693640336237,0.36055080040505993,0.2975473824808039,0.27456219261138476,0.3166558530183698,0.2826997914722358,0.2495080022430497,0.18494020414308585,0.16587023359740552,0.4286790113941394,0.3946656685813852,0.3612551164762241,0.29575833608522245,0.2815005132496742,0.772640313142974,0.7213431253058338,0.6716560395082728,0.5763667951152661,0.5598884030981397,,,,,,-0.08106498670716623,-0.11939674669757652,-0.15850158879512752,-0.24001212405801037,-0.2709302724011101,-0.054372835957647886,-0.09437894598213938,-0.13568371174812058,-0.22358851870495908,-0.25812280842562435,-0.14382050478257383,-0.1821533860253292,-0.22150786329679734,-0.3045228899036499,-0.3395275176191222,-0.25208793070976865,-0.2914362563671987,-0.3331265015680285,-0.42516879073342617,-0.47213852189700123,-0.34796149479329713,-0.39266159727022343,-0.440755458064868,-0.5495055939229982,-0.5939011134685788,-0.2773749829092669,-0.29337689005077083,-0.30946635240199216,-0.3419736647385453,-0.36001638282016246
