universe,K,kind,hedge,cost,sides,period,avg_positions,n,mean,sharpe,maxdd,worst,hit
P,10,STRADDLE,H0,e000,LS,pre_2019_2020,20.0,18,-0.15535417715006092,-1.2476976888918592,-1.0057277410205148,-1.1797336562798415,0.3888888888888889
P,10,STRADDLE,H0,e000,LS,dev_2021_2023,20.0,36,-0.2484872936649517,-2.068705274622641,-1.0000103441510224,-1.4742355125370086,0.2222222222222222
P,10,STRADDLE,H0,e000,LS,hold_2024_2025,20.0,24,-0.09457341783325424,-1.1260425000676038,-0.995971656085859,-0.9652338881825987,0.3333333333333333
P,10,STRADDLE,H0,e000,LS,ext_2026,20.0,9,-0.11399917457129766,-1.6303635054467562,-0.8156652559783963,-0.4026120480498071,0.3333333333333333
P,10,STRADDLE,H0,e000,LS,post_2021_2026,20.0,69,-0.1774101039286673,-1.7026907869570622,-1.0000103441510224,-1.4742355125370086,0.2753623188405797
P,10,STRADDLE,H0,e000,LS,frozen_2024_2026,20.0,33,-0.09987135148908428,-1.2583900429689456,-0.9988001724000457,-0.9652338881825987,0.3333333333333333
P,10,STRADDLE,H0,e050,LS,pre_2019_2020,20.0,18,-1.0067650172624996,-5.235865430580305,-1.1015769157480284,-2.905824888846433,0.0
P,10,STRADDLE,H0,e050,LS,dev_2021_2023,20.0,36,-0.8772281786098521,-5.637077375901193,-1.1694593258886976,-2.3813847679731976,0.0
P,10,STRADDLE,H0,e050,LS,hold_2024_2025,20.0,24,-0.33755180962204,-2.846321862354593,-1.416085882288253,-1.6619079118425506,0.08333333333333333
P,10,STRADDLE,H0,e050,LS,ext_2026,20.0,9,-0.24330008672967057,-3.1808544102355696,-0.9639611914161006,-0.7118978495839452,0.1111111111111111
P,10,STRADDLE,H0,e050,LS,post_2021_2026,20.0,69,-0.606828386107981,-3.8591458239105463,-1.1694593258886976,-2.3813847679731976,0.043478260869565216
P,10,STRADDLE,H0,e050,LS,frozen_2024_2026,20.0,33,-0.31184679428775747,-2.8802376944568713,-1.416085882288253,-1.6619079118425506,0.09090909090909091
P,10,STRADDLE,H0,e050,L,pre_2019_2020,10.0,18,-0.009352263756912723,-0.04379929778994258,-0.9629065390997705,-0.6719318981754797,0.2777777777777778
P,10,STRADDLE,H0,e050,L,dev_2021_2023,10.0,36,-0.1339991554686046,-1.6765758005657074,-0.9993385941411016,-0.563550873318549,0.2777777777777778
P,10,STRADDLE,H0,e050,L,hold_2024_2025,10.0,24,-0.06509014929322389,-0.7886947744268762,-0.9617389228649597,-0.5141400130529178,0.3333333333333333
P,10,STRADDLE,H0,e050,L,ext_2026,10.0,9,-0.21675447366327363,-2.2090069428532626,-0.9592718190206952,-0.5492340404744915,0.2222222222222222
P,10,STRADDLE,H0,e050,L,post_2021_2026,10.0,69,-0.12082497743299425,-1.451948897015226,-0.9999961251153568,-0.563550873318549,0.2898550724637681
P,10,STRADDLE,H0,e050,L,frozen_2024_2026,10.0,33,-0.10645314684869202,-1.2135766131727916,-0.9959535862766322,-0.5492340404744915,0.30303030303030304
P,10,STRADDLE,H0,e050,S,pre_2019_2020,10.0,18,-2.004177770768086,-4.389908392823934,-1.6659126047692743,-5.825382539682539,0.0
P,10,STRADDLE,H0,e050,S,dev_2021_2023,10.0,36,-1.6204572017510994,-5.641217337508292,-1.9875545943394701,-4.548393290043291,0.0
P,10,STRADDLE,H0,e050,S,hold_2024_2025,10.0,24,-0.6100134699508563,-2.954524321110752,-2.1568136667324267,-3.2670031746031754,0.125
P,10,STRADDLE,H0,e050,S,ext_2026,10.0,9,-0.2698456997960675,-1.6075806188083739,-1.4377874022059303,-1.712559736813859,0.3333333333333333
P,10,STRADDLE,H0,e050,S,post_2021_2026,10.0,69,-1.0928317947829675,-3.709045921351165,-1.9875545943394701,-4.548393290043291,0.08695652173913043
P,10,STRADDLE,H0,e050,S,frozen_2024_2026,10.0,33,-0.517240441726823,-2.597395391743323,-2.1568136667324267,-3.2670031746031754,0.18181818181818182
P,10,STRADDLE,H0,e100,LS,pre_2019_2020,20.0,18,-1.8581758573749378,-5.233251844291073,-2.1414673644207456,-5.878766190058764,0.0
P,10,STRADDLE,H0,e100,LS,dev_2021_2023,20.0,36,-1.5059690635547525,-6.854659791193225,-1.5360037025129012,-3.2885340234093854,0.0
P,10,STRADDLE,H0,e100,LS,hold_2024_2025,20.0,24,-0.5805302014108259,-3.4935916707626022,-1.320650586475486,-2.358581935502502,0.08333333333333333
P,10,STRADDLE,H0,e100,LS,ext_2026,20.0,9,-0.37260099888804343,-4.215280824971831,-1.0071678876015353,-1.0211836511180832,0.1111111111111111
P,10,STRADDLE,H0,e100,LS,post_2021_2026,20.0,69,-1.0362466682872942,-4.386684363871234,-1.5360037025129012,-3.2885340234093854,0.043478260869565216
P,10,STRADDLE,H0,e100,LS,frozen_2024_2026,20.0,33,-0.5238222370864306,-3.4893000530592855,-1.320650586475486,-2.358581935502502,0.09090909090909091
P,10,STRADDLE,H0,tick,LS,pre_2019_2020,20.0,18,-1.8782996908070797,-5.284341970143271,-2.247195146242915,-5.899467391927844,0.0
P,10,STRADDLE,H0,tick,LS,dev_2021_2023,20.0,36,-1.5237746236471992,-6.90682436508023,-1.547556059240151,-3.3125493364789578,0.0
P,10,STRADDLE,H0,tick,LS,hold_2024_2025,20.0,24,-0.5918057742478735,-3.533765453231382,-1.3032042324167104,-2.376344490071465,0.08333333333333333
P,10,STRADDLE,H0,tick,LS,ext_2026,20.0,9,-0.3797063915925354,-4.295189767055794,-1.0095919786754073,-1.0289014669728904,0.1111111111111111
P,10,STRADDLE,H0,tick,LS,post_2021_2026,20.0,69,-1.0503852544576948,-4.4193617649366,-1.547556059240151,-3.3125493364789578,0.043478260869565216
P,10,STRADDLE,H0,tick,LS,frozen_2024_2026,20.0,33,-0.5339604880691449,-3.5301145897188704,-1.3032042324167104,-2.376344490071465,0.09090909090909091
P,10,STRADDLE,H1,e050,LS,pre_2019_2020,20.0,18,-1.1085554011988976,-4.833644317484023,-1.1292894862846992,-3.064429846581482,0.0
P,10,STRADDLE,H1,e050,LS,dev_2021_2023,20.0,36,-0.8342210578111632,-7.555644225983534,-1.0002469965201124,-1.622940921814584,0.0
P,10,STRADDLE,H1,e050,LS,hold_2024_2025,20.0,24,-0.38502423315357737,-3.640252667468314,-1.2343763454178656,-1.6602752932014568,0.125
P,10,STRADDLE,H1,e050,LS,ext_2026,20.0,9,-0.2534878181402054,-7.11548444609503,-0.9353855839292625,-0.4099586887522305,0.0
P,10,STRADDLE,H1,e050,LS,post_2021_2026,20.0,69,-0.6022308701470953,-4.86699156725544,-1.0002469965201124,-1.6602752932014568,0.043478260869565216
P,10,STRADDLE,H1,e050,LS,frozen_2024_2026,20.0,33,-0.34915066542265777,-3.7534739669680612,-1.2343763454178656,-1.6602752932014568,0.09090909090909091
P,10,STRADDLE,H1,e050,L,pre_2019_2020,10.0,18,-0.1605267182621952,-2.9365369287110825,-0.9719063207864841,-0.5050777797028372,0.16666666666666666
P,10,STRADDLE,H1,e050,L,dev_2021_2023,10.0,36,-0.127987176017743,-2.950219767626176,-0.9956014286251981,-0.412559426375202,0.16666666666666666
P,10,STRADDLE,H1,e050,L,hold_2024_2025,10.0,24,-0.11729136145084718,-1.9619799307239185,-0.970075821932895,-0.38518566177384744,0.20833333333333334
P,10,STRADDLE,H1,e050,L,ext_2026,10.0,9,-0.25277687907392105,-4.594854778121592,-0.9468211738159251,-0.62137730308946,0.0
P,10,STRADDLE,H1,e050,L,post_2021_2026,10.0,69,-0.14054381048006334,-2.707101109458907,-0.9999930004096957,-0.62137730308946,0.15942028985507245
P,10,STRADDLE,H1,e050,L,frozen_2024_2026,10.0,33,-0.15424195716623096,-2.557152409650112,-0.9984086673358681,-0.62137730308946,0.15151515151515152
P,10,STRADDLE,H1,e050,S,pre_2019_2020,10.0,18,-2.0565840841356,-4.68841776196905,-2.9303971177490795,-5.858947900647215,0.0
P,10,STRADDLE,H1,e050,S,dev_2021_2023,10.0,36,-1.5404549396045837,-6.8740643615919526,-1.000014276999534,-3.265140191532393,0.0
P,10,STRADDLE,H1,e050,S,hold_2024_2025,10.0,24,-0.6527571048563076,-3.2072135524274863,-1.017735080361444,-3.1072753472251735,0.08333333333333333
P,10,STRADDLE,H1,e050,S,ext_2026,10.0,9,-0.2541987572064899,-4.156863046638019,-0.9587486117876183,-0.7654044736600306,0.0
P,10,STRADDLE,H1,e050,S,post_2021_2026,10.0,69,-1.0639179298141275,-4.254952398653458,-1.000014276999534,-3.265140191532393,0.028985507246376812
P,10,STRADDLE,H1,e050,S,frozen_2024_2026,10.0,33,-0.5440593736790845,-2.976260360974794,-1.017735080361444,-3.1072753472251735,0.06060606060606061
P,10,STRADDLE,H2_15,e050,LS,pre_2019_2020,20.0,18,-1.1065855040374981,-4.871859331892427,-1.160844551171923,-3.108552792824332,0.0
P,10,STRADDLE,H2_15,e050,LS,dev_2021_2023,20.0,36,-0.8352454857402263,-7.511270711386159,-1.0002762832763885,-1.6207485008882858,0.0
P,10,STRADDLE,H2_15,e050,LS,hold_2024_2025,20.0,24,-0.37928332167027495,-3.540745737199743,-1.2226331158533457,-1.6622573566073526,0.125
P,10,STRADDLE,H2_15,e050,LS,ext_2026,20.0,9,-0.2553222151546139,-7.384794338843354,-0.9365149160500572,-0.4166201036477971,0.0
P,10,STRADDLE,H2_15,e050,LS,post_2021_2026,20.0,69,-0.6010077846829895,-4.816431887294426,-1.0002762832763885,-1.6622573566073526,0.043478260869565216
P,10,STRADDLE,H2_15,e050,LS,frozen_2024_2026,20.0,33,-0.3454757471660037,-3.6810806754939294,-1.2226331158533457,-1.6622573566073526,0.09090909090909091
P,10,STRADDLE,H2_15,e050,L,pre_2019_2020,10.0,18,-0.15718870917602018,-2.7235777141061943,-0.9711345766681913,-0.5189048517649373,0.16666666666666666
P,10,STRADDLE,H2_15,e050,L,dev_2021_2023,10.0,36,-0.13220734332399783,-3.2247825805629797,-0.9961065384196865,-0.38418178846697915,0.16666666666666666
P,10,STRADDLE,H2_15,e050,L,hold_2024_2025,10.0,24,-0.12303662694094249,-2.2351844826892213,-0.9726133063879066,-0.36107395507290485,0.20833333333333334
P,10,STRADDLE,H2_15,e050,L,ext_2026,10.0,9,-0.2502777357972816,-4.6315519039776785,-0.9432288831285005,-0.58157410390609,0.1111111111111111
P,10,STRADDLE,H2_15,e050,L,post_2021_2026,10.0,69,-0.1444180149046678,-2.962075523773455,-0.9999939465503429,-0.58157410390609,0.17391304347826086
P,10,STRADDLE,H2_15,e050,L,frozen_2024_2026,10.0,33,-0.1577387475381259,-2.7955407864188535,-0.9984452268162239,-0.58157410390609,0.18181818181818182
P,10,STRADDLE,H2_15,e050,S,pre_2019_2020,10.0,18,-2.0559822988989764,-4.73577970721057,-2.918699356869875,-5.932674093170929,0.0
P,10,STRADDLE,H2_15,e050,S,dev_2021_2023,10.0,36,-1.538283628156455,-6.778504209308871,-1.0000031036004913,-3.283003251355879,0.0
P,10,STRADDLE,H2_15,e050,S,hold_2024_2025,10.0,24,-0.6355300163996074,-3.10707211238613,-1.0265999392429264,-3.1195565356411694,0.08333333333333333
P,10,STRADDLE,H2_15,e050,S,ext_2026,10.0,9,-0.26036669451194616,-3.7259162352390103,-0.9740114877167612,-0.8582628410143458,0.0
P,10,STRADDLE,H2_15,e050,S,post_2021_2026,10.0,69,-1.057597554461311,-4.19114289179639,-1.0000031036004913,-3.283003251355879,0.028985507246376812
P,10,STRADDLE,H2_15,e050,S,frozen_2024_2026,10.0,33,-0.5332127467938815,-2.90498852639708,-1.0265999392429264,-3.1195565356411694,0.06060606060606061
P,10,STRADDLE,H2_25,e050,LS,pre_2019_2020,20.0,18,-1.051399646765513,-5.076686412048958,-1.1480937679308496,-2.896487902252386,0.0
P,10,STRADDLE,H2_25,e050,LS,dev_2021_2023,20.0,36,-0.8356700562387467,-7.392014365796592,-1.0002561623004589,-1.6337191950301395,0.0
P,10,STRADDLE,H2_25,e050,LS,hold_2024_2025,20.0,24,-0.3671449061185374,-3.4343488026911904,-1.2453976524759656,-1.6403960322781201,0.125
P,10,STRADDLE,H2_25,e050,LS,ext_2026,20.0,9,-0.25846832089504806,-5.294991499045428,-0.9461647257162549,-0.5047777147663688,0.1111111111111111
P,10,STRADDLE,H2_25,e050,LS,post_2021_2026,20.0,69,-0.5974176037608001,-4.714907900723069,-1.0002561623004589,-1.6403960322781201,0.057971014492753624
P,10,STRADDLE,H2_25,e050,LS,frozen_2024_2026,20.0,33,-0.33750583742122214,-3.555414401268214,-1.2453976524759656,-1.6403960322781201,0.12121212121212122
P,10,STRADDLE,H2_25,e050,L,pre_2019_2020,10.0,18,-0.1478532874238866,-2.3193372976088726,-0.9668974024022159,-0.48783477314994295,0.16666666666666666
P,10,STRADDLE,H2_25,e050,L,dev_2021_2023,10.0,36,-0.13752812567642014,-3.2036344154032674,-0.9970468061285616,-0.38908027853231775,0.16666666666666666
P,10,STRADDLE,H2_25,e050,L,hold_2024_2025,10.0,24,-0.10756968334402117,-1.852977160412267,-0.9588765703670772,-0.35218720912502377,0.20833333333333334
P,10,STRADDLE,H2_25,e050,L,ext_2026,10.0,9,-0.26038938731188194,-4.505787824316606,-0.9526170724889969,-0.6173537923435984,0.0
P,10,STRADDLE,H2_25,e050,L,post_2021_2026,10.0,69,-0.14313317986108073,-2.7692265880020877,-0.999994245558555,-0.6173537923435984,0.15942028985507245
P,10,STRADDLE,H2_25,e050,L,frozen_2024_2026,10.0,33,-0.14924778442616504,-2.4685957329188284,-0.9980514515146994,-0.6173537923435984,0.15151515151515152
P,10,STRADDLE,H2_25,e050,S,pre_2019_2020,10.0,18,-1.9549460061071393,-4.971405799268182,-2.66522634067231,-5.538305073529617,0.0
P,10,STRADDLE,H2_25,e050,S,dev_2021_2023,10.0,36,-1.5338119868010736,-6.707563958017806,-1.036626850926879,-3.299473557560926,0.0
P,10,STRADDLE,H2_25,e050,S,hold_2024_2025,10.0,24,-0.6267201288930536,-3.082832655892982,-1.105970043650797,-3.110520260526031,0.08333333333333333
P,10,STRADDLE,H2_25,e050,S,ext_2026,10.0,9,-0.256547254478214,-2.901581200956675,-0.9960543193545612,-0.9792337600033447,0.1111111111111111
P,10,STRADDLE,H2_25,e050,S,post_2021_2026,10.0,69,-1.0517020276605196,-4.145831976768217,-1.036626850926879,-3.299473557560926,0.043478260869565216
P,10,STRADDLE,H2_25,e050,S,frozen_2024_2026,10.0,33,-0.5257638904162791,-2.8515742780763724,-1.105970043650797,-3.110520260526031,0.09090909090909091
P,10,STRANGLE25,H0,e000,LS,pre_2019_2020,20.0,18,-0.6206052914360609,-1.1586886142800357,-3.7554272716154267,-7.796053911880323,0.3888888888888889
P,10,STRANGLE25,H0,e000,LS,dev_2021_2023,20.0,36,-0.231016028449093,-1.530152074770507,-1.6524860742632752,-1.8967246955154522,0.3333333333333333
P,10,STRANGLE25,H0,e000,LS,hold_2024_2025,20.0,24,-0.06720276532982362,-0.36693925516976483,-3.027609753640847,-2.3990210337313993,0.625
P,10,STRANGLE25,H0,e000,LS,ext_2026,20.0,9,0.014533747393054726,0.24121891882501287,-0.3466819627348162,-0.29262432034918223,0.4444444444444444
P,10,STRANGLE25,H0,e000,LS,post_2021_2026,20.0,69,-0.142009270515154,-0.9112049350738181,-1.6524860742632752,-2.3990210337313993,0.4492753623188406
P,10,STRANGLE25,H0,e000,LS,frozen_2024_2026,20.0,33,-0.044910989132674994,-0.28330877618063205,-3.027609753640847,-2.3990210337313993,0.5757575757575758
P,10,STRANGLE25,H0,e050,LS,pre_2019_2020,20.0,18,-1.1037995341432312,-1.7895922695234008,-1.098409667829239,-9.269934223891457,0.16666666666666666
P,10,STRANGLE25,H0,e050,LS,dev_2021_2023,20.0,36,-0.7044970661981952,-4.144929157497176,-1.0489834101075863,-2.383161727041763,0.05555555555555555
P,10,STRANGLE25,H0,e050,LS,hold_2024_2025,20.0,24,-0.40655243954811365,-1.4683522392924215,-1.1169454087544923,-4.266481310706006,0.2916666666666667
P,10,STRANGLE25,H0,e050,LS,ext_2026,20.0,9,-0.11283150993635231,-2.0169468526632333,-0.7194278314172742,-0.38864232637846763,0.3333333333333333
P,10,STRANGLE25,H0,e050,LS,post_2021_2026,20.0,69,-0.523690384372709,-2.472157753552821,-1.0489834101075863,-4.266481310706006,0.17391304347826086
P,10,STRANGLE25,H0,e050,LS,frozen_2024_2026,20.0,33,-0.3264467314721786,-1.363123186954676,-1.1169454087544923,-4.266481310706006,0.30303030303030304
P,10,STRANGLE25,H0,e050,L,pre_2019_2020,10.0,18,0.12985739629989146,0.2369636484176126,-0.999745958647078,-0.9170755958556575,0.16666666666666666
P,10,STRANGLE25,H0,e050,L,dev_2021_2023,10.0,36,-0.257866552711435,-1.5192322065039194,-0.999999999623571,-0.9070485811716953,0.25
P,10,STRANGLE25,H0,e050,L,hold_2024_2025,10.0,24,0.019922716152363944,0.11120688295803774,-0.9964205787951795,-0.7364223444136732,0.375
P,10,STRANGLE25,H0,e050,L,ext_2026,10.0,9,-0.14782415623499987,-1.1478897064123057,-0.9362027266246283,-0.6094360061617061,0.3333333333333333
P,10,STRANGLE25,H0,e050,L,post_2021_2026,10.0,69,-0.14689084226188295,-0.8626167709233379,-0.9999999999984178,-0.9070485811716953,0.30434782608695654
P,10,STRANGLE25,H0,e050,L,frozen_2024_2026,10.0,33,-0.025826430862371633,-0.1551935136061958,-0.9975106018536749,-0.7364223444136732,0.36363636363636365
P,10,STRANGLE25,H0,e050,S,pre_2019_2020,10.0,18,-2.3374564645863547,-1.3467431161479053,-2.4850445046093577,-25.965408231583233,0.2222222222222222
P,10,STRANGLE25,H0,e050,S,dev_2021_2023,10.0,36,-1.1511275796849554,-3.236094545858031,-3.582389175326492,-4.125228925120772,0.1388888888888889
P,10,STRANGLE25,H0,e050,S,hold_2024_2025,10.0,24,-0.8330275952485913,-1.6396097022023757,-1.0049152255337765,-7.995522154471546,0.3333333333333333
P,10,STRANGLE25,H0,e050,S,ext_2026,10.0,9,-0.07783886363770473,-0.6315964442829374,-0.9317408906221978,-0.7024262649605297,0.3333333333333333
P,10,STRANGLE25,H0,e050,S,post_2021_2026,10.0,69,-0.900489926483535,-2.2195968081439865,-3.582389175326492,-7.995522154471546,0.2318840579710145
P,10,STRANGLE25,H0,e050,S,frozen_2024_2026,10.0,33,-0.6270670320819858,-1.405510228689804,-1.0049152255337765,-7.995522154471546,0.3333333333333333
P,10,STRANGLE25,H0,e100,LS,pre_2019_2020,20.0,18,-1.5869937768504017,-2.2533381435120923,-1.1973761620904306,-10.743814535902592,0.05555555555555555
P,10,STRANGLE25,H0,e100,LS,dev_2021_2023,20.0,36,-1.1779781039472976,-5.160883888370026,-1.2792355202569452,-3.5171885763006516,0.0
P,10,STRANGLE25,H0,e100,LS,hold_2024_2025,20.0,24,-0.7459021137664036,-1.9262132406118166,-1.491006309471007,-6.133941587680613,0.16666666666666666
P,10,STRANGLE25,H0,e100,LS,ext_2026,20.0,9,-0.24019676726575934,-4.581972945814058,-0.9332798600574541,-0.484660332407753,0.1111111111111111
P,10,STRANGLE25,H0,e100,LS,post_2021_2026,20.0,69,-0.9053714982302643,-3.073655815459679,-1.2792355202569452,-6.133941587680613,0.07246376811594203
P,10,STRANGLE25,H0,e100,LS,frozen_2024_2026,20.0,33,-0.6079824738116826,-1.8100420657861234,-1.491006309471007,-6.133941587680613,0.15151515151515152
P,10,STRANGLE25,H0,tick,LS,pre_2019_2020,20.0,18,-1.6190938706200018,-2.292306360517594,-1.1430107643327558,-10.79997605997151,0.05555555555555555
P,10,STRANGLE25,H0,tick,LS,dev_2021_2023,20.0,36,-1.2086534123980326,-5.239245652730992,-1.2573553091514402,-3.557634762866563,0.0
P,10,STRANGLE25,H0,tick,LS,hold_2024_2025,20.0,24,-0.7662321482639215,-1.9660510730557832,-1.5382428916736346,-6.185995864930012,0.125
P,10,STRANGLE25,H0,tick,LS,ext_2026,20.0,9,-0.25472372932615517,-4.823756166425652,-0.944634877246037,-0.49823374540344884,0.1111111111111111
P,10,STRANGLE25,H0,tick,LS,post_2021_2026,20.0,69,-0.9303421444724445,-3.1301634058516705,-1.2573553091514402,-6.185995864930012,0.057971014492753624
P,10,STRANGLE25,H0,tick,LS,frozen_2024_2026,20.0,33,-0.6267298521899852,-1.8535462730824812,-1.5382428916736346,-6.185995864930012,0.12121212121212122
P,10,STRANGLE25,H1,e050,LS,pre_2019_2020,20.0,18,-0.6029382300951277,-3.9585021470006816,-1.0550157072260336,-1.5495595884104143,0.16666666666666666
P,10,STRANGLE25,H1,e050,LS,dev_2021_2023,20.0,36,-0.7454394649234778,-5.000681738454532,-1.8795121189951174,-2.1572395842590706,0.027777777777777776
P,10,STRANGLE25,H1,e050,LS,hold_2024_2025,20.0,24,-0.5516153784375353,-2.4112260350986574,-1.3163651700460446,-3.650092288502184,0.16666666666666666
P,10,STRANGLE25,H1,e050,LS,ext_2026,20.0,9,-0.3055147182336498,-6.233363099892317,-0.9718621123276556,-0.6383095755080307,0.0
P,10,STRANGLE25,H1,e050,LS,post_2021_2026,20.0,69,-0.6206409026644767,-3.5055940559307155,-1.8795121189951174,-3.650092288502184,0.07246376811594203
P,10,STRANGLE25,H1,e050,LS,frozen_2024_2026,20.0,33,-0.4844970165637483,-2.4455478774114097,-1.3163651700460446,-3.650092288502184,0.12121212121212122
P,10,STRANGLE25,H1,e050,L,pre_2019_2020,10.0,18,-0.17114608297902975,-1.4186686465351812,-0.9950011756440976,-0.7113207780385007,0.2222222222222222
P,10,STRANGLE25,H1,e050,L,dev_2021_2023,10.0,36,-0.22712510029112515,-2.465903964012555,-0.9999931948611437,-0.7236451793765883,0.19444444444444445
P,10,STRANGLE25,H1,e050,L,hold_2024_2025,10.0,24,-0.06836966869667603,-0.5277355625562345,-0.977088188389832,-0.590646962521445,0.3333333333333333
P,10,STRANGLE25,H1,e050,L,ext_2026,10.0,9,-0.3643291765215406,-4.321144829789413,-0.993819882898292,-0.7972542471809069,0.1111111111111111
P,10,STRANGLE25,H1,e050,L,post_2021_2026,10.0,69,-0.1898020035926753,-1.7539041803941153,-0.9999999990364081,-0.7972542471809069,0.2318840579710145
P,10,STRANGLE25,H1,e050,L,frozen_2024_2026,10.0,33,-0.1490858981034573,-1.203963365223067,-0.9998584023212369,-0.7972542471809069,0.2727272727272727
P,10,STRANGLE25,H1,e050,S,pre_2019_2020,10.0,18,-1.0347303772112255,-3.5642642061965333,-1.0748358081229785,-3.412296274968553,0.05555555555555555
P,10,STRANGLE25,H1,e050,S,dev_2021_2023,10.0,36,-1.2637538295558302,-3.755645842577171,-4.500844501942941,-4.500844501942941,0.08333333333333333
P,10,STRANGLE25,H1,e050,S,hold_2024_2025,10.0,24,-1.0348610881783944,-2.3780648077512767,-2.1674086959001113,-6.958339343045094,0.125
P,10,STRANGLE25,H1,e050,S,ext_2026,10.0,9,-0.24670025994575895,-2.7049719895341466,-0.9755349139976128,-0.7789246351220462,0.1111111111111111
P,10,STRANGLE25,H1,e050,S,post_2021_2026,10.0,69,-1.0514798017362783,-2.8891836676618627,-4.500844501942941,-6.958339343045094,0.10144927536231885
P,10,STRANGLE25,H1,e050,S,frozen_2024_2026,10.0,33,-0.8199081350240394,-2.125659257767875,-2.1674086959001113,-6.958339343045094,0.12121212121212122
P,10,STRANGLE25,H2_15,e050,LS,pre_2019_2020,20.0,18,-0.6207357502827398,-3.8220715801874157,-1.0875863455934924,-1.7313526030195223,0.1111111111111111
P,10,STRANGLE25,H2_15,e050,LS,dev_2021_2023,20.0,36,-0.7470063311205883,-5.226089469443331,-1.5370454377155967,-2.0423290652021593,0.0
P,10,STRANGLE25,H2_15,e050,LS,hold_2024_2025,20.0,24,-0.5568415029160465,-2.3211279943426764,-1.2745546056898818,-3.6923845758478264,0.20833333333333334
P,10,STRANGLE25,H2_15,e050,LS,ext_2026,20.0,9,-0.3000635561880649,-5.4734789325258575,-0.9715392531424275,-0.63693617562761,0.1111111111111111
P,10,STRANGLE25,H2_15,e050,LS,post_2021_2026,20.0,69,-0.6225651593625925,-3.464401547124908,-1.5370454377155967,-3.6923845758478264,0.08695652173913043
P,10,STRANGLE25,H2_15,e050,LS,frozen_2024_2026,20.0,33,-0.4868111538084151,-2.3410559011450167,-1.2745546056898818,-3.6923845758478264,0.18181818181818182
P,10,STRANGLE25,H2_15,e050,L,pre_2019_2020,10.0,18,-0.1709601124175928,-1.2346710959674438,-0.9972504978946253,-0.7840839014453926,0.2222222222222222
P,10,STRANGLE25,H2_15,e050,L,dev_2021_2023,10.0,36,-0.23023364080672742,-2.257429863832018,-0.9999960192446067,-0.6582318739287016,0.19444444444444445
P,10,STRANGLE25,H2_15,e050,L,hold_2024_2025,10.0,24,-0.04964624948865414,-0.3833432309129127,-0.9656198291108421,-0.53658187060929,0.3333333333333333
P,10,STRANGLE25,H2_15,e050,L,ext_2026,10.0,9,-0.36263039074007714,-5.10548625245572,-0.9909321657571416,-0.7250910367536061,0.1111111111111111
P,10,STRANGLE25,H2_15,e050,L,post_2021_2026,10.0,69,-0.18468977642653017,-1.6455074513768175,-0.9999999985893615,-0.7250910367536061,0.2318840579710145
P,10,STRANGLE25,H2_15,e050,L,frozen_2024_2026,10.0,33,-0.1350055607390422,-1.1028229493953803,-0.9996456354723359,-0.7250910367536061,0.2727272727272727
P,10,STRANGLE25,H2_15,e050,S,pre_2019_2020,10.0,18,-1.070511388147887,-3.339294423232889,-1.0449310280869721,-4.169625208849309,0.1111111111111111
P,10,STRANGLE25,H2_15,e050,S,dev_2021_2023,10.0,36,-1.2637790214344493,-3.665134732472784,-4.496219600274385,-4.609580871040832,0.05555555555555555
P,10,STRANGLE25,H2_15,e050,S,hold_2024_2025,10.0,24,-1.0640367563434387,-2.3251344503215963,-2.0653659088491674,-7.078946846709044,0.125
P,10,STRANGLE25,H2_15,e050,S,ext_2026,10.0,9,-0.23749672163605265,-2.2220051822365585,-0.9853158906658956,-0.8561634473567773,0.1111111111111111
P,10,STRANGLE25,H2_15,e050,S,post_2021_2026,10.0,69,-1.0604405422986545,-2.807532091421679,-4.496219600274385,-7.078946846709044,0.08695652173913043
P,10,STRANGLE25,H2_15,e050,S,frozen_2024_2026,10.0,33,-0.838616746877788,-2.064398923023719,-2.0653659088491674,-7.078946846709044,0.12121212121212122
P,10,STRANGLE25,H2_25,e050,LS,pre_2019_2020,20.0,18,-0.6165798714473044,-3.7979506471202225,-1.0560401824261207,-1.739040803976622,0.16666666666666666
P,10,STRANGLE25,H2_25,e050,LS,dev_2021_2023,20.0,36,-0.7294642845272087,-4.89945231546488,-1.5951189940169563,-1.9381726531608003,0.05555555555555555
P,10,STRANGLE25,H2_25,e050,LS,hold_2024_2025,20.0,24,-0.5510025102136334,-2.1048154130402748,-1.4506663857190898,-3.810334902134366,0.20833333333333334
P,10,STRANGLE25,H2_25,e050,LS,ext_2026,20.0,9,-0.2992743124176015,-5.064657564184725,-0.9738117151329257,-0.6585624088497621,0.1111111111111111
P,10,STRANGLE25,H2_25,e050,LS,post_2021_2026,20.0,69,-0.6112788884038424,-3.1866682963065296,-1.5951189940169563,-3.810334902134366,0.11594202898550725
P,10,STRANGLE25,H2_25,e050,LS,frozen_2024_2026,20.0,33,-0.48234936536017015,-2.13151990575845,-1.4506663857190898,-3.810334902134366,0.18181818181818182
P,10,STRANGLE25,H2_25,e050,L,pre_2019_2020,10.0,18,-0.11211300694347422,-0.704905222831737,-0.9928882379055224,-0.7681188521341463,0.2777777777777778
P,10,STRANGLE25,H2_25,e050,L,dev_2021_2023,10.0,36,-0.217031310899732,-2.0354948447009327,-0.9999941248467136,-0.6728837906798799,0.19444444444444445
P,10,STRANGLE25,H2_25,e050,L,hold_2024_2025,10.0,24,-0.06825807620223823,-0.5308898381721453,-0.991391108208421,-0.5821728870422656,0.375
P,10,STRANGLE25,H2_25,e050,L,ext_2026,10.0,9,-0.3806662330701574,-4.36263227021135,-0.9952985150439061,-0.7457009873306221,0.1111111111111111
P,10,STRANGLE25,H2_25,e050,L,post_2021_2026,10.0,69,-0.18662778433152877,-1.6239746461282234,-0.9999999995027578,-0.7457009873306221,0.2463768115942029
P,10,STRANGLE25,H2_25,e050,L,frozen_2024_2026,10.0,33,-0.1534603008025798,-1.2346683401557803,-0.9999153652387865,-0.7457009873306221,0.30303030303030304
P,10,STRANGLE25,H2_25,e050,S,pre_2019_2020,10.0,18,-1.1210467359511347,-3.156132377376148,-1.2580095106771727,-4.741714912268648,0.05555555555555555
P,10,STRANGLE25,H2_25,e050,S,dev_2021_2023,10.0,36,-1.2418972581546857,-3.61714594182191,-4.453345180055747,-4.453345180055747,0.08333333333333333
P,10,STRANGLE25,H2_25,e050,S,hold_2024_2025,10.0,24,-1.0337469442250287,-2.1146953291341877,-2.319159884395914,-7.072207323525163,0.16666666666666666
P,10,STRANGLE25,H2_25,e050,S,ext_2026,10.0,9,-0.21788239176504562,-1.914621604880331,-0.9839946665590371,-0.8197130069163213,0.4444444444444444
P,10,STRANGLE25,H2_25,e050,S,post_2021_2026,10.0,69,-1.035929992476156,-2.6546976719809017,-4.453345180055747,-7.072207323525163,0.15942028985507245
P,10,STRANGLE25,H2_25,e050,S,frozen_2024_2026,10.0,33,-0.8112384299177604,-1.8793015402269557,-2.319159884395914,-7.072207323525163,0.24242424242424243
P,10,IFLY10,H0,e000,LS,pre_2019_2020,20.0,18,-0.07384893207398079,-1.5164109891637485,-0.8105870120075529,-0.32706216156596374,0.3888888888888889
P,10,IFLY10,H0,e000,LS,dev_2021_2023,20.0,36,-0.09050627345131251,-2.5439418275519725,-0.9809904438399548,-0.37165018912655173,0.19444444444444445
P,10,IFLY10,H0,e000,LS,hold_2024_2025,20.0,24,-0.05072781332912823,-1.529438743127962,-0.7584070770626035,-0.2412990198925185,0.3333333333333333
P,10,IFLY10,H0,e000,LS,ext_2026,20.0,9,-0.038536817172983705,-0.8670105096668974,-0.5518437062006889,-0.23629536056927955,0.3333333333333333
P,10,IFLY10,H0,e000,LS,post_2021_2026,20.0,69,-0.06989166258990116,-1.9411433234679791,-0.996350870327912,-0.37165018912655173,0.2608695652173913
P,10,IFLY10,H0,e000,LS,frozen_2024_2026,20.0,33,-0.04740299619563426,-1.321280560973996,-0.8466278011069746,-0.2412990198925185,0.3333333333333333
P,10,IFLY10,H0,e050,LS,pre_2019_2020,20.0,18,-0.198878063277885,-4.071019975331946,-0.987477705105821,-0.495845810050272,0.16666666666666666
P,10,IFLY10,H0,e050,LS,dev_2021_2023,20.0,36,-0.18871006665532733,-5.2581724301906005,-0.9996835511735388,-0.4710588647203635,0.027777777777777776
P,10,IFLY10,H0,e050,LS,hold_2024_2025,20.0,24,-0.12241588959315608,-3.4636037364241856,-0.9648474106366743,-0.36626289018742597,0.08333333333333333
P,10,IFLY10,H0,e050,LS,ext_2026,20.0,9,-0.11720362507341747,-2.6396860474356583,-0.768597591527711,-0.31080708710563804,0.2222222222222222
P,10,IFLY10,H0,e050,LS,post_2021_2026,20.0,69,-0.15632429529693168,-4.1566801758150795,-0.999996490044932,-0.4710588647203635,0.07246376811594203
P,10,IFLY10,H0,e050,LS,frozen_2024_2026,20.0,33,-0.12099436290595464,-3.2439772307817285,-0.9898209066531812,-0.36626289018742597,0.12121212121212122
P,10,IFLY10,H0,e050,L,pre_2019_2020,10.0,18,-0.11955357608963871,-1.1196463936820213,-0.9815132670631053,-0.6299569271217113,0.3888888888888889
P,10,IFLY10,H0,e050,L,dev_2021_2023,10.0,36,-0.12967990186175513,-2.0775696101434113,-0.9985424089814866,-0.5289287114172738,0.2777777777777778
P,10,IFLY10,H0,e050,L,hold_2024_2025,10.0,24,-0.07864699812854359,-1.3687088815810453,-0.9326293483225372,-0.41113935776718913,0.2916666666666667
P,10,IFLY10,H0,e050,L,ext_2026,10.0,9,-0.06201222058031367,-0.7946550465220167,-0.7623456413800925,-0.43590515053917767,0.4444444444444444
P,10,IFLY10,H0,e050,L,post_2021_2026,10.0,69,-0.10310310735262398,-1.6497150762303852,-0.9999265487173485,-0.5289287114172738,0.30434782608695654
P,10,IFLY10,H0,e050,L,frozen_2024_2026,10.0,33,-0.07411024061538998,-1.1866728056636673,-0.9672038709450473,-0.43590515053917767,0.3333333333333333
P,10,IFLY10,H0,e050,S,pre_2019_2020,10.0,18,-0.2782025504661313,-5.080757770526321,-0.9990023687851329,-0.8266650277713546,0.0
P,10,IFLY10,H0,e050,S,dev_2021_2023,10.0,36,-0.24774023144889956,-7.748434509429135,-0.9999779857097314,-0.6527637923244237,0.0
P,10,IFLY10,H0,e050,S,hold_2024_2025,10.0,24,-0.16618478105776854,-4.881868273717578,-0.9899848997041616,-0.4310479781601747,0.08333333333333333
P,10,IFLY10,H0,e050,S,ext_2026,10.0,9,-0.17239502956652128,-5.857306207101628,-0.8296210001934281,-0.39185297749202513,0.0
P,10,IFLY10,H0,e050,S,post_2021_2026,10.0,69,-0.20954548324123945,-6.166004319193451,-0.9999999624356346,-0.6527637923244237,0.028985507246376812
P,10,IFLY10,H0,e050,S,frozen_2024_2026,10.0,33,-0.1678784851965193,-5.180555856347574,-0.9982936372286325,-0.4310479781601747,0.06060606060606061
P,10,IFLY10,H0,e100,LS,pre_2019_2020,20.0,18,-0.3239071944817893,-6.082793765794703,-0.9995724738256108,-0.6646294585345804,0.0
P,10,IFLY10,H0,e100,LS,dev_2021_2023,20.0,36,-0.2869138598593421,-7.71156169354765,-0.9999972982178998,-0.6138059028906302,0.0
P,10,IFLY10,H0,e100,LS,hold_2024_2025,20.0,24,-0.19410396585718392,-4.953220673083279,-0.9959343748347248,-0.49122676048233344,0.041666666666666664
P,10,IFLY10,H0,e100,LS,ext_2026,20.0,9,-0.19587043297385126,-4.390071997832762,-0.88860384201798,-0.3853188136419965,0.2222222222222222
P,10,IFLY10,H0,e100,LS,post_2021_2026,20.0,69,-0.24275692800396217,-5.9835491076524425,-0.999999998658438,-0.6138059028906302,0.043478260869565216
P,10,IFLY10,H0,e100,LS,frozen_2024_2026,20.0,33,-0.19458572961627504,-4.862415037250326,-0.9995034529200229,-0.49122676048233344,0.09090909090909091
P,10,IFLY10,H0,tick,LS,pre_2019_2020,20.0,18,-0.3280535296665021,-6.156199092144839,-0.9996213394144835,-0.6683983356496215,0.0
P,10,IFLY10,H0,tick,LS,dev_2021_2023,20.0,36,-0.29056293312825565,-7.811273574865028,-0.9999977714330163,-0.6185797702214538,0.0
P,10,IFLY10,H0,tick,LS,hold_2024_2025,20.0,24,-0.1970526038496494,-5.016127044578696,-0.9962920642309352,-0.4949556857123246,0.041666666666666664
P,10,IFLY10,H0,tick,LS,ext_2026,20.0,9,-0.1988646074720125,-4.460503004105968,-0.8917189717655835,-0.3875041662385858,0.2222222222222222
P,10,IFLY10,H0,tick,LS,post_2021_2026,20.0,69,-0.24607695003270874,-6.0569177743975295,-0.9999999990248558,-0.6185797702214538,0.043478260869565216
P,10,IFLY10,H0,tick,LS,frozen_2024_2026,20.0,33,-0.1975467866557484,-4.929182518707439,-0.9995624344192028,-0.4949556857123246,0.09090909090909091
P,10,IFLY10,H1,e050,LS,pre_2019_2020,20.0,18,-0.22230077827545053,-8.968394696063541,-0.9902974632225793,-0.39841569536279814,0.0
P,10,IFLY10,H1,e050,LS,dev_2021_2023,20.0,36,-0.17228992203939403,-5.074448788451719,-0.9993719568911041,-0.7318957938463091,0.027777777777777776
P,10,IFLY10,H1,e050,LS,hold_2024_2025,20.0,24,-0.11173354859734023,-3.6431721016310705,-0.9510920583741342,-0.3390387822630073,0.125
P,10,IFLY10,H1,e050,LS,ext_2026,20.0,9,-0.09104966077855642,-8.833788232259186,-0.5790740695763277,-0.1449342409560112,0.0
P,10,IFLY10,H1,e050,LS,post_2021_2026,20.0,69,-0.14063027980813564,-4.4035772667325945,-0.9999869649670454,-0.7318957938463091,0.057971014492753624
P,10,IFLY10,H1,e050,LS,frozen_2024_2026,20.0,33,-0.10609248828312647,-3.981828161101581,-0.9792450028192404,-0.3390387822630073,0.09090909090909091
P,10,IFLY10,H1,e050,L,pre_2019_2020,10.0,18,-0.1877889943293457,-4.352899098794577,-0.983149717177066,-0.5752553191704576,0.05555555555555555
P,10,IFLY10,H1,e050,L,dev_2021_2023,10.0,36,-0.10441171468502376,-1.6619603876385587,-1.1031447128686938,-1.13200502212,0.1388888888888889
P,10,IFLY10,H1,e050,L,hold_2024_2025,10.0,24,-0.060167435599918134,-1.1901322504726914,-0.9025299656600112,-0.2842578458359064,0.2916666666666667
P,10,IFLY10,H1,e050,L,ext_2026,10.0,9,-0.06146974559164869,-2.4939310184720993,-0.4791908539663622,-0.2010479383472616,0.2222222222222222
P,10,IFLY10,H1,e050,L,post_2021_2026,10.0,69,-0.08342127381715549,-1.5210053170608546,-1.1031447128686938,-1.13200502212,0.2028985507246377
P,10,IFLY10,H1,e050,L,frozen_2024_2026,10.0,33,-0.06052261105220828,-1.3570938478947379,-0.9178336311046089,-0.2842578458359064,0.2727272727272727
P,10,IFLY10,H1,e050,S,pre_2019_2020,10.0,18,-0.25681256222155535,-7.5033702531785025,-0.996374980952138,-0.6130154843838567,0.0
P,10,IFLY10,H1,e050,S,dev_2021_2023,10.0,36,-0.24016812939376425,-11.95100852300437,-0.9999562680523657,-0.38741300668860273,0.0
P,10,IFLY10,H1,e050,S,hold_2024_2025,10.0,24,-0.16329966159476236,-5.3069891880093705,-0.9886598861885867,-0.40790197243788934,0.041666666666666664
P,10,IFLY10,H1,e050,S,ext_2026,10.0,9,-0.12062957596546416,-8.182170966553347,-0.6898951223789211,-0.2127848729439586,0.0
P,10,IFLY10,H1,e050,S,post_2021_2026,10.0,69,-0.19783928579911578,-7.304502852882754,-0.9999998462111569,-0.40790197243788934,0.014492753623188406
P,10,IFLY10,H1,e050,S,frozen_2024_2026,10.0,33,-0.15166236551404466,-5.480100331407914,-0.9964833753943025,-0.40790197243788934,0.030303030303030304
P,10,IFLY10,H2_15,e050,LS,pre_2019_2020,20.0,18,-0.22424339881258618,-8.755374363862337,-0.9908058420504654,-0.40511218210724775,0.0
P,10,IFLY10,H2_15,e050,LS,dev_2021_2023,20.0,36,-0.17287979752753682,-4.766717143517792,-0.9994885541960516,-0.7917418339995965,0.027777777777777776
P,10,IFLY10,H2_15,e050,LS,hold_2024_2025,20.0,24,-0.11072962397704085,-3.70081026963868,-0.9488069692285888,-0.30877815102475636,0.08333333333333333
P,10,IFLY10,H2_15,e050,LS,ext_2026,20.0,9,-0.0956840555791269,-9.500495935321277,-0.5979106009363915,-0.14100458876627034,0.0
P,10,IFLY10,H2_15,e050,LS,post_2021_2026,20.0,69,-0.14119333603844134,-4.2841037012402925,-0.9999894723100792,-0.7917418339995965,0.043478260869565216
P,10,IFLY10,H2_15,e050,LS,frozen_2024_2026,20.0,33,-0.10662628714124614,-4.111171109398703,-0.9794158250208784,-0.30877815102475636,0.06060606060606061
P,10,IFLY10,H2_15,e050,L,pre_2019_2020,10.0,18,-0.19009991306384358,-4.373489573340476,-0.9842914180562347,-0.589237217088345,0.05555555555555555
P,10,IFLY10,H2_15,e050,L,dev_2021_2023,10.0,36,-0.10442402481628542,-1.5603458325593293,-1.1856389447308529,-1.2392561966822604,0.16666666666666666
P,10,IFLY10,H2_15,e050,L,hold_2024_2025,10.0,24,-0.052099202062016146,-1.0138396883004828,-0.8790693309434232,-0.26249710234528373,0.2916666666666667
P,10,IFLY10,H2_15,e050,L,ext_2026,10.0,9,-0.06904272021346415,-2.9301455707266015,-0.5098282615521766,-0.1949722067742432,0.2222222222222222
P,10,IFLY10,H2_15,e050,L,post_2021_2026,10.0,69,-0.08160913369269333,-1.4176125360352931,-1.1856389447308529,-1.2392561966822604,0.21739130434782608
P,10,IFLY10,H2_15,e050,L,frozen_2024_2026,10.0,33,-0.0567201615578656,-1.2552767824885294,-0.9044612780267295,-0.26249710234528373,0.2727272727272727
P,10,IFLY10,H2_15,e050,S,pre_2019_2020,10.0,18,-0.25838688456132874,-7.625970681210131,-0.9964808071710347,-0.6045997265801426,0.0
P,10,IFLY10,H2_15,e050,S,dev_2021_2023,10.0,36,-0.24133557023878824,-11.647163011762556,-0.9999590874936555,-0.398835721118425,0.0
P,10,IFLY10,H2_15,e050,S,hold_2024_2025,10.0,24,-0.16936004589206552,-5.623599273552635,-0.9904092427780897,-0.4056625098591596,0.041666666666666664
P,10,IFLY10,H2_15,e050,S,ext_2026,10.0,9,-0.12232539094478964,-7.450807503094126,-0.6962610750298397,-0.2090491967865534,0.0
P,10,IFLY10,H2_15,e050,S,post_2021_2026,10.0,69,-0.20077753838418924,-7.436458002751463,-0.9999998808183388,-0.4056625098591596,0.014492753623188406
P,10,IFLY10,H2_15,e050,S,frozen_2024_2026,10.0,33,-0.15653241272462667,-5.689344102730433,-0.9970869137117672,-0.4056625098591596,0.030303030303030304
P,10,IFLY10,H2_25,e050,LS,pre_2019_2020,20.0,18,-0.2213163087372424,-8.837176510319685,-0.9901008214805676,-0.40638684785447987,0.0
P,10,IFLY10,H2_25,e050,LS,dev_2021_2023,20.0,36,-0.17862610631801457,-4.30531088979522,-0.9998312341712396,-0.9251255804414272,0.027777777777777776
P,10,IFLY10,H2_25,e050,LS,hold_2024_2025,20.0,24,-0.10469303661299008,-3.214050982588535,-0.9422771648150958,-0.3106455471528285,0.16666666666666666
P,10,IFLY10,H2_25,e050,LS,ext_2026,20.0,9,-0.09068355583309594,-6.768416193391587,-0.5793310164266501,-0.1598282576711812,0.0
P,10,IFLY10,H2_25,e050,LS,post_2021_2026,20.0,69,-0.14143948853127755,-3.786697865215325,-0.9999958463467206,-0.9251255804414272,0.07246376811594203
P,10,IFLY10,H2_25,e050,LS,frozen_2024_2026,20.0,33,-0.1008722691275644,-3.5424497813579894,-0.9753880669447964,-0.3106455471528285,0.12121212121212122
P,10,IFLY10,H2_25,e050,L,pre_2019_2020,10.0,18,-0.18412190311417437,-3.8738781659693093,-0.9829150496754167,-0.6071726660171325,0.05555555555555555
P,10,IFLY10,H2_25,e050,L,dev_2021_2023,10.0,36,-0.11792661433025008,-1.5378881208486537,-1.3846465359714668,-1.5103205197954388,0.16666666666666666
P,10,IFLY10,H2_25,e050,L,hold_2024_2025,10.0,24,-0.055825119484863434,-1.1007834209731429,-0.915223208624548,-0.23756525248139715,0.3333333333333333
P,10,IFLY10,H2_25,e050,L,ext_2026,10.0,9,-0.059934602325522404,-2.1743372630565827,-0.4864414103646002,-0.20639094243712744,0.2222222222222222
P,10,IFLY10,H2_25,e050,L,post_2021_2026,10.0,69,-0.0887619189051511,-1.3922953258833264,-1.3846465359714668,-1.5103205197954388,0.2318840579710145
P,10,IFLY10,H2_25,e050,L,frozen_2024_2026,10.0,33,-0.056945887532315886,-1.2611746731410514,-0.915223208624548,-0.23756525248139715,0.30303030303030304
P,10,IFLY10,H2_25,e050,S,pre_2019_2020,10.0,18,-0.2585107143603104,-7.652594804299051,-0.9964796358522225,-0.6042915917758485,0.0
P,10,IFLY10,H2_25,e050,S,dev_2021_2023,10.0,36,-0.23932559830577904,-11.066575267685872,-0.9999555740434584,-0.3890386573940243,0.0
P,10,IFLY10,H2_25,e050,S,hold_2024_2025,10.0,24,-0.15356095374111675,-4.97795600150341,-0.984974333463286,-0.40458052203576855,0.041666666666666664
P,10,IFLY10,H2_25,e050,S,ext_2026,10.0,9,-0.12143250934066947,-6.844944701332581,-0.6942456826624888,-0.20335651885115547,0.0
P,10,IFLY10,H2_25,e050,S,post_2021_2026,10.0,69,-0.19411705815740396,-6.878449476864494,-0.9999997958999403,-0.40458052203576855,0.014492753623188406
P,10,IFLY10,H2_25,e050,S,frozen_2024_2026,10.0,33,-0.14479865072281295,-5.183804491875341,-0.9954058375855259,-0.40458052203576855,0.030303030303030304
P,10,IFLY15,H0,e000,LS,pre_2019_2020,20.0,18,-0.10368762365500246,-2.823617598694614,-0.8817723226970335,-0.2793355021694448,0.2222222222222222
P,10,IFLY15,H0,e000,LS,dev_2021_2023,20.0,36,-0.09574337929489879,-3.07942473806751,-0.9819516732122109,-0.26299620419796244,0.2222222222222222
P,10,IFLY15,H0,e000,LS,hold_2024_2025,20.0,24,-0.05897472328958989,-1.6727688576171889,-0.8238921118674796,-0.28507655591058095,0.25
P,10,IFLY15,H0,e000,LS,ext_2026,20.0,9,-0.025701428795858974,-0.49472162911614004,-0.5385209892032943,-0.26416792082941787,0.4444444444444444
P,10,IFLY15,H0,e000,LS,post_2021_2026,20.0,69,-0.07381837496709051,-2.056300141451885,-0.9972378993896145,-0.28507655591058095,0.2608695652173913
P,10,IFLY15,H0,e000,LS,frozen_2024_2026,20.0,33,-0.04990018842766328,-1.2526082399109222,-0.8674255203199723,-0.28507655591058095,0.30303030303030304
P,10,IFLY15,H0,e050,LS,pre_2019_2020,20.0,18,-0.2661646689877692,-6.926075165628205,-0.9971188646500508,-0.485160794596209,0.05555555555555555
P,10,IFLY15,H0,e050,LS,dev_2021_2023,20.0,36,-0.20764414267407075,-6.577633617424119,-0.9998390951016073,-0.3799130968857155,0.027777777777777776
P,10,IFLY15,H0,e050,LS,hold_2024_2025,20.0,24,-0.1450281334973296,-3.764348110077908,-0.9823550896990842,-0.4131039324716765,0.125
P,10,IFLY15,H0,e050,LS,ext_2026,20.0,9,-0.12436969884983674,-2.3899650471419718,-0.8007774731182675,-0.3421363665255574,0.2222222222222222
P,10,IFLY15,H0,e050,LS,post_2021_2026,20.0,69,-0.1750027772442172,-4.6193183916628735,-0.9999992569664455,-0.4131039324716765,0.08695652173913043
P,10,IFLY15,H0,e050,LS,frozen_2024_2026,20.0,33,-0.1393940149571043,-3.3310893495871983,-0.9954853861842545,-0.4131039324716765,0.15151515151515152
P,10,IFLY15,H0,e050,L,pre_2019_2020,10.0,18,-0.1780053622624297,-2.1292387672576547,-0.9914780384541082,-0.6605501674429595,0.3333333333333333
P,10,IFLY15,H0,e050,L,dev_2021_2023,10.0,36,-0.14296320485596714,-2.5715337083824927,-0.9988207610856739,-0.45700169309682337,0.2777777777777778
P,10,IFLY15,H0,e050,L,hold_2024_2025,10.0,24,-0.08656119501395365,-1.3966055036792173,-0.9597990907011472,-0.6114865959070295,0.3333333333333333
P,10,IFLY15,H0,e050,L,ext_2026,10.0,9,-0.05284516232381308,-0.6219329543683715,-0.766666664070349,-0.4186222007487016,0.4444444444444444
P,10,IFLY15,H0,e050,L,post_2021_2026,10.0,69,-0.11159058718933368,-1.8009146086800263,-0.9999634942082255,-0.6114865959070295,0.3188405797101449
P,10,IFLY15,H0,e050,L,frozen_2024_2026,10.0,33,-0.07736591337118806,-1.1425145228344145,-0.9778373902099471,-0.6114865959070295,0.36363636363636365
P,10,IFLY15,H0,e050,S,pre_2019_2020,10.0,18,-0.35432397571310875,-6.520801143328912,-0.9999481786623814,-0.9499268093419151,0.0
P,10,IFLY15,H0,e050,S,dev_2021_2023,10.0,36,-0.2723250804921744,-9.090141905183195,-0.9999925997435796,-0.4670390535426613,0.0
P,10,IFLY15,H0,e050,S,hold_2024_2025,10.0,24,-0.2034950719807056,-5.597022972559859,-0.9968943978339241,-0.49380431812177594,0.08333333333333333
P,10,IFLY15,H0,e050,S,ext_2026,10.0,9,-0.19589423537586043,-5.395666695681359,-0.8733305917993794,-0.4267002014546016,0.0
P,10,IFLY15,H0,e050,S,post_2021_2026,10.0,69,-0.23841496729910078,-6.968145136321882,-0.9999999970888517,-0.49380431812177594,0.028985507246376812
P,10,IFLY15,H0,e050,S,frozen_2024_2026,10.0,33,-0.20142211654302056,-5.628560577173581,-0.9996066152115166,-0.49380431812177594,0.06060606060606061
P,10,IFLY15,H0,e100,LS,pre_2019_2020,20.0,18,-0.428641714320536,-9.437899751472546,-0.9999809022406484,-0.7846840860372357,0.0
P,10,IFLY15,H0,e100,LS,dev_2021_2023,20.0,36,-0.3195449060532427,-9.450341180723187,-0.9999994332500438,-0.5008951223635628,0.0
P,10,IFLY15,H0,e100,LS,hold_2024_2025,20.0,24,-0.23108154370506936,-5.3230516960210785,-0.9988332356326551,-0.5411313090327722,0.08333333333333333
P,10,IFLY15,H0,e100,LS,ext_2026,20.0,9,-0.22303796890381455,-4.257340516094136,-0.92399186507084,-0.42111741594027635,0.1111111111111111
P,10,IFLY15,H0,e100,LS,post_2021_2026,20.0,69,-0.2761871795213439,-6.654194491451754,-0.9999999999448034,-0.5411313090327722,0.043478260869565216
P,10,IFLY15,H0,e100,LS,frozen_2024_2026,20.0,33,-0.22888784148654534,-5.065451832409744,-0.9999026085497463,-0.5411313090327722,0.09090909090909091
P,10,IFLY15,H0,tick,LS,pre_2019_2020,20.0,18,-0.43368904341070497,-9.521787976278082,-0.9999840751347724,-0.7905781440247232,0.0
P,10,IFLY15,H0,tick,LS,dev_2021_2023,20.0,36,-0.3234955841865303,-9.566343303841819,-0.9999995434879017,-0.5065352325249862,0.0
P,10,IFLY15,H0,tick,LS,hold_2024_2025,20.0,24,-0.23453168470796534,-5.401168593274014,-0.9989573790260261,-0.5448572140706478,0.08333333333333333
P,10,IFLY15,H0,tick,LS,ext_2026,20.0,9,-0.22703955079103905,-4.334124129789563,-0.927376709203297,-0.42463866533952616,0.1111111111111111
P,10,IFLY15,H0,tick,LS,post_2021_2026,20.0,69,-0.27997039740326973,-6.742140852243166,-0.9999999999621522,-0.5448572140706478,0.043478260869565216
P,10,IFLY15,H0,tick,LS,frozen_2024_2026,20.0,33,-0.23248837545789455,-5.144619919174898,-0.9999170933806524,-0.5448572140706478,0.09090909090909091
P,10,IFLY15,H1,e050,LS,pre_2019_2020,20.0,18,-0.2769526445468658,-11.699990589791627,-0.9974024330689911,-0.47056149961716204,0.0
P,10,IFLY15,H1,e050,LS,dev_2021_2023,20.0,36,-0.20104180255959328,-6.205524990189592,-0.9998299957327484,-0.759128738844588,0.0
P,10,IFLY15,H1,e050,LS,hold_2024_2025,20.0,24,-0.13996711775795553,-4.218258704018278,-0.9784901264594026,-0.3914276877020432,0.125
P,10,IFLY15,H1,e050,LS,ext_2026,20.0,9,-0.11262872389469887,-10.946157844149496,-0.6610534867748682,-0.1675664623243238,0.0
P,10,IFLY15,H1,e050,LS,post_2021_2026,20.0,69,-0.16826629323751566,-5.2425639317077035,-0.9999987530131104,-0.759128738844588,0.043478260869565216
P,10,IFLY15,H1,e050,LS,frozen_2024_2026,20.0,33,-0.13251119215888554,-4.598013437458774,-0.9926649671223193,-0.3914276877020432,0.09090909090909091
P,10,IFLY15,H1,e050,L,pre_2019_2020,10.0,18,-0.21736995034622142,-5.0580773717566805,-0.9914867983110358,-0.605869972473225,0.05555555555555555
P,10,IFLY15,H1,e050,L,dev_2021_2023,10.0,36,-0.12400452538842571,-2.4730335166755903,-1.003732272925316,-1.0045057568288938,0.1388888888888889
P,10,IFLY15,H1,e050,L,hold_2024_2025,10.0,24,-0.08116557056458341,-1.6802376733015942,-0.9347582506902803,-0.2999274963718611,0.2916666666666667
P,10,IFLY15,H1,e050,L,ext_2026,10.0,9,-0.0653298268740775,-3.035470666031854,-0.49019175825423156,-0.1581488432101846,0.2222222222222222
P,10,IFLY15,H1,e050,L,post_2021_2026,10.0,69,-0.10145079781739168,-2.169451629809638,-1.003732272925316,-1.0045057568288938,0.2028985507246377
P,10,IFLY15,H1,e050,L,frozen_2024_2026,10.0,33,-0.07684673137626362,-1.812676599246596,-0.9532740210032186,-0.2999274963718611,0.2727272727272727
P,10,IFLY15,H1,e050,S,pre_2019_2020,10.0,18,-0.3365353387475101,-7.547975352382291,-0.999784889877406,-0.8889216611505244,0.0
P,10,IFLY15,H1,e050,S,dev_2021_2023,10.0,36,-0.27807907973076085,-9.509044095552479,-0.9999944531871436,-0.5137517208602824,0.0
P,10,IFLY15,H1,e050,S,hold_2024_2025,10.0,24,-0.1987686649513277,-5.779862364011151,-0.9962934700663189,-0.48292787903222545,0.041666666666666664
P,10,IFLY15,H1,e050,S,ext_2026,10.0,9,-0.15992762091532026,-10.877952278276982,-0.7946622655077259,-0.23412416939880268,0.0
P,10,IFLY15,H1,e050,S,post_2021_2026,10.0,69,-0.23508178865763965,-7.260794083922424,-0.9999999957783736,-0.5137517208602824,0.014492753623188406
P,10,IFLY15,H1,e050,S,frozen_2024_2026,10.0,33,-0.18817565294150748,-6.171215813897448,-0.9992389095405901,-0.48292787903222545,0.030303030303030304
P,10,IFLY15,H2_15,e050,LS,pre_2019_2020,20.0,18,-0.27745439109189146,-11.765844671983324,-0.9974311783346045,-0.46219825125273983,0.0
P,10,IFLY15,H2_15,e050,LS,dev_2021_2023,20.0,36,-0.1990859025186876,-5.974580317817025,-0.999821679076487,-0.7686571680993223,0.0
P,10,IFLY15,H2_15,e050,LS,hold_2024_2025,20.0,24,-0.1362749112492164,-4.046457123606725,-0.9761394488098063,-0.3943335404751712,0.125
P,10,IFLY15,H2_15,e050,LS,ext_2026,20.0,9,-0.11825054562621161,-9.03096655286809,-0.6812417778990115,-0.18177395456800757,0.0
P,10,IFLY15,H2_15,e050,LS,post_2021_2026,20.0,69,-0.16669485900420075,-5.084876781535884,-0.9999986437361931,-0.7686571680993223,0.043478260869565216
P,10,IFLY15,H2_15,e050,LS,frozen_2024_2026,20.0,33,-0.1313591751702151,-4.469985441272853,-0.9923942531242642,-0.3943335404751712,0.09090909090909091
P,10,IFLY15,H2_15,e050,L,pre_2019_2020,10.0,18,-0.21900004664135733,-4.7974633844655346,-0.9921745620831037,-0.612091006298347,0.05555555555555555
P,10,IFLY15,H2_15,e050,L,dev_2021_2023,10.0,36,-0.12135508061840393,-2.4017804730713115,-1.001232079469562,-1.0014337831643996,0.1111111111111111
P,10,IFLY15,H2_15,e050,L,hold_2024_2025,10.0,24,-0.07872898816211919,-1.6640093696929,-0.9346803242583166,-0.3038271382990306,0.2916666666666667
P,10,IFLY15,H2_15,e050,L,ext_2026,10.0,9,-0.06969131709499957,-2.3345387225708905,-0.5291535007523299,-0.24351777963462173,0.3333333333333333
P,10,IFLY15,H2_15,e050,L,post_2021_2026,10.0,69,-0.09978986191316519,-2.1181233357978684,-1.001232079469562,-1.0014337831643996,0.2028985507246377
P,10,IFLY15,H2_15,e050,L,frozen_2024_2026,10.0,33,-0.07626416878017749,-1.781257446125407,-0.9530004006757733,-0.3038271382990306,0.30303030303030304
P,10,IFLY15,H2_15,e050,S,pre_2019_2020,10.0,18,-0.33590873554242556,-7.656750604027145,-0.9997726423324038,-0.8848633395308217,0.0
P,10,IFLY15,H2_15,e050,S,dev_2021_2023,10.0,36,-0.2768167244189713,-9.259640015562299,-0.9999941938811827,-0.5358805530342449,0.0
P,10,IFLY15,H2_15,e050,S,hold_2024_2025,10.0,24,-0.19382083433631359,-5.419203144091014,-0.995782391782964,-0.4856198731577896,0.041666666666666664
P,10,IFLY15,H2_15,e050,S,ext_2026,10.0,9,-0.16680977415742365,-8.83318692868388,-0.8111829826311826,-0.25944550525034293,0.0
P,10,IFLY15,H2_15,e050,S,post_2021_2026,10.0,69,-0.23359985609523626,-7.002816087003725,-0.9999999953762613,-0.5358805530342449,0.014492753623188406
P,10,IFLY15,H2_15,e050,S,frozen_2024_2026,10.0,33,-0.1864541815602527,-5.835249889926579,-0.999203643796029,-0.4856198731577896,0.030303030303030304
P,10,IFLY15,H2_25,e050,LS,pre_2019_2020,20.0,18,-0.271605186148272,-10.908280812063541,-0.9970592615111856,-0.446054688790998,0.0
P,10,IFLY15,H2_25,e050,LS,dev_2021_2023,20.0,36,-0.1983395032314575,-6.085877442732954,-0.9998019925314034,-0.7411506077540974,0.0
P,10,IFLY15,H2_25,e050,LS,hold_2024_2025,20.0,24,-0.13162288553637216,-3.9262147229604265,-0.972685775634788,-0.3654777907616974,0.16666666666666666
P,10,IFLY15,H2_25,e050,LS,ext_2026,20.0,9,-0.13111843275163915,-8.162631973219597,-0.7224127409345591,-0.2311851022598126,0.0
P,10,IFLY15,H2_25,e050,LS,post_2021_2026,20.0,69,-0.16636575744884283,-5.130563658316149,-0.9999984986913989,-0.7411506077540974,0.057971014492753624
P,10,IFLY15,H2_25,e050,LS,frozen_2024_2026,20.0,33,-0.13148530750417228,-4.451913094204615,-0.9924179193249624,-0.3654777907616974,0.12121212121212122
P,10,IFLY15,H2_25,e050,L,pre_2019_2020,10.0,18,-0.2088916158738159,-4.479756605898934,-0.9901175181907176,-0.583570043813195,0.05555555555555555
P,10,IFLY15,H2_25,e050,L,dev_2021_2023,10.0,36,-0.11870503687513034,-2.359998097294975,-0.9988115541171166,-0.9509115055754611,0.16666666666666666
P,10,IFLY15,H2_25,e050,L,hold_2024_2025,10.0,24,-0.08047465239754402,-1.8329672111423378,-0.9352532692782064,-0.34036441129519107,0.2916666666666667
P,10,IFLY15,H2_25,e050,L,ext_2026,10.0,9,-0.07800361082344151,-2.417867063991171,-0.5722089328121348,-0.29876354133938754,0.1111111111111111
P,10,IFLY15,H2_25,e050,L,post_2021_2026,10.0,69,-0.10009863018053222,-2.179877274965236,-0.999947364084836,-0.9509115055754611,0.2028985507246377
P,10,IFLY15,H2_25,e050,L,frozen_2024_2026,10.0,33,-0.07980073196824335,-1.9670997135939476,-0.9557102970172184,-0.34036441129519107,0.24242424242424243
P,10,IFLY15,H2_25,e050,S,pre_2019_2020,10.0,18,-0.33431875642272807,-7.491834154753157,-0.9997648891996948,-0.8842396528100418,0.0
P,10,IFLY15,H2_25,e050,S,dev_2021_2023,10.0,36,-0.2779739695877846,-9.312124537715823,-0.9999945231952291,-0.5313897099327333,0.0
P,10,IFLY15,H2_25,e050,S,hold_2024_2025,10.0,24,-0.18277111867520035,-4.898371122857373,-0.9942103293143443,-0.4870351161159954,0.041666666666666664
P,10,IFLY15,H2_25,e050,S,ext_2026,10.0,9,-0.1842332546798367,-8.344642781034965,-0.8455019429405313,-0.2996407261930567,0.0
P,10,IFLY15,H2_25,e050,S,post_2021_2026,10.0,69,-0.2326328847171534,-6.782145625062706,-0.9999999951010372,-0.5313897099327333,0.014492753623188406
P,10,IFLY15,H2_25,e050,S,frozen_2024_2026,10.0,33,-0.1831698830401012,-5.466994454271515,-0.999105507128052,-0.4870351161159954,0.030303030303030304
P,10,SSPREAD,H0,e000,LS,pre_2019_2020,20.0,18,-0.09416505379421154,-1.1072545022843552,-0.9325791094005182,-0.5045338549429511,0.4444444444444444
P,10,SSPREAD,H0,e000,LS,dev_2021_2023,20.0,36,-0.12459601548969704,-1.824606414051427,-0.998144042974645,-0.5233586174178162,0.2222222222222222
P,10,SSPREAD,H0,e000,LS,hold_2024_2025,20.0,24,-0.06268341360550601,-1.0380829592014655,-0.9004884964289216,-0.36459713498622215,0.4166666666666667
P,10,SSPREAD,H0,e000,LS,ext_2026,20.0,9,-0.00555520271261044,-0.09582838200650055,-0.48527680887907343,-0.2712148466207417,0.4444444444444444
P,10,SSPREAD,H0,e000,LS,post_2021_2026,20.0,69,-0.08753413490688017,-1.3536461670546207,-0.9997479699010602,-0.5233586174178162,0.3188405797101449
P,10,SSPREAD,H0,e000,LS,frozen_2024_2026,20.0,33,-0.047102992452898125,-0.7943180224074622,-0.9063187220842297,-0.36459713498622215,0.42424242424242425
P,10,SSPREAD,H0,e050,LS,pre_2019_2020,20.0,18,-0.24749136275686365,-3.4314965147247674,-0.9979551384720129,-0.6511075810826555,0.16666666666666666
P,10,SSPREAD,H0,e050,LS,dev_2021_2023,20.0,36,-0.22501242034642902,-3.502338449125443,-0.9999776715031824,-0.58745961546303,0.16666666666666666
P,10,SSPREAD,H0,e050,LS,hold_2024_2025,20.0,24,-0.15864751344420733,-2.681144544466012,-0.9916549527401085,-0.45432817660670094,0.16666666666666666
P,10,SSPREAD,H0,e050,LS,ext_2026,20.0,9,-0.12078641938311857,-2.1831996057021974,-0.7983412592207759,-0.34902726702254816,0.2222222222222222
P,10,SSPREAD,H0,e050,LS,post_2021_2026,20.0,69,-0.18833427868957225,-3.053397347139206,-0.9999999424754076,-0.58745961546303,0.17391304347826086
P,10,SSPREAD,H0,e050,LS,frozen_2024_2026,20.0,33,-0.14832176051845586,-2.579528406900576,-0.9978123082781193,-0.45432817660670094,0.18181818181818182
P,10,SSPREAD,H0,e050,L,pre_2019_2020,10.0,18,-0.29810535812818384,-1.8410714525884768,-1.0000923755920104,-1.0367840160838646,0.2222222222222222
P,10,SSPREAD,H0,e050,L,dev_2021_2023,10.0,36,-0.30393334327674243,-2.3500229311162126,-0.999999999930954,-0.9960640545208106,0.19444444444444445
P,10,SSPREAD,H0,e050,L,hold_2024_2025,10.0,24,-0.18524355484899577,-1.7123213217616322,-0.9994991141565047,-0.7240313377754145,0.4166666666666667
P,10,SSPREAD,H0,e050,L,ext_2026,10.0,9,-0.11833710160116159,-1.090757676085892,-0.9124435144099021,-0.5118491901583366,0.4444444444444444
P,10,SSPREAD,H0,e050,L,post_2021_2026,10.0,69,-0.23844173317027656,-1.9881047700772307,-0.9999999999999885,-0.9960640545208106,0.30434782608695654
P,10,SSPREAD,H0,e050,L,frozen_2024_2026,10.0,33,-0.16699634032685917,-1.5619586834311991,-0.9999042930291584,-0.7240313377754145,0.42424242424242425
P,10,SSPREAD,H0,e050,S,pre_2019_2020,10.0,18,-0.19687736738554348,-3.1028582227790102,-0.9953253352585637,-0.8979591373633952,0.05555555555555555
P,10,SSPREAD,H0,e050,S,dev_2021_2023,10.0,36,-0.14609149741611557,-4.958114923243888,-0.9974069081832978,-0.43802210992279395,0.05555555555555555
P,10,SSPREAD,H0,e050,S,hold_2024_2025,10.0,24,-0.13205147203941892,-4.145915864398565,-0.972500098400193,-0.3853443972455607,0.041666666666666664
P,10,SSPREAD,H0,e050,S,ext_2026,10.0,9,-0.12323573716507556,-5.924988821384812,-0.7019941046185264,-0.22931720807516903,0.0
P,10,SSPREAD,H0,e050,S,post_2021_2026,10.0,69,-0.13822682420886803,-4.74890303446475,-0.9999787492682017,-0.43802210992279395,0.043478260869565216
P,10,SSPREAD,H0,e050,S,frozen_2024_2026,10.0,33,-0.12964718071005255,-4.476882144655075,-0.991804867200847,-0.3853443972455607,0.030303030303030304
P,10,SSPREAD,H0,e100,LS,pre_2019_2020,20.0,18,-0.4008176717195158,-6.071371785334927,-0.999980376556049,-0.79768130722236,0.0
P,10,SSPREAD,H0,e100,LS,dev_2021_2023,20.0,36,-0.32542882520316097,-5.2551418857844014,-0.9999998809573761,-0.6515606135082439,0.1111111111111111
P,10,SSPREAD,H0,e100,LS,hold_2024_2025,20.0,24,-0.25461161328290866,-4.252330984032485,-0.9996308036998072,-0.5712777896122968,0.041666666666666664
P,10,SSPREAD,H0,e100,LS,ext_2026,20.0,9,-0.23601763605362672,-4.414560553807459,-0.9321538223399707,-0.42683968742435485,0.1111111111111111
P,10,SSPREAD,H0,e100,LS,post_2021_2026,20.0,69,-0.28913442247226434,-4.787775320659181,-0.9999999999967144,-0.6515606135082439,0.08695652173913043
P,10,SSPREAD,H0,e100,LS,frozen_2024_2026,20.0,33,-0.24954052858401354,-4.345737644033271,-0.9999737526628348,-0.5712777896122968,0.06060606060606061
P,10,SSPREAD,H0,tick,LS,pre_2019_2020,20.0,18,-0.4104703346512015,-6.21970142751543,-0.9999863891657921,-0.810155944959984,0.0
P,10,SSPREAD,H0,tick,LS,dev_2021_2023,20.0,36,-0.33300920331013467,-5.376675226742296,-0.9999999232947265,-0.6600569096270678,0.1111111111111111
P,10,SSPREAD,H0,tick,LS,hold_2024_2025,20.0,24,-0.26057107450788014,-4.343038460839656,-0.9997008180238366,-0.5786206285599139,0.041666666666666664
P,10,SSPREAD,H0,tick,LS,ext_2026,20.0,9,-0.24123907774398642,-4.511609775782221,-0.9356779782765402,-0.4332764787348956,0.1111111111111111
P,10,SSPREAD,H0,tick,LS,post_2021_2026,20.0,69,-0.2958433160442007,-4.890963236256181,-0.9999999999984084,-0.6600569096270678,0.08695652173913043
P,10,SSPREAD,H0,tick,LS,frozen_2024_2026,20.0,33,-0.25529871175409097,-4.4385165314044706,-0.9999800628510855,-0.5786206285599139,0.06060606060606061
P,10,SSPREAD,H1,e050,LS,pre_2019_2020,20.0,18,-0.24288099779253702,-4.915934338757547,-0.9960154246599205,-0.6324246543317336,0.05555555555555555
P,10,SSPREAD,H1,e050,LS,dev_2021_2023,20.0,36,-0.19171343074871366,-3.316188631999539,-0.9999200813427257,-0.8941065657425575,0.05555555555555555
P,10,SSPREAD,H1,e050,LS,hold_2024_2025,20.0,24,-0.13244656235335375,-2.6670179148735413,-0.9781788237131743,-0.4178691493075613,0.16666666666666666
P,10,SSPREAD,H1,e050,LS,ext_2026,20.0,9,-0.13787764590271778,-5.489915088751737,-0.7479710250707325,-0.3099795801664825,0.0
P,10,SSPREAD,H1,e050,LS,post_2021_2026,20.0,69,-0.16407680893563248,-3.158078732097734,-0.9999995604818546,-0.8941065657425575,0.08695652173913043
P,10,SSPREAD,H1,e050,LS,frozen_2024_2026,20.0,33,-0.1339277669577258,-3.0479276624874494,-0.9945004313086805,-0.4178691493075613,0.12121212121212122
P,10,SSPREAD,H1,e050,L,pre_2019_2020,10.0,18,-0.3147817341228539,-3.533730952738298,-0.9999252531588207,-0.9145800352967116,0.16666666666666666
P,10,SSPREAD,H1,e050,L,dev_2021_2023,10.0,36,-0.22258831989275463,-2.024514436072078,-1.286553022308007,-1.5025673342846069,0.19444444444444445
P,10,SSPREAD,H1,e050,L,hold_2024_2025,10.0,24,-0.12658124117802835,-1.2324664185740286,-0.9919374867398606,-0.548122135981725,0.25
P,10,SSPREAD,H1,e050,L,ext_2026,10.0,9,-0.18120485681857412,-3.218937820567001,-0.8747423760689204,-0.5728740590804501,0.1111111111111111
P,10,SSPREAD,H1,e050,L,post_2021_2026,10.0,69,-0.18379671037360887,-1.808782231299361,-1.286553022308007,-1.5025673342846069,0.2028985507246377
P,10,SSPREAD,H1,e050,L,frozen_2024_2026,10.0,33,-0.14147859089817721,-1.541385097042337,-0.9989901087461222,-0.5728740590804501,0.21212121212121213
P,10,SSPREAD,H1,e050,S,pre_2019_2020,10.0,18,-0.17098026146222015,-6.233589988680839,-0.9695164159798155,-0.35026927336675556,0.05555555555555555
P,10,SSPREAD,H1,e050,S,dev_2021_2023,10.0,36,-0.1608385416046727,-8.553224128672971,-0.9983702106023332,-0.2943918331304626,0.0
P,10,SSPREAD,H1,e050,S,hold_2024_2025,10.0,24,-0.13831188352867918,-5.560098832121974,-0.9751020608795126,-0.28761616263339757,0.041666666666666664
P,10,SSPREAD,H1,e050,S,ext_2026,10.0,9,-0.09455043498686147,-5.179287497003849,-0.5990478400581705,-0.20694665501853532,0.0
P,10,SSPREAD,H1,e050,S,post_2021_2026,10.0,69,-0.1443569074976561,-6.652093856917542,-0.9999836908886711,-0.2943918331304626,0.014492753623188406
P,10,SSPREAD,H1,e050,S,frozen_2024_2026,10.0,33,-0.12637694301727434,-5.336946332241376,-0.9899931172995283,-0.28761616263339757,0.030303030303030304
P,10,SSPREAD,H2_15,e050,LS,pre_2019_2020,20.0,18,-0.24833235865437261,-4.805170719284761,-0.9965007746948588,-0.5828994409223798,0.05555555555555555
P,10,SSPREAD,H2_15,e050,LS,dev_2021_2023,20.0,36,-0.19317409374742597,-3.46883353344168,-0.9998724481381548,-0.7873848667348505,0.05555555555555555
P,10,SSPREAD,H2_15,e050,LS,hold_2024_2025,20.0,24,-0.13150604115835357,-2.5299146624399165,-0.9790279589985857,-0.48215258800402594,0.125
P,10,SSPREAD,H2_15,e050,LS,ext_2026,20.0,9,-0.13997963244141906,-4.4932915698490685,-0.758710977215074,-0.3103918063003342,0.0
P,10,SSPREAD,H2_15,e050,LS,post_2021_2026,20.0,69,-0.1647859283287042,-3.1717746621848346,-0.9999993545463443,-0.7873848667348505,0.07246376811594203
P,10,SSPREAD,H2_15,e050,LS,frozen_2024_2026,20.0,33,-0.1338170205991896,-2.8621825381596713,-0.9949396767209634,-0.48215258800402594,0.09090909090909091
P,10,SSPREAD,H2_15,e050,L,pre_2019_2020,10.0,18,-0.32690002453695466,-3.5298020772399195,-0.9999104584430002,-0.8333235741844247,0.1111111111111111
P,10,SSPREAD,H2_15,e050,L,dev_2021_2023,10.0,36,-0.22693207261466558,-2.111827868400934,-1.1280920399523566,-1.2851937037185575,0.16666666666666666
P,10,SSPREAD,H2_15,e050,L,hold_2024_2025,10.0,24,-0.13005229768085938,-1.2136288668173307,-0.994688921505608,-0.715117104329936,0.2916666666666667
P,10,SSPREAD,H2_15,e050,L,ext_2026,10.0,9,-0.18783518699201224,-2.742219614633937,-0.893809728222511,-0.5701486971082226,0.2222222222222222
P,10,SSPREAD,H2_15,e050,L,post_2021_2026,10.0,69,-0.18813516581734344,-1.8320859962643716,-1.1280920399523566,-1.2851937037185575,0.21739130434782608
P,10,SSPREAD,H2_15,e050,L,frozen_2024_2026,10.0,33,-0.14581126749299195,-1.4972956759687268,-0.9994360151312489,-0.715117104329936,0.2727272727272727
P,10,SSPREAD,H2_15,e050,S,pre_2019_2020,10.0,18,-0.16976469277179065,-5.768144267686218,-0.969196355620807,-0.3732939271679249,0.05555555555555555
P,10,SSPREAD,H2_15,e050,S,dev_2021_2023,10.0,36,-0.15941611488018634,-8.267405067916076,-0.9982769344934658,-0.28957602975114344,0.0
P,10,SSPREAD,H2_15,e050,S,hold_2024_2025,10.0,24,-0.1329597846358477,-5.124242094510265,-0.9713933978560192,-0.3249722478404392,0.0
P,10,SSPREAD,H2_15,e050,S,ext_2026,10.0,9,-0.09212407789082587,-5.113982863619796,-0.5889125878018482,-0.19065252512178063,0.0
P,10,SSPREAD,H2_15,e050,S,post_2021_2026,10.0,69,-0.141436690840065,-6.322285336678826,-0.999979737070052,-0.3249722478404392,0.0
P,10,SSPREAD,H2_15,e050,S,frozen_2024_2026,10.0,33,-0.12182277370538723,-5.000740882552512,-0.9882401859528488,-0.3249722478404392,0.0
P,10,SSPREAD,H2_25,e050,LS,pre_2019_2020,20.0,18,-0.24312236249501243,-5.067753293270975,-0.9956452690808464,-0.5695118417100827,0.05555555555555555
P,10,SSPREAD,H2_25,e050,LS,dev_2021_2023,20.0,36,-0.1666830074698517,-3.6476281806490043,-0.9992339933352704,-0.4620070033804569,0.1111111111111111
P,10,SSPREAD,H2_25,e050,LS,hold_2024_2025,20.0,24,-0.12340391044461081,-2.434462185519396,-0.9739869831946725,-0.4871354767568447,0.2916666666666667
P,10,SSPREAD,H2_25,e050,LS,ext_2026,20.0,9,-0.17198903807767735,-5.60201178088691,-0.8291534604897586,-0.3343826838630759,0.0
P,10,SSPREAD,H2_25,e050,LS,post_2021_2026,20.0,69,-0.15232149945339735,-3.329691581192351,-0.9999965956872103,-0.4871354767568447,0.15942028985507245
P,10,SSPREAD,H2_25,e050,LS,frozen_2024_2026,20.0,33,-0.13665439979908353,-2.966041752872383,-0.995555766096588,-0.4871354767568447,0.21212121212121213
P,10,SSPREAD,H2_25,e050,L,pre_2019_2020,10.0,18,-0.30557052316129923,-3.2922392900604023,-0.999841438760996,-0.8641480646880912,0.16666666666666666
P,10,SSPREAD,H2_25,e050,L,dev_2021_2023,10.0,36,-0.17394264156309439,-2.0022428344437655,-0.9998884735185656,-0.6472764602876476,0.25
P,10,SSPREAD,H2_25,e050,L,hold_2024_2025,10.0,24,-0.10596510854573034,-1.0472260860427252,-0.9924609408156292,-0.7125416821317062,0.3333333333333333
P,10,SSPREAD,H2_25,e050,L,ext_2026,10.0,9,-0.2650719791038215,-4.382757922511353,-0.9564013519052187,-0.5628646833362928,0.1111111111111111
P,10,SSPREAD,H2_25,e050,L,post_2021_2026,10.0,69,-0.1621847175841061,-1.813986720480482,-0.9999999511270214,-0.7125416821317062,0.2608695652173913
P,10,SSPREAD,H2_25,e050,L,frozen_2024_2026,10.0,33,-0.14935789142520978,-1.6008202364509978,-0.9995617813998566,-0.7125416821317062,0.2727272727272727
P,10,SSPREAD,H2_25,e050,S,pre_2019_2020,10.0,18,-0.18067420182872568,-5.5022955977150945,-0.9765828576082541,-0.42666461772470426,0.05555555555555555
P,10,SSPREAD,H2_25,e050,S,dev_2021_2023,10.0,36,-0.159423373376609,-7.1136083745749135,-0.9983428978387929,-0.2767375464732661,0.027777777777777776
P,10,SSPREAD,H2_25,e050,S,hold_2024_2025,10.0,24,-0.1408427123434913,-5.215921218905749,-0.9773391485826654,-0.37182466246038676,0.041666666666666664
P,10,SSPREAD,H2_25,e050,S,ext_2026,10.0,9,-0.0789060970515333,-3.845715139506336,-0.5400883599801815,-0.183693759614314,0.1111111111111111
P,10,SSPREAD,H2_25,e050,S,post_2021_2026,10.0,69,-0.14245828132268862,-5.758626018550339,-0.99998251094868,-0.37182466246038676,0.043478260869565216
P,10,SSPREAD,H2_25,e050,S,frozen_2024_2026,10.0,33,-0.12395090817295733,-4.7027429396416025,-0.989446002950511,-0.37182466246038676,0.06060606060606061
P,5,STRADDLE,H0,e000,LS,pre_2019_2020,10.0,18,-0.21421270299920148,-1.0466638922003542,-1.3661523462248948,-1.421561192112994,0.3888888888888889
P,5,STRADDLE,H0,e000,LS,dev_2021_2023,10.0,36,-0.2661286010053157,-1.8652027780076998,-1.8004031201821915,-1.3901947897464502,0.2777777777777778
P,5,STRADDLE,H0,e000,LS,hold_2024_2025,10.0,24,-0.01662898184899911,-0.16367038628170474,-0.975977121721998,-0.8936042435570618,0.4583333333333333
P,5,STRADDLE,H0,e000,LS,ext_2026,10.0,9,-0.04512110943495943,-0.6327892294591503,-0.6582726851260225,-0.4372345555140755,0.3333333333333333
P,5,STRADDLE,H0,e000,LS,post_2021_2026,10.0,69,-0.15051906065915918,-1.197186338762544,-1.8004031201821915,-1.3901947897464502,0.34782608695652173
P,5,STRADDLE,H0,e000,LS,frozen_2024_2026,10.0,33,-0.024399562099715565,-0.26152545937260296,-0.975977121721998,-0.8936042435570618,0.42424242424242425
P,5,STRADDLE,H0,e050,LS,pre_2019_2020,10.0,18,-0.9124252562743254,-3.8290820978710647,-2.0971680840958573,-2.691791389125606,0.05555555555555555
P,5,STRADDLE,H0,e050,LS,dev_2021_2023,10.0,36,-0.8768374658106048,-4.631289951776312,-1.620167618242005,-2.10933894188447,0.08333333333333333
P,5,STRADDLE,H0,e050,LS,hold_2024_2025,10.0,24,-0.2670720395118296,-2.0909529016776776,-1.010353127860346,-1.4941625271060808,0.16666666666666666
P,5,STRADDLE,H0,e050,LS,ext_2026,10.0,9,-0.16452327818275908,-2.5728028747036222,-0.8860622701598997,-0.5176112262957964,0.1111111111111111
P,5,STRADDLE,H0,e050,LS,post_2021_2026,10.0,69,-0.5718345974073988,-3.1423881030880794,-1.620167618242005,-2.10933894188447,0.11594202898550725
P,5,STRADDLE,H0,e050,LS,frozen_2024_2026,10.0,33,-0.23910419551299217,-2.1029577767014063,-1.010353127860346,-1.4941625271060808,0.15151515151515152
P,5,STRADDLE,H0,e050,L,pre_2019_2020,5.0,18,0.03483773140122806,0.16324108883416488,-0.9721419373252239,-0.706764053297059,0.3888888888888889
P,5,STRADDLE,H0,e050,L,dev_2021_2023,5.0,36,-0.12328372723077746,-1.0164685942309841,-0.9998675073771203,-0.6881384178196551,0.2222222222222222
P,5,STRADDLE,H0,e050,L,hold_2024_2025,5.0,24,-0.06163282231140319,-0.4543728084373776,-0.9966533500344066,-0.74152295087768,0.375
P,5,STRADDLE,H0,e050,L,ext_2026,5.0,9,-0.2737775137687537,-1.9033815245251258,-0.993330873574379,-0.7917476416287421,0.2222222222222222
P,5,STRADDLE,H0,e050,L,post_2021_2026,5.0,69,-0.12146955854638333,-0.9430674942828677,-0.9999999760020806,-0.7917476416287421,0.2753623188405797
P,5,STRADDLE,H0,e050,L,frozen_2024_2026,5.0,33,-0.11949046543613513,-0.8631604661291519,-0.9999198053556148,-0.7917476416287421,0.3333333333333333
P,5,STRADDLE,H0,e050,S,pre_2019_2020,5.0,18,-1.8596882439498787,-3.3408615935070896,-4.342293228890409,-6.579712301587302,0.05555555555555555
P,5,STRADDLE,H0,e050,S,dev_2021_2023,5.0,36,-1.630391204390432,-4.672273291972257,-2.8426031912041934,-4.157381623931625,0.05555555555555555
P,5,STRADDLE,H0,e050,S,hold_2024_2025,5.0,24,-0.47251125671225597,-2.3970039933413596,-1.3566960306190476,-2.770763423710793,0.20833333333333334
P,5,STRADDLE,H0,e050,S,ext_2026,5.0,9,-0.05526904259676449,-0.5183623484942332,-0.9158402216206081,-0.8867219108858075,0.4444444444444444
P,5,STRADDLE,H0,e050,S,post_2021_2026,5.0,69,-1.022199636268414,-3.045275375426461,-2.8426031912041934,-4.157381623931625,0.15942028985507245
P,5,STRADDLE,H0,e050,S,frozen_2024_2026,5.0,33,-0.35871792558984916,-1.9529272262166038,-1.3566960306190476,-2.770763423710793,0.2727272727272727
P,5,STRADDLE,H0,e100,LS,pre_2019_2020,10.0,18,-1.6106378095494494,-4.95485968331268,-1.8688376824671076,-4.017430432026317,0.05555555555555555
P,5,STRADDLE,H0,e100,LS,dev_2021_2023,10.0,36,-1.487546330615894,-5.315521918823557,-1.787034230707399,-3.645363661964585,0.027777777777777776
P,5,STRADDLE,H0,e100,LS,hold_2024_2025,10.0,24,-0.51751509717466,-3.119320071785518,-1.040783004085766,-2.094720810655099,0.125
P,5,STRADDLE,H0,e100,LS,ext_2026,10.0,9,-0.2839254469305587,-4.897401147407391,-0.9685954675195814,-0.5979878970775171,0.1111111111111111
P,5,STRADDLE,H0,e100,LS,post_2021_2026,10.0,69,-0.9931501341556384,-3.6758122927587604,-1.787034230707399,-3.645363661964585,0.07246376811594203
P,5,STRADDLE,H0,e100,LS,frozen_2024_2026,10.0,33,-0.45380882892626884,-3.0910798838366063,-1.040783004085766,-2.094720810655099,0.12121212121212122
P,5,STRADDLE,H0,tick,LS,pre_2019_2020,10.0,18,-1.6307274627945225,-4.9990882229293865,-1.8120009423238415,-4.051244561492179,0.05555555555555555
P,5,STRADDLE,H0,tick,LS,dev_2021_2023,10.0,36,-1.506898151925701,-5.36666066332051,-1.7989153272189196,-3.6783130783709668,0.0
P,5,STRADDLE,H0,tick,LS,hold_2024_2025,10.0,24,-0.5296824448014251,-3.1730838336849096,-1.042988010835287,-2.1115605539232427,0.125
P,5,STRADDLE,H0,tick,LS,ext_2026,10.0,9,-0.2912389260713759,-4.998664563064136,-0.9715048920241577,-0.6060044110664407,0.1111111111111111
P,5,STRADDLE,H0,tick,LS,post_2021_2026,10.0,69,-1.0084327895536496,-3.712562370993693,-1.7989153272189196,-3.6783130783709668,0.057971014492753624
P,5,STRADDLE,H0,tick,LS,frozen_2024_2026,10.0,33,-0.46465239423868443,-3.143696327502364,-1.042988010835287,-2.1115605539232427,0.12121212121212122
P,5,STRADDLE,H1,e050,LS,pre_2019_2020,10.0,18,-1.0023542604298425,-4.373496985051411,-2.001200472684545,-3.1201991257103594,0.0
P,5,STRADDLE,H1,e050,LS,dev_2021_2023,10.0,36,-0.8582154528702106,-5.356072377366196,-1.000000362905234,-2.3207997272512917,0.0
P,5,STRADDLE,H1,e050,LS,hold_2024_2025,10.0,24,-0.37804978700445163,-3.619767391371132,-1.1506429017261424,-1.2728177207299687,0.125
P,5,STRADDLE,H1,e050,LS,ext_2026,10.0,9,-0.2565316292885131,-5.361417591693742,-0.9463383448910514,-0.4740109960591222,0.1111111111111111
P,5,STRADDLE,H1,e050,LS,post_2021_2026,10.0,69,-0.6127208094932035,-4.053277785107059,-1.000000362905234,-2.3207997272512917,0.057971014492753624
P,5,STRADDLE,H1,e050,LS,frozen_2024_2026,10.0,33,-0.34490847126374113,-3.7054754449776013,-1.1506429017261424,-1.2728177207299687,0.12121212121212122
P,5,STRADDLE,H1,e050,L,pre_2019_2020,5.0,18,-0.20670911607937956,-3.9798411770959388,-0.989796515825666,-0.4631659224458211,0.1111111111111111
P,5,STRADDLE,H1,e050,L,dev_2021_2023,5.0,36,-0.15017978012489996,-2.8956278831387112,-0.9986392615343539,-0.4235024965560723,0.2222222222222222
P,5,STRADDLE,H1,e050,L,hold_2024_2025,5.0,24,-0.15511013042332297,-2.014107240278974,-0.9953260040251952,-0.7498438382826154,0.16666666666666666
P,5,STRADDLE,H1,e050,L,ext_2026,5.0,9,-0.27871968560820626,-3.625489986361772,-0.9759489171672141,-0.7706885925424259,0.1111111111111111
P,5,STRADDLE,H1,e050,L,post_2021_2026,5.0,69,-0.16866075920478268,-2.5902142544127926,-0.9999998470330421,-0.7706885925424259,0.18840579710144928
P,5,STRADDLE,H1,e050,L,frozen_2024_2026,5.0,33,-0.1888218272919275,-2.437522347462882,-0.9998875853356498,-0.7706885925424259,0.15151515151515152
P,5,STRADDLE,H1,e050,S,pre_2019_2020,5.0,18,-1.7979994047803056,-4.0285171985718,-2.199172858794553,-5.904546904398283,0.0
P,5,STRADDLE,H1,e050,S,dev_2021_2023,5.0,36,-1.5662511256155212,-4.891243079835092,-1.0573259115212315,-4.722262232657151,0.0
P,5,STRADDLE,H1,e050,S,hold_2024_2025,5.0,24,-0.6009894435855804,-3.082547207481733,-1.465305548014051,-2.427936638417995,0.125
P,5,STRADDLE,H1,e050,S,ext_2026,5.0,9,-0.23434357296881986,-4.831245492903649,-0.9328978583294167,-0.49295214532342635,0.1111111111111111
P,5,STRADDLE,H1,e050,S,post_2021_2026,5.0,69,-1.0567808597816242,-3.504501579922448,-1.0573259115212315,-4.722262232657151,0.057971014492753624
P,5,STRADDLE,H1,e050,S,frozen_2024_2026,5.0,33,-0.5009951152355548,-2.8828873570071125,-1.465305548014051,-2.427936638417995,0.12121212121212122
P,5,STRADDLE,H2_15,e050,LS,pre_2019_2020,10.0,18,-1.0018795033621042,-4.45927750841583,-2.008234158366898,-3.0995517709844824,0.0
P,5,STRADDLE,H2_15,e050,LS,dev_2021_2023,10.0,36,-0.8558268382626615,-5.229773813142075,-1.0000031210828502,-2.376917385915562,0.027777777777777776
P,5,STRADDLE,H2_15,e050,LS,hold_2024_2025,10.0,24,-0.36536489305722003,-3.4545151691620344,-1.1282854227691177,-1.2329958979261602,0.16666666666666666
P,5,STRADDLE,H2_15,e050,LS,ext_2026,10.0,9,-0.2537520939696843,-5.460378655786409,-0.9427005935165301,-0.5073169957683938,0.1111111111111111
P,5,STRADDLE,H2_15,e050,LS,post_2021_2026,10.0,69,-0.6066998906747284,-3.945403964419954,-1.0000031210828502,-2.376917385915562,0.08695652173913043
P,5,STRADDLE,H2_15,e050,LS,frozen_2024_2026,10.0,33,-0.3349250387606194,-3.5718829250069954,-1.1282854227691177,-1.2329958979261602,0.15151515151515152
P,5,STRADDLE,H2_15,e050,L,pre_2019_2020,5.0,18,-0.20469208846394416,-3.548752721355092,-0.9901898081234669,-0.48744674626226986,0.1111111111111111
P,5,STRADDLE,H2_15,e050,L,dev_2021_2023,5.0,36,-0.1534715724315484,-3.232526532294045,-0.9986765957492915,-0.4144763961165364,0.16666666666666666
P,5,STRADDLE,H2_15,e050,L,hold_2024_2025,5.0,24,-0.15368772715458134,-2.071445145922732,-0.9941483081416854,-0.6984607400605014,0.16666666666666666
P,5,STRADDLE,H2_15,e050,L,ext_2026,5.0,9,-0.28226151179942577,-3.8185991634728733,-0.9731530756744217,-0.7019628339885065,0.0
P,5,STRADDLE,H2_15,e050,L,post_2021_2026,5.0,69,-0.1703454444266743,-2.754777060258041,-0.9999997920932868,-0.7019628339885065,0.14492753623188406
P,5,STRADDLE,H2_15,e050,L,frozen_2024_2026,5.0,33,-0.18875330478499347,-2.521373003971171,-0.9998429000715032,-0.7019628339885065,0.12121212121212122
P,5,STRADDLE,H2_15,e050,S,pre_2019_2020,5.0,18,-1.7990669182602643,-4.135827316846912,-2.1165595678793085,-5.861758784873279,0.0
P,5,STRADDLE,H2_15,e050,S,dev_2021_2023,5.0,36,-1.5581821040937747,-4.794124854516873,-1.020191245424141,-4.797426898878141,0.0
P,5,STRADDLE,H2_15,e050,S,hold_2024_2025,5.0,24,-0.5770420589598587,-2.9462763570821773,-1.4729058511003528,-2.374410174061751,0.16666666666666666
P,5,STRADDLE,H2_15,e050,S,ext_2026,5.0,9,-0.22524267613994292,-4.357540698965135,-0.9274985115658434,-0.5369771491864134,0.1111111111111111
P,5,STRADDLE,H2_15,e050,S,post_2021_2026,5.0,69,-1.0430543369227823,-3.417889615535262,-1.020191245424141,-4.797426898878141,0.07246376811594203
P,5,STRADDLE,H2_15,e050,S,frozen_2024_2026,5.0,33,-0.4810967727362453,-2.7616357447277733,-1.4729058511003528,-2.374410174061751,0.15151515151515152
P,5,STRADDLE,H2_25,e050,LS,pre_2019_2020,10.0,18,-0.9592447835324143,-4.418839179432498,-1.8840427199501915,-3.0699778939906315,0.0
P,5,STRADDLE,H2_25,e050,LS,dev_2021_2023,10.0,36,-0.8501504394611866,-5.254677077605537,-1.0000125850363342,-2.2802365290394357,0.0
P,5,STRADDLE,H2_25,e050,LS,hold_2024_2025,10.0,24,-0.3571573070623379,-3.6159321067742165,-1.0875363970380034,-1.1573282616697536,0.08333333333333333
P,5,STRADDLE,H2_25,e050,LS,ext_2026,10.0,9,-0.24987411926525974,-4.172833575483914,-0.9513694771800777,-0.5954192373777244,0.1111111111111111
P,5,STRADDLE,H2_25,e050,LS,post_2021_2026,10.0,69,-0.6003776559925533,-3.9551827532676582,-1.0000125850363342,-2.2802365290394357,0.043478260869565216
P,5,STRADDLE,H2_25,e050,LS,frozen_2024_2026,10.0,33,-0.32789825584495297,-3.6422214148572243,-1.0875363970380034,-1.1573282616697536,0.09090909090909091
P,5,STRADDLE,H2_25,e050,L,pre_2019_2020,5.0,18,-0.18402172572981063,-2.6868838785241294,-0.986348377059938,-0.4531588526248106,0.1111111111111111
P,5,STRADDLE,H2_25,e050,L,dev_2021_2023,5.0,36,-0.1550231760475124,-3.0761206440390167,-0.9988794341433767,-0.44772038025046584,0.19444444444444445
P,5,STRADDLE,H2_25,e050,L,hold_2024_2025,5.0,24,-0.13583337100792342,-1.9553826093894087,-0.98834194977746,-0.6554450088631283,0.20833333333333334
P,5,STRADDLE,H2_25,e050,L,ext_2026,5.0,9,-0.29583804442518025,-3.4378726075143273,-0.9846943082985834,-0.7923266545474115,0.1111111111111111
P,5,STRADDLE,H2_25,e050,L,post_2021_2026,5.0,69,-0.16671561799604684,-2.6266493843555194,-0.9999998000523664,-0.7923266545474115,0.18840579710144928
P,5,STRADDLE,H2_25,e050,L,frozen_2024_2026,5.0,33,-0.17947100921262982,-2.36555170838282,-0.9998215654774542,-0.7923266545474115,0.18181818181818182
P,5,STRADDLE,H2_25,e050,S,pre_2019_2020,5.0,18,-1.7344678413350179,-4.182205778529639,-1.9155773185294445,-5.777558897940368,0.0
P,5,STRADDLE,H2_25,e050,S,dev_2021_2023,5.0,36,-1.5452777028748612,-4.809620133154093,-1.0583232734782289,-4.633525217192615,0.0
P,5,STRADDLE,H2_25,e050,S,hold_2024_2025,5.0,24,-0.5784812431167524,-3.0705477232253235,-1.4229358007609973,-2.3180408423651215,0.08333333333333333
P,5,STRADDLE,H2_25,e050,S,ext_2026,5.0,9,-0.20391019410533937,-2.9887086619984067,-0.9298739697055386,-0.6528082964671491,0.1111111111111111
P,5,STRADDLE,H2_25,e050,S,post_2021_2026,5.0,69,-1.0340396939890595,-3.429329146894336,-1.0583232734782289,-4.633525217192615,0.043478260869565216
P,5,STRADDLE,H2_25,e050,S,frozen_2024_2026,5.0,33,-0.476325502477276,-2.793897395009962,-1.4229358007609973,-2.3180408423651215,0.09090909090909091
P,5,STRANGLE25,H0,e000,LS,pre_2019_2020,10.0,18,-0.789538141630578,-0.9222190498565082,-4.287189685725092,-12.459114993397549,0.4444444444444444
P,5,STRANGLE25,H0,e000,LS,dev_2021_2023,10.0,36,-0.3034373259827985,-1.3223479822403001,-1.5128984429805707,-2.475063967235779,0.3888888888888889
P,5,STRANGLE25,H0,e000,LS,hold_2024_2025,10.0,24,-0.05077480618950686,-0.19764949422558217,-3.5308534299379333,-3.0569170895770896,0.4583333333333333
P,5,STRANGLE25,H0,e000,LS,ext_2026,10.0,9,0.06966604061662288,0.46298877507056346,-0.9617898358940434,-0.9523434636719511,0.6666666666666666
P,5,STRANGLE25,H0,e000,LS,post_2021_2026,10.0,69,-0.16688905388955516,-0.7186833311326626,-1.5128984429805707,-3.0569170895770896,0.4492753623188406
P,5,STRANGLE25,H0,e000,LS,frozen_2024_2026,10.0,33,-0.017927302515107837,-0.07762202876912583,-3.5308534299379333,-3.0569170895770896,0.5151515151515151
P,5,STRANGLE25,H0,e050,LS,pre_2019_2020,10.0,18,-1.3675095748084958,-1.3854367020865945,-1.1934314196636553,-14.738557597476802,0.16666666666666666
P,5,STRANGLE25,H0,e050,LS,dev_2021_2023,10.0,36,-0.9641328534073315,-3.4504106827484833,-1.2692940829806139,-3.882431425316253,0.027777777777777776
P,5,STRANGLE25,H0,e050,LS,hold_2024_2025,10.0,24,-0.44214888391888757,-1.2113110685997455,-1.1994117108861715,-5.11349342990343,0.2916666666666667
P,5,STRANGLE25,H0,e050,LS,ext_2026,10.0,9,-0.07278072829405259,-0.5139630833639242,-1.0694707710036568,-1.0683581760889853,0.6666666666666666
P,5,STRANGLE25,H0,e050,LS,post_2021_2026,10.0,69,-0.6663098911791842,-2.140621046336215,-1.2692940829806139,-5.11349342990343,0.2028985507246377
P,5,STRANGLE25,H0,e050,LS,frozen_2024_2026,10.0,33,-0.34141211420302353,-1.0632694550879982,-1.1994117108861715,-5.11349342990343,0.3939393939393939
P,5,STRANGLE25,H0,e050,L,pre_2019_2020,5.0,18,0.2061367747240036,0.3241213597612712,-0.9998161329757677,-0.9476682391100525,0.2777777777777778
P,5,STRANGLE25,H0,e050,L,dev_2021_2023,5.0,36,-0.22486914810292033,-0.7923837882587841,-0.9999999999999976,-0.9929087032441872,0.25
P,5,STRANGLE25,H0,e050,L,hold_2024_2025,5.0,24,0.10285803004434009,0.34757112336138196,-0.9999997740466396,-0.9792122024514051,0.375
P,5,STRANGLE25,H0,e050,L,ext_2026,5.0,9,-0.026407049321776448,-0.11077829926686743,-0.9895576173194806,-0.8764805424213454,0.3333333333333333
P,5,STRANGLE25,H0,e050,L,post_2021_2026,5.0,69,-0.08499072542807182,-0.301056666301583,-1.0,-0.9929087032441872,0.30434782608695654
P,5,STRANGLE25,H0,e050,L,frozen_2024_2026,5.0,33,0.06760391748994471,0.24293984312901612,-0.9999998053102461,-0.9792122024514051,0.36363636363636365
P,5,STRANGLE25,H0,e050,S,pre_2019_2020,5.0,18,-2.941155924340995,-1.1375995116080084,-1.0892626657648408,-38.319684981684986,0.2777777777777778
P,5,STRANGLE25,H0,e050,S,dev_2021_2023,5.0,36,-1.7033965587117423,-3.357268104914991,-1.8830144806274505,-7.2537,0.1388888888888889
P,5,STRANGLE25,H0,e050,S,hold_2024_2025,5.0,24,-0.9871557978821155,-1.5392566165657244,-1.1502135745017068,-9.85206666666667,0.375
P,5,STRANGLE25,H0,e050,S,ext_2026,5.0,9,-0.11915440726632874,-0.6789149645680342,-1.503257056711615,-1.5051799108734407,0.5555555555555556
P,5,STRANGLE25,H0,e050,S,post_2021_2026,5.0,69,-1.2476290569302964,-2.27616827017673,-1.8830144806274505,-9.85206666666667,0.2753623188405797
P,5,STRANGLE25,H0,e050,S,frozen_2024_2026,5.0,33,-0.7504281458959917,-1.3346167106739022,-1.1502135745017068,-9.85206666666667,0.42424242424242425
P,5,STRANGLE25,H0,e100,LS,pre_2019_2020,10.0,18,-1.9454810079864135,-1.730141919870057,-1.0169164119262575,-17.01800020155605,0.05555555555555555
P,5,STRANGLE25,H0,e100,LS,dev_2021_2023,10.0,36,-1.6248283808318644,-4.409300168332013,-1.004115995522091,-5.718075200726696,0.027777777777777776
P,5,STRANGLE25,H0,e100,LS,hold_2024_2025,10.0,24,-0.8335229616482683,-1.7025105538581453,-1.5661583656141747,-7.170069770229771,0.25
P,5,STRANGLE25,H0,e100,LS,ext_2026,10.0,9,-0.21522749720472809,-1.6095281380328073,-1.1843728885060198,-1.1843728885060198,0.2222222222222222
P,5,STRANGLE25,H0,e100,LS,post_2021_2026,10.0,69,-1.1657307284688128,-2.7820328698017485,-1.004115995522091,-7.170069770229771,0.13043478260869565
P,5,STRANGLE25,H0,e100,LS,frozen_2024_2026,10.0,33,-0.6648969258909392,-1.553149824054171,-1.5661583656141747,-7.170069770229771,0.24242424242424243
P,5,STRANGLE25,H0,tick,LS,pre_2019_2020,10.0,18,-1.9889567851533743,-1.7629431846247285,-1.029132441317888,-17.112970794702065,0.05555555555555555
P,5,STRANGLE25,H0,tick,LS,dev_2021_2023,10.0,36,-1.6666014090028143,-4.49029746436308,-1.0019264535404453,-5.777643841503716,0.0
P,5,STRANGLE25,H0,tick,LS,hold_2024_2025,10.0,24,-0.8612592069706974,-1.7459098274424607,-1.6648931437150079,-7.2252594472194485,0.20833333333333334
P,5,STRANGLE25,H0,tick,LS,ext_2026,10.0,9,-0.23303204163902652,-1.7301156784100125,-1.2075214127022944,-1.2075214127022944,0.2222222222222222
P,5,STRANGLE25,H0,tick,LS,post_2021_2026,10.0,69,-1.1994950734224532,-2.8379818358202065,-1.0019264535404453,-7.2252594472194485,0.10144927536231885
P,5,STRANGLE25,H0,tick,LS,frozen_2024_2026,10.0,33,-0.6899245255166052,-1.5990035854888571,-1.6648931437150079,-7.2252594472194485,0.21212121212121213
P,5,STRANGLE25,H1,e050,LS,pre_2019_2020,10.0,18,-0.7184932425814771,-3.827249356743297,-1.0137772528584117,-2.2731497367130893,0.05555555555555555
P,5,STRANGLE25,H1,e050,LS,dev_2021_2023,10.0,36,-1.0629567867173448,-4.173703272901968,-1.0181187678222237,-3.3695171178509944,0.05555555555555555
P,5,STRANGLE25,H1,e050,LS,hold_2024_2025,10.0,24,-0.6547612317767558,-2.1611362975276194,-1.2317664929436387,-4.374621392951914,0.25
P,5,STRANGLE25,H1,e050,LS,ext_2026,10.0,9,-0.3495822345288711,-3.559132324253087,-0.9962939022988652,-0.8318318629085656,0.1111111111111111
P,5,STRANGLE25,H1,e050,LS,post_2021_2026,10.0,69,-0.8279268694960346,-3.098234956721598,-1.0181187678222237,-4.374621392951914,0.13043478260869565
P,5,STRANGLE25,H1,e050,LS,frozen_2024_2026,10.0,33,-0.5715305961636964,-2.160578109254126,-1.2317664929436387,-4.374621392951914,0.21212121212121213
P,5,STRANGLE25,H1,e050,L,pre_2019_2020,5.0,18,-0.30062998118673867,-3.551123789085978,-0.9995982822787136,-0.6672775420718101,0.05555555555555555
P,5,STRANGLE25,H1,e050,L,dev_2021_2023,5.0,36,-0.28512248087959746,-2.5753212458030954,-0.9999999433279413,-0.7851057380646359,0.19444444444444445
P,5,STRANGLE25,H1,e050,L,hold_2024_2025,5.0,24,-0.07707003449781025,-0.47016820660096104,-1.0095646516320451,-1.0722574912917628,0.25
P,5,STRANGLE25,H1,e050,L,ext_2026,5.0,9,-0.23211896451758904,-2.164240624132764,-0.9995889461206124,-0.9980766384558398,0.1111111111111111
P,5,STRANGLE25,H1,e050,L,post_2021_2026,5.0,69,-0.2058429104387138,-1.5549950781483546,-1.0000000005505267,-1.0722574912917628,0.2028985507246377
P,5,STRANGLE25,H1,e050,L,frozen_2024_2026,5.0,33,-0.11935610632138627,-0.7939767164807148,-1.0095646516320451,-1.0722574912917628,0.21212121212121213
P,5,STRANGLE25,H1,e050,S,pre_2019_2020,5.0,18,-1.1363565039762153,-2.8170277120938314,-1.3663172290773014,-5.054206091201646,0.16666666666666666
P,5,STRANGLE25,H1,e050,S,dev_2021_2023,5.0,36,-1.8407910925550925,-3.4833772418240625,-1.511597800597117,-7.087134727713419,0.1388888888888889
P,5,STRANGLE25,H1,e050,S,hold_2024_2025,5.0,24,-1.2324524290557013,-2.1381574448506866,-2.7710518338681935,-8.312738272813316,0.25
P,5,STRANGLE25,H1,e050,S,ext_2026,5.0,9,-0.46704550454015314,-2.37109104661337,-1.2654192321446807,-1.7814502059361406,0.2222222222222222
P,5,STRANGLE25,H1,e050,S,post_2021_2026,5.0,69,-1.4500108285533557,-2.742885156771581,-1.511597800597117,-8.312738272813316,0.18840579710144928
P,5,STRANGLE25,H1,e050,S,frozen_2024_2026,5.0,33,-1.0237050860060064,-2.013512904603283,-2.7710518338681935,-8.312738272813316,0.24242424242424243
P,5,STRANGLE25,H2_15,e050,LS,pre_2019_2020,10.0,18,-0.7347315518979525,-3.633009916055898,-1.026010682145847,-2.621765791495681,0.05555555555555555
P,5,STRANGLE25,H2_15,e050,LS,dev_2021_2023,10.0,36,-1.0562419591078613,-4.033038403369131,-1.013926062307105,-3.402614724357277,0.05555555555555555
P,5,STRANGLE25,H2_15,e050,LS,hold_2024_2025,10.0,24,-0.6486424877525278,-2.074553757952026,-1.3031127119721613,-4.530099039144932,0.25
P,5,STRANGLE25,H2_15,e050,LS,ext_2026,10.0,9,-0.36084575798174284,-3.343103611298505,-0.9985955565322747,-0.9157488883333654,0.1111111111111111
P,5,STRANGLE25,H2_15,e050,LS,post_2021_2026,10.0,69,-0.8237643776199908,-3.0001674383007124,-1.013926062307105,-4.530099039144932,0.13043478260869565
P,5,STRANGLE25,H2_15,e050,LS,frozen_2024_2026,10.0,33,-0.5701524705423135,-2.0876237863460547,-1.3031127119721613,-4.530099039144932,0.21212121212121213
P,5,STRANGLE25,H2_15,e050,L,pre_2019_2020,5.0,18,-0.2964263894945271,-2.7239518971659566,-0.999785603671585,-0.7589153434473426,0.1111111111111111
P,5,STRANGLE25,H2_15,e050,L,dev_2021_2023,5.0,36,-0.27034666777268723,-1.7693659438339615,-0.9999999733427636,-0.8027151178098106,0.19444444444444445
P,5,STRANGLE25,H2_15,e050,L,hold_2024_2025,5.0,24,-0.07310446821470612,-0.4576897391741798,-1.0068055677995118,-1.0604831002375883,0.2916666666666667
P,5,STRANGLE25,H2_15,e050,L,ext_2026,5.0,9,-0.23288409323474385,-2.248758670895189,-0.9828147512801138,-0.9044291521588649,0.2222222222222222
P,5,STRANGLE25,H2_15,e050,L,post_2021_2026,5.0,69,-0.1968542625519186,-1.309165105804075,-1.0000000001814175,-1.0604831002375883,0.2318840579710145
P,5,STRANGLE25,H2_15,e050,L,frozen_2024_2026,5.0,33,-0.11668072958380732,-0.7966237751337572,-1.0068055677995118,-1.0604831002375883,0.2727272727272727
P,5,STRANGLE25,H2_15,e050,S,pre_2019_2020,5.0,18,-1.1730367143013782,-2.6201654410621864,-1.1069183250025063,-6.088391821149228,0.1111111111111111
P,5,STRANGLE25,H2_15,e050,S,dev_2021_2023,5.0,36,-1.8421372504430356,-3.4483062052066282,-1.5204247549700969,-7.089336529514765,0.1388888888888889
P,5,STRANGLE25,H2_15,e050,S,hold_2024_2025,5.0,24,-1.2241805072903496,-2.0692412771664377,-2.822038967099887,-8.64565329534274,0.20833333333333334
P,5,STRANGLE25,H2_15,e050,S,ext_2026,5.0,9,-0.488807422728742,-2.236194255672186,-1.2882651232017068,-1.929168784026686,0.1111111111111111
P,5,STRANGLE25,H2_15,e050,S,post_2021_2026,5.0,69,-1.4506744926880633,-2.6967779356390382,-1.5204247549700969,-8.64565329534274,0.15942028985507245
P,5,STRANGLE25,H2_15,e050,S,frozen_2024_2026,5.0,33,-1.0236242115008203,-1.9600961776486236,-2.822038967099887,-8.64565329534274,0.18181818181818182
P,5,STRANGLE25,H2_25,e050,LS,pre_2019_2020,10.0,18,-0.7137658992192233,-3.822051031406684,-1.011989419884318,-2.2914304253050712,0.05555555555555555
P,5,STRANGLE25,H2_25,e050,LS,dev_2021_2023,10.0,36,-1.0739306103293909,-3.911240998423935,-1.0075353809475716,-3.5088080235693004,0.1111111111111111
P,5,STRANGLE25,H2_25,e050,LS,hold_2024_2025,10.0,24,-0.6188334363337149,-1.895557108940156,-1.6885722961741592,-4.648046218095092,0.2916666666666667
P,5,STRANGLE25,H2_25,e050,LS,ext_2026,10.0,9,-0.34243541667159755,-2.9144382998176965,-1.000619267886175,-1.0191825466867284,0.2222222222222222
P,5,STRANGLE25,H2_25,e050,LS,post_2021_2026,10.0,69,-0.8202235245494437,-2.8465560771159675,-1.0075353809475716,-4.648046218095092,0.18840579710144928
P,5,STRANGLE25,H2_25,e050,LS,frozen_2024_2026,10.0,33,-0.5434521582440466,-1.9052953749442416,-1.6885722961741592,-4.648046218095092,0.2727272727272727
P,5,STRANGLE25,H2_25,e050,L,pre_2019_2020,5.0,18,-0.24348908602404626,-1.5137740546932448,-0.9997563027938157,-0.7257801149923357,0.2222222222222222
P,5,STRANGLE25,H2_25,e050,L,dev_2021_2023,5.0,36,-0.2797129212647829,-1.6830763502779778,-0.9999999975805464,-0.8600077286397516,0.16666666666666666
P,5,STRANGLE25,H2_25,e050,L,hold_2024_2025,5.0,24,-0.05289402916589373,-0.30354834222755417,-0.998697668846763,-0.8580709100500883,0.3333333333333333
P,5,STRANGLE25,H2_25,e050,L,ext_2026,5.0,9,-0.2935819614524071,-2.4448528098295754,-0.9983174117868719,-0.9780027668512827,0.1111111111111111
P,5,STRANGLE25,H2_25,e050,L,post_2021_2026,5.0,69,-0.2026283988200768,-1.2287201394592813,-0.9999999999999892,-0.9780027668512827,0.21739130434782608
P,5,STRANGLE25,H2_25,e050,L,frozen_2024_2026,5.0,33,-0.118536192516761,-0.7293132084128119,-0.9999956375367126,-0.9780027668512827,0.2727272727272727
P,5,STRANGLE25,H2_25,e050,S,pre_2019_2020,5.0,18,-1.1840427124144004,-2.5915757428461883,-1.4717075783488083,-6.234192978609512,0.16666666666666666
P,5,STRANGLE25,H2_25,e050,S,dev_2021_2023,5.0,36,-1.8681482993939993,-3.4166666411044653,-1.8660920099420717,-7.057197416068922,0.1388888888888889
P,5,STRANGLE25,H2_25,e050,S,hold_2024_2025,5.0,24,-1.184772843501536,-1.989381773848365,-2.847843909437277,-8.695553774067237,0.20833333333333334
P,5,STRANGLE25,H2_25,e050,S,ext_2026,5.0,9,-0.3912888718907879,-1.7044852547539406,-1.4043373078865122,-1.8353007805950052,0.3333333333333333
P,5,STRANGLE25,H2_25,e050,S,post_2021_2026,5.0,69,-1.4378186502788106,-2.6156195891487473,-1.8660920099420717,-8.695553774067237,0.18840579710144928
P,5,STRANGLE25,H2_25,e050,S,frozen_2024_2026,5.0,33,-0.9683681239713322,-1.8338738062114248,-2.847843909437277,-8.695553774067237,0.24242424242424243
P,5,IFLY10,H0,e000,LS,pre_2019_2020,10.0,18,-0.06954746042922698,-1.1598916289441765,-0.8243275449034475,-0.39953890839513095,0.5
P,5,IFLY10,H0,e000,LS,dev_2021_2023,10.0,36,-0.08492806927128552,-2.3690859806593885,-0.9711816498307301,-0.33110106918906745,0.25
P,5,IFLY10,H0,e000,LS,hold_2024_2025,10.0,24,-0.04290154524936926,-0.7841675065209887,-0.8906937386113278,-0.40759322498749506,0.4583333333333333
P,5,IFLY10,H0,e000,LS,ext_2026,10.0,9,-0.027529772811776772,-0.533275992589355,-0.4845864861139473,-0.2836985981314061,0.5555555555555556
P,5,IFLY10,H0,e000,LS,post_2021_2026,10.0,69,-0.06282341355155262,-1.392866224507992,-0.9958872935444778,-0.40759322498749506,0.36231884057971014
P,5,IFLY10,H0,e000,LS,frozen_2024_2026,10.0,33,-0.038709243675480405,-0.7287293790389548,-0.8906937386113278,-0.40759322498749506,0.48484848484848486
P,5,IFLY10,H0,e050,LS,pre_2019_2020,10.0,18,-0.19522834231254807,-3.2253449001234777,-0.989186619265005,-0.5109869031527716,0.2222222222222222
P,5,IFLY10,H0,e050,LS,dev_2021_2023,10.0,36,-0.18215810698459248,-5.3112753892802385,-0.9995149118563537,-0.43276076440214706,0.08333333333333333
P,5,IFLY10,H0,e050,LS,hold_2024_2025,10.0,24,-0.12033307615742288,-2.156060709963405,-0.977458938126758,-0.5539275874196689,0.25
P,5,IFLY10,H0,e050,LS,ext_2026,10.0,9,-0.11412872235784945,-2.2284684189961848,-0.7529843516694088,-0.36905254379367675,0.2222222222222222
P,5,IFLY10,H0,e050,LS,post_2021_2026,10.0,69,-0.15178035044121918,-3.349810160771533,-0.9999965642147369,-0.5539275874196689,0.15942028985507245
P,5,IFLY10,H0,e050,LS,frozen_2024_2026,10.0,33,-0.11864097966663013,-2.2049222847066097,-0.993240363335492,-0.5539275874196689,0.24242424242424243
P,5,IFLY10,H0,e050,L,pre_2019_2020,5.0,18,-0.09691769893096194,-0.7454633203398965,-0.9891281349267698,-0.7713285487525857,0.4444444444444444
P,5,IFLY10,H0,e050,L,dev_2021_2023,5.0,36,-0.12854816870116834,-2.073774489561326,-0.9979393377153909,-0.543847137335088,0.2777777777777778
P,5,IFLY10,H0,e050,L,hold_2024_2025,5.0,24,-0.10581012401475241,-1.094121388039783,-0.9948653901055973,-0.7327974327031916,0.375
P,5,IFLY10,H0,e050,L,ext_2026,5.0,9,-0.09025413825590342,-0.9808587043722234,-0.8562623099461114,-0.7458597974324149,0.5555555555555556
P,5,IFLY10,H0,e050,L,post_2021_2026,5.0,69,-0.11564441005651084,-1.4741107005056482,-0.9999957367216371,-0.7458597974324149,0.34782608695652173
P,5,IFLY10,H0,e050,L,frozen_2024_2026,5.0,33,-0.10156758244415724,-1.080085916016491,-0.9987515368581406,-0.7458597974324149,0.42424242424242425
P,5,IFLY10,H0,e050,S,pre_2019_2020,5.0,18,-0.2935389856941343,-4.233945420009978,-0.9995943417501356,-0.8241138330396144,0.05555555555555555
P,5,IFLY10,H0,e050,S,dev_2021_2023,5.0,36,-0.23576804526801654,-6.600375220362157,-0.9999619708801544,-0.5393776730437213,0.027777777777777776
P,5,IFLY10,H0,e050,S,hold_2024_2025,5.0,24,-0.13485602830009333,-3.1214630814230153,-0.9785589214901838,-0.38226396398644163,0.25
P,5,IFLY10,H0,e050,S,ext_2026,5.0,9,-0.13800330645979547,-3.2403896100849865,-0.7667436358900152,-0.3575620543093908,0.2222222222222222
P,5,IFLY10,H0,e050,S,post_2021_2026,5.0,69,-0.18791629082592748,-4.540660408785773,-0.9999998061763568,-0.5393776730437213,0.13043478260869565
P,5,IFLY10,H0,e050,S,frozen_2024_2026,5.0,33,-0.13571437688910298,-3.203137421989183,-0.9949032834834429,-0.38226396398644163,0.24242424242424243
P,5,IFLY10,H0,e100,LS,pre_2019_2020,10.0,18,-0.32090922419586915,-5.012727685192525,-0.999672830425635,-0.7019379819275164,0.05555555555555555
P,5,IFLY10,H0,e100,LS,dev_2021_2023,10.0,36,-0.2793881446978994,-8.157596903156767,-0.999995547033968,-0.5607919275073737,0.0
P,5,IFLY10,H0,e100,LS,hold_2024_2025,10.0,24,-0.19776460706547647,-3.367462256429104,-0.9979089307071378,-0.7002619498518424,0.125
P,5,IFLY10,H0,e100,LS,ext_2026,10.0,9,-0.20072767190392213,-3.9193070504523866,-0.8917317188545834,-0.4544064894559473,0.1111111111111111
P,5,IFLY10,H0,e100,LS,post_2021_2026,10.0,69,-0.24073728733088567,-5.11308243923513,-0.9999999989902871,-0.7002619498518424,0.057971014492753624
P,5,IFLY10,H0,e100,LS,frozen_2024_2026,10.0,33,-0.1985727156577798,-3.546588238623359,-0.999773249360104,-0.7002619498518424,0.12121212121212122
P,5,IFLY10,H0,tick,LS,pre_2019_2020,10.0,18,-0.32508149240725354,-5.0720359598266205,-0.9997123081929783,-0.7065295271293812,0.05555555555555555
P,5,IFLY10,H0,tick,LS,dev_2021_2023,10.0,36,-0.2834067481180817,-8.276549775064472,-0.9999963826212853,-0.5657015223727515,0.0
P,5,IFLY10,H0,tick,LS,hold_2024_2025,10.0,24,-0.20074915444323263,-3.417451884169163,-0.9981059219588911,-0.704195259270557,0.125
P,5,IFLY10,H0,tick,LS,ext_2026,10.0,9,-0.2040264161110674,-3.9879410567544973,-0.8956735372714552,-0.4571714445327424,0.1111111111111111
P,5,IFLY10,H0,tick,LS,post_2021_2026,10.0,69,-0.24430232440417585,-5.18535626676725,-0.999999999285197,-0.704195259270557,0.057971014492753624
P,5,IFLY10,H0,tick,LS,frozen_2024_2026,10.0,33,-0.20164295307991484,-3.6015104294975027,-0.9998023975378393,-0.704195259270557,0.12121212121212122
P,5,IFLY10,H1,e050,LS,pre_2019_2020,10.0,18,-0.23334162371650619,-6.358502842044365,-0.9935660174242004,-0.528611669505188,0.0
P,5,IFLY10,H1,e050,LS,dev_2021_2023,10.0,36,-0.17917585743260667,-3.5190977997010613,-1.0306836935136479,-1.0383009463820723,0.027777777777777776
P,5,IFLY10,H1,e050,LS,hold_2024_2025,10.0,24,-0.13340954376587702,-3.7931687145299966,-0.9743983934630868,-0.415938881115584,0.08333333333333333
P,5,IFLY10,H1,e050,LS,ext_2026,10.0,9,-0.0854451719410987,-5.137224500495952,-0.5594308156786014,-0.16211230135757662,0.0
P,5,IFLY10,H1,e050,LS,post_2021_2026,10.0,69,-0.15103139804963442,-3.486273887191774,-1.0306836935136479,-1.0383009463820723,0.043478260869565216
P,5,IFLY10,H1,e050,LS,frozen_2024_2026,10.0,33,-0.12032835145002839,-3.809942599768546,-0.9887207210907147,-0.415938881115584,0.06060606060606061
P,5,IFLY10,H1,e050,L,pre_2019_2020,5.0,18,-0.18714541953259003,-3.888490858705297,-0.9834656372883203,-0.4598119715365511,0.05555555555555555
P,5,IFLY10,H1,e050,L,dev_2021_2023,5.0,36,-0.12838121717705586,-1.2799824081142246,-1.6176237348741298,-1.8759606195096776,0.2222222222222222
P,5,IFLY10,H1,e050,L,hold_2024_2025,5.0,24,-0.1074119327505817,-1.8004776123509216,-0.9609183690128755,-0.37269947037819984,0.16666666666666666
P,5,IFLY10,H1,e050,L,ext_2026,5.0,9,-0.02695114980809775,-0.7154588154507843,-0.38465057476725717,-0.18230883455403663,0.4444444444444444
P,5,IFLY10,H1,e050,L,post_2021_2026,5.0,69,-0.10785754424146164,-1.3236877147048982,-1.6176237348741298,-1.8759606195096776,0.2318840579710145
P,5,IFLY10,H1,e050,L,frozen_2024_2026,5.0,33,-0.08546808285717698,-1.5544419780771985,-0.9759511408349149,-0.37269947037819984,0.24242424242424243
P,5,IFLY10,H1,e050,S,pre_2019_2020,5.0,18,-0.27953782790042236,-5.536660674874981,-0.998800775657458,-0.7865179519641841,0.0
P,5,IFLY10,H1,e050,S,dev_2021_2023,5.0,36,-0.2299704976881574,-10.350137286375224,-0.9999319259158388,-0.46613235285654453,0.0
P,5,IFLY10,H1,e050,S,hold_2024_2025,5.0,24,-0.1594071547811724,-4.743364503294795,-0.9878002372860128,-0.45917829185296827,0.125
P,5,IFLY10,H1,e050,S,ext_2026,5.0,9,-0.14393919407409964,-7.903153388893657,-0.7583283675299183,-0.22221334250922134,0.0
P,5,IFLY10,H1,e050,S,post_2021_2026,5.0,69,-0.19420525185780727,-6.887565553405825,-0.9999997992946882,-0.46613235285654453,0.043478260869565216
P,5,IFLY10,H1,e050,S,frozen_2024_2026,5.0,33,-0.1551886200428798,-5.176543967322004,-0.9970516634291631,-0.45917829185296827,0.09090909090909091
P,5,IFLY10,H2_15,e050,LS,pre_2019_2020,10.0,18,-0.2348205054671832,-6.315743064013898,-0.9937626757465987,-0.49468531835847757,0.05555555555555555
P,5,IFLY10,H2_15,e050,LS,dev_2021_2023,10.0,36,-0.18428901713106766,-3.321493996038933,-1.1222081383183529,-1.1528435067478715,0.027777777777777776
P,5,IFLY10,H2_15,e050,LS,hold_2024_2025,10.0,24,-0.1275935100562957,-3.643394408383353,-0.9696990314472033,-0.41412754441641964,0.08333333333333333
P,5,IFLY10,H2_15,e050,LS,ext_2026,10.0,9,-0.09237645047712295,-5.589125544260693,-0.5885358923431063,-0.15424373655245538,0.1111111111111111
P,5,IFLY10,H2_15,e050,LS,post_2021_2026,10.0,69,-0.15258024510671944,-3.302823772574125,-1.1222081383183529,-1.1528435067478715,0.057971014492753624
P,5,IFLY10,H2_15,e050,LS,frozen_2024_2026,10.0,33,-0.11798885744379405,-3.7865714295219415,-0.9875322390132839,-0.41412754441641964,0.09090909090909091
P,5,IFLY10,H2_15,e050,L,pre_2019_2020,5.0,18,-0.18819545568939602,-3.649216241823119,-0.9846579532919629,-0.4878914704645002,0.1111111111111111
P,5,IFLY10,H2_15,e050,L,dev_2021_2023,5.0,36,-0.13812553863477764,-1.2567828935679062,-1.7509940797388335,-2.1068443871738767,0.3055555555555556
P,5,IFLY10,H2_15,e050,L,hold_2024_2025,5.0,24,-0.09296228911832209,-1.4984556413248569,-0.9431723847983219,-0.37251712610381016,0.16666666666666666
P,5,IFLY10,H2_15,e050,L,ext_2026,5.0,9,-0.04406345456928848,-1.1791857723880508,-0.40895947626417395,-0.243260749089968,0.4444444444444444
P,5,IFLY10,H2_15,e050,L,post_2021_2026,5.0,69,-0.11014761479442498,-1.2492161271320914,-1.7509940797388335,-2.1068443871738767,0.2753623188405797
P,5,IFLY10,H2_15,e050,L,frozen_2024_2026,5.0,33,-0.07962624333222201,-1.4173461282572783,-0.9659918481236635,-0.37251712610381016,0.24242424242424243
P,5,IFLY10,H2_15,e050,S,pre_2019_2020,5.0,18,-0.2814455552449704,-5.5105747149327255,-0.9988850162955228,-0.7859524579719723,0.0
P,5,IFLY10,H2_15,e050,S,dev_2021_2023,5.0,36,-0.23045249562735767,-10.070058096728436,-0.9999341275931977,-0.46514397226245646,0.0
P,5,IFLY10,H2_15,e050,S,hold_2024_2025,5.0,24,-0.16222473099426934,-5.151783843399561,-0.9884277715198065,-0.45573796272902917,0.08333333333333333
P,5,IFLY10,H2_15,e050,S,ext_2026,5.0,9,-0.1406894463849574,-9.894359257215841,-0.7478105074425088,-0.20145262732100963,0.0
P,5,IFLY10,H2_15,e050,S,post_2021_2026,5.0,69,-0.1950128754190139,-7.128916814197786,-0.999999807758335,-0.46514397226245646,0.028985507246376812
P,5,IFLY10,H2_15,e050,S,frozen_2024_2026,5.0,33,-0.15635147155536608,-5.63036862907363,-0.9970816055718207,-0.45573796272902917,0.06060606060606061
P,5,IFLY10,H2_25,e050,LS,pre_2019_2020,10.0,18,-0.2388977189179452,-7.009433490552808,-0.994223307787609,-0.5483991932954287,0.0
P,5,IFLY10,H2_25,e050,LS,dev_2021_2023,10.0,36,-0.19629245308177645,-2.9969409797543256,-1.3394380004538577,-1.42073275702196,0.027777777777777776
P,5,IFLY10,H2_25,e050,LS,hold_2024_2025,10.0,24,-0.11800212438782488,-3.0176743601050844,-0.9628088447311651,-0.43629506494801396,0.16666666666666666
P,5,IFLY10,H2_25,e050,LS,ext_2026,10.0,9,-0.08856303794389792,-4.53766389536405,-0.5752602886942475,-0.16842179092035134,0.1111111111111111
P,5,IFLY10,H2_25,e050,LS,post_2021_2026,10.0,69,-0.15500937156154823,-2.861612587427086,-1.3394380004538577,-1.42073275702196,0.08695652173913043
P,5,IFLY10,H2_25,e050,LS,frozen_2024_2026,10.0,33,-0.10997328263039026,-3.162761619108487,-0.9842034394479876,-0.43629506494801396,0.15151515151515152
P,5,IFLY10,H2_25,e050,L,pre_2019_2020,5.0,18,-0.19972360373850717,-3.796508116530635,-0.9886791602644347,-0.4988757250661859,0.16666666666666666
P,5,IFLY10,H2_25,e050,L,dev_2021_2023,5.0,36,-0.16417203519988777,-1.261301849101211,-2.1067800370485186,-2.6469344082732973,0.25
P,5,IFLY10,H2_25,e050,L,hold_2024_2025,5.0,24,-0.0857517311690793,-1.2638040682722633,-0.955488633465222,-0.4299119245930171,0.20833333333333334
P,5,IFLY10,H2_25,e050,L,ext_2026,5.0,9,-0.048219051726718185,-1.2057975519843382,-0.5084462022945586,-0.30401346586176115,0.4444444444444444
P,5,IFLY10,H2_25,e050,L,post_2021_2026,5.0,69,-0.12177110551875843,-1.1803793348612661,-2.1067800370485186,-2.6469344082732973,0.2608695652173913
P,5,IFLY10,H2_25,e050,L,frozen_2024_2026,5.0,33,-0.0755155458666172,-1.2359923954501792,-0.9676781260115374,-0.4299119245930171,0.2727272727272727
P,5,IFLY10,H2_25,e050,S,pre_2019_2020,5.0,18,-0.27807183409738323,-5.727150822034088,-0.9986368886581138,-0.76572679770297,0.0
P,5,IFLY10,H2_25,e050,S,dev_2021_2023,5.0,36,-0.2284128709636651,-9.01243959994017,-0.9999304480763167,-0.46415594807888816,0.0
P,5,IFLY10,H2_25,e050,S,hold_2024_2025,5.0,24,-0.15025251760657046,-4.73863258449151,-0.9836330554918056,-0.4426782053030108,0.125
P,5,IFLY10,H2_25,e050,S,ext_2026,5.0,9,-0.12890702416107763,-7.166356459453791,-0.7169469539342509,-0.20619174048022865,0.0
P,5,IFLY10,H2_25,e050,S,post_2021_2026,5.0,69,-0.18824763760433813,-6.4146928537935155,-0.9999996777858644,-0.46415594807888816,0.043478260869565216
P,5,IFLY10,H2_25,e050,S,frozen_2024_2026,5.0,33,-0.14443101939416333,-5.070766385857912,-0.9953672865021665,-0.4426782053030108,0.09090909090909091
P,5,IFLY15,H0,e000,LS,pre_2019_2020,10.0,18,-0.04268693147518045,-0.9223866372746172,-0.7206705996163858,-0.33677767841289896,0.4444444444444444
P,5,IFLY15,H0,e000,LS,dev_2021_2023,10.0,36,-0.08827302360715436,-2.4838416285815694,-0.9785178174168488,-0.3111936122958242,0.2777777777777778
P,5,IFLY15,H0,e000,LS,hold_2024_2025,10.0,24,-0.044193604412459286,-0.850174960112596,-0.8765299992753508,-0.43243202199694714,0.3333333333333333
P,5,IFLY15,H0,e000,LS,ext_2026,10.0,9,-0.049314044947624494,-0.9493263451850164,-0.5783706616634252,-0.29014350563109115,0.5555555555555556
P,5,IFLY15,H0,e000,LS,post_2021_2026,10.0,69,-0.06785944580123478,-1.5486163227186656,-0.9969117462948036,-0.43243202199694714,0.3333333333333333
P,5,IFLY15,H0,e000,LS,frozen_2024_2026,10.0,33,-0.04559008819477707,-0.8911539386433771,-0.8812933777125631,-0.43243202199694714,0.3939393939393939
P,5,IFLY15,H0,e050,LS,pre_2019_2020,10.0,18,-0.2152498160354832,-4.2955784188538155,-0.9919336208918311,-0.5349663767113475,0.16666666666666666
P,5,IFLY15,H0,e050,LS,dev_2021_2023,10.0,36,-0.19605739062995875,-5.434337055047111,-0.9997626897470618,-0.40554846502682296,0.027777777777777776
P,5,IFLY15,H0,e050,LS,hold_2024_2025,10.0,24,-0.125683285057449,-2.380909117007668,-0.9791446227124792,-0.5217578129869146,0.2916666666666667
P,5,IFLY15,H0,e050,LS,ext_2026,10.0,9,-0.1544871528851323,-2.973342835957741,-0.8354675104197063,-0.40468254546038535,0.1111111111111111
P,5,IFLY15,H0,e050,LS,post_2021_2026,10.0,69,-0.16615723594236928,-3.697708726750266,-0.9999989389025271,-0.5217578129869146,0.13043478260869565
P,5,IFLY15,H0,e050,LS,frozen_2024_2026,10.0,33,-0.1335388853740899,-2.5738305200385843,-0.9957927605315295,-0.5217578129869146,0.24242424242424243
P,5,IFLY15,H0,e050,L,pre_2019_2020,5.0,18,-0.0835192996364731,-0.8518426682696915,-0.9721138360011867,-0.6673049343734307,0.5
P,5,IFLY15,H0,e050,L,dev_2021_2023,5.0,36,-0.13786330506590894,-2.2177390135558883,-0.9988401475250079,-0.5068011752666655,0.2777777777777778
P,5,IFLY15,H0,e050,L,hold_2024_2025,5.0,24,-0.10579596712138169,-1.1419149592552351,-0.992658457361633,-0.7000381015033399,0.4166666666666667
P,5,IFLY15,H0,e050,L,ext_2026,5.0,9,-0.13622965051141506,-1.4002019945520026,-0.908627409100955,-0.7453271575499061,0.5555555555555556
P,5,IFLY15,H0,e050,L,post_2021_2026,5.0,69,-0.12649636301287848,-1.6296325990725649,-0.99999808300816,-0.7453271575499061,0.36231884057971014
P,5,IFLY15,H0,e050,L,frozen_2024_2026,5.0,33,-0.11409606259139081,-1.2337959714050026,-0.9988094413042818,-0.7453271575499061,0.45454545454545453
P,5,IFLY15,H0,e050,S,pre_2019_2020,5.0,18,-0.3469803324344933,-4.772508902024459,-1.0285272205704785,-1.0350023464266755,0.05555555555555555
P,5,IFLY15,H0,e050,S,dev_2021_2023,5.0,36,-0.25425147619400856,-7.2013131413580105,-0.9999847607953078,-0.5917099230407176,0.0
P,5,IFLY15,H0,e050,S,hold_2024_2025,5.0,24,-0.14557060299351632,-3.4180565052434724,-0.9843206390037214,-0.383959051266016,0.20833333333333334
P,5,IFLY15,H0,e050,S,ext_2026,5.0,9,-0.1727446552588495,-3.5118287584775576,-0.8473497632555607,-0.41852827640155094,0.1111111111111111
P,5,IFLY15,H0,e050,S,post_2021_2026,5.0,69,-0.20581810887186008,-4.903129139236671,-0.9999999621924813,-0.5917099230407176,0.08695652173913043
P,5,IFLY15,H0,e050,S,frozen_2024_2026,5.0,33,-0.152981708156789,-3.4902663088463313,-0.9975190622159581,-0.41852827640155094,0.18181818181818182
P,5,IFLY15,H0,e100,LS,pre_2019_2020,10.0,18,-0.38781270059578593,-6.631057948210946,-0.9999601377279621,-0.8444205254196063,0.0
P,5,IFLY15,H0,e100,LS,dev_2021_2023,10.0,36,-0.30384175765276317,-7.860710047043264,-0.9999988968835462,-0.5637665246605464,0.0
P,5,IFLY15,H0,e100,LS,hold_2024_2025,10.0,24,-0.2071729657024387,-3.801355119931751,-0.9981458976312425,-0.611083603976882,0.16666666666666666
P,5,IFLY15,H0,e100,LS,ext_2026,10.0,9,-0.25966026082264004,-4.916767294510479,-0.9483603591264301,-0.5294445726714525,0.1111111111111111
P,5,IFLY15,H0,e100,LS,post_2021_2026,10.0,69,-0.26445502608350385,-5.55430357010895,-0.9999999998943819,-0.611083603976882,0.07246376811594203
P,5,IFLY15,H0,e100,LS,frozen_2024_2026,10.0,33,-0.22148768255340268,-4.127851017143249,-0.9999042548195345,-0.611083603976882,0.15151515151515152
P,5,IFLY15,H0,tick,LS,pre_2019_2020,10.0,18,-0.39274373853593814,-6.68964530949129,-0.9999671175389838,-0.8513847764659429,0.0
P,5,IFLY15,H0,tick,LS,dev_2021_2023,10.0,36,-0.3080662142934495,-7.96615428617435,-0.9999991228285444,-0.5677631790599468,0.0
P,5,IFLY15,H0,tick,LS,hold_2024_2025,10.0,24,-0.21053972560317447,-3.8654905967416697,-0.9983383303895901,-0.6166050163666589,0.16666666666666666
P,5,IFLY15,H0,tick,LS,ext_2026,10.0,9,-0.26380424748538306,-5.002616254917903,-0.9510266776382368,-0.5338339876575968,0.1111111111111111
P,5,IFLY15,H0,tick,LS,post_2021_2026,10.0,69,-0.2683706573392582,-5.634727055140586,-0.999999999928618,-0.6166050163666589,0.07246376811594203
P,5,IFLY15,H0,tick,LS,frozen_2024_2026,10.0,33,-0.22506641338923133,-4.196924896663515,-0.9999186225185106,-0.6166050163666589,0.15151515151515152
P,5,IFLY15,H1,e050,LS,pre_2019_2020,10.0,18,-0.29080707639950204,-9.803986460473041,-0.9983100376287607,-0.5177082855406454,0.0
P,5,IFLY15,H1,e050,LS,dev_2021_2023,10.0,36,-0.20300988164649164,-4.559666840563928,-0.999975838937586,-0.9684802970569054,0.0
P,5,IFLY15,H1,e050,LS,hold_2024_2025,10.0,24,-0.14171527136688047,-5.117067456686197,-0.9777801689754559,-0.2908074805349734,0.08333333333333333
P,5,IFLY15,H1,e050,LS,ext_2026,10.0,9,-0.14422524963799,-9.21954748261737,-0.7576698228360668,-0.2056673649428312,0.0
P,5,IFLY15,H1,e050,LS,post_2021_2026,10.0,69,-0.1740224565046484,-4.674250348181837,-0.9999998699038996,-0.9684802970569054,0.028985507246376812
P,5,IFLY15,H1,e050,LS,frozen_2024_2026,10.0,33,-0.14239981089536485,-5.753528804174596,-0.9946154644112696,-0.2908074805349734,0.06060606060606061
P,5,IFLY15,H1,e050,L,pre_2019_2020,5.0,18,-0.24073832306350917,-7.590858946280911,-0.9940958911901926,-0.4299509134366805,0.0
P,5,IFLY15,H1,e050,L,dev_2021_2023,5.0,36,-0.15682279313126843,-1.9438281855742894,-1.4310697912380321,-1.6126470402932014,0.1111111111111111
P,5,IFLY15,H1,e050,L,hold_2024_2025,5.0,24,-0.11787558600898607,-2.515355145655423,-0.9653570680605068,-0.34220505437375537,0.125
P,5,IFLY15,H1,e050,L,ext_2026,5.0,9,-0.11672804671856572,-6.175198797487191,-0.6822064706253148,-0.20059401465366866,0.1111111111111111
P,5,IFLY15,H1,e050,L,post_2021_2026,5.0,69,-0.13804618894794812,-2.1383901323318124,-1.4310697912380321,-1.6126470402932014,0.11594202898550725
P,5,IFLY15,H1,e050,L,frozen_2024_2026,5.0,33,-0.11756262074796234,-2.878717317750085,-0.9889907003910615,-0.34220505437375537,0.12121212121212122
P,5,IFLY15,H1,e050,S,pre_2019_2020,5.0,18,-0.3408758297354948,-5.95255481356522,-1.0179505262177408,-1.0248216057045512,0.0
P,5,IFLY15,H1,e050,S,dev_2021_2023,5.0,36,-0.24919697016171483,-9.178050884149048,-0.9999756978515436,-0.5280850150564069,0.0
P,5,IFLY15,H1,e050,S,hold_2024_2025,5.0,24,-0.16555495672477488,-5.6906848628662745,-0.9890281589413622,-0.3639491949915147,0.08333333333333333
P,5,IFLY15,H1,e050,S,ext_2026,5.0,9,-0.17172245255741425,-8.782599076266422,-0.8212808021070965,-0.23602217939320363,0.0
P,5,IFLY15,H1,e050,S,post_2021_2026,5.0,69,-0.20999872406134867,-7.191367530894815,-0.9999999523464363,-0.5280850150564069,0.028985507246376812
P,5,IFLY15,H1,e050,S,frozen_2024_2026,5.0,33,-0.16723700104276742,-6.300540220987374,-0.9980391213665918,-0.3639491949915147,0.06060606060606061
P,5,IFLY15,H2_15,e050,LS,pre_2019_2020,10.0,18,-0.2904879555265174,-10.566547976768325,-0.998237200916199,-0.4931602473894309,0.0
P,5,IFLY15,H2_15,e050,LS,dev_2021_2023,10.0,36,-0.20148941900960504,-4.491527084468736,-0.9999723054190108,-0.9656215471026515,0.0
P,5,IFLY15,H2_15,e050,LS,hold_2024_2025,10.0,24,-0.13324665159921315,-4.29843948477689,-0.9727447399440038,-0.29585914414816755,0.08333333333333333
P,5,IFLY15,H2_15,e050,LS,ext_2026,10.0,9,-0.1404728677424374,-8.922132601986066,-0.7480954791505741,-0.2379236175208717,0.0
P,5,IFLY15,H2_15,e050,LS,post_2021_2026,10.0,69,-0.16979412365809904,-4.409017211192763,-0.9999998098566721,-0.9656215471026515,0.028985507246376812
P,5,IFLY15,H2_15,e050,LS,frozen_2024_2026,10.0,33,-0.13521743782009252,-4.925870181507775,-0.9931342767749678,-0.29585914414816755,0.06060606060606061
P,5,IFLY15,H2_15,e050,L,pre_2019_2020,5.0,18,-0.2418266361586791,-6.687180818634119,-0.9945117298952286,-0.44944326027909887,0.05555555555555555
P,5,IFLY15,H2_15,e050,L,dev_2021_2023,5.0,36,-0.1532429062869947,-1.895769141825324,-1.4648494476936802,-1.6097197339398956,0.19444444444444445
P,5,IFLY15,H2_15,e050,L,hold_2024_2025,5.0,24,-0.10699366661366067,-2.0118209457141796,-0.9569733949168352,-0.34032723498395867,0.16666666666666666
P,5,IFLY15,H2_15,e050,L,ext_2026,5.0,9,-0.12024071398615442,-5.037837507309624,-0.6971601118747017,-0.26238224044734243,0.1111111111111111
P,5,IFLY15,H2_15,e050,L,post_2021_2026,5.0,69,-0.13285158044833414,-1.996783707121524,-1.4648494476936802,-1.6097197339398956,0.17391304347826086
P,5,IFLY15,H2_15,e050,L,frozen_2024_2026,5.0,33,-0.11060649771524987,-2.3698536031439814,-0.986969827730203,-0.34032723498395867,0.15151515151515152
P,5,IFLY15,H2_15,e050,S,pre_2019_2020,5.0,18,-0.33914927489435576,-5.991546846409718,-1.020971940278285,-1.02913465403173,0.0
P,5,IFLY15,H2_15,e050,S,dev_2021_2023,5.0,36,-0.24973593173221545,-8.510581324029202,-0.9999774541672061,-0.5456627432701374,0.0
P,5,IFLY15,H2_15,e050,S,hold_2024_2025,5.0,24,-0.15949963658476565,-5.2333950660358575,-0.9870588623193783,-0.3656737161975602,0.08333333333333333
P,5,IFLY15,H2_15,e050,S,ext_2026,5.0,9,-0.16070502149872037,-8.86987513318577,-0.7980061026606644,-0.24071784200256627,0.0
P,5,IFLY15,H2_15,e050,S,post_2021_2026,5.0,69,-0.206736666867864,-6.649696060523229,-0.9999999410644979,-0.5456627432701374,0.028985507246376812
P,5,IFLY15,H2_15,e050,S,frozen_2024_2026,5.0,33,-0.15982837792493515,-5.837227164096366,-0.9973859691638863,-0.3656737161975602,0.06060606060606061
P,5,IFLY15,H2_25,e050,LS,pre_2019_2020,10.0,18,-0.28808346685585,-9.266830738899698,-0.9982175309408752,-0.542840628631131,0.0
P,5,IFLY15,H2_25,e050,LS,dev_2021_2023,10.0,36,-0.19999436953073665,-4.612527580082427,-0.9999312633184312,-0.9135808226915012,0.0
P,5,IFLY15,H2_25,e050,LS,hold_2024_2025,10.0,24,-0.12948219587374518,-4.0575046939957975,-0.9701285281990463,-0.3498743843454395,0.125
P,5,IFLY15,H2_25,e050,LS,ext_2026,10.0,9,-0.150170542891451,-8.258419283455394,-0.7739646242484317,-0.26090468548062906,0.0
P,5,IFLY15,H2_25,e050,LS,post_2021_2026,10.0,69,-0.16896963608839802,-4.4477768114227425,-0.9999995358892831,-0.9135808226915012,0.043478260869565216
P,5,IFLY15,H2_25,e050,LS,frozen_2024_2026,10.0,33,-0.1351244723331195,-4.71327411017485,-0.993247990647219,-0.3498743843454395,0.09090909090909091
P,5,IFLY15,H2_25,e050,L,pre_2019_2020,5.0,18,-0.2426051726291528,-5.862008101925453,-0.9950885201317443,-0.4546671958564776,0.0
P,5,IFLY15,H2_25,e050,L,dev_2021_2023,5.0,36,-0.15182041352418796,-1.9641707889640505,-1.3754879174480181,-1.504227280238993,0.2777777777777778
P,5,IFLY15,H2_25,e050,L,hold_2024_2025,5.0,24,-0.10353692245393854,-1.8236761417865899,-0.9600899607010889,-0.4376231278586714,0.25
P,5,IFLY15,H2_25,e050,L,ext_2026,5.0,9,-0.13518027380968115,-4.466311664972641,-0.745950402162225,-0.30937777034227715,0.0
P,5,IFLY15,H2_25,e050,L,post_2021_2026,5.0,69,-0.1328557027543829,-2.0226667387449413,-1.3754879174480181,-1.504227280238993,0.2318840579710145
P,5,IFLY15,H2_25,e050,L,frozen_2024_2026,5.0,33,-0.11216692736914106,-2.215681405190551,-0.9891770386964386,-0.4376231278586714,0.18181818181818182
P,5,IFLY15,H2_25,e050,S,pre_2019_2020,5.0,18,-0.3335617610825471,-5.911385841014082,-1.0098734303949075,-1.013609400571208,0.0
P,5,IFLY15,H2_25,e050,S,dev_2021_2023,5.0,36,-0.2481683255372854,-8.368806515212219,-0.999975995342783,-0.5668015657967466,0.0
P,5,IFLY15,H2_25,e050,S,hold_2024_2025,5.0,24,-0.1554274692935518,-5.871892082905204,-0.9848675395948568,-0.351527556779992,0.08333333333333333
P,5,IFLY15,H2_25,e050,S,ext_2026,5.0,9,-0.16516081197322083,-9.437637214633762,-0.8071993001125424,-0.26944385201698723,0.0
P,5,IFLY15,H2_25,e050,S,post_2021_2026,5.0,69,-0.20508356942241318,-6.845174088912139,-0.9999999299652373,-0.5668015657967466,0.028985507246376812
P,5,IFLY15,H2_25,e050,S,frozen_2024_2026,5.0,33,-0.1580820172970979,-6.55400805128386,-0.9970824510428692,-0.351527556779992,0.06060606060606061
P,5,SSPREAD,H0,e000,LS,pre_2019_2020,10.0,18,-0.0737921647271509,-0.7508651569799533,-0.9238280998083549,-0.541324570199508,0.3888888888888889
P,5,SSPREAD,H0,e000,LS,dev_2021_2023,10.0,36,-0.14799725434750907,-1.8432305819406003,-0.9995501171892677,-0.5824011656158326,0.2222222222222222
P,5,SSPREAD,H0,e000,LS,hold_2024_2025,10.0,24,-0.06716846174677765,-0.8246199412675032,-0.9645017261249873,-0.4851785317425528,0.4583333333333333
P,5,SSPREAD,H0,e000,LS,ext_2026,10.0,9,-0.012844969066037909,-0.24190312639202252,-0.3076734304092765,-0.28888381073650116,0.4444444444444444
P,5,SSPREAD,H0,e000,LS,post_2021_2026,10.0,69,-0.10225433275401928,-1.308081888137241,-0.999979766457727,-0.5824011656158326,0.3333333333333333
P,5,SSPREAD,H0,e000,LS,frozen_2024_2026,10.0,33,-0.052352963742939546,-0.7043980468880173,-0.9645017261249873,-0.4851785317425528,0.45454545454545453
P,5,SSPREAD,H0,e050,LS,pre_2019_2020,10.0,18,-0.2298290298843662,-2.570702633402209,-0.9980955866248571,-0.6644293268369252,0.2777777777777778
P,5,SSPREAD,H0,e050,LS,dev_2021_2023,10.0,36,-0.26469296784720675,-3.520048301363459,-0.9999984688405907,-0.6544657567392529,0.16666666666666666
P,5,SSPREAD,H0,e050,LS,hold_2024_2025,10.0,24,-0.17707710754150432,-2.1979081170863064,-0.9976933346118713,-0.5450265003319611,0.20833333333333334
P,5,SSPREAD,H0,e050,LS,ext_2026,10.0,9,-0.13799421221632313,-2.9517946896526435,-0.7736293788797357,-0.38152271145928435,0.1111111111111111
P,5,SSPREAD,H0,e050,LS,post_2021_2026,10.0,69,-0.2176919613542384,-2.9145101430496205,-0.9999999991191358,-0.6544657567392529,0.17391304347826086
P,5,SSPREAD,H0,e050,LS,frozen_2024_2026,10.0,33,-0.16641813608918218,-2.299472042000493,-0.9994488907221051,-0.5450265003319611,0.18181818181818182
P,5,SSPREAD,H0,e050,L,pre_2019_2020,5.0,18,-0.25999877752886,-1.2316485607585972,-1.1023904039148111,-1.1023904039148111,0.3333333333333333
P,5,SSPREAD,H0,e050,L,dev_2021_2023,5.0,36,-0.35378673290770607,-2.3812667742634246,-1.0201916220140366,-1.0620986111111113,0.19444444444444445
P,5,SSPREAD,H0,e050,L,hold_2024_2025,5.0,24,-0.21635956375976742,-1.3863093203883448,-1.0000692460924565,-1.0381392634148632,0.3333333333333333
P,5,SSPREAD,H0,e050,L,ext_2026,5.0,9,-0.13027331373714882,-1.5519976584477788,-0.8295008229028525,-0.545741738205321,0.3333333333333333
P,5,SSPREAD,H0,e050,L,post_2021_2026,5.0,69,-0.2768320541818287,-1.9087579554259393,-1.0201916220140366,-1.0620986111111113,0.2608695652173913
P,5,SSPREAD,H0,e050,L,frozen_2024_2026,5.0,33,-0.1928814955717805,-1.3849981421720794,-1.0000692460924565,-1.0381392634148632,0.3333333333333333
P,5,SSPREAD,H0,e050,S,pre_2019_2020,5.0,18,-0.1996592822398724,-2.693689502667417,-1.0159856948949926,-1.0545591514824288,0.1111111111111111
P,5,SSPREAD,H0,e050,S,dev_2021_2023,5.0,36,-0.17559920278670738,-4.572621235592836,-0.9994012546939967,-0.4158775483768772,0.05555555555555555
P,5,SSPREAD,H0,e050,S,hold_2024_2025,5.0,24,-0.13779465132324123,-3.773589795992769,-0.9780181875599953,-0.3995722289435621,0.08333333333333333
P,5,SSPREAD,H0,e050,S,ext_2026,5.0,9,-0.14571511069549742,-4.159102771095932,-0.7769621170935328,-0.3375570314349728,0.0
P,5,SSPREAD,H0,e050,S,post_2021_2026,5.0,69,-0.1585518685266483,-4.265334633939678,-0.9999970644853393,-0.4158775483768772,0.057971014492753624
P,5,SSPREAD,H0,e050,S,frozen_2024_2026,5.0,33,-0.13995477660658381,-3.9329495711290847,-0.9950972230909343,-0.3995722289435621,0.06060606060606061
P,5,SSPREAD,H0,e100,LS,pre_2019_2020,10.0,18,-0.3858658950415816,-4.576978641642473,-0.9999894864365366,-0.8936152373944439,0.05555555555555555
P,5,SSPREAD,H0,e100,LS,dev_2021_2023,10.0,36,-0.38138868134690435,-5.136649532901738,-0.9999999988651663,-0.7976644661018207,0.05555555555555555
P,5,SSPREAD,H0,e100,LS,hold_2024_2025,10.0,24,-0.28698575333623094,-3.448735214499017,-0.9999522848980766,-0.6698084189816009,0.08333333333333333
P,5,SSPREAD,H0,e100,LS,ext_2026,10.0,9,-0.2631434553666084,-6.368562537324024,-0.9455287767326301,-0.4741616121820676,0.0
P,5,SSPREAD,H0,e100,LS,post_2021_2026,10.0,69,-0.33312958995445763,-4.451662436289964,-0.999999999999997,-0.7976644661018207,0.057971014492753624
P,5,SSPREAD,H0,e100,LS,frozen_2024_2026,10.0,33,-0.28048330843542474,-3.812084505529534,-0.9999974009000299,-0.6698084189816009,0.06060606060606061
P,5,SSPREAD,H0,tick,LS,pre_2019_2020,10.0,18,-0.396051748738334,-4.699636474643988,-0.9999932155387499,-0.9030859688443422,0.05555555555555555
P,5,SSPREAD,H0,tick,LS,dev_2021_2023,10.0,36,-0.3898120276703223,-5.233001509247276,-0.9999999993987165,-0.8038894039271323,0.05555555555555555
P,5,SSPREAD,H0,tick,LS,hold_2024_2025,10.0,24,-0.2931307371856158,-3.518934320067455,-0.9999627437426404,-0.6771818063164824,0.08333333333333333
P,5,SSPREAD,H0,tick,LS,ext_2026,10.0,9,-0.26816574325649456,-6.48354839349584,-0.9489241734893649,-0.48178049480001306,0.0
P,5,SSPREAD,H0,tick,LS,post_2021_2026,10.0,69,-0.34031684605644685,-4.533392936225563,-0.9999999999999989,-0.8038894039271323,0.057971014492753624
P,5,SSPREAD,H0,tick,LS,frozen_2024_2026,10.0,33,-0.28632210247767365,-3.887092660854483,-0.9999980971058626,-0.6771818063164824,0.06060606060606061
P,5,SSPREAD,H1,e050,LS,pre_2019_2020,10.0,18,-0.23006647119050852,-3.857297357976277,-0.9950272713077238,-0.557240941899755,0.1111111111111111
P,5,SSPREAD,H1,e050,LS,dev_2021_2023,10.0,36,-0.23659794547841922,-2.6775168519285573,-1.316353923340809,-1.5263589797619743,0.1388888888888889
P,5,SSPREAD,H1,e050,LS,hold_2024_2025,10.0,24,-0.15414923790125265,-2.1109053347982902,-0.9921722422086037,-0.5530827738770101,0.08333333333333333
P,5,SSPREAD,H1,e050,LS,ext_2026,10.0,9,-0.12239841535647712,-4.627107454961107,-0.7047956722939173,-0.2674169368663234,0.1111111111111111
P,5,SSPREAD,H1,e050,LS,post_2021_2026,10.0,69,-0.1930245432617602,-2.4738123959609988,-1.316353923340809,-1.5263589797619743,0.11594202898550725
P,5,SSPREAD,H1,e050,LS,frozen_2024_2026,10.0,33,-0.1454899226617684,-2.293248601238792,-0.9976892120237448,-0.5530827738770101,0.09090909090909091
P,5,SSPREAD,H1,e050,L,pre_2019_2020,5.0,18,-0.28274475949549477,-2.4879276736655065,-0.9997402881439545,-0.7647036555101521,0.1111111111111111
P,5,SSPREAD,H1,e050,L,dev_2021_2023,5.0,36,-0.28355534664270526,-1.6738301711350163,-1.6026230616531638,-2.7017367797001994,0.25
P,5,SSPREAD,H1,e050,L,hold_2024_2025,5.0,24,-0.15867984711694325,-1.0828244554881241,-0.9995705677908141,-0.8869064578583444,0.20833333333333334
P,5,SSPREAD,H1,e050,L,ext_2026,5.0,9,-0.13575913499952152,-1.9559341837507438,-0.8071714969619779,-0.5074537923362612,0.3333333333333333
P,5,SSPREAD,H1,e050,L,post_2021_2026,5.0,69,-0.22084262354985104,-1.4571957294483018,-1.6026230616531638,-2.7017367797001994,0.2463768115942029
P,5,SSPREAD,H1,e050,L,frozen_2024_2026,5.0,33,-0.15242874381219182,-1.181358927713227,-0.9999171932299463,-0.8869064578583444,0.24242424242424243
P,5,SSPREAD,H1,e050,S,pre_2019_2020,5.0,18,-0.17738818288552224,-4.64107993801933,-0.9775633152488726,-0.5124292969930686,0.05555555555555555
P,5,SSPREAD,H1,e050,S,dev_2021_2023,5.0,36,-0.18964054431413324,-6.64784959042771,-0.9996083002865624,-0.4236595902238821,0.0
P,5,SSPREAD,H1,e050,S,hold_2024_2025,5.0,24,-0.14961862868556203,-4.614350292063888,-0.9840120087811447,-0.36575035225274394,0.08333333333333333
P,5,SSPREAD,H1,e050,S,ext_2026,5.0,9,-0.10903769571343276,-4.142576101325485,-0.6635300312526664,-0.2423883252778461,0.1111111111111111
P,5,SSPREAD,H1,e050,S,post_2021_2026,5.0,69,-0.16520646297366925,-5.434169697654032,-0.9999978096249709,-0.4236595902238821,0.043478260869565216
P,5,SSPREAD,H1,e050,S,frozen_2024_2026,5.0,33,-0.13855110151134498,-4.478872457569852,-0.9944080249385103,-0.36575035225274394,0.09090909090909091
P,5,SSPREAD,H2_15,e050,LS,pre_2019_2020,10.0,18,-0.23733340341618853,-3.9243797676984182,-0.9957391739671775,-0.5708506915403434,0.1111111111111111
P,5,SSPREAD,H2_15,e050,LS,dev_2021_2023,10.0,36,-0.23372010055953021,-2.988921546892143,-1.132660986435131,-1.240982260527106,0.1388888888888889
P,5,SSPREAD,H2_15,e050,LS,hold_2024_2025,10.0,24,-0.15573842274019276,-1.9008990919269269,-0.9939397503122075,-0.6109481562492538,0.16666666666666666
P,5,SSPREAD,H2_15,e050,LS,ext_2026,10.0,9,-0.12546381404536808,-3.8727816556505568,-0.719242125987321,-0.26050153215653404,0.1111111111111111
P,5,SSPREAD,H2_15,e050,LS,post_2021_2026,10.0,69,-0.19247565351182647,-2.548222957646849,-1.132660986435131,-1.240982260527106,0.14492753623188406
P,5,SSPREAD,H2_15,e050,LS,frozen_2024_2026,10.0,33,-0.1474817112779678,-2.064652734158241,-0.9982985371816694,-0.6109481562492538,0.15151515151515152
P,5,SSPREAD,H2_15,e050,L,pre_2019_2020,5.0,18,-0.2951401428624078,-2.5255380446961806,-0.9998583930282945,-0.7935045144527035,0.16666666666666666
P,5,SSPREAD,H2_15,e050,L,dev_2021_2023,5.0,36,-0.2769628761380531,-1.8251061848389056,-1.2514332333430942,-2.128668196937057,0.2777777777777778
P,5,SSPREAD,H2_15,e050,L,hold_2024_2025,5.0,24,-0.1689035950358578,-1.0261329113355016,-1.0142891407684824,-1.0299656120293845,0.20833333333333334
P,5,SSPREAD,H2_15,e050,L,ext_2026,5.0,9,-0.15352392587206812,-1.854959448564862,-0.8513273414589346,-0.4388344636858667,0.2222222222222222
P,5,SSPREAD,H2_15,e050,L,post_2021_2026,5.0,69,-0.22327630658955233,-1.502236042715169,-1.2514332333430942,-2.128668196937057,0.2463768115942029
P,5,SSPREAD,H2_15,e050,L,frozen_2024_2026,5.0,33,-0.16470913980936971,-1.1314885637533325,-1.0142891407684824,-1.0299656120293845,0.21212121212121213
P,5,SSPREAD,H2_15,e050,S,pre_2019_2020,5.0,18,-0.1795266639699692,-4.654695985562419,-0.978125824732566,-0.5182092273423214,0.1111111111111111
P,5,SSPREAD,H2_15,e050,S,dev_2021_2023,5.0,36,-0.1904773249810074,-6.582499215805045,-0.9996239234511224,-0.4026309653572186,0.0
P,5,SSPREAD,H2_15,e050,S,hold_2024_2025,5.0,24,-0.1425732504445277,-4.6204050834855614,-0.9791203445407963,-0.30195433478551803,0.08333333333333333
P,5,SSPREAD,H2_15,e050,S,ext_2026,5.0,9,-0.09740370221866805,-3.4555895309966442,-0.621570432146727,-0.2485099793082517,0.0
P,5,SSPREAD,H2_15,e050,S,post_2021_2026,5.0,69,-0.16167500043410063,-5.274913742027553,-0.9999970284390495,-0.4026309653572186,0.028985507246376812
P,5,SSPREAD,H2_15,e050,S,frozen_2024_2026,5.0,33,-0.13025428274656597,-4.299540103403961,-0.9920985210076483,-0.30195433478551803,0.06060606060606061
P,5,SSPREAD,H2_25,e050,LS,pre_2019_2020,10.0,18,-0.22834252491199272,-3.028553593916974,-0.9961278661065414,-0.6468805231583279,0.16666666666666666
P,5,SSPREAD,H2_25,e050,LS,dev_2021_2023,10.0,36,-0.1945490820083681,-2.983132145217257,-0.999907300442075,-0.7146341794408718,0.1388888888888889
P,5,SSPREAD,H2_25,e050,LS,hold_2024_2025,10.0,24,-0.1331398341057478,-1.868011042334561,-0.9869216783091499,-0.5457388289606238,0.16666666666666666
P,5,SSPREAD,H2_25,e050,LS,ext_2026,10.0,9,-0.2010631159446033,-9.57644851234056,-0.8717978389112042,-0.3246557986870561,0.0
P,5,SSPREAD,H2_25,e050,LS,post_2021_2026,10.0,69,-0.17403900020783522,-2.739831930083556,-0.9999998445735152,-0.7146341794408718,0.13043478260869565
P,5,SSPREAD,H2_25,e050,LS,frozen_2024_2026,10.0,33,-0.15166436551634477,-2.4474607961489268,-0.9983233308958186,-0.5457388289606238,0.12121212121212122
P,5,SSPREAD,H2_25,e050,L,pre_2019_2020,5.0,18,-0.2811047898402775,-1.8760248230959164,-0.9999710623605826,-0.9226801230305226,0.1111111111111111
P,5,SSPREAD,H2_25,e050,L,dev_2021_2023,5.0,36,-0.20220155748475233,-1.6246106994416103,-0.9999998704213754,-0.9761966332701151,0.25
P,5,SSPREAD,H2_25,e050,L,hold_2024_2025,5.0,24,-0.11315940620888888,-0.7831863391797669,-0.9995371238864299,-0.8987461342138771,0.375
P,5,SSPREAD,H2_25,e050,L,ext_2026,5.0,9,-0.2901751198315583,-4.733221806541138,-0.9689818972005948,-0.6150917191163,0.1111111111111111
P,5,SSPREAD,H2_25,e050,L,post_2021_2026,5.0,69,-0.18270518691229626,-1.455239347985566,-0.9999999999971066,-0.9761966332701151,0.2753623188405797
P,5,SSPREAD,H2_25,e050,L,frozen_2024_2026,5.0,33,-0.16143641901507144,-1.2576013135730755,-0.999977670984616,-0.8987461342138771,0.30303030303030304
P,5,SSPREAD,H2_25,e050,S,pre_2019_2020,5.0,18,-0.17558025998370796,-4.339138296681911,-0.9766552980878248,-0.5373641905978179,0.05555555555555555
P,5,SSPREAD,H2_25,e050,S,dev_2021_2023,5.0,36,-0.1868966065319839,-5.966183498230834,-0.9995820517968058,-0.4530717256116287,0.0
P,5,SSPREAD,H2_25,e050,S,hold_2024_2025,5.0,24,-0.15312026200260676,-5.25005406542488,-0.9842844800331689,-0.33760609580957723,0.041666666666666664
P,5,SSPREAD,H2_25,e050,S,ext_2026,5.0,9,-0.11195111205764838,-3.7603462342336633,-0.6773561796710599,-0.2975198271659011,0.1111111111111111
P,5,SSPREAD,H2_25,e050,S,post_2021_2026,5.0,69,-0.16537281350337424,-5.355806784221137,-0.9999978710544197,-0.4530717256116287,0.028985507246376812
P,5,SSPREAD,H2_25,e050,S,frozen_2024_2026,5.0,33,-0.1418923120176181,-4.833258407756956,-0.9949061975526592,-0.33760609580957723,0.06060606060606061
P,3,STRADDLE,H0,e000,LS,pre_2019_2020,6.0,18,-0.17856318108746916,-0.8395123357136703,-1.7337578766769903,-1.76720901348543,0.5
P,3,STRADDLE,H0,e000,LS,dev_2021_2023,6.0,36,-0.45806451268580584,-2.2031836748827835,-2.4028425363095436,-2.4028425363095436,0.3055555555555556
P,3,STRADDLE,H0,e000,LS,hold_2024_2025,6.0,24,-0.10228352949147389,-0.9367054598865215,-1.064857693078696,-1.0828301969261664,0.375
P,3,STRADDLE,H0,e000,LS,ext_2026,6.0,9,-0.042755731137584636,-0.3691076770828633,-0.8072979833777331,-0.4614717124390697,0.3333333333333333
P,3,STRADDLE,H0,e000,LS,post_2021_2026,6.0,69,-0.28014389485105284,-1.5960322640191225,-2.4028425363095436,-2.4028425363095436,0.3333333333333333
P,3,STRADDLE,H0,e000,LS,frozen_2024_2026,6.0,33,-0.08604867539495864,-0.7860077946416867,-1.064857693078696,-1.0828301969261664,0.36363636363636365
P,3,STRADDLE,H0,e050,LS,pre_2019_2020,6.0,18,-0.9154669052822137,-3.4531626596598977,-2.460320726373972,-3.3846527222982665,0.1111111111111111
P,3,STRADDLE,H0,e050,LS,dev_2021_2023,6.0,36,-1.0583093961604186,-3.998056898553016,-2.6811056204138466,-2.9494835496466423,0.08333333333333333
P,3,STRADDLE,H0,e050,LS,hold_2024_2025,6.0,24,-0.3623673006896242,-2.520421872371306,-1.0138679513927393,-1.9121861396747601,0.125
P,3,STRADDLE,H0,e050,LS,ext_2026,6.0,9,-0.15246799699790312,-1.3803599852153594,-0.9308572665706729,-0.5398926629756978,0.3333333333333333
P,3,STRADDLE,H0,e050,LS,post_2021_2026,6.0,69,-0.6980893543667708,-2.92873149170079,-2.6811056204138466,-2.9494835496466423,0.13043478260869565
P,3,STRADDLE,H0,e050,LS,frozen_2024_2026,6.0,33,-0.3051220360464276,-2.2337823882228776,-1.0138679513927393,-1.9121861396747601,0.18181818181818182
P,3,STRADDLE,H0,e050,L,pre_2019_2020,3.0,18,0.044721590429670804,0.147899467316192,-0.9937477255417285,-0.8590852601317717,0.3888888888888889
P,3,STRADDLE,H0,e050,L,dev_2021_2023,3.0,36,-0.1591350524602215,-1.4294235656612369,-0.9999701802796902,-0.7780615199554498,0.25
P,3,STRADDLE,H0,e050,L,hold_2024_2025,3.0,24,-0.17631872730011525,-1.0875096897502123,-0.9999807590963812,-0.7931973490206726,0.2916666666666667
P,3,STRADDLE,H0,e050,L,ext_2026,3.0,9,-0.3818478176956815,-2.0794992714973395,-0.9995882301979593,-0.8423669018198551,0.2222222222222222
P,3,STRADDLE,H0,e050,L,post_2021_2026,3.0,69,-0.1941614739569837,-1.3837272539822674,-0.9999999999975208,-0.8423669018198551,0.2608695652173913
P,3,STRADDLE,H0,e050,L,frozen_2024_2026,3.0,33,-0.23237211558981513,-1.387626619081829,-0.9999999771061049,-0.8423669018198551,0.2727272727272727
P,3,STRADDLE,H0,e050,S,pre_2019_2020,3.0,18,-1.875655400994098,-3.3193801315914504,-5.500259576339839,-6.4572294372294365,0.1111111111111111
P,3,STRADDLE,H0,e050,S,dev_2021_2023,3.0,36,-1.957483739860616,-3.891841923898212,-5.204769106674732,-5.585468975468976,0.1111111111111111
P,3,STRADDLE,H0,e050,S,hold_2024_2025,3.0,24,-0.5484158740791333,-2.098014177993718,-1.4315374691358027,-3.5006242247031736,0.2916666666666667
P,3,STRADDLE,H0,e050,S,ext_2026,3.0,9,0.07691182369987529,0.5584095758716763,-0.8368733741832497,-0.45789797650422354,0.5555555555555556
P,3,STRADDLE,H0,e050,S,post_2021_2026,3.0,69,-1.202017234776558,-2.614703929027778,-5.204769106674732,-5.585468975468976,0.2318840579710145
P,3,STRADDLE,H0,e050,S,frozen_2024_2026,3.0,33,-0.37787195650304,-1.5360234146664955,-1.4315374691358027,-3.5006242247031736,0.36363636363636365
P,3,STRADDLE,H0,e100,LS,pre_2019_2020,6.0,18,-1.652370629476958,-4.60948720498929,-2.074030701256027,-5.002096431111103,0.05555555555555555
P,3,STRADDLE,H0,e100,LS,dev_2021_2023,6.0,36,-1.6585542796350312,-4.697589295665702,-2.9593687045181487,-4.502744366681179,0.027777777777777776
P,3,STRADDLE,H0,e100,LS,hold_2024_2025,6.0,24,-0.6224510718877746,-3.179128133185022,-1.1553256441700752,-2.7415420824233543,0.125
P,3,STRADDLE,H0,e100,LS,ext_2026,6.0,9,-0.26218026285822155,-2.4648920807160155,-0.9815177991342705,-0.6620247047335601,0.2222222222222222
P,3,STRADDLE,H0,e100,LS,post_2021_2026,6.0,69,-1.1160348138824885,-3.4174198504287956,-2.9593687045181487,-4.502744366681179,0.08695652173913043
P,3,STRADDLE,H0,e100,LS,frozen_2024_2026,6.0,33,-0.5241953966978965,-2.9035147935632404,-1.1553256441700752,-2.7415420824233543,0.15151515151515152
P,3,STRADDLE,H0,tick,LS,pre_2019_2020,6.0,18,-1.6746545818266696,-4.65584295489719,-2.005107823599123,-5.047794387153655,0.05555555555555555
P,3,STRADDLE,H0,tick,LS,dev_2021_2023,6.0,36,-1.6784977158454069,-4.744618664945638,-2.9739204903654843,-4.524703721684177,0.027777777777777776
P,3,STRADDLE,H0,tick,LS,hold_2024_2025,6.0,24,-0.634045765589469,-3.2239405296308705,-1.162161783840602,-2.754941113506852,0.08333333333333333
P,3,STRADDLE,H0,tick,LS,ext_2026,6.0,9,-0.26946366014631706,-2.526411966268175,-0.9834926676364147,-0.6688580859166557,0.2222222222222222
P,3,STRADDLE,H0,tick,LS,post_2021_2026,6.0,69,-1.1314230302304165,-3.4506165157807644,-2.9739204903654843,-4.524703721684177,0.07246376811594203
P,3,STRADDLE,H0,tick,LS,frozen_2024_2026,6.0,33,-0.5346142822867911,-2.946988883595187,-1.162161783840602,-2.754941113506852,0.12121212121212122
P,3,STRADDLE,H1,e050,LS,pre_2019_2020,6.0,18,-1.109146858302121,-3.826370182148348,-2.520755346372678,-3.8486786560296324,0.05555555555555555
P,3,STRADDLE,H1,e050,LS,dev_2021_2023,6.0,36,-0.9067215402602974,-3.9693598300768453,-1.0018228795746147,-2.9066925910707746,0.027777777777777776
P,3,STRADDLE,H1,e050,LS,hold_2024_2025,6.0,24,-0.4453969665460189,-3.424000685906841,-1.4716563839696577,-1.6006607950719263,0.125
P,3,STRADDLE,H1,e050,LS,ext_2026,6.0,9,-0.30056277901341977,-4.2246728215238445,-0.9783563825847857,-0.6170725872534614,0.1111111111111111
P,3,STRADDLE,H1,e050,LS,post_2021_2026,6.0,69,-0.6671966327187817,-3.3943187845516856,-1.0018228795746147,-2.9066925910707746,0.07246376811594203
P,3,STRADDLE,H1,e050,LS,frozen_2024_2026,6.0,33,-0.40589673358258277,-3.4571090760800627,-1.4716563839696577,-1.6006607950719263,0.12121212121212122
P,3,STRADDLE,H1,e050,L,pre_2019_2020,3.0,18,-0.19406795602619425,-2.8146240084596186,-0.9896945885004201,-0.5502489756256904,0.16666666666666666
P,3,STRADDLE,H1,e050,L,dev_2021_2023,3.0,36,-0.158353265391275,-2.328572351991765,-0.9994569711103212,-0.5516904735388427,0.2222222222222222
P,3,STRADDLE,H1,e050,L,hold_2024_2025,3.0,24,-0.21654491238714244,-2.3039880226128555,-0.9998667237420551,-0.9460577606519917,0.16666666666666666
P,3,STRADDLE,H1,e050,L,ext_2026,3.0,9,-0.323402597119767,-2.959938667275296,-0.9984184503480088,-0.9574740460566206,0.1111111111111111
P,3,STRADDLE,H1,e050,L,post_2021_2026,3.0,69,-0.20012201196311916,-2.3876391522476186,-0.9999999998774982,-0.9574740460566206,0.18840579710144928
P,3,STRADDLE,H1,e050,L,frozen_2024_2026,3.0,33,-0.24568791731422182,-2.516974027049531,-0.9999997744101402,-0.9574740460566206,0.15151515151515152
P,3,STRADDLE,H1,e050,S,pre_2019_2020,3.0,18,-2.024225760578047,-3.5318809109744103,-3.2405531791332174,-7.360888949429845,0.05555555555555555
P,3,STRADDLE,H1,e050,S,dev_2021_2023,3.0,36,-1.6550898151293194,-3.7937902877553262,-1.0240665250337173,-5.299159442662973,0.0
P,3,STRADDLE,H1,e050,S,hold_2024_2025,3.0,24,-0.6742490207048956,-2.69943217342348,-2.4481117203611147,-2.9855762196473665,0.16666666666666666
P,3,STRADDLE,H1,e050,S,ext_2026,3.0,9,-0.27772296090707244,-3.5162927627569855,-0.9764293681901741,-0.6763638418371386,0.1111111111111111
P,3,STRADDLE,H1,e050,S,post_2021_2026,3.0,69,-1.1342712534744441,-2.9677091409851,-1.0240665250337173,-5.299159442662973,0.07246376811594203
P,3,STRADDLE,H1,e050,S,frozen_2024_2026,3.0,33,-0.5661055498509437,-2.555306876572505,-2.4481117203611147,-2.9855762196473665,0.15151515151515152
P,3,STRADDLE,H2_15,e050,LS,pre_2019_2020,6.0,18,-1.096547801410936,-3.8442728262538224,-2.485811704494262,-3.8262486907586033,0.05555555555555555
P,3,STRADDLE,H2_15,e050,LS,dev_2021_2023,6.0,36,-0.9103220995222414,-3.9433527398076524,-1.0006761945591973,-2.873905781568481,0.027777777777777776
P,3,STRADDLE,H2_15,e050,LS,hold_2024_2025,6.0,24,-0.43209969681382554,-3.3254480290239505,-1.3880993870424039,-1.5450009594744216,0.125
P,3,STRADDLE,H2_15,e050,LS,ext_2026,6.0,9,-0.29608702392982056,-4.188845729037413,-0.9771285382664223,-0.6721435729144517,0.1111111111111111
P,3,STRADDLE,H2_15,e050,LS,post_2021_2026,6.0,69,-0.6638662539376939,-3.341143619476167,-1.0006761945591973,-2.873905781568481,0.07246376811594203
P,3,STRADDLE,H2_15,e050,LS,frozen_2024_2026,6.0,33,-0.39500533148182415,-3.3748113507668123,-1.3880993870424039,-1.5450009594744216,0.12121212121212122
P,3,STRADDLE,H2_15,e050,L,pre_2019_2020,3.0,18,-0.18486363749030654,-2.3703588858183045,-0.9890996737123221,-0.5780563588731729,0.1111111111111111
P,3,STRADDLE,H2_15,e050,L,dev_2021_2023,3.0,36,-0.167598522019801,-2.565473679669649,-0.9996179353990389,-0.543591197965195,0.19444444444444445
P,3,STRADDLE,H2_15,e050,L,hold_2024_2025,3.0,24,-0.21196705510830224,-2.251004943560547,-0.9997016359114868,-0.882057207858557,0.16666666666666666
P,3,STRADDLE,H2_15,e050,L,ext_2026,3.0,9,-0.32253175169327164,-3.1235066034895254,-0.9954941321509836,-0.8768825894973092,0.1111111111111111
P,3,STRADDLE,H2_15,e050,L,post_2021_2026,3.0,69,-0.2032397373992976,-2.4893857649043474,-0.9999999994334186,-0.882057207858557,0.17391304347826086
P,3,STRADDLE,H2_15,e050,L,frozen_2024_2026,3.0,33,-0.24212106326783936,-2.5178271559318346,-0.9999985356255805,-0.882057207858557,0.15151515151515152
P,3,STRADDLE,H2_15,e050,S,pre_2019_2020,3.0,18,-2.0082319653315657,-3.5810090429816253,-3.079306933157932,-7.323279011681915,0.0
P,3,STRADDLE,H2_15,e050,S,dev_2021_2023,3.0,36,-1.653045677024682,-3.7568908853315763,-1.0177650582157416,-5.3816465188675044,0.0
P,3,STRADDLE,H2_15,e050,S,hold_2024_2025,3.0,24,-0.6522323385193488,-2.605796278936232,-2.307940818797294,-2.895009232745489,0.16666666666666666
P,3,STRADDLE,H2_15,e050,S,ext_2026,3.0,9,-0.2696422961663694,-3.326366119574248,-0.9759175788842407,-0.7328543440370194,0.1111111111111111
P,3,STRADDLE,H2_15,e050,S,post_2021_2026,3.0,69,-1.1244927704760908,-2.91749419868735,-1.0177650582157416,-5.3816465188675044,0.07246376811594203
P,3,STRADDLE,H2_15,e050,S,frozen_2024_2026,3.0,33,-0.5478895996958091,-2.4708867468492897,-2.307940818797294,-2.895009232745489,0.15151515151515152
P,3,STRADDLE,H2_25,e050,LS,pre_2019_2020,6.0,18,-1.0701317589992354,-3.8297462822788257,-2.185649016496067,-3.7736143516303273,0.05555555555555555
P,3,STRADDLE,H2_25,e050,LS,dev_2021_2023,6.0,36,-0.9017777221041628,-3.8233416998215124,-1.0133547863948584,-2.864860851975033,0.05555555555555555
P,3,STRADDLE,H2_25,e050,LS,hold_2024_2025,6.0,24,-0.4368291292458051,-3.6623412791327667,-1.3457883808834072,-1.4546025214052927,0.125
P,3,STRADDLE,H2_25,e050,LS,ext_2026,6.0,9,-0.2701127960876776,-3.129732648909362,-0.979684424683959,-0.7794353381285383,0.1111111111111111
P,3,STRADDLE,H2_25,e050,LS,post_2021_2026,6.0,69,-0.6576653951078013,-3.286618661484444,-1.0133547863948584,-2.864860851975033,0.08695652173913043
P,3,STRADDLE,H2_25,e050,LS,frozen_2024_2026,6.0,33,-0.3913610383844976,-3.4918746481142087,-1.3457883808834072,-1.4546025214052927,0.12121212121212122
P,3,STRADDLE,H2_25,e050,L,pre_2019_2020,3.0,18,-0.15965207925360136,-1.6482806771996974,-0.9855067469929191,-0.6025107479728279,0.16666666666666666
P,3,STRADDLE,H2_25,e050,L,dev_2021_2023,3.0,36,-0.15784939629708786,-2.3115414054239327,-0.9995734331958539,-0.5509030531806828,0.25
P,3,STRADDLE,H2_25,e050,L,hold_2024_2025,3.0,24,-0.21576025932671858,-2.5611975714397577,-0.9996771442118848,-0.8942041652207693,0.16666666666666666
P,3,STRADDLE,H2_25,e050,L,ext_2026,3.0,9,-0.31221274416392314,-2.742250331888863,-0.9976420449861158,-0.9395588493796593,0.3333333333333333
P,3,STRADDLE,H2_25,e050,L,post_2021_2026,3.0,69,-0.19812665489872053,-2.4481006675329784,-0.9999999995694646,-0.9395588493796593,0.2318840579710145
P,3,STRADDLE,H2_25,e050,L,frozen_2024_2026,3.0,33,-0.24206548246413803,-2.625577422196156,-0.9999991670581262,-0.9395588493796593,0.21212121212121213
P,3,STRADDLE,H2_25,e050,S,pre_2019_2020,3.0,18,-1.980611438744869,-3.682196293746214,-2.322216512398456,-7.161751765322987,0.0
P,3,STRADDLE,H2_25,e050,S,dev_2021_2023,3.0,36,-1.645706047911238,-3.6915169144860673,-1.0997490548982614,-5.242687259985883,0.05555555555555555
P,3,STRADDLE,H2_25,e050,S,hold_2024_2025,3.0,24,-0.6578979991648916,-2.7846927283700333,-2.300576708128618,-2.8483992225599284,0.125
P,3,STRADDLE,H2_25,e050,S,ext_2026,3.0,9,-0.22801284801143204,-2.1096757667275026,-0.9916646953414779,-0.9461902545575298,0.2222222222222222
P,3,STRADDLE,H2_25,e050,S,post_2021_2026,3.0,69,-1.1172041353168822,-2.886569893426175,-1.0997490548982614,-5.242687259985883,0.10144927536231885
P,3,STRADDLE,H2_25,e050,S,frozen_2024_2026,3.0,33,-0.5406565943048572,-2.5156772526594002,-2.300576708128618,-2.8483992225599284,0.15151515151515152
P,3,STRANGLE25,H0,e000,LS,pre_2019_2020,6.0,18,-1.0852254325920532,-0.8815885101588743,-1.2053904016208143,-18.071790505675953,0.2777777777777778
P,3,STRANGLE25,H0,e000,LS,dev_2021_2023,6.0,36,-0.4258855455557205,-1.4664394861041437,-1.1966827384122143,-3.388420867535812,0.2777777777777778
P,3,STRANGLE25,H0,e000,LS,hold_2024_2025,6.0,24,-0.09612172641163352,-0.3746415486843997,-1.1835889684925174,-1.51422905982906,0.3333333333333333
P,3,STRANGLE25,H0,e000,LS,ext_2026,6.0,9,-0.04697181795994851,-0.2044459271784875,-1.5076046349571672,-1.5076046349571672,0.3333333333333333
P,3,STRANGLE25,H0,e000,LS,post_2021_2026,6.0,69,-0.26176155703658954,-0.9597137716724873,-1.1966827384122143,-3.388420867535812,0.30434782608695654
P,3,STRANGLE25,H0,e000,LS,frozen_2024_2026,6.0,33,-0.08271720592481033,-0.336149981108383,-1.1835889684925174,-1.51422905982906,0.3333333333333333
P,3,STRANGLE25,H0,e050,LS,pre_2019_2020,6.0,18,-1.7004305236019086,-1.2079176337673387,-1.0303417370320183,-21.11196108086308,0.16666666666666666
P,3,STRANGLE25,H0,e050,LS,dev_2021_2023,6.0,36,-1.206603399436072,-3.1511317101255942,-1.0124183712172063,-4.1003176297011645,0.16666666666666666
P,3,STRANGLE25,H0,e050,LS,hold_2024_2025,6.0,24,-0.5353110526477088,-1.6421237361651135,-1.1416287878787879,-2.670108311894744,0.16666666666666666
P,3,STRANGLE25,H0,e050,LS,ext_2026,6.0,9,-0.1943632144271928,-0.8911175913118202,-1.5692498628878886,-1.6466767644802456,0.1111111111111111
P,3,STRANGLE25,H0,e050,LS,post_2021_2026,6.0,69,-0.8410790807693963,-2.330367392767387,-1.0124183712172063,-4.1003176297011645,0.15942028985507245
P,3,STRANGLE25,H0,e050,LS,frozen_2024_2026,6.0,33,-0.4423252785875681,-1.4723378291765197,-1.1416287878787879,-2.670108311894744,0.15151515151515152
P,3,STRANGLE25,H0,e050,L,pre_2019_2020,3.0,18,0.345049761964891,0.3567679719845987,-0.9999991862303721,-0.9306889063454656,0.2777777777777778
P,3,STRANGLE25,H0,e050,L,dev_2021_2023,3.0,36,-0.34209552354045375,-1.5321484179323506,-1.0,-0.9845109211775879,0.19444444444444445
P,3,STRANGLE25,H0,e050,L,hold_2024_2025,3.0,24,-0.10311534990221577,-0.3179888686456778,-0.9999999999978231,-0.9875715974020637,0.20833333333333334
P,3,STRANGLE25,H0,e050,L,ext_2026,3.0,9,-0.10605802739887199,-0.2876470998463168,-0.99997922218191,-0.986682165450865,0.2222222222222222
P,3,STRANGLE25,H0,e050,L,post_2021_2026,3.0,69,-0.22818448538694736,-0.8148563144724843,-1.0,-0.9875715974020637,0.2028985507246377
P,3,STRANGLE25,H0,e050,L,frozen_2024_2026,3.0,33,-0.10391789831039477,-0.3139447414306122,-0.9999999999999994,-0.9875715974020637,0.21212121212121213
P,3,STRANGLE25,H0,e050,S,pre_2019_2020,3.0,18,-3.745910809168708,-0.9940471307873019,-1.2462318840579714,-55.88555555555556,0.3333333333333333
P,3,STRANGLE25,H0,e050,S,dev_2021_2023,3.0,36,-2.0711112753316905,-2.8103795439235038,-6.54731624411933,-7.415833333333333,0.2222222222222222
P,3,STRANGLE25,H0,e050,S,hold_2024_2025,3.0,24,-0.9675067553932016,-2.1148145609541693,-2.254222222222222,-4.956111111111111,0.3333333333333333
P,3,STRANGLE25,H0,e050,S,ext_2026,3.0,9,-0.28266840145551364,-0.8413968971455185,-1.0577138130686519,-2.8810227272727276,0.3333333333333333
P,3,STRANGLE25,H0,e050,S,post_2021_2026,3.0,69,-1.4539736761518454,-2.291785275174488,-6.54731624411933,-7.415833333333333,0.2753623188405797
P,3,STRANGLE25,H0,e050,S,frozen_2024_2026,3.0,33,-0.7807326588647414,-1.8071616265228274,-2.254222222222222,-4.956111111111111,0.3333333333333333
P,3,STRANGLE25,H0,e100,LS,pre_2019_2020,6.0,18,-2.315635614611764,-1.4568670531004897,-1.1820554562565666,-24.152131656050198,0.1111111111111111
P,3,STRANGLE25,H0,e100,LS,dev_2021_2023,6.0,36,-1.9873212533164235,-3.8017917674270367,-5.6140163198694415,-6.364142933163048,0.027777777777777776
P,3,STRANGLE25,H0,e100,LS,hold_2024_2025,6.0,24,-0.9745003788837838,-2.3031021472741386,-2.341452227352369,-4.156627655296971,0.125
P,3,STRANGLE25,H0,e100,LS,ext_2026,6.0,9,-0.3417546108944371,-1.6485317173112843,-1.337527438335172,-1.7857488940033246,0.1111111111111111
P,3,STRANGLE25,H0,e100,LS,post_2021_2026,6.0,69,-1.420396604502203,-2.9047338047425884,-5.6140163198694415,-6.364142933163048,0.07246376811594203
P,3,STRANGLE25,H0,e100,LS,frozen_2024_2026,6.0,33,-0.8019333512503257,-2.0969612463577136,-2.341452227352369,-4.156627655296971,0.12121212121212122
P,3,STRANGLE25,H0,tick,LS,pre_2019_2020,6.0,18,-2.361876938100138,-1.479455904442083,-1.1673769607287667,-24.294371552613782,0.1111111111111111
P,3,STRANGLE25,H0,tick,LS,dev_2021_2023,6.0,36,-2.031839890771397,-3.8655670531080255,-5.673617843057257,-6.427810451255854,0.027777777777777776
P,3,STRANGLE25,H0,tick,LS,hold_2024_2025,6.0,24,-1.0055369386588606,-2.352769106636125,-2.3964154558373036,-4.234067397230748,0.125
P,3,STRANGLE25,H0,tick,LS,ext_2026,6.0,9,-0.36335159092521135,-1.747219352834961,-1.315282438527407,-1.8138544568652166,0.1111111111111111
P,3,STRANGLE25,H0,tick,LS,post_2021_2026,6.0,69,-1.4572360422305772,-2.9571383083062117,-5.673617843057257,-6.427810451255854,0.07246376811594203
P,3,STRANGLE25,H0,tick,LS,frozen_2024_2026,6.0,33,-0.8303954801860471,-2.1503423556007957,-2.3964154558373036,-4.234067397230748,0.12121212121212122
P,3,STRANGLE25,H1,e050,LS,pre_2019_2020,6.0,18,-0.710743412880839,-2.9995868430272474,-1.0000879235407985,-3.1950335150961404,0.1111111111111111
P,3,STRANGLE25,H1,e050,LS,dev_2021_2023,6.0,36,-1.2888808326027377,-3.6115148230875103,-1.428156345319804,-4.179564559597677,0.027777777777777776
P,3,STRANGLE25,H1,e050,LS,hold_2024_2025,6.0,24,-0.7534269162562747,-2.795169704703856,-1.7951900725556535,-2.975149429408281,0.16666666666666666
P,3,STRANGLE25,H1,e050,LS,ext_2026,6.0,9,-0.5172091643733496,-3.3828219133636024,-1.0041855942917766,-1.354225865343979,0.1111111111111111
P,3,STRANGLE25,H1,e050,LS,post_2021_2026,6.0,69,-1.001983165843613,-3.154072954021559,-1.428156345319804,-4.179564559597677,0.08695652173913043
P,3,STRANGLE25,H1,e050,LS,frozen_2024_2026,6.0,33,-0.6890038930154769,-2.8361996364162354,-1.7951900725556535,-2.975149429408281,0.15151515151515152
P,3,STRANGLE25,H1,e050,L,pre_2019_2020,3.0,18,-0.2665951694644255,-2.2343272723736525,-0.9996231786069664,-0.6665199363693186,0.2222222222222222
P,3,STRANGLE25,H1,e050,L,dev_2021_2023,3.0,36,-0.34822137793592284,-2.978771467133701,-0.999999999406327,-0.7755304736817652,0.19444444444444445
P,3,STRANGLE25,H1,e050,L,hold_2024_2025,3.0,24,-0.24367591920307377,-1.2533557441802634,-1.0001600163684992,-1.4614849266588672,0.16666666666666666
P,3,STRANGLE25,H1,e050,L,ext_2026,3.0,9,-0.25366056658947195,-1.6359609678825355,-1.6615787067750243,-1.3941917731240796,0.3333333333333333
P,3,STRANGLE25,H1,e050,L,post_2021_2026,3.0,69,-0.2995237212445252,-1.9807493851255895,-1.000000000000095,-1.4614849266588672,0.2028985507246377
P,3,STRANGLE25,H1,e050,L,frozen_2024_2026,3.0,33,-0.24639900485390964,-1.3527008392495616,-1.0001600163684992,-1.4614849266588672,0.21212121212121213
P,3,STRANGLE25,H1,e050,S,pre_2019_2020,3.0,18,-1.1548916562972524,-2.234512393579386,-1.0019356555145165,-7.292566026113382,0.16666666666666666
P,3,STRANGLE25,H1,e050,S,dev_2021_2023,3.0,36,-2.2295402872695522,-3.0291164723441626,-8.369525528058917,-8.472549203916865,0.1111111111111111
P,3,STRANGLE25,H1,e050,S,hold_2024_2025,3.0,24,-1.2631779133094756,-2.7518480583947427,-5.144738290451184,-5.144738290451184,0.25
P,3,STRANGLE25,H1,e050,S,ext_2026,3.0,9,-0.7807577621572273,-2.3898064022823435,-1.1299117423581087,-2.9064420481144473,0.2222222222222222
P,3,STRANGLE25,H1,e050,S,post_2021_2026,3.0,69,-1.704442610442701,-2.729400427125384,-8.369525528058917,-8.472549203916865,0.17391304347826086
P,3,STRANGLE25,H1,e050,S,frozen_2024_2026,3.0,33,-1.131608781177044,-2.651826682226579,-5.144738290451184,-5.144738290451184,0.24242424242424243
P,3,STRANGLE25,H2_15,e050,LS,pre_2019_2020,6.0,18,-0.7315824607055069,-2.7300174473841223,-1.0000077533355791,-3.646800630150437,0.1111111111111111
P,3,STRANGLE25,H2_15,e050,LS,dev_2021_2023,6.0,36,-1.3270372962867407,-3.659960907733517,-1.1535113080266872,-4.48317175859576,0.027777777777777776
P,3,STRANGLE25,H2_15,e050,LS,hold_2024_2025,6.0,24,-0.7373457988668665,-2.6726038410144577,-1.8971185147967962,-2.9231711703642738,0.16666666666666666
P,3,STRANGLE25,H2_15,e050,LS,ext_2026,6.0,9,-0.5620111302146711,-3.4947208348448364,-1.0011191038659581,-1.4500902923786088,0.1111111111111111
P,3,STRANGLE25,H2_15,e050,LS,post_2021_2026,6.0,69,-1.0221411885660796,-3.1502614370026434,-1.1535113080266872,-4.48317175859576,0.08695652173913043
P,3,STRANGLE25,H2_15,e050,LS,frozen_2024_2026,6.0,33,-0.6895272528708133,-2.775986419434978,-1.8971185147967962,-2.9231711703642738,0.15151515151515152
P,3,STRANGLE25,H2_15,e050,L,pre_2019_2020,3.0,18,-0.2570784527013071,-1.6300968100140456,-0.9998781096183974,-0.7880013076316333,0.2222222222222222
P,3,STRANGLE25,H2_15,e050,L,dev_2021_2023,3.0,36,-0.36956220085183983,-3.3226434808762857,-0.999999999885748,-0.8799555045054426,0.2222222222222222
P,3,STRANGLE25,H2_15,e050,L,hold_2024_2025,3.0,24,-0.21541401914825867,-1.087487548509351,-1.0003668525357015,-1.524229017463149,0.16666666666666666
P,3,STRANGLE25,H2_15,e050,L,ext_2026,3.0,9,-0.25265177148151696,-1.6372347826148634,-1.6002013489454476,-1.348409981015368,0.3333333333333333
P,3,STRANGLE25,H2_15,e050,L,post_2021_2026,3.0,69,-0.3006962555588129,-1.9875298370419727,-1.000000000000042,-1.524229017463149,0.21739130434782608
P,3,STRANGLE25,H2_15,e050,L,frozen_2024_2026,3.0,33,-0.22556976978460186,-1.2201193301938074,-1.0003668525357015,-1.524229017463149,0.21212121212121213
P,3,STRANGLE25,H2_15,e050,S,pre_2019_2020,3.0,18,-1.206086468709707,-1.9727575916914404,-1.1748709501759305,-8.766877829425283,0.3333333333333333
P,3,STRANGLE25,H2_15,e050,S,dev_2021_2023,3.0,36,-2.284512391721642,-3.036435917479836,-8.081389388753571,-9.006252758986586,0.16666666666666666
P,3,STRANGLE25,H2_15,e050,S,hold_2024_2025,3.0,24,-1.2592775785854746,-2.7140163725749193,-4.837916409858758,-5.047262492196228,0.25
P,3,STRANGLE25,H2_15,e050,S,ext_2026,3.0,9,-0.871370488947825,-2.504340649244786,-1.144999290209729,-3.161866206319296,0.2222222222222222
P,3,STRANGLE25,H2_15,e050,S,post_2021_2026,3.0,69,-1.7435861215733466,-2.7343487517787217,-8.081389388753571,-9.006252758986586,0.2028985507246377
P,3,STRANGLE25,H2_15,e050,S,frozen_2024_2026,3.0,33,-1.1534847359570248,-2.6633707394406834,-4.837916409858758,-5.047262492196228,0.24242424242424243
P,3,STRANGLE25,H2_25,e050,LS,pre_2019_2020,6.0,18,-0.7091437774829076,-3.059062304743593,-1.0001196376637782,-2.9063237958703856,0.05555555555555555
P,3,STRANGLE25,H2_25,e050,LS,dev_2021_2023,6.0,36,-1.3269300369945165,-3.5583716072735188,-1.1148418023220523,-4.602345697677881,0.027777777777777776
P,3,STRANGLE25,H2_25,e050,LS,hold_2024_2025,6.0,24,-0.7347230803532216,-2.575197989833144,-2.5715558334797906,-2.8372828523017226,0.16666666666666666
P,3,STRANGLE25,H2_25,e050,LS,ext_2026,6.0,9,-0.5026019195753089,-3.090043406839379,-1.0009577000394771,-1.5601898943978159,0.2222222222222222
P,3,STRANGLE25,H2_25,e050,LS,post_2021_2026,6.0,69,-1.0134239498037347,-3.032014404534632,-1.1148418023220523,-4.602345697677881,0.10144927536231885
P,3,STRANGLE25,H2_25,e050,LS,frozen_2024_2026,6.0,33,-0.6714173092319727,-2.6127201341575677,-2.5715558334797906,-2.8372828523017226,0.18181818181818182
P,3,STRANGLE25,H2_25,e050,L,pre_2019_2020,3.0,18,-0.2112248561628224,-0.8947495627989049,-0.9999478043865253,-0.8339956326218796,0.2222222222222222
P,3,STRANGLE25,H2_25,e050,L,dev_2021_2023,3.0,36,-0.3594464907357282,-3.0414747288343786,-0.9999999999145083,-0.9011526383576779,0.16666666666666666
P,3,STRANGLE25,H2_25,e050,L,hold_2024_2025,3.0,24,-0.24684070311238684,-1.3538108659692731,-1.0000158304224789,-1.2043602184529485,0.25
P,3,STRANGLE25,H2_25,e050,L,ext_2026,3.0,9,-0.2366484748130768,-1.2681163262305222,-1.5212028758481249,-1.2539418640019424,0.3333333333333333
P,3,STRANGLE25,H2_25,e050,L,post_2021_2026,3.0,69,-0.3042621277463941,-2.0144931774580397,-1.0000000000000013,-1.2539418640019424,0.21739130434782608
P,3,STRANGLE25,H2_25,e050,L,frozen_2024_2026,3.0,33,-0.2440610044853023,-1.3516803020632238,-1.0000158304224789,-1.2539418640019424,0.2727272727272727
P,3,STRANGLE25,H2_25,e050,S,pre_2019_2020,3.0,18,-1.2070626988029924,-2.0125800547532573,-1.1559360172433981,-8.521613485630484,0.16666666666666666
P,3,STRANGLE25,H2_25,e050,S,dev_2021_2023,3.0,36,-2.294413583253305,-3.0263605629975467,-7.371512611032936,-8.996754693210887,0.19444444444444445
P,3,STRANGLE25,H2_25,e050,S,hold_2024_2025,3.0,24,-1.2226054575940566,-2.531204937496601,-4.466028823601732,-4.943655941128838,0.20833333333333334
P,3,STRANGLE25,H2_25,e050,S,ext_2026,3.0,9,-0.7685553643375411,-2.086695913063442,-1.206616423019535,-3.0569416348344625,0.3333333333333333
P,3,STRANGLE25,H2_25,e050,S,post_2021_2026,3.0,69,-1.7225857718610753,-2.6500377266185913,-7.371512611032936,-8.996754693210887,0.21739130434782608
P,3,STRANGLE25,H2_25,e050,S,frozen_2024_2026,3.0,33,-1.0987736139786433,-2.4261150789533517,-4.466028823601732,-4.943655941128838,0.24242424242424243
P,3,IFLY10,H0,e000,LS,pre_2019_2020,6.0,18,-0.029481033594198076,-0.4653138023105265,-0.6257428906317484,-0.3643249185855509,0.4444444444444444
P,3,IFLY10,H0,e000,LS,dev_2021_2023,6.0,36,-0.09817139724547116,-1.8699828113786052,-0.9904340181329835,-0.6233441753859656,0.3055555555555556
P,3,IFLY10,H0,e000,LS,hold_2024_2025,6.0,24,-0.03976960401281084,-0.5678455110500787,-0.9203271990674922,-0.536720974384946,0.4166666666666667
P,3,IFLY10,H0,e000,LS,ext_2026,6.0,9,-0.07680768412558571,-1.2397292884989008,-0.7082501386879329,-0.32323583679041756,0.4444444444444444
P,3,IFLY10,H0,e000,LS,post_2021_2026,6.0,69,-0.07507115875760424,-1.253023967489616,-0.999273609192538,-0.6233441753859656,0.36231884057971014
P,3,IFLY10,H0,e000,LS,frozen_2024_2026,6.0,33,-0.049870898589022175,-0.7427312045576818,-0.9543744435173485,-0.536720974384946,0.42424242424242425
P,3,IFLY10,H0,e050,LS,pre_2019_2020,6.0,18,-0.16624546432838838,-2.459847341750867,-0.9812536023239613,-0.5478649485028758,0.2222222222222222
P,3,IFLY10,H0,e050,LS,dev_2021_2023,6.0,36,-0.19961013160769553,-3.7489179545871103,-0.9999023550219723,-0.7659414841547642,0.1388888888888889
P,3,IFLY10,H0,e050,LS,hold_2024_2025,6.0,24,-0.11425662162941763,-1.6293054139128857,-0.9825974559271823,-0.6017013492073184,0.20833333333333334
P,3,IFLY10,H0,e050,LS,ext_2026,6.0,9,-0.1531517269562528,-2.450513657478353,-0.8578066915477125,-0.4215546150777563,0.1111111111111111
P,3,IFLY10,H0,e050,LS,post_2021_2026,6.0,69,-0.16386216231288894,-2.689497922178564,-0.9999996197663726,-0.7659414841547642,0.15942028985507245
P,3,IFLY10,H0,e050,LS,frozen_2024_2026,6.0,33,-0.1248643776276454,-1.8537949190882534,-0.9970088701992977,-0.6017013492073184,0.18181818181818182
P,3,IFLY10,H0,e050,L,pre_2019_2020,3.0,18,-0.0058937934637722,-0.04425450206170367,-0.9531307263566315,-0.8611966816016676,0.5555555555555556
P,3,IFLY10,H0,e050,L,dev_2021_2023,3.0,36,-0.15180968562832448,-1.7526443644922152,-0.999857786555482,-0.7557905502736965,0.25
P,3,IFLY10,H0,e050,L,hold_2024_2025,3.0,24,-0.08351008475800485,-0.6306278518135473,-0.9986117392988193,-0.7486331635843829,0.4166666666666667
P,3,IFLY10,H0,e050,L,ext_2026,3.0,9,-0.2092600945533345,-1.8933091218489084,-0.9715196185317791,-0.7647048581753303,0.3333333333333333
P,3,IFLY10,H0,e050,L,post_2021_2026,3.0,69,-0.1355468343158233,-1.2705518257475308,-0.9999999696221556,-0.7647048581753303,0.3188405797101449
P,3,IFLY10,H0,e050,L,frozen_2024_2026,3.0,33,-0.11780554197491291,-0.9334496184987116,-0.9999250731314707,-0.7647048581753303,0.3939393939393939
P,3,IFLY10,H0,e050,S,pre_2019_2020,3.0,18,-0.32659713519300454,-3.9935738506413774,-0.9999516674172271,-0.9096240087503417,0.0
P,3,IFLY10,H0,e050,S,dev_2021_2023,3.0,36,-0.24741057758706658,-5.948251061580586,-0.9999855484649351,-0.7760924180358318,0.0
P,3,IFLY10,H0,e050,S,hold_2024_2025,3.0,24,-0.14500315850083043,-2.9248904695783557,-0.9864920025316224,-0.5787758255206246,0.16666666666666666
P,3,IFLY10,H0,e050,S,ext_2026,3.0,9,-0.0970433593591711,-1.508605427136258,-0.7870025837446467,-0.5302833919556407,0.3333333333333333
P,3,IFLY10,H0,e050,S,post_2021_2026,3.0,69,-0.19217749030995462,-3.837081200176644,-0.9999999530726624,-0.7760924180358318,0.10144927536231885
P,3,IFLY10,H0,e050,S,frozen_2024_2026,3.0,33,-0.1319232132803779,-2.4754154789149614,-0.9967527783460232,-0.5787758255206246,0.21212121212121213
P,3,IFLY10,H0,e100,LS,pre_2019_2020,6.0,18,-0.30300989506257875,-3.9838563918027474,-0.9996449178630187,-0.7557252654210016,0.16666666666666666
P,3,IFLY10,H0,e100,LS,dev_2021_2023,6.0,36,-0.30104886596991987,-5.405843876481357,-0.9999997203115786,-0.9085387929235628,0.027777777777777776
P,3,IFLY10,H0,e100,LS,hold_2024_2025,6.0,24,-0.18874363924602441,-2.6338644288142876,-0.9979385729720563,-0.666681724029691,0.125
P,3,IFLY10,H0,e100,LS,ext_2026,6.0,9,-0.22949576978691993,-3.615497127897612,-0.9366844255698449,-0.522393734556048,0.1111111111111111
P,3,IFLY10,H0,e100,LS,post_2021_2026,6.0,69,-0.2526531658681737,-3.976660770285078,-0.9999999999569479,-0.9085387929235628,0.07246376811594203
P,3,IFLY10,H0,e100,LS,frozen_2024_2026,6.0,33,-0.19985785666626865,-2.9070351794873748,-0.9998588990759214,-0.666681724029691,0.12121212121212122
P,3,IFLY10,H0,tick,LS,pre_2019_2020,6.0,18,-0.3073230896273272,-4.02824289396559,-0.9996920869091523,-0.7617194714950002,0.16666666666666666
P,3,IFLY10,H0,tick,LS,dev_2021_2023,6.0,36,-0.30547759045170325,-5.49319269082434,-0.99999978746375,-0.9128848581698207,0.027777777777777776
P,3,IFLY10,H0,tick,LS,hold_2024_2025,6.0,24,-0.19173924254710506,-2.6767194132520835,-0.9981143374248427,-0.6707384026772573,0.125
P,3,IFLY10,H0,tick,LS,ext_2026,6.0,9,-0.23245603867356468,-3.6625892285692245,-0.9386742218674451,-0.5259053543787378,0.1111111111111111
P,3,IFLY10,H0,tick,LS,post_2021_2026,6.0,69,-0.2563918757312162,-4.035429181402208,-0.9999999999714467,-0.9128848581698207,0.07246376811594203
P,3,IFLY10,H0,tick,LS,frozen_2024_2026,6.0,33,-0.20284382330886677,-2.9514671571507254,-0.9998756984306097,-0.6707384026772573,0.12121212121212122
P,3,IFLY10,H1,e050,LS,pre_2019_2020,6.0,18,-0.2502034454322635,-5.103949565834935,-0.9969898957401471,-0.7231232654380729,0.0
P,3,IFLY10,H1,e050,LS,dev_2021_2023,6.0,36,-0.20050913915131002,-2.4861491762981953,-1.4320312972513112,-1.5706204866672395,0.08333333333333333
P,3,IFLY10,H1,e050,LS,hold_2024_2025,6.0,24,-0.1334182290780663,-3.4081460819600067,-0.9753915586110563,-0.34204068954599326,0.125
P,3,IFLY10,H1,e050,LS,ext_2026,6.0,9,-0.10443098811958088,-7.2236653966639714,-0.6339680822341909,-0.17335976216343787,0.0
P,3,IFLY10,H1,e050,LS,post_2021_2026,6.0,69,-0.16464123768691277,-2.5979361817339015,-1.4320312972513112,-1.5706204866672395,0.08695652173913043
P,3,IFLY10,H1,e050,LS,frozen_2024_2026,6.0,33,-0.1255126179075703,-3.6724722088100132,-0.9909925250051774,-0.34204068954599326,0.09090909090909091
P,3,IFLY10,H1,e050,L,pre_2019_2020,3.0,18,-0.17654411508718107,-3.1100369590510435,-0.9809424597591865,-0.4942154874593913,0.1111111111111111
P,3,IFLY10,H1,e050,L,dev_2021_2023,3.0,36,-0.16950438842942392,-1.064129191891992,-2.4936673823983355,-2.978833315550755,0.19444444444444445
P,3,IFLY10,H1,e050,L,hold_2024_2025,3.0,24,-0.11502355782497242,-1.5058943541070924,-0.9791687672488941,-0.4936995546373019,0.20833333333333334
P,3,IFLY10,H1,e050,L,ext_2026,3.0,9,-0.095676550007666,-4.365783774820749,-0.6073223305945445,-0.24048883069750318,0.0
P,3,IFLY10,H1,e050,L,post_2021_2026,3.0,69,-0.14092481625112452,-1.1442611724853715,-2.4936673823983355,-2.978833315550755,0.17391304347826086
P,3,IFLY10,H1,e050,L,frozen_2024_2026,3.0,33,-0.10974710114752523,-1.6697855234040635,-0.9918200400724532,-0.4936995546373019,0.15151515151515152
P,3,IFLY10,H1,e050,S,pre_2019_2020,3.0,18,-0.323862775777346,-4.1092949293991206,-1.0106039421798139,-1.0123883012208288,0.0
P,3,IFLY10,H1,e050,S,dev_2021_2023,3.0,36,-0.2315138898731962,-9.370497264200838,-0.9999394361137647,-0.4560915824036953,0.0
P,3,IFLY10,H1,e050,S,hold_2024_2025,3.0,24,-0.15181290033116018,-5.024637935454495,-0.9840612328784427,-0.4395910870496141,0.08333333333333333
P,3,IFLY10,H1,e050,S,ext_2026,3.0,9,-0.11318542623149574,-5.1678465789537755,-0.6707796126124512,-0.24722449034372443,0.0
P,3,IFLY10,H1,e050,S,post_2021_2026,3.0,69,-0.188357659122701,-6.411181704398143,-0.9999996821990568,-0.4560915824036953,0.028985507246376812
P,3,IFLY10,H1,e050,S,frozen_2024_2026,3.0,33,-0.14127813466761532,-4.990323571190059,-0.994752632913761,-0.4395910870496141,0.06060606060606061
P,3,IFLY10,H2_15,e050,LS,pre_2019_2020,6.0,18,-0.24595636835757664,-4.945057737331662,-0.9965282064914419,-0.6802808526988811,0.05555555555555555
P,3,IFLY10,H2_15,e050,LS,dev_2021_2023,6.0,36,-0.20972330280629167,-2.336214182295493,-1.5895950488995547,-1.7962574322268312,0.08333333333333333
P,3,IFLY10,H2_15,e050,LS,hold_2024_2025,6.0,24,-0.1295719150570854,-3.1640880300003777,-0.9730253593990645,-0.3165617401267518,0.125
P,3,IFLY10,H2_15,e050,LS,ext_2026,6.0,9,-0.11441148856643217,-10.341815494551172,-0.6674658664518093,-0.17321912005562382,0.0
P,3,IFLY10,H2_15,e050,LS,post_2021_2026,6.0,69,-0.16941258347093394,-2.424826720220219,-1.5895950488995547,-1.7962574322268312,0.08695652173913043
P,3,IFLY10,H2_15,e050,LS,frozen_2024_2026,6.0,33,-0.12543725328690725,-3.5624148431181597,-0.9910300112599941,-0.3165617401267518,0.09090909090909091
P,3,IFLY10,H2_15,e050,L,pre_2019_2020,3.0,18,-0.1662128826632319,-2.8797595798763105,-0.976468684201043,-0.481834396721973,0.1111111111111111
P,3,IFLY10,H2_15,e050,L,dev_2021_2023,3.0,36,-0.18707642777161157,-1.0514294197703957,-2.694724271704983,-3.424964696874991,0.16666666666666666
P,3,IFLY10,H2_15,e050,L,hold_2024_2025,3.0,24,-0.09956799683784982,-1.2314083370762268,-0.9719333760858763,-0.4857809621513172,0.25
P,3,IFLY10,H2_15,e050,L,ext_2026,3.0,9,-0.1075849122009737,-4.9158183032689635,-0.6515559160069659,-0.24439288235945664,0.0
P,3,IFLY10,H2_15,e050,L,post_2021_2026,3.0,69,-0.14627025411152433,-1.069172414834527,-2.694724271704983,-3.424964696874991,0.17391304347826086
P,3,IFLY10,H2_15,e050,L,frozen_2024_2026,3.0,33,-0.10175442830051996,-1.4656601264543905,-0.9902203509394661,-0.4857809621513172,0.18181818181818182
P,3,IFLY10,H2_15,e050,S,pre_2019_2020,3.0,18,-0.3256998540519215,-4.089613455735482,-1.0079738661167026,-1.0093292959728648,0.0
P,3,IFLY10,H2_15,e050,S,dev_2021_2023,3.0,36,-0.23237017784097183,-9.296626798648488,-0.9999422828498836,-0.47422756871272603,0.0
P,3,IFLY10,H2_15,e050,S,hold_2024_2025,3.0,24,-0.15957583327632097,-5.41774586388251,-0.987275194980978,-0.47582467024184183,0.041666666666666664
P,3,IFLY10,H2_15,e050,S,ext_2026,3.0,9,-0.12123806493189068,-5.395646380608048,-0.6972896218342489,-0.24705267753832158,0.0
P,3,IFLY10,H2_15,e050,S,post_2021_2026,3.0,69,-0.1925549128303435,-6.673939525025335,-0.9999997776775468,-0.47582467024184183,0.014492753623188406
P,3,IFLY10,H2_15,e050,S,frozen_2024_2026,3.0,33,-0.14912007827329452,-5.357142090356478,-0.9961480694606064,-0.47582467024184183,0.030303030303030304
P,3,IFLY10,H2_25,e050,LS,pre_2019_2020,6.0,18,-0.24966661205646534,-5.060454968818192,-0.9969281284805115,-0.7320120199392434,0.05555555555555555
P,3,IFLY10,H2_25,e050,LS,dev_2021_2023,6.0,36,-0.2239060356272864,-2.1496876058681154,-1.902424628828129,-2.182119228449096,0.08333333333333333
P,3,IFLY10,H2_25,e050,LS,hold_2024_2025,6.0,24,-0.12038321881668777,-2.5827876344031315,-0.9685038072920534,-0.39850811764328875,0.16666666666666666
P,3,IFLY10,H2_25,e050,LS,ext_2026,6.0,9,-0.11725764159801708,-6.3086561509079795,-0.6812919714924786,-0.19688010374267173,0.0
P,3,IFLY10,H2_25,e050,LS,post_2021_2026,6.0,69,-0.17398743925456478,-2.143371493105818,-1.902424628828129,-2.182119228449096,0.10144927536231885
P,3,IFLY10,H2_25,e050,LS,frozen_2024_2026,6.0,33,-0.1195307886661412,-2.9444304758626636,-0.9899619105165574,-0.39850811764328875,0.12121212121212122
P,3,IFLY10,H2_25,e050,L,pre_2019_2020,3.0,18,-0.1786233917190519,-2.669379109144952,-0.985908338879296,-0.5319756091261308,0.16666666666666666
P,3,IFLY10,H2_25,e050,L,dev_2021_2023,3.0,36,-0.21944575454407841,-1.0575563973688324,-3.0531414529918672,-4.204450774537895,0.16666666666666666
P,3,IFLY10,H2_25,e050,L,hold_2024_2025,3.0,24,-0.08603977944442258,-0.9715051725776382,-0.9800628808148593,-0.5484684275796435,0.3333333333333333
P,3,IFLY10,H2_25,e050,L,ext_2026,3.0,9,-0.12308319683099714,-3.575249824136051,-0.7167679488457295,-0.33193202542485606,0.0
P,3,IFLY10,H2_25,e050,L,post_2021_2026,3.0,69,-0.1604746469816223,-1.009173837638802,-3.0531414529918672,-4.204450774537895,0.2028985507246377
P,3,IFLY10,H2_25,e050,L,frozen_2024_2026,3.0,33,-0.0961425296407611,-1.245647490425932,-0.9929148881992741,-0.5484684275796435,0.24242424242424243
P,3,IFLY10,H2_25,e050,S,pre_2019_2020,3.0,18,-0.32070983239387885,-4.2526046765101215,-0.9999812344753755,-0.9683905294826722,0.0
P,3,IFLY10,H2_25,e050,S,dev_2021_2023,3.0,36,-0.22836631671049443,-7.996743906062578,-0.9999363343826067,-0.5563366054322093,0.0
P,3,IFLY10,H2_25,e050,S,hold_2024_2025,3.0,24,-0.15472665818895295,-4.925224438984284,-0.9855718188137601,-0.44875521943508506,0.08333333333333333
P,3,IFLY10,H2_25,e050,S,ext_2026,3.0,9,-0.11143208636503697,-4.018984936537356,-0.6711286681222458,-0.2615795404010182,0.0
P,3,IFLY10,H2_25,e050,S,post_2021_2026,3.0,69,-0.1875002315275073,-5.890831258233343,-0.9999996979056801,-0.5563366054322093,0.028985507246376812
P,3,IFLY10,H2_25,e050,S,frozen_2024_2026,3.0,33,-0.14291904769152133,-4.677752182556143,-0.9952549848367077,-0.44875521943508506,0.06060606060606061
P,3,IFLY15,H0,e000,LS,pre_2019_2020,6.0,18,-0.04462177709303897,-1.1266663443063212,-0.6697493102135378,-0.2253332574841427,0.3333333333333333
P,3,IFLY15,H0,e000,LS,dev_2021_2023,6.0,36,-0.09294158811018767,-1.9922484423521558,-0.9867299145064563,-0.4765491903982908,0.2777777777777778
P,3,IFLY15,H0,e000,LS,hold_2024_2025,6.0,24,-0.057420454229376326,-0.9432470714338049,-0.9170970088751275,-0.4939248913814113,0.375
P,3,IFLY15,H0,e000,LS,ext_2026,6.0,9,-0.08662942447262842,-1.4013000830532636,-0.7510451600632383,-0.374632915784896,0.3333333333333333
P,3,IFLY15,H0,e000,LS,post_2021_2026,6.0,69,-0.07976308541631077,-1.4951193176875899,-0.9992375579658115,-0.4939248913814113,0.3188405797101449
P,3,IFLY15,H0,e000,LS,frozen_2024_2026,6.0,33,-0.06538653702299053,-1.0847343178439424,-0.9576454927193091,-0.4939248913814113,0.36363636363636365
P,3,IFLY15,H0,e050,LS,pre_2019_2020,6.0,18,-0.2231779472790678,-4.669738199965092,-0.9929401856039348,-0.515513901299509,0.16666666666666666
P,3,IFLY15,H0,e050,LS,dev_2021_2023,6.0,36,-0.20108233601629022,-4.137327901524755,-0.9998841728884361,-0.5997979655746872,0.08333333333333333
P,3,IFLY15,H0,e050,LS,hold_2024_2025,6.0,24,-0.13737341391084243,-2.2037121060874205,-0.9861893165398894,-0.577442208032866,0.16666666666666666
P,3,IFLY15,H0,e050,LS,ext_2026,6.0,9,-0.1830715425370562,-2.9291251495443986,-0.9015489556632788,-0.49103987337096505,0.2222222222222222
P,3,IFLY15,H0,e050,LS,post_2021_2026,6.0,69,-0.17657347700406045,-3.1910224510671887,-0.9999997900838774,-0.5997979655746872,0.13043478260869565
P,3,IFLY15,H0,e050,LS,frozen_2024_2026,6.0,33,-0.14983653989980983,-2.4290119225678115,-0.9983292268449532,-0.577442208032866,0.18181818181818182
P,3,IFLY15,H0,e050,L,pre_2019_2020,3.0,18,-0.08915336850406809,-1.0121409419377931,-0.9636002717745739,-0.6309197844132343,0.5
P,3,IFLY15,H0,e050,L,dev_2021_2023,3.0,36,-0.12223885253852945,-1.408974393339896,-0.9995630235296609,-0.7860087719298247,0.3055555555555556
P,3,IFLY15,H0,e050,L,hold_2024_2025,3.0,24,-0.11200989476574996,-0.9656230492578128,-0.9976815307928982,-0.746289878925031,0.3333333333333333
P,3,IFLY15,H0,e050,L,ext_2026,3.0,9,-0.2506840162350805,-2.727373621504669,-0.9745474819503159,-0.7375744695160306,0.2222222222222222
P,3,IFLY15,H0,e050,L,post_2021_2026,3.0,69,-0.135434671186678,-1.3830359141109194,-0.9999999133866292,-0.7860087719298247,0.30434782608695654
P,3,IFLY15,H0,e050,L,frozen_2024_2026,3.0,33,-0.149830109711931,-1.361477063775847,-0.9999122586397141,-0.746289878925031,0.30303030303030304
P,3,IFLY15,H0,e050,S,pre_2019_2020,3.0,18,-0.3572025260540675,-4.737405434035836,-0.9999731379026102,-0.9096240087503417,0.0
P,3,IFLY15,H0,e050,S,dev_2021_2023,3.0,36,-0.27992581949405104,-6.621096482715989,-0.999997061309189,-0.6637585757140994,0.0
P,3,IFLY15,H0,e050,S,hold_2024_2025,3.0,24,-0.16273693305593487,-3.076726839377647,-0.9926844024388177,-0.6042725954872559,0.125
P,3,IFLY15,H0,e050,S,ext_2026,3.0,9,-0.11545906883903188,-1.4764175391025192,-0.8657102120800834,-0.555276460436752,0.4444444444444444
P,3,IFLY15,H0,e050,S,post_2021_2026,3.0,69,-0.21771228282144295,-4.001151228192343,-0.9999999962825034,-0.6637585757140994,0.10144927536231885
P,3,IFLY15,H0,e050,S,frozen_2024_2026,3.0,33,-0.1498429700876886,-2.5051151579662863,-0.9987349820403937,-0.6042725954872559,0.21212121212121213
P,3,IFLY15,H0,e100,LS,pre_2019_2020,6.0,18,-0.4017341174650966,-6.59994847043493,-0.9999785573129099,-0.8677850341444011,0.0
P,3,IFLY15,H0,e100,LS,dev_2021_2023,6.0,36,-0.30922308392239284,-5.911371084622331,-0.9999996364624457,-0.7230467407510837,0.027777777777777776
P,3,IFLY15,H0,e100,LS,hold_2024_2025,6.0,24,-0.21732637359230847,-3.3574888170158657,-0.9989330139492449,-0.6609595246843202,0.08333333333333333
P,3,IFLY15,H0,e100,LS,ext_2026,6.0,9,-0.27951366060148397,-4.367712870538451,-0.9669352690310886,-0.607446830957034,0.1111111111111111
P,3,IFLY15,H0,e100,LS,post_2021_2026,6.0,69,-0.27338386859181013,-4.649770613034385,-0.9999999999864961,-0.7230467407510837,0.057971014492753624
P,3,IFLY15,H0,e100,LS,frozen_2024_2026,6.0,33,-0.2342865427766291,-3.6584019512629253,-0.9999628542890473,-0.6609595246843202,0.09090909090909091
P,3,IFLY15,H0,tick,LS,pre_2019_2020,6.0,18,-0.4067641575775058,-6.63841545642076,-0.9999828877054898,-0.8767053902049908,0.0
P,3,IFLY15,H0,tick,LS,dev_2021_2023,6.0,36,-0.31366970727771104,-5.988587207357328,-0.9999997217924024,-0.7282433467697887,0.027777777777777776
P,3,IFLY15,H0,tick,LS,hold_2024_2025,6.0,24,-0.22090987648142457,-3.413034176342175,-0.9990563216960563,-0.6673606697751259,0.08333333333333333
P,3,IFLY15,H0,tick,LS,ext_2026,6.0,9,-0.2834742059878253,-4.438114567991145,-0.9684057603247489,-0.6108600487068392,0.1111111111111111
P,3,IFLY15,H0,tick,LS,post_2021_2026,6.0,69,-0.27746687465858283,-4.716173387118211,-0.9999999999913306,-0.7282433467697887,0.057971014492753624
P,3,IFLY15,H0,tick,LS,frozen_2024_2026,6.0,33,-0.23797287543771567,-3.717526731352307,-0.9999688385538223,-0.6673606697751259,0.09090909090909091
P,3,IFLY15,H1,e050,LS,pre_2019_2020,6.0,18,-0.2899431601782198,-8.897250354098393,-0.9983526214868196,-0.5458095970258815,0.0
P,3,IFLY15,H1,e050,LS,dev_2021_2023,6.0,36,-0.18815868059596813,-5.7025957199487,-0.9996165949905177,-0.44665310026008836,0.05555555555555555
P,3,IFLY15,H1,e050,LS,hold_2024_2025,6.0,24,-0.14196876023833802,-3.7780164888841976,-0.9801943998066381,-0.3190667714379177,0.125
P,3,IFLY15,H1,e050,LS,ext_2026,6.0,9,-0.11037093448573354,-8.658646166252728,-0.6543643897823495,-0.17368819526890836,0.0
P,3,IFLY15,H1,e050,LS,post_2021_2026,6.0,69,-0.1619463935876314,-4.820873187948554,-0.9999973753930679,-0.44665310026008836,0.07246376811594203
P,3,IFLY15,H1,e050,LS,frozen_2024_2026,6.0,33,-0.13335117139671862,-4.071779838075297,-0.9931544792914405,-0.3190667714379177,0.09090909090909091
P,3,IFLY15,H1,e050,L,pre_2019_2020,3.0,18,-0.22100573949502655,-3.9372926275108555,-0.9938220578872959,-0.6562050903332408,0.05555555555555555
P,3,IFLY15,H1,e050,L,dev_2021_2023,3.0,36,-0.12238528542612702,-2.348929392192499,-0.9957201187782848,-0.5470669963253283,0.2222222222222222
P,3,IFLY15,H1,e050,L,hold_2024_2025,3.0,24,-0.12113633293804871,-1.8171675369474818,-0.9782126445444044,-0.48824525685971115,0.20833333333333334
P,3,IFLY15,H1,e050,L,ext_2026,3.0,9,-0.11070763943573256,-4.83604444083772,-0.6638748590581186,-0.2824364467147636,0.0
P,3,IFLY15,H1,e050,L,post_2021_2026,3.0,69,-0.12042769595326573,-2.2123074688789948,-0.9999686572403348,-0.5470669963253283,0.18840579710144928
P,3,IFLY15,H1,e050,L,frozen_2024_2026,3.0,33,-0.11829214380105338,-2.050866075053457,-0.9926767220767371,-0.48824525685971115,0.15151515151515152
P,3,IFLY15,H1,e050,S,pre_2019_2020,3.0,18,-0.35888058086141306,-5.484431398461473,-1.0090161833888782,-1.0123883012208288,0.0
P,3,IFLY15,H1,e050,S,dev_2021_2023,3.0,36,-0.25393207576580923,-7.769567781937753,-0.9999840857497396,-0.6188864235193409,0.0
P,3,IFLY15,H1,e050,S,hold_2024_2025,3.0,24,-0.1628011875386273,-6.0284037620767945,-0.9877505434869934,-0.31525437298175124,0.08333333333333333
P,3,IFLY15,H1,e050,S,ext_2026,3.0,9,-0.11003422953573451,-5.605677914920198,-0.658101194855921,-0.22279377434316885,0.0
P,3,IFLY15,H1,e050,S,post_2021_2026,3.0,69,-0.20346509122199705,-6.1372738215108456,-0.9999999333499335,-0.6188864235193409,0.028985507246376812
P,3,IFLY15,H1,e050,S,frozen_2024_2026,3.0,33,-0.14841019899238383,-5.742269890263435,-0.9958119254545387,-0.31525437298175124,0.06060606060606061
P,3,IFLY15,H2_15,e050,LS,pre_2019_2020,6.0,18,-0.28117691386382804,-8.97295162102024,-0.9978696322882841,-0.50812814005799,0.0
P,3,IFLY15,H2_15,e050,LS,dev_2021_2023,6.0,36,-0.1890941948765722,-5.8414062671677085,-0.9996306418046987,-0.4562480493056947,0.027777777777777776
P,3,IFLY15,H2_15,e050,LS,hold_2024_2025,6.0,24,-0.13724875542679307,-3.501621873633308,-0.977916911564709,-0.32380390689696636,0.08333333333333333
P,3,IFLY15,H2_15,e050,LS,ext_2026,6.0,9,-0.12261520460836646,-9.433685196863669,-0.6950960294832459,-0.18744120354425628,0.0
P,3,IFLY15,H2_15,e050,LS,post_2021_2026,6.0,69,-0.16238982590253523,-4.79618710339138,-0.9999975130295153,-0.4562480493056947,0.043478260869565216
P,3,IFLY15,H2_15,e050,LS,frozen_2024_2026,6.0,33,-0.13325778702176763,-3.9293767121687924,-0.9932667786548072,-0.32380390689696636,0.06060606060606061
P,3,IFLY15,H2_15,e050,L,pre_2019_2020,3.0,18,-0.20963406940451343,-3.4015548480759117,-0.9925446011870087,-0.6509399269265358,0.16666666666666666
P,3,IFLY15,H2_15,e050,L,dev_2021_2023,3.0,36,-0.11775342969633863,-2.435989312242863,-0.9944678863176731,-0.5624719427354471,0.25
P,3,IFLY15,H2_15,e050,L,hold_2024_2025,3.0,24,-0.11106514776120006,-1.617893380762995,-0.9723736743204509,-0.4883178414647158,0.16666666666666666
P,3,IFLY15,H2_15,e050,L,ext_2026,3.0,9,-0.12365300291073693,-4.998893522310912,-0.7075354785546188,-0.3019979296333868,0.0
P,3,IFLY15,H2_15,e050,L,post_2021_2026,3.0,69,-0.11619658031208152,-2.168917109223969,-0.9999553020697795,-0.5624719427354471,0.18840579710144928
P,3,IFLY15,H2_15,e050,L,frozen_2024_2026,3.0,33,-0.11449819916561921,-1.9236432180220684,-0.9919202798808364,-0.4883178414647158,0.12121212121212122
P,3,IFLY15,H2_15,e050,S,pre_2019_2020,3.0,18,-0.3527197583231426,-5.489147464254694,-1.006736574883437,-1.0093292959728648,0.0
P,3,IFLY15,H2_15,e050,S,dev_2021_2023,3.0,36,-0.26043496005680566,-7.517116520651834,-0.9999891398933157,-0.6329077457219441,0.0
P,3,IFLY15,H2_15,e050,S,hold_2024_2025,3.0,24,-0.16343236309238607,-5.104023278200703,-0.9886738651667922,-0.3335572304972277,0.08333333333333333
P,3,IFLY15,H2_15,e050,S,ext_2026,3.0,9,-0.12157740630599595,-4.725190821223805,-0.701390790183563,-0.23584277149360985,0.1111111111111111
P,3,IFLY15,H2_15,e050,S,post_2021_2026,3.0,69,-0.2085830714929889,-5.774949031554121,-0.9999999632701616,-0.6329077457219441,0.043478260869565216
P,3,IFLY15,H2_15,e050,S,frozen_2024_2026,3.0,33,-0.15201737487791606,-4.978697532918399,-0.9966179118271814,-0.3335572304972277,0.09090909090909091
P,3,IFLY15,H2_25,e050,LS,pre_2019_2020,6.0,18,-0.27856489283836283,-7.881337724690715,-0.9978785088096539,-0.5808057273274626,0.0
P,3,IFLY15,H2_25,e050,LS,dev_2021_2023,6.0,36,-0.19076571641133647,-5.673632997479526,-0.999667383074712,-0.4517483919120126,0.027777777777777776
P,3,IFLY15,H2_25,e050,LS,hold_2024_2025,6.0,24,-0.13814058801907433,-3.6580121150147207,-0.9781149906817114,-0.3410945743825265,0.20833333333333334
P,3,IFLY15,H2_25,e050,LS,ext_2026,6.0,9,-0.13074062582068535,-6.08318114291174,-0.7247998916649936,-0.21788215661440383,0.0
P,3,IFLY15,H2_25,e050,LS,post_2021_2026,6.0,69,-0.16463196428481258,-4.788507549688064,-0.9999979967291064,-0.4517483919120126,0.08695652173913043
P,3,IFLY15,H2_25,e050,LS,frozen_2024_2026,6.0,33,-0.13612241651042278,-4.029078170158719,-0.9939772430646944,-0.3410945743825265,0.15151515151515152
P,3,IFLY15,H2_25,e050,L,pre_2019_2020,3.0,18,-0.21144182296311867,-3.3329362190718177,-0.993636814796483,-0.6778972469937733,0.2222222222222222
P,3,IFLY15,H2_25,e050,L,dev_2021_2023,3.0,36,-0.12569602674220098,-2.4109096292991468,-0.9963843547741835,-0.5481477085163313,0.25
P,3,IFLY15,H2_25,e050,L,hold_2024_2025,3.0,24,-0.10631284557262459,-1.5095105332573562,-0.9729395173671281,-0.5541094019852947,0.2916666666666667
P,3,IFLY15,H2_25,e050,L,ext_2026,3.0,9,-0.14240238182415113,-4.117236119194163,-0.7691187964907154,-0.35391657908180907,0.1111111111111111
P,3,IFLY15,H2_25,e050,L,post_2021_2026,3.0,69,-0.12113314047651569,-2.1314199151724154,-0.9999760031581596,-0.5541094019852947,0.2463768115942029
P,3,IFLY15,H2_25,e050,L,frozen_2024_2026,3.0,33,-0.11615544636849547,-1.8632253683447324,-0.9933630540770394,-0.5541094019852947,0.24242424242424243
P,3,IFLY15,H2_25,e050,S,pre_2019_2020,3.0,18,-0.3456879627136068,-5.504064131369167,-0.9999694278163427,-0.9683905294826722,0.0
P,3,IFLY15,H2_25,e050,S,dev_2021_2023,3.0,36,-0.25583540608047195,-7.113258671899961,-0.9999869799201541,-0.6483251700695255,0.0
P,3,IFLY15,H2_25,e050,S,hold_2024_2025,3.0,24,-0.16996833046552406,-6.207247489594841,-0.990214718093135,-0.41729360834346624,0.041666666666666664
P,3,IFLY15,H2_25,e050,S,ext_2026,3.0,9,-0.11907886981721953,-4.161354627227294,-0.696986707446275,-0.2765693111786714,0.0
P,3,IFLY15,H2_25,e050,S,post_2021_2026,3.0,69,-0.20813078809310936,-5.895232761309895,-0.9999999613945455,-0.6483251700695255,0.014492753623188406
P,3,IFLY15,H2_25,e050,S,frozen_2024_2026,3.0,33,-0.15608938665235014,-5.561290312003598,-0.9970349295108345,-0.41729360834346624,0.030303030303030304
P,3,SSPREAD,H0,e000,LS,pre_2019_2020,6.0,18,-0.04952618263728448,-0.5110277911605432,-0.8717785187077189,-0.5479732860514465,0.4444444444444444
P,3,SSPREAD,H0,e000,LS,dev_2021_2023,6.0,36,-0.158712426184335,-1.5670532666700956,-0.9999350879013654,-0.7016256318353093,0.3055555555555556
P,3,SSPREAD,H0,e000,LS,hold_2024_2025,6.0,24,-0.025758145483234563,-0.21905847022342068,-0.9859578698330953,-0.6071459245049843,0.4583333333333333
P,3,SSPREAD,H0,e000,LS,ext_2026,6.0,9,-0.03989776627654803,-0.3802489250722584,-0.6761977063027674,-0.6115571785550674,0.4444444444444444
P,3,SSPREAD,H0,e000,LS,post_2021_2026,6.0,69,-0.09696989464815393,-0.900156571301337,-0.9999983284902427,-0.7016256318353093,0.37681159420289856
P,3,SSPREAD,H0,e000,LS,frozen_2024_2026,6.0,33,-0.02961440569959278,-0.26285297870995483,-0.9859578698330953,-0.6115571785550674,0.45454545454545453
P,3,SSPREAD,H0,e050,LS,pre_2019_2020,6.0,18,-0.2060506780194655,-2.323013667110409,-0.9966064073038694,-0.6869005913558385,0.2777777777777778
P,3,SSPREAD,H0,e050,LS,dev_2021_2023,6.0,36,-0.2892987808156067,-2.9963075755448516,-0.999999941816923,-0.8411923076923077,0.2222222222222222
P,3,SSPREAD,H0,e050,LS,hold_2024_2025,6.0,24,-0.140424256805701,-1.2303247572481442,-0.9988498648346897,-0.6783990966612863,0.3333333333333333
P,3,SSPREAD,H0,e050,LS,ext_2026,6.0,9,-0.16663119195754122,-1.7836973395970022,-0.9033144335585314,-0.6756627266189796,0.3333333333333333
P,3,SSPREAD,H0,e050,LS,post_2021_2026,6.0,69,-0.2215162173958918,-2.1454461005061525,-0.9999999999849671,-0.8411923076923077,0.2753623188405797
P,3,SSPREAD,H0,e050,LS,frozen_2024_2026,6.0,33,-0.14757160275620285,-1.3727355270076742,-0.9998111792120271,-0.6783990966612863,0.3333333333333333
P,3,SSPREAD,H0,e050,L,pre_2019_2020,3.0,18,-0.19477198848685603,-0.9475603714937548,-1.0138193354817324,-1.1056006493506494,0.4444444444444444
P,3,SSPREAD,H0,e050,L,dev_2021_2023,3.0,36,-0.3855237325318017,-2.0161241822590443,-1.0695740266934821,-1.3656603035974217,0.3333333333333333
P,3,SSPREAD,H0,e050,L,hold_2024_2025,3.0,24,-0.13117364113659521,-0.6139160849409431,-1.0164764957264956,-1.017423982442139,0.375
P,3,SSPREAD,H0,e050,L,ext_2026,3.0,9,-0.20285844252460047,-1.1686865742237829,-0.9995307030534031,-0.9778493709175636,0.3333333333333333
P,3,SSPREAD,H0,e050,L,post_2021_2026,3.0,69,-0.2732282281325298,-1.3833485449847462,-1.0695740266934821,-1.3656603035974217,0.34782608695652173
P,3,SSPREAD,H0,e050,L,frozen_2024_2026,3.0,33,-0.15072404151514213,-0.7495697344763558,-1.0164764957264956,-1.017423982442139,0.36363636363636365
P,3,SSPREAD,H0,e050,S,pre_2019_2020,3.0,18,-0.21732936755207508,-2.6239683182140965,-1.028864185117847,-1.2319031334576522,0.16666666666666666
P,3,SSPREAD,H0,e050,S,dev_2021_2023,3.0,36,-0.19307382909941173,-4.04472628128913,-0.9998073883600509,-0.5951329909885953,0.1111111111111111
P,3,SSPREAD,H0,e050,S,hold_2024_2025,3.0,24,-0.14967487247480674,-2.8177679075998663,-0.9926987582119023,-0.665615252004354,0.16666666666666666
P,3,SSPREAD,H0,e050,S,ext_2026,3.0,9,-0.130403941390482,-3.093855227654588,-0.7461555993740647,-0.3734760823203956,0.2222222222222222
P,3,SSPREAD,H0,e050,S,post_2021_2026,3.0,69,-0.16980420665925397,-3.4740171029162266,-0.9999994864326383,-0.665615252004354,0.14492753623188406
P,3,SSPREAD,H0,e050,S,frozen_2024_2026,3.0,33,-0.14441916399726365,-2.9009080164299927,-0.9973336639370682,-0.665615252004354,0.18181818181818182
P,3,SSPREAD,H0,e100,LS,pre_2019_2020,6.0,18,-0.36257517340164663,-4.200293972764117,-0.9999832974289068,-0.9132917436791529,0.1111111111111111
P,3,SSPREAD,H0,e100,LS,dev_2021_2023,6.0,36,-0.41988513544687844,-4.323639080176458,-1.00000001894954,-1.0038994013073894,0.1111111111111111
P,3,SSPREAD,H0,e100,LS,hold_2024_2025,6.0,24,-0.2550903681281674,-2.2067751384308245,-0.9999714221924949,-0.7496522688175881,0.20833333333333334
P,3,SSPREAD,H0,e100,LS,ext_2026,6.0,9,-0.29336461763853455,-3.505367304102003,-0.9799982553434577,-0.7397682746828919,0.2222222222222222
P,3,SSPREAD,H0,e100,LS,post_2021_2026,6.0,69,-0.34606254014362975,-3.3436040679388097,-1.00000001894954,-1.0038994013073894,0.15942028985507245
P,3,SSPREAD,H0,e100,LS,frozen_2024_2026,6.0,33,-0.2655287998128129,-2.4890973491162964,-0.9999993676657699,-0.7496522688175881,0.21212121212121213
P,3,SSPREAD,H0,tick,LS,pre_2019_2020,6.0,18,-0.37246423037239285,-4.309657682758883,-0.9999891657621626,-0.9232860427170354,0.1111111111111111
P,3,SSPREAD,H0,tick,LS,dev_2021_2023,6.0,36,-0.42925998699954837,-4.418915014332452,-1.0000000286911115,-1.00856956888235,0.08333333333333333
P,3,SSPREAD,H0,tick,LS,hold_2024_2025,6.0,24,-0.26166801115513977,-2.2631111601128437,-0.9999784760929719,-0.758317495878309,0.20833333333333334
P,3,SSPREAD,H0,tick,LS,ext_2026,6.0,9,-0.2981030524168271,-3.562488425111636,-0.9814561874283939,-0.7460153173106844,0.2222222222222222
P,3,SSPREAD,H0,tick,LS,post_2021_2026,6.0,69,-0.3538596995863557,-3.414890810071901,-1.0000000286911115,-1.00856956888235,0.14492753623188406
P,3,SSPREAD,H0,tick,LS,frozen_2024_2026,6.0,33,-0.2716048405901454,-2.5458338398678126,-0.9999995649374648,-0.758317495878309,0.21212121212121213
P,3,SSPREAD,H1,e050,LS,pre_2019_2020,6.0,18,-0.24874238183442252,-5.526909713304294,-0.9960291029552958,-0.5402520470549648,0.05555555555555555
P,3,SSPREAD,H1,e050,LS,dev_2021_2023,6.0,36,-0.2887985715945789,-2.1956616458841753,-1.7237977416620593,-2.200362686138299,0.19444444444444445
P,3,SSPREAD,H1,e050,LS,hold_2024_2025,6.0,24,-0.1668236973913804,-2.1486778321079396,-0.9961102517247671,-0.6102345042006231,0.20833333333333334
P,3,SSPREAD,H1,e050,LS,ext_2026,6.0,9,-0.11853019578808402,-2.413328784453559,-0.7648077998733068,-0.3013780063443398,0.2222222222222222
P,3,SSPREAD,H1,e050,LS,post_2021_2026,6.0,69,-0.22416360981001052,-2.078492065829992,-1.7237977416620593,-2.200362686138299,0.2028985507246377
P,3,SSPREAD,H1,e050,LS,frozen_2024_2026,6.0,33,-0.1536527424086632,-2.178334042237857,-0.999085161545209,-0.6102345042006231,0.21212121212121213
P,3,SSPREAD,H1,e050,L,pre_2019_2020,3.0,18,-0.3341174888353564,-4.333607521005876,-0.99984892944708,-0.7978733149819739,0.05555555555555555
P,3,SSPREAD,H1,e050,L,dev_2021_2023,3.0,36,-0.3689946352018968,-1.4319007746485164,-2.027206947253538,-4.11311968339552,0.25
P,3,SSPREAD,H1,e050,L,hold_2024_2025,3.0,24,-0.16411188948924602,-1.0263848588517985,-1.0019674887213783,-1.0095140189303473,0.3333333333333333
P,3,SSPREAD,H1,e050,L,ext_2026,3.0,9,-0.1500718406259787,-1.649413407999882,-0.9039288939141433,-0.5646317351968212,0.3333333333333333
P,3,SSPREAD,H1,e050,L,post_2021_2026,3.0,69,-0.2691759243571594,-1.2728455548093764,-2.027206947253538,-4.11311968339552,0.2898550724637681
P,3,SSPREAD,H1,e050,L,frozen_2024_2026,3.0,33,-0.16028278525380946,-1.1208763136977036,-1.0019674887213783,-1.0095140189303473,0.3333333333333333
P,3,SSPREAD,H1,e050,S,pre_2019_2020,3.0,18,-0.16336727483348867,-4.264302729888223,-0.970065288831159,-0.5519150405650474,0.05555555555555555
P,3,SSPREAD,H1,e050,S,dev_2021_2023,3.0,36,-0.20860250798726104,-6.31403723940997,-0.9998541544509247,-0.5527834023959058,0.027777777777777776
P,3,SSPREAD,H1,e050,S,hold_2024_2025,3.0,24,-0.1695355052935148,-3.633340723385235,-0.9941965038283699,-0.5953566518646147,0.16666666666666666
P,3,SSPREAD,H1,e050,S,ext_2026,3.0,9,-0.08698855095018934,-3.0566800701159527,-0.5928393332575577,-0.219394397094227,0.2222222222222222
P,3,SSPREAD,H1,e050,S,post_2021_2026,3.0,69,-0.1791512952628617,-4.582823086885523,-0.999999593090438,-0.5953566518646147,0.10144927536231885
P,3,SSPREAD,H1,e050,S,frozen_2024_2026,3.0,33,-0.14702269956351693,-3.3876552230526675,-0.997209996707623,-0.5953566518646147,0.18181818181818182
P,3,SSPREAD,H2_15,e050,LS,pre_2019_2020,6.0,18,-0.2616854915646749,-4.795200362503527,-0.9975856564200312,-0.5681137701435172,0.1111111111111111
P,3,SSPREAD,H2_15,e050,LS,dev_2021_2023,6.0,36,-0.2912376305056874,-2.46470146621763,-1.4459211020249834,-1.8950964688796583,0.1388888888888889
P,3,SSPREAD,H2_15,e050,LS,hold_2024_2025,6.0,24,-0.17229331377788046,-2.3315382142771286,-0.9963337067734236,-0.5967432507156545,0.16666666666666666
P,3,SSPREAD,H2_15,e050,LS,ext_2026,6.0,9,-0.12729744903036677,-2.929969227434741,-0.7395556738774078,-0.31000008992818456,0.2222222222222222
P,3,SSPREAD,H2_15,e050,LS,post_2021_2026,6.0,69,-0.22848219232097364,-2.3276671947895142,-1.4459211020249834,-1.8950964688796583,0.15942028985507245
P,3,SSPREAD,H2_15,e050,LS,frozen_2024_2026,6.0,33,-0.16002171430128576,-2.4038766754803063,-0.9990451347312365,-0.5967432507156545,0.18181818181818182
P,3,SSPREAD,H2_15,e050,L,pre_2019_2020,3.0,18,-0.3528484099739178,-3.5086921876250687,-1.005378554382141,-1.0049615030115109,0.16666666666666666
P,3,SSPREAD,H2_15,e050,L,dev_2021_2023,3.0,36,-0.37382670983875327,-1.600273270217149,-1.0103772853259818,-3.5046072111930697,0.2222222222222222
P,3,SSPREAD,H2_15,e050,L,hold_2024_2025,3.0,24,-0.18343395158618273,-1.2516399942726333,-1.0103573474914833,-1.0361633753608774,0.2916666666666667
P,3,SSPREAD,H2_15,e050,L,ext_2026,3.0,9,-0.1792892603174394,-2.1160540466359308,-0.9006316507088893,-0.5712721668627908,0.2222222222222222
P,3,SSPREAD,H2_15,e050,L,post_2021_2026,3.0,69,-0.28222869181334,-1.4678164552361745,-1.0103772853259818,-3.5046072111930697,0.2463768115942029
P,3,SSPREAD,H2_15,e050,L,frozen_2024_2026,3.0,33,-0.18230358124016185,-1.3887380158505187,-1.0103573474914833,-1.0361633753608774,0.2727272727272727
P,3,SSPREAD,H2_15,e050,S,pre_2019_2020,3.0,18,-0.17052257315543207,-4.402831876850559,-0.9739236245794562,-0.5576103446108526,0.0
P,3,SSPREAD,H2_15,e050,S,dev_2021_2023,3.0,36,-0.20864855117262163,-6.326528460279919,-0.9998518427123353,-0.5088457600523113,0.027777777777777776
P,3,SSPREAD,H2_15,e050,S,hold_2024_2025,3.0,24,-0.16115267596957816,-3.6133242266294827,-0.9909983607143936,-0.4685754344341289,0.125
P,3,SSPREAD,H2_15,e050,S,ext_2026,3.0,9,-0.07530563774329407,-2.53086557453289,-0.5616098441731071,-0.21747458813218737,0.2222222222222222
P,3,SSPREAD,H2_15,e050,S,post_2021_2026,3.0,69,-0.17473569282860724,-4.508667132065888,-0.999999373708346,-0.5088457600523113,0.08695652173913043
P,3,SSPREAD,H2_15,e050,S,frozen_2024_2026,3.0,33,-0.13773984736240977,-3.267833932100972,-0.9957727921194565,-0.4685754344341289,0.15151515151515152
P,3,SSPREAD,H2_25,e050,LS,pre_2019_2020,6.0,18,-0.26934434996148343,-5.191629371581911,-0.998012265668147,-0.6386979509709133,0.05555555555555555
P,3,SSPREAD,H2_25,e050,LS,dev_2021_2023,6.0,36,-0.2354453794923116,-2.767660694797872,-0.9999954154959244,-0.7952502750689159,0.1388888888888889
P,3,SSPREAD,H2_25,e050,LS,hold_2024_2025,6.0,24,-0.1268045000728775,-1.7202532352597348,-0.9884415213207989,-0.5520943107932634,0.3333333333333333
P,3,SSPREAD,H2_25,e050,LS,ext_2026,6.0,9,-0.19384422576993476,-5.0814547475206195,-0.8709009593720263,-0.36583488271408854,0.1111111111111111
P,3,SSPREAD,H2_25,e050,LS,post_2021_2026,6.0,69,-0.19223101007828536,-2.493724620109119,-0.9999999919151192,-0.7952502750689159,0.2028985507246377
P,3,SSPREAD,H2_25,e050,LS,frozen_2024_2026,6.0,33,-0.1450880616266204,-2.200885873385094,-0.9982686214815941,-0.5520943107932634,0.2727272727272727
P,3,SSPREAD,H2_25,e050,L,pre_2019_2020,3.0,18,-0.3663348376432241,-3.4631115077171204,-0.999999547564473,-0.9903380804439746,0.16666666666666666
P,3,SSPREAD,H2_25,e050,L,dev_2021_2023,3.0,36,-0.26875055520862773,-1.5788101295049206,-1.097630893726331,-1.190736763250505,0.3055555555555556
P,3,SSPREAD,H2_25,e050,L,hold_2024_2025,3.0,24,-0.08451650288984518,-0.5675024132789249,-0.9999249551792541,-0.9700067741919471,0.4166666666666667
P,3,SSPREAD,H2_25,e050,L,ext_2026,3.0,9,-0.28672003611325203,-3.7797292196536634,-0.9737328538331708,-0.6145740678274888,0.1111111111111111
P,3,SSPREAD,H2_25,e050,L,post_2021_2026,3.0,69,-0.20701299104182827,-1.3426419481865184,-1.097630893726331,-1.190736763250505,0.3188405797101449
P,3,SSPREAD,H2_25,e050,L,frozen_2024_2026,3.0,33,-0.13966292104168343,-1.0387702217908876,-0.9999948330391845,-0.9700067741919471,0.3333333333333333
P,3,SSPREAD,H2_25,e050,S,pre_2019_2020,3.0,18,-0.1723538622797428,-4.333806631178126,-0.9753557892850797,-0.5800490071029288,0.0
P,3,SSPREAD,H2_25,e050,S,dev_2021_2023,3.0,36,-0.20214020377599545,-6.182245559201018,-0.9997963590401716,-0.4588927480736098,0.027777777777777776
P,3,SSPREAD,H2_25,e050,S,hold_2024_2025,3.0,24,-0.16909249725590983,-3.88039045031736,-0.9926861938179959,-0.5544285060754314,0.16666666666666666
P,3,SSPREAD,H2_25,e050,S,ext_2026,3.0,9,-0.10096841542661748,-3.321814859316219,-0.6379835078581322,-0.28185895400737015,0.2222222222222222
P,3,SSPREAD,H2_25,e050,S,post_2021_2026,3.0,69,-0.17744902911474245,-4.75154205024931,-0.9999994472862778,-0.5544285060754314,0.10144927536231885
P,3,SSPREAD,H2_25,e050,S,frozen_2024_2026,3.0,33,-0.1505132022115574,-3.677733168821233,-0.9972858420886551,-0.5544285060754314,0.18181818181818182
P,2,STRADDLE,H0,e000,LS,pre_2019_2020,4.0,18,-0.1447869451091406,-0.5829017140906583,-1.9080534320079166,-1.909545404286116,0.4444444444444444
P,2,STRADDLE,H0,e000,LS,dev_2021_2023,4.0,36,-0.39628749112790906,-1.6126480910992422,-3.5916197495664437,-3.269332468634103,0.3055555555555556
P,2,STRADDLE,H0,e000,LS,hold_2024_2025,4.0,24,-0.08046885735662823,-0.5835913578524686,-1.0000683304149882,-1.3969888018827563,0.375
P,2,STRADDLE,H0,e000,LS,ext_2026,4.0,9,0.05346310558845261,0.33244341082576545,-0.754310928579343,-0.49561336576005377,0.4444444444444444
P,2,STRADDLE,H0,e000,LS,post_2021_2026,4.0,69,-0.22777441024445985,-1.0943850896430696,-3.5916197495664437,-3.269332468634103,0.34782608695652173
P,2,STRADDLE,H0,e000,LS,frozen_2024_2026,4.0,33,-0.043941958371606187,-0.30737953484036734,-1.0000728650657171,-1.3969888018827563,0.3939393939393939
P,2,STRADDLE,H0,e050,LS,pre_2019_2020,4.0,18,-0.8331555931680589,-2.8798676275015356,-2.9125133134795385,-3.2351674892445015,0.16666666666666666
P,2,STRADDLE,H0,e050,LS,dev_2021_2023,4.0,36,-1.0339499360280144,-3.2541559474436172,-3.4366490673248897,-4.561470562565202,0.1111111111111111
P,2,STRADDLE,H0,e050,LS,hold_2024_2025,4.0,24,-0.3799128190232384,-2.033798243821022,-1.605086374972366,-2.232439112109543,0.20833333333333334
P,2,STRADDLE,H0,e050,LS,ext_2026,4.0,9,-0.06387764541376556,-0.4082789797252862,-0.9034381056106275,-0.618998774365887,0.3333333333333333
P,2,STRADDLE,H0,e050,LS,post_2021_2026,4.0,69,-0.6799275965549295,-2.41897849571336,-3.4366490673248897,-4.561470562565202,0.17391304347826086
P,2,STRADDLE,H0,e050,LS,frozen_2024_2026,4.0,33,-0.2937214080388368,-1.6192838202484923,-1.605086374972366,-2.232439112109543,0.24242424242424243
P,2,STRADDLE,H0,e050,L,pre_2019_2020,2.0,18,0.028529011132793776,0.09030953064730038,-0.9978488026533434,-0.8198770400178851,0.3888888888888889
P,2,STRADDLE,H0,e050,L,dev_2021_2023,2.0,36,-0.13143539954470476,-0.8442159707207769,-0.999994133146119,-0.7930463435374149,0.3055555555555556
P,2,STRADDLE,H0,e050,L,hold_2024_2025,2.0,24,-0.16669033559248106,-0.8345244622778454,-0.9999981750165735,-0.8810958199115013,0.2916666666666667
P,2,STRADDLE,H0,e050,L,ext_2026,2.0,9,-0.1724530512494842,-0.6484695053875943,-0.9955320114284457,-0.7725318342112641,0.2222222222222222
P,2,STRADDLE,H0,e050,L,post_2021_2026,2.0,69,-0.14904811447933727,-0.8045501019486156,-0.9999999999992729,-0.8810958199115013,0.2898550724637681
P,2,STRADDLE,H0,e050,L,frozen_2024_2026,2.0,33,-0.16826198531711833,-0.7814944110908782,-0.9999999683085098,-0.8810958199115013,0.2727272727272727
P,2,STRADDLE,H0,e050,S,pre_2019_2020,2.0,18,-1.694840197468912,-2.970477301445646,-6.050844155844156,-6.050844155844156,0.16666666666666666
P,2,STRADDLE,H0,e050,S,dev_2021_2023,2.0,36,-1.9364644725113243,-3.0989252963479115,-6.928820326678765,-8.79939393939394,0.1388888888888889
P,2,STRADDLE,H0,e050,S,hold_2024_2025,2.0,24,-0.5931353024539957,-1.6621180169000884,-2.1897291613247867,-3.748209064327487,0.3333333333333333
P,2,STRADDLE,H0,e050,S,ext_2026,2.0,9,0.04469776042195303,0.3038263369537046,-0.9013169173005551,-0.5841674693821384,0.4444444444444444
P,2,STRADDLE,H0,e050,S,post_2021_2026,2.0,69,-1.2108070786305216,-2.216396518034888,-6.928820326678765,-8.79939393939394,0.2463768115942029
P,2,STRADDLE,H0,e050,S,frozen_2024_2026,2.0,33,-0.41918083076055523,-1.300606199230839,-2.1897291613247867,-3.748209064327487,0.36363636363636365
P,2,STRADDLE,H0,e100,LS,pre_2019_2020,4.0,18,-1.5215242412269774,-3.882227023489074,-3.53860587475286,-4.560789574202887,0.05555555555555555
P,2,STRADDLE,H0,e100,LS,dev_2021_2023,4.0,36,-1.6716123809281198,-3.760249547890631,-3.6039656660156756,-6.800826073831292,0.05555555555555555
P,2,STRADDLE,H0,e100,LS,hold_2024_2025,4.0,24,-0.6793567806898486,-2.6236019590584942,-1.9627100058221045,-3.06788942233633,0.20833333333333334
P,2,STRADDLE,H0,e100,LS,ext_2026,4.0,9,-0.18121839641598364,-1.1713885817775986,-0.975213170973275,-0.7488492650185132,0.3333333333333333
P,2,STRADDLE,H0,e100,LS,post_2021_2026,4.0,69,-1.1320807828653994,-2.865752292180577,-3.6039656660156756,-6.800826073831292,0.14492753623188406
P,2,STRADDLE,H0,e100,LS,frozen_2024_2026,4.0,33,-0.5435008577060673,-2.2489199032126312,-1.9627100058221045,-3.06788942233633,0.24242424242424243
P,2,STRADDLE,H0,tick,LS,pre_2019_2020,4.0,18,-1.5452276160208651,-3.9331158092887337,-3.4898474756245386,-4.595278537252221,0.05555555555555555
P,2,STRADDLE,H0,tick,LS,dev_2021_2023,4.0,36,-1.692597746530097,-3.7985412252827198,-3.6135586381699487,-6.827003201573884,0.05555555555555555
P,2,STRADDLE,H0,tick,LS,hold_2024_2025,4.0,24,-0.6920814152681216,-2.6632172029136667,-1.954535703731873,-3.0780853715589793,0.20833333333333334
P,2,STRADDLE,H0,tick,LS,ext_2026,4.0,9,-0.18870425532359802,-1.2172083438962435,-0.9777503597117113,-0.7545296339450833,0.3333333333333333
P,2,STRADDLE,H0,tick,LS,post_2021_2026,4.0,69,-1.148432045498997,-2.8964197546852093,-3.6135586381699487,-6.827003201573884,0.14492753623188406
P,2,STRADDLE,H0,tick,LS,frozen_2024_2026,4.0,33,-0.5547967352832515,-2.2866716317876215,-1.954535703731873,-3.0780853715589793,0.24242424242424243
P,2,STRADDLE,H1,e050,LS,pre_2019_2020,4.0,18,-1.0499748478917263,-3.5020810936627207,-2.9846727584670196,-3.4991980676156476,0.05555555555555555
P,2,STRADDLE,H1,e050,LS,dev_2021_2023,4.0,36,-0.9502077000188974,-3.255946897780115,-1.0125972782604826,-3.99313567311754,0.027777777777777776
P,2,STRADDLE,H1,e050,LS,hold_2024_2025,4.0,24,-0.5348952989639155,-2.698261306870605,-2.32647919183386,-2.3980719357454436,0.16666666666666666
P,2,STRADDLE,H1,e050,LS,ext_2026,4.0,9,-0.20505797374880125,-2.85820243994287,-0.928920957967511,-0.538146395815151,0.2222222222222222
P,2,STRADDLE,H1,e050,LS,post_2021_2026,4.0,69,-0.7085577701384564,-2.8009537126805086,-1.0125972782604826,-3.99313567311754,0.10144927536231885
P,2,STRADDLE,H1,e050,LS,frozen_2024_2026,4.0,33,-0.44493966481433894,-2.5114761957436,-2.32647919183386,-2.3980719357454436,0.18181818181818182
P,2,STRADDLE,H1,e050,L,pre_2019_2020,2.0,18,-0.1954276346699999,-1.957039759317381,-0.9942448980132633,-0.5060281106844342,0.16666666666666666
P,2,STRADDLE,H1,e050,L,dev_2021_2023,2.0,36,-0.14217306498423993,-1.8700797263636117,-0.9993062418545294,-0.4925182156531167,0.3055555555555556
P,2,STRADDLE,H1,e050,L,hold_2024_2025,2.0,24,-0.24175509605809928,-1.676565658223078,-1.0017403738549444,-1.621793217649273,0.16666666666666666
P,2,STRADDLE,H1,e050,L,ext_2026,2.0,9,-0.15278299677875612,-1.4247442593356479,-0.9284716833057998,-0.6459416127330094,0.3333333333333333
P,2,STRADDLE,H1,e050,L,post_2021_2026,2.0,69,-0.17819419733095399,-1.6585152531033232,-1.0000015186704379,-1.621793217649273,0.2608695652173913
P,2,STRADDLE,H1,e050,L,frozen_2024_2026,2.0,33,-0.2174899780728239,-1.6231265775350379,-1.0017403738549444,-1.621793217649273,0.21212121212121213
P,2,STRADDLE,H1,e050,S,pre_2019_2020,2.0,18,-1.9045220611134528,-3.1751642821805803,-6.312725684151777,-6.55899432743547,0.05555555555555555
P,2,STRADDLE,H1,e050,S,dev_2021_2023,2.0,36,-1.7582423350535552,-3.085895331633068,-1.0095475201823765,-7.656035038228081,0.05555555555555555
P,2,STRADDLE,H1,e050,S,hold_2024_2025,2.0,24,-0.8280355018697317,-2.3119799352830848,-4.329018760125391,-4.329018760125391,0.20833333333333334
P,2,STRADDLE,H1,e050,S,ext_2026,2.0,9,-0.25733295071884643,-3.214277663123173,-0.9725471224972838,-0.7444875452294035,0.1111111111111111
P,2,STRADDLE,H1,e050,S,post_2021_2026,2.0,69,-1.2389213429459587,-2.535696798947751,-1.0095475201823765,-7.656035038228081,0.11594202898550725
P,2,STRADDLE,H1,e050,S,frozen_2024_2026,2.0,33,-0.6723893515558539,-2.133235099711435,-4.329018760125391,-4.329018760125391,0.18181818181818182
P,2,STRADDLE,H2_15,e050,LS,pre_2019_2020,4.0,18,-1.0458322504852413,-3.5381482782011644,-2.950864315636279,-3.539153413570899,0.05555555555555555
P,2,STRADDLE,H2_15,e050,LS,dev_2021_2023,4.0,36,-0.9415893017861126,-3.1901681561565276,-1.0143402825968606,-4.028249391913716,0.027777777777777776
P,2,STRADDLE,H2_15,e050,LS,hold_2024_2025,4.0,24,-0.5226122649534756,-2.6230079164959075,-2.2856261341356525,-2.4040740053143663,0.16666666666666666
P,2,STRADDLE,H2_15,e050,LS,ext_2026,4.0,9,-0.18903093189474238,-2.552032314041307,-0.9137448143583635,-0.5411036955510506,0.2222222222222222
P,2,STRADDLE,H2_15,e050,LS,post_2021_2026,4.0,69,-0.6976983711628428,-2.730492621961939,-1.0143402825968606,-4.028249391913716,0.10144927536231885
P,2,STRADDLE,H2_15,e050,LS,frozen_2024_2026,4.0,33,-0.4316355377556393,-2.420463450542781,-2.2856261341356525,-2.4040740053143663,0.18181818181818182
P,2,STRADDLE,H2_15,e050,L,pre_2019_2020,2.0,18,-0.1933970035956953,-1.8628937869715472,-0.9944836820404926,-0.5177884228754035,0.16666666666666666
P,2,STRADDLE,H2_15,e050,L,dev_2021_2023,2.0,36,-0.1451346591433209,-1.8966807552573672,-0.9994533126046569,-0.520202985550358,0.2777777777777778
P,2,STRADDLE,H2_15,e050,L,hold_2024_2025,2.0,24,-0.23746623812859557,-1.6502426251346591,-1.0012852171483944,-1.5736056151835516,0.16666666666666666
P,2,STRADDLE,H2_15,e050,L,ext_2026,2.0,9,-0.14706347922872356,-1.2764740451551986,-0.9216103079738516,-0.6121609681228068,0.3333333333333333
P,2,STRADDLE,H2_15,e050,L,post_2021_2026,2.0,69,-0.17750157619281678,-1.6381163879172151,-1.0000009355340056,-1.5736056151835516,0.2463768115942029
P,2,STRADDLE,H2_15,e050,L,frozen_2024_2026,2.0,33,-0.21281094024681232,-1.571404563069917,-1.0012852171483944,-1.5736056151835516,0.21212121212121213
P,2,STRADDLE,H2_15,e050,S,pre_2019_2020,2.0,18,-1.898267497374787,-3.1978212096183665,-6.088287320315752,-6.650204283380498,0.0
P,2,STRADDLE,H2_15,e050,S,dev_2021_2023,2.0,36,-1.7380439444289046,-3.0398897594564533,-1.0005127870497024,-7.679793742410374,0.05555555555555555
P,2,STRADDLE,H2_15,e050,S,hold_2024_2025,2.0,24,-0.8077582917783556,-2.227602364182839,-4.266365984406599,-4.33742092366622,0.16666666666666666
P,2,STRADDLE,H2_15,e050,S,ext_2026,2.0,9,-0.2309983845607612,-3.1118223107623204,-0.9540876645551412,-0.6604334224001533,0.1111111111111111
P,2,STRADDLE,H2_15,e050,S,post_2021_2026,2.0,69,-1.217895166132869,-2.480844364360671,-1.0005127870497024,-7.679793742410374,0.10144927536231885
P,2,STRADDLE,H2_15,e050,S,frozen_2024_2026,2.0,33,-0.6504601352644662,-2.0411257721742433,-4.266365984406599,-4.33742092366622,0.15151515151515152
P,2,STRADDLE,H2_25,e050,LS,pre_2019_2020,4.0,18,-1.0393124978384878,-3.53450595132957,-2.578471261809695,-3.4957199306858167,0.05555555555555555
P,2,STRADDLE,H2_25,e050,LS,dev_2021_2023,4.0,36,-0.9317312319579588,-3.10776165467394,-1.022173146424884,-4.179671331865929,0.05555555555555555
P,2,STRADDLE,H2_25,e050,LS,hold_2024_2025,4.0,24,-0.5131984106509381,-2.761129946418319,-2.203444531271423,-2.328161338413153,0.16666666666666666
P,2,STRADDLE,H2_25,e050,LS,ext_2026,4.0,9,-0.1624345736275723,-2.107988892194908,-0.8920794184123524,-0.4661862817140507,0.2222222222222222
P,2,STRADDLE,H2_25,e050,LS,post_2021_2026,4.0,69,-0.6858115560689447,-2.685576914371412,-1.022173146424884,-4.179671331865929,0.11594202898550725
P,2,STRADDLE,H2_25,e050,LS,frozen_2024_2026,4.0,33,-0.41753554600820203,-2.477115606388822,-2.203444531271423,-2.328161338413153,0.18181818181818182
P,2,STRADDLE,H2_25,e050,L,pre_2019_2020,2.0,18,-0.17186519007201287,-1.3200314721709647,-0.9953738421313364,-0.6029080564944853,0.2222222222222222
P,2,STRADDLE,H2_25,e050,L,dev_2021_2023,2.0,36,-0.13252072538864546,-1.6400618322082186,-0.9994116318559971,-0.6049558645847064,0.2222222222222222
P,2,STRADDLE,H2_25,e050,L,hold_2024_2025,2.0,24,-0.23731409739506784,-1.8309389068986948,-1.002254805124231,-1.5302924709208758,0.16666666666666666
P,2,STRADDLE,H2_25,e050,L,ext_2026,2.0,9,-0.14498247343787096,-1.2356820161345743,-0.9221250941592846,-0.5850703251616775,0.3333333333333333
P,2,STRADDLE,H2_25,e050,L,post_2021_2026,2.0,69,-0.17059603931034353,-1.6366869293120516,-1.000002343590889,-1.5302924709208758,0.21739130434782608
P,2,STRADDLE,H2_25,e050,L,frozen_2024_2026,2.0,33,-0.21213274540674143,-1.6950769468056244,-1.002254805124231,-1.5302924709208758,0.21212121212121213
P,2,STRADDLE,H2_25,e050,S,pre_2019_2020,2.0,18,-1.9067598056049628,-3.2929256405657816,-5.165522689476568,-6.4759392119520545,0.0
P,2,STRADDLE,H2_25,e050,S,dev_2021_2023,2.0,36,-1.730941738527272,-3.016710869898038,-1.000339515277482,-7.945433529854572,0.08333333333333333
P,2,STRADDLE,H2_25,e050,S,hold_2024_2025,2.0,24,-0.7890827239068084,-2.293749324383042,-4.450951531713109,-4.2308369894900615,0.20833333333333334
P,2,STRADDLE,H2_25,e050,S,ext_2026,2.0,9,-0.17988667381727363,-2.3036948049530106,-0.9172458271894779,-0.45938509164651103,0.2222222222222222
P,2,STRADDLE,H2_25,e050,S,post_2021_2026,2.0,69,-1.2010270728275456,-2.4562861429378624,-1.000339515277482,-7.945433529854572,0.14492753623188406
P,2,STRADDLE,H2_25,e050,S,frozen_2024_2026,2.0,33,-0.6229383466096627,-2.0436693255437546,-4.450951531713109,-4.2308369894900615,0.21212121212121213
P,2,STRANGLE25,H0,e000,LS,pre_2019_2020,4.0,18,-1.4548863248836073,-0.8619425073999987,-1.0021160568663363,-24.74926470588235,0.5
P,2,STRANGLE25,H0,e000,LS,dev_2021_2023,4.0,36,-0.42611785512078426,-1.001336306702882,-4.284831301303718,-4.284831301303718,0.4166666666666667
P,2,STRANGLE25,H0,e000,LS,hold_2024_2025,4.0,24,-0.07631306788788383,-0.2445149069782877,-1.8906926906616206,-1.774256152125279,0.4166666666666667
P,2,STRANGLE25,H0,e000,LS,ext_2026,4.0,9,0.2530196363418012,1.0739626046904607,-0.6452127977006035,-0.6452127977006035,0.6666666666666666
P,2,STRANGLE25,H0,e000,LS,post_2021_2026,4.0,69,-0.21586347371856862,-0.5818584965800525,-4.284831301303718,-4.284831301303718,0.4492753623188406
P,2,STRANGLE25,H0,e000,LS,frozen_2024_2026,4.0,33,0.013504942356575723,0.0461223903046716,-1.8906926906616206,-1.774256152125279,0.48484848484848486
P,2,STRANGLE25,H0,e050,LS,pre_2019_2020,4.0,18,-1.9387268445697927,-1.1045159914465499,-1.0003926092796602,-26.098994252873567,0.3333333333333333
P,2,STRANGLE25,H0,e050,LS,dev_2021_2023,4.0,36,-1.255327677646083,-2.3866890310031503,-1.0860121895648214,-5.9595833333333355,0.2777777777777778
P,2,STRANGLE25,H0,e050,LS,hold_2024_2025,4.0,24,-0.5054717831097776,-1.2903598435396846,-1.2737824675324676,-3.8143304126273927,0.2916666666666667
P,2,STRANGLE25,H0,e050,LS,ext_2026,4.0,9,0.11568907953739907,0.49290584808211685,-0.7920466486587219,-0.7748086373517967,0.4444444444444444
P,2,STRANGLE25,H0,e050,LS,post_2021_2026,4.0,69,-0.8156799633921311,-1.7323563723817392,-1.0860121895648214,-5.9595833333333355,0.30434782608695654
P,2,STRANGLE25,H0,e050,LS,frozen_2024_2026,4.0,33,-0.33606427511509296,-0.9297803358649959,-1.2737824675324676,-3.8143304126273927,0.3333333333333333
P,2,STRANGLE25,H0,e050,L,pre_2019_2020,2.0,18,0.13582563342428808,0.15766981130336696,-0.9999999999367388,-0.971040650406504,0.2222222222222222
P,2,STRANGLE25,H0,e050,L,dev_2021_2023,2.0,36,-0.2526369076111811,-0.8081092208409323,-1.0,-0.9900566202090592,0.2222222222222222
P,2,STRANGLE25,H0,e050,L,hold_2024_2025,2.0,24,-0.006125118206589564,-0.0136577945137333,-0.9999999999999996,-0.9928668300653596,0.2916666666666667
P,2,STRANGLE25,H0,e050,L,ext_2026,2.0,9,0.11043221059537088,0.2222996635731682,-0.9999919691108806,-0.9828430156181578,0.3333333333333333
P,2,STRANGLE25,H0,e050,L,post_2021_2026,2.0,69,-0.11953683500872948,-0.30956314766993526,-1.0,-0.9928668300653596,0.2608695652173913
P,2,STRANGLE25,H0,e050,L,frozen_2024_2026,2.0,33,0.02566324419394509,0.0564762595221456,-1.0,-0.9928668300653596,0.30303030303030304
P,2,STRANGLE25,H0,e050,S,pre_2019_2020,2.0,18,-4.013279322563873,-0.9235900725153241,-3.90677287798905,-64.06333333333335,0.5
P,2,STRANGLE25,H0,e050,S,dev_2021_2023,2.0,36,-2.258018447680985,-2.2750167362747127,-35.3605267126879,-11.69166666666667,0.2777777777777778
P,2,STRANGLE25,H0,e050,S,hold_2024_2025,2.0,24,-1.0048184480129654,-1.9053420920648663,-2.624166666666667,-6.647500000000001,0.375
P,2,STRANGLE25,H0,e050,S,ext_2026,2.0,9,0.12094594847942733,0.4846401608798006,-2.315211991842877,-1.4900322580645164,0.5555555555555556
P,2,STRANGLE25,H0,e050,S,post_2021_2026,2.0,69,-1.5118230917755326,-1.8470291344989507,-35.3605267126879,-11.69166666666667,0.34782608695652173
P,2,STRANGLE25,H0,e050,S,frozen_2024_2026,2.0,33,-0.6977917944241311,-1.4331373990285812,-2.624166666666667,-6.647500000000001,0.42424242424242425
P,2,STRANGLE25,H0,e100,LS,pre_2019_2020,4.0,18,-2.4225673642559764,-1.3258525037589979,-1.0817274893917568,-27.44872379986477,0.1111111111111111
P,2,STRANGLE25,H0,e100,LS,dev_2021_2023,4.0,36,-2.0845375001713817,-3.0738197956021827,-4.649846738741809,-8.573843167701863,0.1388888888888889
P,2,STRANGLE25,H0,e100,LS,hold_2024_2025,4.0,24,-0.934630498331671,-1.842777723778707,-2.610768398268398,-5.854404673129505,0.25
P,2,STRANGLE25,H0,e100,LS,ext_2026,4.0,9,-0.021641477267003054,-0.09236388744065771,-0.9550832716998392,-0.90440447700299,0.3333333333333333
P,2,STRANGLE25,H0,e100,LS,post_2021_2026,4.0,69,-1.4154964530656937,-2.301832283933636,-4.649846738741809,-8.573843167701863,0.2028985507246377
P,2,STRANGLE25,H0,e100,LS,frozen_2024_2026,4.0,33,-0.6856334925867617,-1.4862206724010847,-2.610768398268398,-5.854404673129505,0.2727272727272727
P,2,STRANGLE25,H0,tick,LS,pre_2019_2020,4.0,18,-2.4746201343383185,-1.3484721687627563,-1.0650078580225335,-27.60682048681541,0.05555555555555555
P,2,STRANGLE25,H0,tick,LS,dev_2021_2023,4.0,36,-2.130671298479578,-3.131744532639829,-4.894174057573055,-8.660126811594203,0.1111111111111111
P,2,STRANGLE25,H0,tick,LS,hold_2024_2025,4.0,24,-0.9669385577814178,-1.8876756220124713,-2.679599567099567,-5.936464081531194,0.25
P,2,STRANGLE25,H0,tick,LS,ext_2026,4.0,9,-0.044620403738289544,-0.189489178469109,-0.9701119991976149,-0.9173131283606448,0.3333333333333333
P,2,STRANGLE25,H0,tick,LS,post_2021_2026,4.0,69,-1.4538010980530935,-2.350346418389272,-4.894174057573055,-8.660126811594203,0.18840579710144928
P,2,STRANGLE25,H0,tick,LS,frozen_2024_2026,4.0,33,-0.7153972430423828,-1.5359037681243017,-2.679599567099567,-5.936464081531194,0.2727272727272727
P,2,STRANGLE25,H1,e050,LS,pre_2019_2020,4.0,18,-0.5531788697324327,-2.665311084454229,-1.000519998210065,-2.769338237932833,0.05555555555555555
P,2,STRANGLE25,H1,e050,LS,dev_2021_2023,4.0,36,-1.4106058978138034,-2.8911686657337703,-1.5153364682065948,-6.443494207722338,0.1111111111111111
P,2,STRANGLE25,H1,e050,LS,hold_2024_2025,4.0,24,-0.8940967400386683,-2.549668698271501,-2.2049793538273383,-4.119981389208277,0.16666666666666666
P,2,STRANGLE25,H1,e050,LS,ext_2026,4.0,9,-0.37231956038278013,-1.8419860978471265,-1.0285285409372487,-1.9291843789125585,0.3333333333333333
P,2,STRANGLE25,H1,e050,LS,post_2021_2026,4.0,69,-1.095521885879275,-2.5802627837618872,-1.5153364682065948,-6.443494207722338,0.15942028985507245
P,2,STRANGLE25,H1,e050,LS,frozen_2024_2026,4.0,33,-0.7517938728597896,-2.3397799677632487,-2.2049793538273383,-4.119981389208277,0.21212121212121213
P,2,STRANGLE25,H1,e050,L,pre_2019_2020,2.0,18,-0.27859711238518137,-1.3720585833021957,-0.9999975580688101,-0.9246118685386042,0.16666666666666666
P,2,STRANGLE25,H1,e050,L,dev_2021_2023,2.0,36,-0.3276331725286852,-2.6155915901390943,-0.9999999981101163,-0.7592836044541735,0.16666666666666666
P,2,STRANGLE25,H1,e050,L,hold_2024_2025,2.0,24,-0.29866612137525844,-1.1288044170325455,-1.0001151122785314,-2.818925972465241,0.125
P,2,STRANGLE25,H1,e050,L,ext_2026,2.0,9,-0.08413727426288968,-0.6361207129668397,-0.8981397942599991,-0.6277293281303226,0.4444444444444444
P,2,STRANGLE25,H1,e050,L,post_2021_2026,2.0,69,-0.2857973419189112,-1.542189460232209,-1.0000000000002176,-2.818925972465241,0.18840579710144928
P,2,STRANGLE25,H1,e050,L,frozen_2024_2026,2.0,33,-0.24015825398097607,-1.019646613064939,-1.0001151122785314,-2.818925972465241,0.21212121212121213
P,2,STRANGLE25,H1,e050,S,pre_2019_2020,2.0,18,-0.8277606270796839,-2.198238387796718,-1.0243440328719493,-4.848368630470628,0.2222222222222222
P,2,STRANGLE25,H1,e050,S,dev_2021_2023,2.0,36,-2.493578623098922,-2.5273316973279663,-13.17620912639823,-13.17620912639823,0.19444444444444445
P,2,STRANGLE25,H1,e050,S,hold_2024_2025,2.0,24,-1.4895273587020783,-2.4477824260132874,-7.39140827109269,-7.39140827109269,0.2916666666666667
P,2,STRANGLE25,H1,e050,S,ext_2026,2.0,9,-0.6605018465026705,-1.829878592922423,-1.1020632437266835,-3.517026411829517,0.3333333333333333
P,2,STRANGLE25,H1,e050,S,post_2021_2026,2.0,69,-1.905246429839639,-2.3120356515176974,-13.17620912639823,-13.17620912639823,0.2463768115942029
P,2,STRANGLE25,H1,e050,S,frozen_2024_2026,2.0,33,-1.2634294917386033,-2.267582560562361,-7.39140827109269,-7.39140827109269,0.30303030303030304
P,2,STRANGLE25,H2_15,e050,LS,pre_2019_2020,4.0,18,-0.585447261653276,-2.85475323866393,-1.000050785759316,-2.597474235516607,0.05555555555555555
P,2,STRANGLE25,H2_15,e050,LS,dev_2021_2023,4.0,36,-1.4630847038742132,-3.028689312686134,-1.4761035726620493,-6.209448711982675,0.08333333333333333
P,2,STRANGLE25,H2_15,e050,LS,hold_2024_2025,4.0,24,-0.8749105353790565,-2.4732605634792715,-2.3765560134746835,-4.03955221407154,0.25
P,2,STRANGLE25,H2_15,e050,LS,ext_2026,4.0,9,-0.4073203639210946,-1.9274009492438022,-1.0422060085800147,-2.038118416854726,0.3333333333333333
P,2,STRANGLE25,H2_15,e050,LS,post_2021_2026,4.0,69,-1.120793992229839,-2.639872039868651,-1.4761035726620493,-6.209448711982675,0.17391304347826086
P,2,STRANGLE25,H2_15,e050,LS,frozen_2024_2026,4.0,33,-0.7473859431632488,-2.3083011862682428,-2.3765560134746835,-4.03955221407154,0.2727272727272727
P,2,STRANGLE25,H2_15,e050,L,pre_2019_2020,2.0,18,-0.29223528562980616,-1.2797740905036337,-0.9999999732627242,-0.9709800864609204,0.16666666666666666
P,2,STRANGLE25,H2_15,e050,L,dev_2021_2023,2.0,36,-0.34110107581394494,-2.8805591487560145,-0.9999999994671986,-0.9440122880096298,0.1388888888888889
P,2,STRANGLE25,H2_15,e050,L,hold_2024_2025,2.0,24,-0.28365759032343996,-1.0630533705970135,-1.03853769459713,-2.8306370014757007,0.125
P,2,STRANGLE25,H2_15,e050,L,ext_2026,2.0,9,-0.06533790535392645,-0.45383790964592036,-0.9272715135305749,-0.8217061584844514,0.4444444444444444
P,2,STRANGLE25,H2_15,e050,L,post_2021_2026,2.0,69,-0.28515162384420173,-1.5372324023465382,-1.000000000020533,-2.8306370014757007,0.17391304347826086
P,2,STRANGLE25,H2_15,e050,L,frozen_2024_2026,2.0,33,-0.22411585805902717,-0.9373299131867515,-1.03853769459713,-2.8306370014757007,0.21212121212121213
P,2,STRANGLE25,H2_15,e050,S,pre_2019_2020,2.0,18,-0.8786592376767458,-2.279723229020204,-1.091387298065636,-4.436623539142464,0.2777777777777778
P,2,STRANGLE25,H2_15,e050,S,dev_2021_2023,2.0,36,-2.5850683319344814,-2.6205184804844226,-3.910332777716338,-12.746217049658679,0.19444444444444445
P,2,STRANGLE25,H2_15,e050,S,hold_2024_2025,2.0,24,-1.4661634804346733,-2.418092156548053,-7.258755751628394,-7.258755751628394,0.25
P,2,STRANGLE25,H2_15,e050,S,ext_2026,2.0,9,-0.7493028224882629,-1.967365220346882,-1.007400171083795,-3.787715980532545,0.3333333333333333
P,2,STRANGLE25,H2_15,e050,S,post_2021_2026,2.0,69,-1.9564363606154762,-2.3675478529271468,-7.258755751628394,-12.746217049658679,0.2318840579710145
P,2,STRANGLE25,H2_15,e050,S,frozen_2024_2026,2.0,33,-1.2706560282674706,-2.2848823320694303,-7.258755751628394,-7.258755751628394,0.2727272727272727
P,2,STRANGLE25,H2_25,e050,LS,pre_2019_2020,4.0,18,-0.5151890977361487,-2.2007577386601413,-1.0002365192138358,-2.54507400777888,0.2777777777777778
P,2,STRANGLE25,H2_25,e050,LS,dev_2021_2023,4.0,36,-1.4510458992591238,-3.007016687092095,-1.4608215690907471,-6.031686401952473,0.1388888888888889
P,2,STRANGLE25,H2_25,e050,LS,hold_2024_2025,4.0,24,-0.8589967723610782,-2.4103440794146684,-3.214960823263393,-3.9210515459953363,0.25
P,2,STRANGLE25,H2_25,e050,LS,ext_2026,4.0,9,-0.3545188397898327,-1.426281170249511,-1.1375193822750354,-2.303248585304738,0.4444444444444444
P,2,STRANGLE25,H2_25,e050,LS,post_2021_2026,4.0,69,-1.102090499537722,-2.573783766595522,-1.4608215690907471,-6.031686401952473,0.21739130434782608
P,2,STRANGLE25,H2_25,e050,LS,frozen_2024_2026,4.0,33,-0.7214118816598294,-2.164641220301213,-3.214960823263393,-3.9210515459953363,0.30303030303030304
P,2,STRANGLE25,H2_25,e050,L,pre_2019_2020,2.0,18,-0.19850471873746825,-0.6172143935260836,-1.0000001171694153,-1.1924221076992854,0.16666666666666666
P,2,STRANGLE25,H2_25,e050,L,dev_2021_2023,2.0,36,-0.3029695306156228,-2.139234563833393,-0.9999999994658119,-0.9453472222222221,0.1388888888888889
P,2,STRANGLE25,H2_25,e050,L,hold_2024_2025,2.0,24,-0.32861276953852836,-1.3635754645959381,-1.0256664813835425,-2.4808585661514155,0.16666666666666666
P,2,STRANGLE25,H2_25,e050,L,ext_2026,2.0,9,-0.009288016742017895,-0.04532582983986628,-0.9228231720523805,-0.7464677022174747,0.4444444444444444
P,2,STRANGLE25,H2_25,e050,L,post_2021_2026,2.0,69,-0.273582633648772,-1.445818474116955,-1.0000000000172067,-2.4808585661514155,0.18840579710144928
P,2,STRANGLE25,H2_25,e050,L,frozen_2024_2026,2.0,33,-0.2415242005940255,-1.0395543602042783,-1.0256664813835425,-2.4808585661514155,0.24242424242424243
P,2,STRANGLE25,H2_25,e050,S,pre_2019_2020,2.0,18,-0.8318734767348295,-2.0386551410696145,-1.2021729816943032,-4.2725675781091255,0.2222222222222222
P,2,STRANGLE25,H2_25,e050,S,dev_2021_2023,2.0,36,-2.5991222679026245,-2.6786001707968983,-3.0575752748252505,-11.979268916549405,0.2222222222222222
P,2,STRANGLE25,H2_25,e050,S,hold_2024_2025,2.0,24,-1.3893807751836278,-2.2372047070499614,-7.1139504212843665,-7.1139504212843665,0.25
P,2,STRANGLE25,H2_25,e050,S,ext_2026,2.0,9,-0.6997496628376473,-1.6683926336664885,-1.5767428848264504,-4.0618230520432395,0.3333333333333333
P,2,STRANGLE25,H2_25,e050,S,post_2021_2026,2.0,69,-1.930598365426672,-2.339811954598281,-3.0575752748252505,-11.979268916549405,0.2463768115942029
P,2,STRANGLE25,H2_25,e050,S,frozen_2024_2026,2.0,33,-1.2012995627256333,-2.09343449064079,-7.1139504212843665,-7.1139504212843665,0.2727272727272727
P,2,IFLY10,H0,e000,LS,pre_2019_2020,4.0,18,-0.03145059856614298,-0.44381345915672643,-0.7101224075549941,-0.41948276198955203,0.4444444444444444
P,2,IFLY10,H0,e000,LS,dev_2021_2023,4.0,36,-0.10472090780288755,-1.8302337263021,-0.9930581590425687,-0.6242887414284136,0.2222222222222222
P,2,IFLY10,H0,e000,LS,hold_2024_2025,4.0,24,-0.025593350154417546,-0.3631276760184069,-0.9154052610545602,-0.4476788191190252,0.5416666666666666
P,2,IFLY10,H0,e000,LS,ext_2026,4.0,9,-0.10491983097959456,-1.6989575214956678,-0.7749585046386178,-0.3477332326713759,0.1111111111111111
P,2,IFLY10,H0,e000,LS,post_2021_2026,4.0,69,-0.07722422555690325,-1.2312033219729817,-0.9994945624920041,-0.6242887414284136,0.3188405797101449
P,2,IFLY10,H0,e000,LS,frozen_2024_2026,4.0,33,-0.04722784492492037,-0.6939970510472293,-0.9468868841463549,-0.4476788191190252,0.42424242424242425
P,2,IFLY10,H0,e050,LS,pre_2019_2020,4.0,18,-0.173647537370982,-2.164026880356638,-0.9892087233310992,-0.6834969775003166,0.2777777777777778
P,2,IFLY10,H0,e050,LS,dev_2021_2023,4.0,36,-0.19396003467256354,-3.2348162340818947,-0.9998987285727828,-0.7675896332622023,0.1111111111111111
P,2,IFLY10,H0,e050,LS,hold_2024_2025,4.0,24,-0.10321589779439648,-1.4648305361113838,-0.9774359129649483,-0.5021052353431218,0.375
P,2,IFLY10,H0,e050,LS,ext_2026,4.0,9,-0.17577551579030898,-2.8511274542375156,-0.8828156072844082,-0.42803244107859495,0.1111111111111111
P,2,IFLY10,H0,e050,LS,post_2021_2026,4.0,69,-0.16002496286073314,-2.4914530148072362,-0.9999995915671533,-0.7675896332622023,0.2028985507246377
P,2,IFLY10,H0,e050,LS,frozen_2024_2026,4.0,33,-0.12300488452055441,-1.8119253376726152,-0.9965011750778789,-0.5021052353431218,0.30303030303030304
P,2,IFLY10,H0,e050,L,pre_2019_2020,2.0,18,-0.0040614445073444755,-0.031036847605292014,-0.9650761052492987,-0.8937971637301245,0.5555555555555556
P,2,IFLY10,H0,e050,L,dev_2021_2023,2.0,36,-0.15069894238092693,-1.5159521141147363,-0.9999346010192233,-0.809803180914513,0.25
P,2,IFLY10,H0,e050,L,hold_2024_2025,2.0,24,-0.08457691005877743,-0.5909076382132031,-0.999823338705448,-0.8663725918983649,0.5416666666666666
P,2,IFLY10,H0,e050,L,ext_2026,2.0,9,-0.2603706453771965,-2.460605703704809,-0.9798669240377776,-0.71409825468649,0.2222222222222222
P,2,IFLY10,H0,e050,L,post_2021_2026,2.0,69,-0.1420049793553449,-1.2182322698307608,-0.9999999986382245,-0.8663725918983649,0.34782608695652173
P,2,IFLY10,H0,e050,L,frozen_2024_2026,2.0,33,-0.1325206560547099,-0.9863663083501076,-0.9999915977753863,-0.8663725918983649,0.45454545454545453
P,2,IFLY10,H0,e050,S,pre_2019_2020,2.0,18,-0.3432336302346196,-3.3535007046375607,-1.1100285311596776,-1.113586956521739,0.05555555555555555
P,2,IFLY10,H0,e050,S,dev_2021_2023,2.0,36,-0.23722112696420014,-4.643581382467049,-0.9999906248333394,-0.9086088257292444,0.027777777777777776
P,2,IFLY10,H0,e050,S,hold_2024_2025,2.0,24,-0.1218548855300155,-2.2070952237387744,-0.9771039082924461,-0.6014199954012647,0.25
P,2,IFLY10,H0,e050,S,ext_2026,2.0,9,-0.09118038620342145,-1.3670225573581103,-0.7909802981190233,-0.447666467243806,0.3333333333333333
P,2,IFLY10,H0,e050,S,post_2021_2026,2.0,69,-0.17804494636612136,-3.133621298318647,-0.9999999470463212,-0.9086088257292444,0.14492753623188406
P,2,IFLY10,H0,e050,S,frozen_2024_2026,2.0,33,-0.11348911298639897,-1.9698827841141722,-0.9943517080023005,-0.6014199954012647,0.2727272727272727
P,2,IFLY10,H0,e100,LS,pre_2019_2020,4.0,18,-0.31584447617582107,-3.3608113970002047,-0.9999653385374792,-0.9475111930110812,0.16666666666666666
P,2,IFLY10,H0,e100,LS,dev_2021_2023,4.0,36,-0.2831991615422395,-4.4255030616819315,-0.9999994810072351,-0.9108905250959908,0.08333333333333333
P,2,IFLY10,H0,e100,LS,hold_2024_2025,4.0,24,-0.1808384454343754,-2.489546986209562,-0.997312118925401,-0.5565316515672186,0.25
P,2,IFLY10,H0,e100,LS,ext_2026,4.0,9,-0.24663120060102348,-4.001180252092333,-0.943212966292597,-0.5083316494858139,0.1111111111111111
P,2,IFLY10,H0,e100,LS,post_2021_2026,4.0,69,-0.24282570016456298,-3.610018297178173,-0.999999999919151,-0.9108905250959908,0.14492753623188406
P,2,IFLY10,H0,e100,LS,frozen_2024_2026,4.0,33,-0.19878192411618853,-2.8643746242603396,-0.9998442193251689,-0.5565316515672186,0.21212121212121213
P,2,IFLY10,H0,tick,LS,pre_2019_2020,4.0,18,-0.32060292687459135,-3.3990974487922365,-0.9999741112628232,-0.9536285899585499,0.16666666666666666
P,2,IFLY10,H0,tick,LS,dev_2021_2023,4.0,36,-0.2875457480541145,-4.491359998910572,-0.9999996087601799,-0.916116958676025,0.08333333333333333
P,2,IFLY10,H0,tick,LS,hold_2024_2025,4.0,24,-0.1838975769500528,-2.5308332826986213,-0.9975669277469784,-0.5587808965948141,0.25
P,2,IFLY10,H0,tick,LS,ext_2026,4.0,9,-0.24979937076043346,-4.069768223297031,-0.9449530533506246,-0.5108720154384443,0.1111111111111111
P,2,IFLY10,H0,tick,LS,post_2021_2026,4.0,69,-0.24657076976222161,-3.6640885321422267,-0.9999999999469187,-0.916116958676025,0.14492753623188406
P,2,IFLY10,H0,tick,LS,frozen_2024_2026,4.0,33,-0.20187079344379297,-2.9104802125746883,-0.9998643252721037,-0.5587808965948141,0.21212121212121213
P,2,IFLY10,H1,e050,LS,pre_2019_2020,4.0,18,-0.26377986193722613,-4.943840475081239,-0.9981984183584485,-0.7383725744283662,0.0
P,2,IFLY10,H1,e050,LS,dev_2021_2023,4.0,36,-0.149598679607151,-3.3715069148304324,-0.998326193362807,-0.41899406026782526,0.1111111111111111
P,2,IFLY10,H1,e050,LS,hold_2024_2025,4.0,24,-0.14354399750688576,-3.3516915893742123,-0.9827035910213596,-0.3964567082256927,0.125
P,2,IFLY10,H1,e050,LS,ext_2026,4.0,9,-0.10391853844455226,-5.046958825055435,-0.6575846123966094,-0.15682170816547433,0.1111111111111111
P,2,IFLY10,H1,e050,LS,post_2021_2026,4.0,69,-0.14153442394237192,-3.430472067791573,-0.9999900867854796,-0.41899406026782526,0.11594202898550725
P,2,IFLY10,H1,e050,LS,frozen_2024_2026,4.0,33,-0.13273705412624937,-3.4845583048386657,-0.9940774434154321,-0.3964567082256927,0.12121212121212122
P,2,IFLY10,H1,e050,L,pre_2019_2020,2.0,18,-0.18567366853650003,-2.8764816419156656,-0.9859503503795443,-0.5350045602007553,0.1111111111111111
P,2,IFLY10,H1,e050,L,dev_2021_2023,2.0,36,-0.08108568017563737,-1.0945128040028562,-0.9880328714753337,-0.5225466081450374,0.3333333333333333
P,2,IFLY10,H1,e050,L,hold_2024_2025,2.0,24,-0.1361563657989819,-1.7788596414009465,-0.9903209852528363,-0.5791618957378958,0.16666666666666666
P,2,IFLY10,H1,e050,L,ext_2026,2.0,9,-0.11797467803185022,-3.175391122040206,-0.7359899840190152,-0.32239538294840503,0.2222222222222222
P,2,IFLY10,H1,e050,L,post_2021_2026,2.0,69,-0.10505230967804585,-1.48203357035789,-0.9999669171475598,-0.5791618957378958,0.2608695652173913
P,2,IFLY10,H1,e050,L,frozen_2024_2026,2.0,33,-0.13119772368067326,-1.9425354847856504,-0.9974446431619212,-0.5791618957378958,0.18181818181818182
P,2,IFLY10,H1,e050,S,pre_2019_2020,2.0,18,-0.34188605533795213,-3.5412637107552216,-1.206306948179269,-1.2207729487950756,0.0
P,2,IFLY10,H1,e050,S,dev_2021_2023,2.0,36,-0.21811167903866463,-8.034197306401095,-0.9998919421047591,-0.4530586872644496,0.0
P,2,IFLY10,H1,e050,S,hold_2024_2025,2.0,24,-0.15093162921478961,-3.6674032220651847,-0.9865002514284795,-0.5768934949664087,0.16666666666666666
P,2,IFLY10,H1,e050,S,ext_2026,2.0,9,-0.08986239885725428,-4.368451297015593,-0.5818656335611807,-0.17739862252836963,0.2222222222222222
P,2,IFLY10,H1,e050,S,post_2021_2026,2.0,69,-0.17801653820669808,-5.181787722325598,-0.9999993900446461,-0.5768934949664087,0.08695652173913043
P,2,IFLY10,H1,e050,S,frozen_2024_2026,2.0,33,-0.13427638457182545,-3.6058235290329796,-0.9943552911839639,-0.5768934949664087,0.18181818181818182
P,2,IFLY10,H2_15,e050,LS,pre_2019_2020,4.0,18,-0.25714116919475277,-4.881441766141079,-0.9976209388832065,-0.6613981315713724,0.05555555555555555
P,2,IFLY10,H2_15,e050,LS,dev_2021_2023,4.0,36,-0.15669422441479677,-3.530709862380054,-0.9987867229814225,-0.41479246487982413,0.1388888888888889
P,2,IFLY10,H2_15,e050,LS,hold_2024_2025,4.0,24,-0.1405796272499866,-3.2769978826351442,-0.9810434906833803,-0.35687825164772957,0.125
P,2,IFLY10,H2_15,e050,LS,ext_2026,4.0,9,-0.12655776541698582,-5.901405168999767,-0.7146296259897518,-0.2227918150525366,0.1111111111111111
P,2,IFLY10,H2_15,e050,LS,post_2021_2026,4.0,69,-0.14715830466210486,-3.5687926550012805,-0.9999934366249087,-0.41479246487982413,0.13043478260869565
P,2,IFLY10,H2_15,e050,LS,frozen_2024_2026,4.0,33,-0.13675548311371366,-3.6025045939992695,-0.9945903738463875,-0.35687825164772957,0.12121212121212122
P,2,IFLY10,H2_15,e050,L,pre_2019_2020,2.0,18,-0.17164430947034667,-2.869240067644818,-0.9796100478570932,-0.4486880868579093,0.1111111111111111
P,2,IFLY10,H2_15,e050,L,dev_2021_2023,2.0,36,-0.09493772812058515,-1.2899514405626757,-0.992956129285163,-0.5122719922215115,0.2777777777777778
P,2,IFLY10,H2_15,e050,L,hold_2024_2025,2.0,24,-0.11989512011712111,-1.487746251110119,-0.987306402748811,-0.5619159995601173,0.2916666666666667
P,2,IFLY10,H2_15,e050,L,ext_2026,2.0,9,-0.14669755212198865,-3.4801665969793496,-0.7901105778491146,-0.41695336224685475,0.2222222222222222
P,2,IFLY10,H2_15,e050,L,post_2021_2026,2.0,69,-0.11036984151086766,-1.5274118063628492,-0.9999785490121603,-0.5619159995601173,0.2753623188405797
P,2,IFLY10,H2_15,e050,L,frozen_2024_2026,2.0,33,-0.1272048743002668,-1.7769840830643693,-0.9973357482079319,-0.5619159995601173,0.2727272727272727
P,2,IFLY10,H2_15,e050,S,pre_2019_2020,2.0,18,-0.3426380289191588,-3.5241792707886903,-1.2164062731097678,-1.232591619679301,0.0
P,2,IFLY10,H2_15,e050,S,dev_2021_2023,2.0,36,-0.2184507207090084,-7.905673969744234,-0.9998945337057212,-0.44445936548162357,0.0
P,2,IFLY10,H2_15,e050,S,hold_2024_2025,2.0,24,-0.16126413438285211,-4.188753295021056,-0.9895938897658182,-0.5722677271309239,0.08333333333333333
P,2,IFLY10,H2_15,e050,S,ext_2026,2.0,9,-0.10641797871198301,-5.193049474980759,-0.6491554730292404,-0.18945227224315686,0.1111111111111111
P,2,IFLY10,H2_15,e050,S,post_2021_2026,2.0,69,-0.18394676781334202,-5.603337953882173,-0.9999996149502773,-0.5722677271309239,0.043478260869565216
P,2,IFLY10,H2_15,e050,S,frozen_2024_2026,2.0,33,-0.14630609192716054,-4.186007388847213,-0.9963490731772829,-0.5722677271309239,0.09090909090909091
P,2,IFLY10,H2_25,e050,LS,pre_2019_2020,4.0,18,-0.25884773631315144,-4.342438943436993,-0.9982315857959994,-0.7580829701284946,0.05555555555555555
P,2,IFLY10,H2_25,e050,LS,dev_2021_2023,4.0,36,-0.15088710174146014,-3.3890017522700364,-0.9984534379479266,-0.4453029404059852,0.1111111111111111
P,2,IFLY10,H2_25,e050,LS,hold_2024_2025,4.0,24,-0.13379712360730583,-2.6094361745486983,-0.9803618975653258,-0.4139057578075305,0.20833333333333334
P,2,IFLY10,H2_25,e050,LS,ext_2026,4.0,9,-0.13085490101634048,-4.804443365412027,-0.7458392416904369,-0.22586351779343694,0.1111111111111111
P,2,IFLY10,H2_25,e050,LS,post_2021_2026,4.0,69,-0.14232986577413,-3.1797182071573658,-0.9999922807453459,-0.4453029404059852,0.14492753623188406
P,2,IFLY10,H2_25,e050,LS,frozen_2024_2026,4.0,33,-0.13299469926431529,-2.9194468540846534,-0.9950087649934424,-0.4139057578075305,0.18181818181818182
P,2,IFLY10,H2_25,e050,L,pre_2019_2020,2.0,18,-0.1773314718855105,-2.3965369164158234,-0.9873246302128812,-0.5594676572546554,0.2222222222222222
P,2,IFLY10,H2_25,e050,L,dev_2021_2023,2.0,36,-0.08440354386045439,-1.1823060517237864,-0.9879341816080759,-0.43669612944643016,0.3611111111111111
P,2,IFLY10,H2_25,e050,L,hold_2024_2025,2.0,24,-0.10282974556662772,-1.1285136002713088,-0.9917491843615595,-0.5853164891580767,0.375
P,2,IFLY10,H2_25,e050,L,ext_2026,2.0,9,-0.16106770240118792,-3.241252358579623,-0.8424894367155369,-0.39324225120189393,0.1111111111111111
P,2,IFLY10,H2_25,e050,L,post_2021_2026,2.0,69,-0.1008123303505234,-1.326708734363169,-0.9999703408962491,-0.5853164891580767,0.3333333333333333
P,2,IFLY10,H2_25,e050,L,frozen_2024_2026,2.0,33,-0.11871282470332598,-1.456539797426468,-0.9981468387932634,-0.5853164891580767,0.30303030303030304
P,2,IFLY10,H2_25,e050,S,pre_2019_2020,2.0,18,-0.3403640007407925,-3.636852043579475,-1.151949721698814,-1.16607666006202,0.0
P,2,IFLY10,H2_25,e050,S,dev_2021_2023,2.0,36,-0.21737065962246593,-6.7357134022791865,-0.9999016598093277,-0.5376490228333898,0.0
P,2,IFLY10,H2_25,e050,S,hold_2024_2025,2.0,24,-0.16476450164798392,-3.5303399491819034,-0.9921728771603266,-0.6306770744454899,0.125
P,2,IFLY10,H2_25,e050,S,ext_2026,2.0,9,-0.100642099631493,-3.883275155561074,-0.6422930514835055,-0.2639523546630115,0.1111111111111111
P,2,IFLY10,H2_25,e050,S,post_2021_2026,2.0,69,-0.1838474011977366,-4.7653117515994365,-0.9999997246655384,-0.6306770744454899,0.057971014492753624
P,2,IFLY10,H2_25,e050,S,frozen_2024_2026,2.0,33,-0.14727657382530457,-3.4679006628193685,-0.9972001837733567,-0.6306770744454899,0.12121212121212122
P,2,IFLY15,H0,e000,LS,pre_2019_2020,4.0,18,-0.034511522277809806,-0.7824864357082998,-0.7323101926204728,-0.2320140839736704,0.3888888888888889
P,2,IFLY15,H0,e000,LS,dev_2021_2023,4.0,36,-0.09719157925163667,-1.7737870976898495,-0.9925042060693692,-0.5258687535280153,0.3055555555555556
P,2,IFLY15,H0,e000,LS,hold_2024_2025,4.0,24,-0.04929317738419447,-0.7685972728125775,-0.9242916456560333,-0.4540058466639525,0.4166666666666667
P,2,IFLY15,H0,e000,LS,ext_2026,4.0,9,-0.07629923686033457,-1.131000028921784,-0.7214451988183128,-0.40362475594034086,0.2222222222222222
P,2,IFLY15,H0,e000,LS,post_2021_2026,4.0,69,-0.07780617742061738,-1.3128302543396613,-0.999378162092913,-0.5258687535280153,0.3333333333333333
P,2,IFLY15,H0,e000,LS,frozen_2024_2026,4.0,33,-0.056658466332232676,-0.8841517412906292,-0.9419224811444983,-0.4540058466639525,0.36363636363636365
P,2,IFLY15,H0,e050,LS,pre_2019_2020,4.0,18,-0.2229441227684199,-3.817510290944975,-0.9952018041974194,-0.6434363479049893,0.16666666666666666
P,2,IFLY15,H0,e050,LS,dev_2021_2023,4.0,36,-0.20204065887678302,-3.593082695708752,-0.9999263790970649,-0.6812073945042681,0.1111111111111111
P,2,IFLY15,H0,e050,LS,hold_2024_2025,4.0,24,-0.13240951249443364,-2.0057588354612808,-0.9858405260475186,-0.5158959056334049,0.2916666666666667
P,2,IFLY15,H0,e050,LS,ext_2026,4.0,9,-0.16215791704946353,-2.358328197622138,-0.876748550146237,-0.5261684237159786,0.2222222222222222
P,2,IFLY15,H0,e050,LS,post_2021_2026,4.0,69,-0.17261903294022854,-2.8208847916594215,-0.9999998141498148,-0.6812073945042681,0.18840579710144928
P,2,IFLY15,H0,e050,LS,frozen_2024_2026,4.0,33,-0.14052271373671454,-2.1356810866360125,-0.9979046909218928,-0.5261684237159786,0.2727272727272727
P,2,IFLY15,H0,e050,L,pre_2019_2020,2.0,18,-0.07794605795885387,-0.873355685051,-0.9663787300808967,-0.5513796766198512,0.3888888888888889
P,2,IFLY15,H0,e050,L,dev_2021_2023,2.0,36,-0.1435952028693949,-1.3766053352921357,-0.9999727381242305,-0.8358333333333334,0.25
P,2,IFLY15,H0,e050,L,hold_2024_2025,2.0,24,-0.13221620410202953,-1.0290221549439131,-0.9998211568081964,-0.8764966740576496,0.4583333333333333
P,2,IFLY15,H0,e050,L,ext_2026,2.0,9,-0.21043468831165002,-1.8120712044734077,-0.9680152400059464,-0.6816551643075843,0.2222222222222222
P,2,IFLY15,H0,e050,L,post_2021_2026,2.0,69,-0.14835548400799672,-1.3101597159805822,-0.9999999991930336,-0.8764966740576496,0.3188405797101449
P,2,IFLY15,H0,e050,L,frozen_2024_2026,2.0,33,-0.1535485179773806,-1.2396814293184029,-0.9999870076224886,-0.8764966740576496,0.3939393939393939
P,2,IFLY15,H0,e050,S,pre_2019_2020,2.0,18,-0.36794218757798597,-3.5005399024856656,-1.10932502975504,-1.1481675170068026,0.0
P,2,IFLY15,H0,e050,S,dev_2021_2023,2.0,36,-0.26048611488417117,-5.740355702040332,-0.9999927455512174,-0.708215053763441,0.027777777777777776
P,2,IFLY15,H0,e050,S,hold_2024_2025,2.0,24,-0.13260282088683778,-2.1141518817554377,-0.9885192250773653,-0.7893498787730086,0.20833333333333334
P,2,IFLY15,H0,e050,S,ext_2026,2.0,9,-0.11388114578727714,-1.5920854614456097,-0.8280048049390696,-0.48515606996547295,0.3333333333333333
P,2,IFLY15,H0,e050,S,post_2021_2026,2.0,69,-0.19688258187246033,-3.3923085319764015,-0.9999999835856717,-0.7893498787730086,0.13043478260869565
P,2,IFLY15,H0,e050,S,frozen_2024_2026,2.0,33,-0.12749690949604853,-1.9881030222558795,-0.9977373431345115,-0.7893498787730086,0.24242424242424243
P,2,IFLY15,H0,e100,LS,pre_2019_2020,4.0,18,-0.4113767232590301,-5.076264334555638,-1.000015260903173,-1.1211166742476786,0.0
P,2,IFLY15,H0,e100,LS,dev_2021_2023,4.0,36,-0.30688973850192935,-5.1699044143771165,-0.9999997611045173,-0.836546035480521,0.08333333333333333
P,2,IFLY15,H0,e100,LS,hold_2024_2025,4.0,24,-0.21552584760467286,-3.1052967550048636,-0.9990540488530278,-0.5777859646028574,0.16666666666666666
P,2,IFLY15,H0,e100,LS,ext_2026,4.0,9,-0.2480165972385926,-3.5181419243273417,-0.9523550270290608,-0.6487120914916162,0.1111111111111111
P,2,IFLY15,H0,e100,LS,post_2021_2026,4.0,69,-0.2674318884598398,-4.136535019904576,-0.9999999999879138,-0.836546035480521,0.11594202898550725
P,2,IFLY15,H0,e100,LS,frozen_2024_2026,4.0,33,-0.2243869611411964,-3.265117994621468,-0.9999533824694634,-0.6487120914916162,0.15151515151515152
P,2,IFLY15,H0,tick,LS,pre_2019_2020,4.0,18,-0.41695938639143665,-5.1167447960708055,-1.0000136024498687,-1.1315385025062943,0.0
P,2,IFLY15,H0,tick,LS,dev_2021_2023,4.0,36,-0.3112593266005966,-5.242219577808701,-0.999999816608384,-0.8437632233238965,0.08333333333333333
P,2,IFLY15,H0,tick,LS,hold_2024_2025,4.0,24,-0.21892888625698773,-3.1577385168423926,-0.9991554554797073,-0.5799852152490627,0.16666666666666666
P,2,IFLY15,H0,tick,LS,ext_2026,4.0,9,-0.2517670440861694,-3.584204136872616,-0.9541925416005798,-0.6518064339165279,0.1111111111111111
P,2,IFLY15,H0,tick,LS,post_2021_2026,4.0,69,-0.27138452789224216,-4.199470100665958,-0.9999999999921907,-0.8437632233238965,0.11594202898550725
P,2,IFLY15,H0,tick,LS,frozen_2024_2026,4.0,33,-0.22788474748312817,-3.321642948145972,-0.999960313379326,-0.6518064339165279,0.15151515151515152
P,2,IFLY15,H1,e050,LS,pre_2019_2020,4.0,18,-0.3101952259173268,-8.425168559973647,-0.999124158546982,-0.6425991005193183,0.0
P,2,IFLY15,H1,e050,LS,dev_2021_2023,4.0,36,-0.17904860926674362,-4.660255043488662,-0.9994804909678514,-0.48076895189190993,0.05555555555555555
P,2,IFLY15,H1,e050,LS,hold_2024_2025,4.0,24,-0.16071374477236505,-3.980767330365378,-0.9890371357414384,-0.39620943139961534,0.08333333333333333
P,2,IFLY15,H1,e050,LS,ext_2026,4.0,9,-0.10065979217137751,-4.722604723999225,-0.6383342856242056,-0.24171343069604606,0.1111111111111111
P,2,IFLY15,H1,e050,LS,post_2021_2026,4.0,69,-0.16244663677799898,-4.312593924702606,-0.999997940202725,-0.48076895189190993,0.07246376811594203
P,2,IFLY15,H1,e050,LS,frozen_2024_2026,4.0,33,-0.1443353940630048,-3.9333084808249525,-0.9960351078663224,-0.39620943139961534,0.09090909090909091
P,2,IFLY15,H1,e050,L,pre_2019_2020,2.0,18,-0.24622918860883583,-4.133704201867242,-0.9965451855028505,-0.5537728796267267,0.05555555555555555
P,2,IFLY15,H1,e050,L,dev_2021_2023,2.0,36,-0.12509439835858502,-1.8996515981710917,-0.9976059587541146,-0.5088564977783782,0.25
P,2,IFLY15,H1,e050,L,hold_2024_2025,2.0,24,-0.14060792645479542,-2.0369450174166244,-0.9896483492045229,-0.5815757500768152,0.16666666666666666
P,2,IFLY15,H1,e050,L,ext_2026,2.0,9,-0.10628344033680838,-2.7655216427658935,-0.7011293072160626,-0.3501020397033887,0.1111111111111111
P,2,IFLY15,H1,e050,L,post_2021_2026,2.0,69,-0.1280368049109482,-2.0174763859379827,-0.9999921998146267,-0.5815757500768152,0.2028985507246377
P,2,IFLY15,H1,e050,L,frozen_2024_2026,2.0,33,-0.1312467029680717,-2.125147356720103,-0.9969061949552984,-0.5815757500768152,0.15151515151515152
P,2,IFLY15,H1,e050,S,pre_2019_2020,2.0,18,-0.3741612632258179,-4.017683030860561,-1.1964227461109518,-1.2207729487950756,0.0
P,2,IFLY15,H1,e050,S,dev_2021_2023,2.0,36,-0.2330028201749023,-7.271273453977782,-0.9999521203420632,-0.471653378186817,0.0
P,2,IFLY15,H1,e050,S,hold_2024_2025,2.0,24,-0.18081956308993466,-4.811964857050304,-0.9938408709370498,-0.46266673435025796,0.08333333333333333
P,2,IFLY15,H1,e050,S,ext_2026,2.0,9,-0.09503614400594661,-6.293593698967815,-0.5985162325420692,-0.19998793382340055,0.0
P,2,IFLY15,H1,e050,S,post_2021_2026,2.0,69,-0.19685646864504974,-5.653392019475421,-0.9999998816036444,-0.471653378186817,0.028985507246376812
P,2,IFLY15,H1,e050,S,frozen_2024_2026,2.0,33,-0.1574240851579379,-4.549484711503864,-0.9975272096595471,-0.46266673435025796,0.06060606060606061
P,2,IFLY15,H2_15,e050,LS,pre_2019_2020,4.0,18,-0.3001100514816164,-8.117578297721145,-0.9988368961841505,-0.613940966938352,0.0
P,2,IFLY15,H2_15,e050,LS,dev_2021_2023,4.0,36,-0.17683504779792736,-4.668951629404402,-0.9994272406203507,-0.4921293212197777,0.05555555555555555
P,2,IFLY15,H2_15,e050,LS,hold_2024_2025,4.0,24,-0.15322666062335,-3.538932902317796,-0.9870414336020135,-0.40323088794493755,0.16666666666666666
P,2,IFLY15,H2_15,e050,LS,ext_2026,4.0,9,-0.12767195397127973,-5.303076835346527,-0.7260287611981371,-0.2798500535376835,0.1111111111111111
P,2,IFLY15,H2_15,e050,LS,post_2021_2026,4.0,69,-0.1622108574119899,-4.23716934681003,-0.999997966546986,-0.4921293212197777,0.10144927536231885
P,2,IFLY15,H2_15,e050,LS,frozen_2024_2026,4.0,33,-0.14625719517278538,-3.7720089429929633,-0.9964497255108474,-0.40323088794493755,0.15151515151515152
P,2,IFLY15,H2_15,e050,L,pre_2019_2020,2.0,18,-0.22955086490653243,-3.392552651690906,-0.9956122632920573,-0.5761767099224545,0.16666666666666666
P,2,IFLY15,H2_15,e050,L,dev_2021_2023,2.0,36,-0.11380108368119655,-1.7834337375990743,-0.9958360326439363,-0.5270948832492236,0.3333333333333333
P,2,IFLY15,H2_15,e050,L,hold_2024_2025,2.0,24,-0.12518977064943917,-1.7262974521147731,-0.9862857358476558,-0.6022712577824149,0.25
P,2,IFLY15,H2_15,e050,L,ext_2026,2.0,9,-0.12503730695116125,-2.9780742119464305,-0.7548117780791103,-0.3591169621740947,0.2222222222222222
P,2,IFLY15,H2_15,e050,L,post_2021_2026,2.0,69,-0.11922796044449374,-1.8655249264381855,-0.9999851838111896,-0.6022712577824149,0.2898550724637681
P,2,IFLY15,H2_15,e050,L,frozen_2024_2026,2.0,33,-0.12514818964081795,-1.9263509205242753,-0.9965340986986668,-0.6022712577824149,0.24242424242424243
P,2,IFLY15,H2_15,e050,S,pre_2019_2020,2.0,18,-0.3706692380567004,-4.027894866124077,-1.2044398898856687,-1.232591619679301,0.0
P,2,IFLY15,H2_15,e050,S,dev_2021_2023,2.0,36,-0.2398690119146582,-7.552715820329793,-0.9999653046411225,-0.47469761727671833,0.0
P,2,IFLY15,H2_15,e050,S,hold_2024_2025,2.0,24,-0.18126355059726082,-4.039711308553323,-0.9947829458320547,-0.5626267014675201,0.08333333333333333
P,2,IFLY15,H2_15,e050,S,ext_2026,2.0,9,-0.13030660099139824,-7.291686791653334,-0.7210505755034055,-0.20981366186917524,0.0
P,2,IFLY15,H2_15,e050,S,post_2021_2026,2.0,69,-0.20519375437948606,-5.5448425437705895,-0.9999999495080435,-0.5626267014675201,0.028985507246376812
P,2,IFLY15,H2_15,e050,S,frozen_2024_2026,2.0,33,-0.16736620070475283,-4.222330601671878,-0.998544705742284,-0.5626267014675201,0.06060606060606061
P,2,IFLY15,H2_25,e050,LS,pre_2019_2020,4.0,18,-0.3002908178272692,-7.163241003149208,-0.9989998052800232,-0.7029587518023726,0.0
P,2,IFLY15,H2_25,e050,LS,dev_2021_2023,4.0,36,-0.18187959600853956,-4.710653698278412,-0.9995457086609684,-0.4550015190687683,0.1111111111111111
P,2,IFLY15,H2_25,e050,LS,hold_2024_2025,4.0,24,-0.16243268738882696,-4.048527272583913,-0.9897456997944672,-0.3912261164474981,0.16666666666666666
P,2,IFLY15,H2_25,e050,LS,ext_2026,4.0,9,-0.14458474323451995,-4.552368929199659,-0.7753017389957508,-0.3328401109353648,0.1111111111111111
P,2,IFLY15,H2_25,e050,LS,post_2021_2026,4.0,69,-0.17025090786594133,-4.478010845037465,-0.9999989532566844,-0.4550015190687683,0.13043478260869565
P,2,IFLY15,H2_25,e050,LS,frozen_2024_2026,4.0,33,-0.15756506625583414,-4.189312843918759,-0.9976958765760012,-0.3912261164474981,0.15151515151515152
P,2,IFLY15,H2_25,e050,L,pre_2019_2020,2.0,18,-0.24044892593702694,-3.4817170657841214,-0.9973851314104144,-0.6196825208651966,0.1111111111111111
P,2,IFLY15,H2_25,e050,L,dev_2021_2023,2.0,36,-0.13030661585264297,-1.9510015812487715,-0.998123314776126,-0.48972350689407507,0.2777777777777778
P,2,IFLY15,H2_25,e050,L,hold_2024_2025,2.0,24,-0.13475906531110046,-1.9158418400305939,-0.9915406249829544,-0.664224914856018,0.2916666666666667
P,2,IFLY15,H2_25,e050,L,ext_2026,2.0,9,-0.15160060225218508,-3.176293090818715,-0.815230042094241,-0.40454556419603493,0.2222222222222222
P,2,IFLY15,H2_25,e050,L,post_2021_2026,2.0,69,-0.13463277041204672,-2.0672423998941465,-0.9999963230566146,-0.664224914856018,0.2753623188405797
P,2,IFLY15,H2_25,e050,L,frozen_2024_2026,2.0,33,-0.13935221174957804,-2.168279474760928,-0.9980407244972935,-0.664224914856018,0.2727272727272727
P,2,IFLY15,H2_25,e050,S,pre_2019_2020,2.0,18,-0.36013270971751155,-4.052382646113655,-1.1421643663651773,-1.16607666006202,0.0
P,2,IFLY15,H2_25,e050,S,dev_2021_2023,2.0,36,-0.23345257616443613,-6.920031620231715,-0.9999550135525324,-0.4906055292816078,0.0
P,2,IFLY15,H2_25,e050,S,hold_2024_2025,2.0,24,-0.1901063094665535,-4.355926192976277,-0.996068771144715,-0.6130144050006266,0.08333333333333333
P,2,IFLY15,H2_25,e050,S,ext_2026,2.0,9,-0.13756888421685487,-4.262606534866341,-0.7561390891808898,-0.2719398490877669,0.2222222222222222
P,2,IFLY15,H2_25,e050,S,post_2021_2026,2.0,69,-0.20586904531983588,-5.4159251742943715,-0.9999999568727053,-0.6130144050006266,0.057971014492753624
P,2,IFLY15,H2_25,e050,S,frozen_2024_2026,2.0,33,-0.17577792076209023,-4.293064705043741,-0.9990413269507119,-0.6130144050006266,0.12121212121212122
P,2,SSPREAD,H0,e000,LS,pre_2019_2020,4.0,18,0.009489844044877158,0.07429038564252792,-0.875077697543313,-0.5864076097675688,0.4444444444444444
P,2,SSPREAD,H0,e000,LS,dev_2021_2023,4.0,36,-0.1364707585682911,-1.1302663192123343,-0.9999461884494829,-0.7365405982905985,0.3055555555555556
P,2,SSPREAD,H0,e000,LS,hold_2024_2025,4.0,24,0.0016928644751551005,0.012681767094341264,-0.9932951551804927,-0.7156704996607022,0.5833333333333334
P,2,SSPREAD,H0,e000,LS,ext_2026,4.0,9,-0.12669550935294294,-1.0528579129278548,-0.8748166244754212,-0.5133213130704136,0.3333333333333333
P,2,SSPREAD,H0,e000,LS,post_2021_2026,4.0,69,-0.08713881369900353,-0.6978688913359327,-0.9999994995159777,-0.7365405982905985,0.4057971014492754
P,2,SSPREAD,H0,e000,LS,frozen_2024_2026,4.0,33,-0.03332214656887164,-0.25778860349180216,-0.9959189706384278,-0.7156704996607022,0.5151515151515151
P,2,SSPREAD,H0,e050,LS,pre_2019_2020,4.0,18,-0.1572206657954152,-1.2905609646931546,-0.9954692104894227,-0.768148981244473,0.2222222222222222
P,2,SSPREAD,H0,e050,LS,dev_2021_2023,4.0,36,-0.25852890478346235,-2.2958707878031337,-0.9999999113045237,-0.8727051282051281,0.25
P,2,SSPREAD,H0,e050,LS,hold_2024_2025,4.0,24,-0.11478727510740294,-0.8966763723112782,-0.9995762117002972,-0.8049770752895753,0.4166666666666667
P,2,SSPREAD,H0,e050,LS,ext_2026,4.0,9,-0.2292149179615771,-2.0580520553097346,-0.9635804721471147,-0.6257808824090392,0.3333333333333333
P,2,SSPREAD,H0,e050,LS,post_2021_2026,4.0,69,-0.20470825270197837,-1.736252006882123,-0.9999999999950624,-0.8727051282051281,0.3188405797101449
P,2,SSPREAD,H0,e050,LS,frozen_2024_2026,4.0,33,-0.1459948140676323,-1.1879758771153759,-0.9999663942023357,-0.8049770752895753,0.3939393939393939
P,2,SSPREAD,H0,e050,L,pre_2019_2020,2.0,18,-0.09118003094831738,-0.3703654175461636,-1.0290047581284694,-1.1356926406926404,0.3333333333333333
P,2,SSPREAD,H0,e050,L,dev_2021_2023,2.0,36,-0.3268952766915007,-1.457121589882614,-1.000000517317188,-1.089591346153846,0.2777777777777778
P,2,SSPREAD,H0,e050,L,hold_2024_2025,2.0,24,-0.07281713181511558,-0.3075180951574203,-1.0378361920896715,-1.5632142857142857,0.4583333333333333
P,2,SSPREAD,H0,e050,L,ext_2026,2.0,9,-0.38683121858940417,-1.794077657508554,-1.0006471119456544,-1.2258743223772717,0.3333333333333333
P,2,SSPREAD,H0,e050,L,post_2021_2026,2.0,69,-0.24633800132987593,-1.0830925072975277,-1.000000517317188,-1.5632142857142857,0.34782608695652173
P,2,SSPREAD,H0,e050,L,frozen_2024_2026,2.0,33,-0.15845733729901249,-0.684411269870019,-1.0378361920896715,-1.5632142857142857,0.42424242424242425
P,2,SSPREAD,H0,e050,S,pre_2019_2020,2.0,18,-0.2232613006425131,-2.2079135389953946,-1.0281540075109017,-1.415285639412998,0.1111111111111111
P,2,SSPREAD,H0,e050,S,dev_2021_2023,2.0,36,-0.1901625328754239,-3.1727000792105327,-0.9998664791157564,-0.6940769230769231,0.1388888888888889
P,2,SSPREAD,H0,e050,S,hold_2024_2025,2.0,24,-0.15675741839969026,-2.702778685375304,-0.9922533941476096,-0.5761541176470588,0.20833333333333334
P,2,SSPREAD,H0,e050,S,ext_2026,2.0,9,-0.07159861733375014,-1.632793843751367,-0.5966936290591027,-0.3192696955430007,0.2222222222222222
P,2,SSPREAD,H0,e050,S,post_2021_2026,2.0,69,-0.16307850407408087,-2.822253194011291,-0.9999995787999751,-0.6940769230769231,0.17391304347826086
P,2,SSPREAD,H0,e050,S,frozen_2024_2026,2.0,33,-0.13353229083625207,-2.4290295639236406,-0.9968454371222042,-0.5761541176470588,0.21212121212121213
P,2,SSPREAD,H0,e100,LS,pre_2019_2020,4.0,18,-0.32393117563570767,-2.6792678096211535,-0.9999890231121467,-0.9498903527213773,0.2222222222222222
P,2,SSPREAD,H0,e100,LS,dev_2021_2023,4.0,36,-0.38058705099863366,-3.4574708671691523,-1.0000000005319059,-1.0088696581196581,0.19444444444444445
P,2,SSPREAD,H0,e100,LS,hold_2024_2025,4.0,24,-0.23126741468996084,-1.8237497866076038,-1.0006613888059575,-1.0022562741312742,0.20833333333333334
P,2,SSPREAD,H0,e100,LS,ext_2026,4.0,9,-0.3317343265702114,-3.221224324712958,-0.9916401454777679,-0.7382404517476648,0.3333333333333333
P,2,SSPREAD,H0,e100,LS,post_2021_2026,4.0,69,-0.32227769170495324,-2.7926194915754943,-1.0000000005319059,-1.0088696581196581,0.21739130434782608
P,2,SSPREAD,H0,e100,LS,frozen_2024_2026,4.0,33,-0.2586674815663928,-2.156963284549246,-1.0006613888059575,-1.0022562741312742,0.24242424242424243
P,2,SSPREAD,H0,tick,LS,pre_2019_2020,4.0,18,-0.33508849818952846,-2.7590590024280734,-0.9999938091995112,-0.956246430305342,0.2222222222222222
P,2,SSPREAD,H0,tick,LS,dev_2021_2023,4.0,36,-0.3899514571885579,-3.530836795833606,-1.0000000008650631,-1.0243824786324787,0.19444444444444445
P,2,SSPREAD,H0,tick,LS,hold_2024_2025,4.0,24,-0.237975702834055,-1.8746864692301892,-1.0030601306585425,-1.010954794079794,0.20833333333333334
P,2,SSPREAD,H0,tick,LS,ext_2026,4.0,9,-0.3362132646138319,-3.2677466602018312,-0.9922460664830651,-0.7428741476393599,0.3333333333333333
P,2,SSPREAD,H0,tick,LS,post_2021_2026,4.0,69,-0.33008099577289696,-2.8533918884456946,-1.0000000008650631,-1.0243824786324787,0.21739130434782608
P,2,SSPREAD,H0,tick,LS,frozen_2024_2026,4.0,33,-0.2647677651376305,-2.206929505831932,-1.0030601306585425,-1.010954794079794,0.24242424242424243
P,2,SSPREAD,H1,e050,LS,pre_2019_2020,4.0,18,-0.24747127405834288,-4.321274322953122,-0.9965188667796591,-0.489369767223323,0.1111111111111111
P,2,SSPREAD,H1,e050,LS,dev_2021_2023,4.0,36,-0.32612640003910837,-2.0753277784255886,-2.3837581615467984,-3.143324606868684,0.19444444444444445
P,2,SSPREAD,H1,e050,LS,hold_2024_2025,4.0,24,-0.20842657243089815,-2.52994502517141,-0.99924398584707,-0.6876825484743275,0.16666666666666666
P,2,SSPREAD,H1,e050,LS,ext_2026,4.0,9,-0.14665526091813474,-3.4505675682292436,-0.815302105522172,-0.3429034605716486,0.2222222222222222
P,2,SSPREAD,H1,e050,LS,post_2021_2026,4.0,69,-0.2617780505509083,-2.0938171817947064,-2.3837581615467984,-3.143324606868684,0.18840579710144928
P,2,SSPREAD,H1,e050,LS,frozen_2024_2026,4.0,33,-0.19157985110923542,-2.6083117763118286,-0.9998603657777584,-0.6876825484743275,0.18181818181818182
P,2,SSPREAD,H1,e050,L,pre_2019_2020,2.0,18,-0.3312553423500495,-3.18784586374312,-0.9999330502326694,-0.7869956075241128,0.1111111111111111
P,2,SSPREAD,H1,e050,L,dev_2021_2023,2.0,36,-0.4441508205440198,-1.4567888387796084,-3.2559776954560653,-5.889240797283181,0.2777777777777778
P,2,SSPREAD,H1,e050,L,hold_2024_2025,2.0,24,-0.23390774298252826,-1.4143189627455512,-1.0166270595814637,-1.2168908290981983,0.2916666666666667
P,2,SSPREAD,H1,e050,L,ext_2026,2.0,9,-0.20872995904524105,-2.708652937847661,-0.9424842643427706,-0.532817476186113,0.2222222222222222
P,2,SSPREAD,H1,e050,L,post_2021_2026,2.0,69,-0.3403157246749647,-1.403513126560826,-3.2559776954560653,-5.889240797283181,0.2753623188405797
P,2,SSPREAD,H1,e050,L,frozen_2024_2026,2.0,33,-0.2270410746359954,-1.5609866426405339,-1.0166270595814637,-1.2168908290981983,0.2727272727272727
P,2,SSPREAD,H1,e050,S,pre_2019_2020,2.0,18,-0.1636872057666363,-3.8361483960672036,-0.9717796035773575,-0.5611301792818747,0.0
P,2,SSPREAD,H1,e050,S,dev_2021_2023,2.0,36,-0.20810197953419698,-4.7944794846608865,-0.9998974223486836,-0.6783008943286915,0.027777777777777776
P,2,SSPREAD,H1,e050,S,hold_2024_2025,2.0,24,-0.1829454018792682,-3.6911024151188876,-0.9963414293713518,-0.6598698382034228,0.125
P,2,SSPREAD,H1,e050,S,ext_2026,2.0,9,-0.08458056279102838,-2.6403428528223456,-0.580546698454546,-0.23452116091259523,0.2222222222222222
P,2,SSPREAD,H1,e050,S,post_2021_2026,2.0,69,-0.18324037642685195,-4.04125442679347,-0.9999998232325163,-0.6783008943286915,0.08695652173913043
P,2,SSPREAD,H1,e050,S,frozen_2024_2026,2.0,33,-0.15611862758247552,-3.338234912632122,-0.9982767446766271,-0.6598698382034228,0.15151515151515152
P,2,SSPREAD,H2_15,e050,LS,pre_2019_2020,4.0,18,-0.23284803072269453,-3.2398726958517643,-0.9964984517872508,-0.5651989528987492,0.2222222222222222
P,2,SSPREAD,H2_15,e050,LS,dev_2021_2023,4.0,36,-0.3190292318830287,-2.3436311459201598,-1.7468616330670965,-2.6271822134967215,0.1388888888888889
P,2,SSPREAD,H2_15,e050,LS,hold_2024_2025,4.0,24,-0.20478172878782006,-2.610355899003529,-0.9990211041171608,-0.6908360429721461,0.125
P,2,SSPREAD,H2_15,e050,LS,ext_2026,4.0,9,-0.1692120117380137,-3.2039713900265223,-0.8574314983134061,-0.49258280841600177,0.1111111111111111
P,2,SSPREAD,H2_15,e050,LS,post_2021_2026,4.0,69,-0.2597495933962151,-2.343824620722696,-1.7468616330670965,-2.6271822134967215,0.13043478260869565
P,2,SSPREAD,H2_15,e050,LS,frozen_2024_2026,4.0,33,-0.1950808968651456,-2.720414763523853,-0.9998604402806764,-0.6908360429721461,0.12121212121212122
P,2,SSPREAD,H2_15,e050,L,pre_2019_2020,2.0,18,-0.30205188727207677,-2.3879201087802757,-1.034416100810251,-1.019501078046678,0.2222222222222222
P,2,SSPREAD,H2_15,e050,L,dev_2021_2023,2.0,36,-0.42857435326471616,-1.621467547096575,-1.088169469471887,-4.840818709677259,0.3333333333333333
P,2,SSPREAD,H2_15,e050,L,hold_2024_2025,2.0,24,-0.23720864831212374,-1.5708538901446725,-1.0697464571215418,-1.3133237224321654,0.2916666666666667
P,2,SSPREAD,H2_15,e050,L,ext_2026,2.0,9,-0.2748507878139174,-2.8340762162524378,-0.982348319009129,-0.7271269152798084,0.3333333333333333
P,2,SSPREAD,H2_15,e050,L,post_2021_2026,2.0,69,-0.34196146909197117,-1.6034825823415786,-1.088169469471887,-4.840818709677259,0.3188405797101449
P,2,SSPREAD,H2_15,e050,L,frozen_2024_2026,2.0,33,-0.2474746863580674,-1.8065757170549726,-1.0697464571215418,-1.3133237224321654,0.30303030303030304
P,2,SSPREAD,H2_15,e050,S,pre_2019_2020,2.0,18,-0.1636441741733123,-3.556833375973772,-0.9735134458415919,-0.601396584219237,0.05555555555555555
P,2,SSPREAD,H2_15,e050,S,dev_2021_2023,2.0,36,-0.20948411050134125,-4.926928219534195,-0.9998944776535191,-0.5927491407938577,0.05555555555555555
P,2,SSPREAD,H2_15,e050,S,hold_2024_2025,2.0,24,-0.17235480926351635,-3.7143002332209725,-0.9932502334873062,-0.5109926690012139,0.125
P,2,SSPREAD,H2_15,e050,S,ext_2026,2.0,9,-0.06357323566211001,-1.7874082658296802,-0.5265000008814007,-0.2580387015521951,0.2222222222222222
P,2,SSPREAD,H2_15,e050,S,post_2021_2026,2.0,69,-0.17753771770045895,-3.9731655247423228,-0.9999996627490572,-0.5927491407938577,0.10144927536231885
P,2,SSPREAD,H2_15,e050,S,frozen_2024_2026,2.0,33,-0.1426871073722237,-3.1395032932826354,-0.9968039855621887,-0.5109926690012139,0.15151515151515152
P,2,SSPREAD,H2_25,e050,LS,pre_2019_2020,4.0,18,-0.21988916007767678,-3.0166989353207434,-0.9953238247427462,-0.6221475152470777,0.1111111111111111
P,2,SSPREAD,H2_25,e050,LS,dev_2021_2023,4.0,36,-0.21347126517202927,-2.697562628034206,-0.999982075625895,-0.6859751256407591,0.25
P,2,SSPREAD,H2_25,e050,LS,hold_2024_2025,4.0,24,-0.18496847671769998,-2.2298778690301977,-0.9989243485677423,-0.6546106603670526,0.16666666666666666
P,2,SSPREAD,H2_25,e050,LS,ext_2026,4.0,9,-0.3058122626314369,-6.751908999861237,-0.9690618784250952,-0.4572170442905401,0.0
P,2,SSPREAD,H2_25,e050,LS,post_2021_2026,4.0,69,-0.2156017297260983,-2.804648478816403,-0.9999999991795936,-0.6859751256407591,0.18840579710144928
P,2,SSPREAD,H2_25,e050,LS,frozen_2024_2026,4.0,33,-0.21792587287599186,-2.884655483975063,-0.9999608439068642,-0.6546106603670526,0.12121212121212122
P,2,SSPREAD,H2_25,e050,L,pre_2019_2020,2.0,18,-0.2772100094389244,-1.8496383873645805,-1.0000085974197823,-1.0841108801478776,0.2222222222222222
P,2,SSPREAD,H2_25,e050,L,dev_2021_2023,2.0,36,-0.2273212390656176,-1.3990376325663645,-1.0000000249581604,-1.0513333333333332,0.3611111111111111
P,2,SSPREAD,H2_25,e050,L,hold_2024_2025,2.0,24,-0.1847759738819075,-1.1491896102176458,-1.1176394910505207,-1.1176394910505207,0.375
P,2,SSPREAD,H2_25,e050,L,ext_2026,2.0,9,-0.5219035545282714,-5.295433140662564,-0.9998529410237286,-0.8387232841580494,0.0
P,2,SSPREAD,H2_25,e050,L,post_2021_2026,2.0,69,-0.25094666623597767,-1.605237876654946,-1.0000000249581604,-1.1176394910505207,0.3188405797101449
P,2,SSPREAD,H2_25,e050,L,frozen_2024_2026,2.0,33,-0.27671985951273403,-1.82672723200855,-1.1176394910505207,-1.1176394910505207,0.2727272727272727
P,2,SSPREAD,H2_25,e050,S,pre_2019_2020,2.0,18,-0.1625683107164292,-3.6086446662684803,-0.9713744735632002,-0.5286210681216096,0.05555555555555555
P,2,SSPREAD,H2_25,e050,S,dev_2021_2023,2.0,36,-0.199621291278441,-4.600317282675968,-0.99983222414913,-0.5395942186996472,0.05555555555555555
P,2,SSPREAD,H2_25,e050,S,hold_2024_2025,2.0,24,-0.1851609795534924,-4.470185248894296,-0.9950360792405133,-0.5477733287514599,0.08333333333333333
P,2,SSPREAD,H2_25,e050,S,ext_2026,2.0,9,-0.08972097073460251,-2.9082402848234494,-0.5952134291889932,-0.273560827392165,0.2222222222222222
P,2,SSPREAD,H2_25,e050,S,post_2021_2026,2.0,69,-0.18025679321621904,-4.285624634932774,-0.9999996628832076,-0.5477733287514599,0.08695652173913043
P,2,SSPREAD,H2_25,e050,S,frozen_2024_2026,2.0,33,-0.15913188623924968,-3.9458993407377463,-0.9979906715379898,-0.5477733287514599,0.12121212121212122
P,1,STRADDLE,H0,e000,LS,pre_2019_2020,2.0,18,-0.46215989474398506,-1.881179694977059,-1.0501407493691641,-2.3937753882915183,0.4444444444444444
P,1,STRADDLE,H0,e000,LS,dev_2021_2023,2.0,36,-0.4027910546676147,-0.9632157107473701,-24.96915032957389,-6.797283358320838,0.4166666666666667
P,1,STRADDLE,H0,e000,LS,hold_2024_2025,2.0,24,-0.052824998314040604,-0.23327746363752871,-1.2413001174813398,-2.7134694736842118,0.4583333333333333
P,1,STRADDLE,H0,e000,LS,ext_2026,2.0,9,0.1459832516765716,1.2858810263872908,-0.26572774582214176,-0.19302037731915778,0.4444444444444444
P,1,STRADDLE,H0,e000,LS,post_2021_2026,2.0,69,-0.20948447336930381,-0.6242000920791583,-24.96915032957389,-6.797283358320838,0.43478260869565216
P,1,STRADDLE,H0,e000,LS,frozen_2024_2026,2.0,33,0.0013954335015808996,0.006912482602557827,-1.437407667844359,-2.7134694736842118,0.45454545454545453
P,1,STRADDLE,H0,e050,LS,pre_2019_2020,2.0,18,-1.0802855784929184,-3.012325074881829,-1.4335758315155003,-3.9917443249701323,0.1111111111111111
P,1,STRADDLE,H0,e050,LS,dev_2021_2023,2.0,36,-1.1445584491650207,-2.3726318154551262,-7.718217255102039,-7.0464587706146915,0.2222222222222222
P,1,STRADDLE,H0,e050,LS,hold_2024_2025,2.0,24,-0.32014026058818285,-0.9797733526864122,-1.3809552166102097,-4.340416842105265,0.2916666666666667
P,1,STRADDLE,H0,e050,LS,ext_2026,2.0,9,0.014003705092668788,0.14062585754660697,-0.5089974781730905,-0.31052090793839604,0.3333333333333333
P,1,STRADDLE,H0,e050,LS,post_2021_2026,2.0,69,-0.7066874938872915,-1.6862369383913258,-7.718217255102039,-7.0464587706146915,0.2608695652173913
P,1,STRADDLE,H0,e050,LS,frozen_2024_2026,2.0,33,-0.22901008812976878,-0.8040655731818189,-1.3809552166102097,-4.340416842105265,0.30303030303030304
P,1,STRADDLE,H0,e050,L,pre_2019_2020,1.0,18,-0.23047056792252865,-1.406505268616206,-0.9999879759345824,-0.9186363636363635,0.4444444444444444
P,1,STRADDLE,H0,e050,L,dev_2021_2023,1.0,36,-0.07300284159892649,-0.3522149852086376,-0.9999997949065044,-0.8864838709677417,0.3888888888888889
P,1,STRADDLE,H0,e050,L,hold_2024_2025,1.0,24,-0.22358748168472964,-0.7484045873696756,-0.9999999999191809,-0.9821333333333334,0.20833333333333334
P,1,STRADDLE,H0,e050,L,ext_2026,1.0,9,-0.2590815490059547,-0.889991008130676,-0.9996769462220471,-0.9333062330623306,0.2222222222222222
P,1,STRADDLE,H0,e050,L,post_2021_2026,1.0,69,-0.14965124346447042,-0.5970690286057626,-1.0,-0.9821333333333334,0.30434782608695654
P,1,STRADDLE,H0,e050,L,frozen_2024_2026,1.0,33,-0.2332676818632456,-0.7984237704730308,-0.9999999999999635,-0.9821333333333334,0.21212121212121213
P,1,STRADDLE,H0,e050,S,pre_2019_2020,1.0,18,-1.9301005890633087,-2.6987628234401377,-4.635000000000001,-7.145555555555557,0.16666666666666666
P,1,STRADDLE,H0,e050,S,dev_2021_2023,1.0,36,-2.216114056731115,-2.284382551769075,-35.103376006896546,-14.354482758620687,0.2222222222222222
P,1,STRADDLE,H0,e050,S,hold_2024_2025,1.0,24,-0.416693039491636,-0.7262733185256253,-42.113572928614005,-8.02947368421053,0.5833333333333334
P,1,STRADDLE,H0,e050,S,ext_2026,1.0,9,0.28708895919129224,1.869112518167584,-0.8327000000000001,-0.8327000000000001,0.7777777777777778
P,1,STRADDLE,H0,e050,S,post_2021_2026,1.0,69,-1.2637237443101128,-1.5255936845810252,-35.103376006896546,-14.354482758620687,0.42028985507246375
P,1,STRADDLE,H0,e050,S,frozen_2024_2026,1.0,33,-0.22475249439629197,-0.4486638657841562,-54.634704664657825,-8.02947368421053,0.6363636363636364
P,1,STRADDLE,H0,e100,LS,pre_2019_2020,2.0,18,-1.6984112622418523,-3.477080458488698,-1.9260849029653297,-5.589713261648748,0.05555555555555555
P,1,STRADDLE,H0,e100,LS,dev_2021_2023,2.0,36,-1.8863258436624268,-2.8865763186881654,-7.744936891839793,-9.265101123595507,0.16666666666666666
P,1,STRADDLE,H0,e100,LS,hold_2024_2025,2.0,24,-0.5874555228623252,-1.3237644902052015,-1.3255453860402469,-5.967364210526319,0.2916666666666667
P,1,STRADDLE,H0,e100,LS,ext_2026,2.0,9,-0.11797584149123407,-1.1956093588237084,-0.8083224545400675,-0.5309436690841319,0.2222222222222222
P,1,STRADDLE,H0,e100,LS,post_2021_2026,2.0,69,-1.2038905144052792,-2.0884871571565014,-7.744936891839793,-9.265101123595507,0.21739130434782608
P,1,STRADDLE,H0,e100,LS,frozen_2024_2026,2.0,33,-0.45941560976111845,-1.19524425812324,-1.3255453860402469,-5.967364210526319,0.2727272727272727
P,1,STRADDLE,H0,tick,LS,pre_2019_2020,2.0,18,-1.7215675484468207,-3.5201737508028264,-1.931768585311691,-5.613130227001197,0.05555555555555555
P,1,STRADDLE,H0,tick,LS,dev_2021_2023,2.0,36,-1.907107223580435,-2.911245340694926,-7.693272762475902,-9.307348314606742,0.16666666666666666
P,1,STRADDLE,H0,tick,LS,hold_2024_2025,2.0,24,-0.6005096949987454,-1.3497208852949085,-1.3055977517484538,-5.979490526315791,0.2916666666666667
P,1,STRADDLE,H0,tick,LS,ext_2026,2.0,9,-0.12442799895699376,-1.2552973618879841,-0.8225427964093582,-0.5386128420164629,0.2222222222222222
P,1,STRADDLE,H0,tick,LS,post_2021_2026,2.0,69,-1.220115140862007,-2.1101143236291535,-7.693272762475902,-9.307348314606742,0.21739130434782608
P,1,STRADDLE,H0,tick,LS,frozen_2024_2026,2.0,33,-0.470669232441904,-1.2209937878626722,-1.3055977517484538,-5.979490526315791,0.2727272727272727
P,1,STRADDLE,H1,e050,LS,pre_2019_2020,2.0,18,-0.9548109069131728,-2.426418828468195,-1.7190855480258587,-4.658768113581811,0.16666666666666666
P,1,STRADDLE,H1,e050,LS,dev_2021_2023,2.0,36,-1.0967039105139798,-2.4481548265627713,-1.0925052252143699,-7.60088085023004,0.05555555555555555
P,1,STRADDLE,H1,e050,LS,hold_2024_2025,2.0,24,-0.5572521883503749,-1.837751921887666,-1.0651610082713148,-4.223435533438403,0.16666666666666666
P,1,STRADDLE,H1,e050,LS,ext_2026,2.0,9,-0.23463133427115535,-2.46942115653812,-0.97229779888768,-0.7902381574097774,0.3333333333333333
P,1,STRADDLE,H1,e050,LS,post_2021_2026,2.0,69,-0.7966242798167054,-2.094979014709825,-1.0925052252143699,-7.60088085023004,0.13043478260869565
P,1,STRADDLE,H1,e050,LS,frozen_2024_2026,2.0,33,-0.4692646826924059,-1.7721754520729998,-1.0651610082713148,-4.223435533438403,0.21212121212121213
P,1,STRADDLE,H1,e050,L,pre_2019_2020,1.0,18,-0.09431490078827233,-0.521242418126172,-0.9867810678871127,-0.6909702894807994,0.2222222222222222
P,1,STRADDLE,H1,e050,L,dev_2021_2023,1.0,36,-0.2246668057023717,-2.8075306113404017,-0.9999933719517251,-0.7574647887323943,0.16666666666666666
P,1,STRADDLE,H1,e050,L,hold_2024_2025,1.0,24,-0.3557201670926265,-1.388958840056063,-1.007169997083505,-2.8283330015768566,0.125
P,1,STRADDLE,H1,e050,L,ext_2026,1.0,9,-0.2685332629293775,-2.540463062034892,-0.9962560961960006,-0.964987070287259,0.3333333333333333
P,1,STRADDLE,H1,e050,L,post_2021_2026,1.0,69,-0.2759722953894611,-1.676438562065737,-1.0000000675812257,-2.8283330015768566,0.17391304347826086
P,1,STRADDLE,H1,e050,L,frozen_2024_2026,1.0,33,-0.33194192050264953,-1.483515008735481,-1.007169997083505,-2.8283330015768566,0.18181818181818182
P,1,STRADDLE,H1,e050,S,pre_2019_2020,1.0,18,-1.815306913038073,-2.511327972446202,-3.776803832865246,-8.626565937682821,0.16666666666666666
P,1,STRADDLE,H1,e050,S,dev_2021_2023,1.0,36,-1.968741015325588,-2.179368412851831,-2.061732368851744,-15.061475455781101,0.1388888888888889
P,1,STRADDLE,H1,e050,S,hold_2024_2025,1.0,24,-0.7587842096081232,-1.391120987773695,-2.2209862538880003,-7.900633713482998,0.2916666666666667
P,1,STRADDLE,H1,e050,S,ext_2026,1.0,9,-0.2007294056129332,-1.3274324832235567,-1.111909295714129,-1.326389051106434,0.4444444444444444
P,1,STRADDLE,H1,e050,S,post_2021_2026,1.0,69,-1.31727626424395,-1.7524899668556064,-2.061732368851744,-15.061475455781101,0.2318840579710145
P,1,STRADDLE,H1,e050,S,frozen_2024_2026,1.0,33,-0.6065874448821624,-1.2791885586385,-2.2209862538880003,-7.900633713482998,0.3333333333333333
P,1,STRADDLE,H2_15,e050,LS,pre_2019_2020,2.0,18,-0.9660411226090913,-2.492797254428337,-1.6751579472729943,-4.648081995754223,0.16666666666666666
P,1,STRADDLE,H2_15,e050,LS,dev_2021_2023,2.0,36,-1.098690516009183,-2.417218792042111,-1.0944675576560332,-7.78342268453084,0.16666666666666666
P,1,STRADDLE,H2_15,e050,LS,hold_2024_2025,2.0,24,-0.5578934942219909,-1.8230154625782358,-1.068223322226377,-4.282021360580755,0.125
P,1,STRADDLE,H2_15,e050,LS,ext_2026,2.0,9,-0.22350394120084763,-2.6810349196203385,-0.9555545699599461,-0.6628554035420225,0.2222222222222222
P,1,STRADDLE,H2_15,e050,LS,post_2021_2026,2.0,69,-0.7964324334560291,-2.0691491395619686,-1.0944675576560332,-7.78342268453084,0.15942028985507245
P,1,STRADDLE,H2_15,e050,LS,frozen_2024_2026,2.0,33,-0.46669634339804267,-1.752016866001272,-1.068223322226377,-4.282021360580755,0.15151515151515152
P,1,STRADDLE,H2_15,e050,L,pre_2019_2020,1.0,18,-0.09276893612554471,-0.518881696952368,-0.9855125356711262,-0.680946289398992,0.2222222222222222
P,1,STRADDLE,H2_15,e050,L,dev_2021_2023,1.0,36,-0.22877713262980454,-2.8279091685376154,-0.9999953708698176,-0.7574647887323943,0.19444444444444445
P,1,STRADDLE,H2_15,e050,L,hold_2024_2025,1.0,24,-0.3728678055629797,-1.491714374460785,-1.0028783782925053,-2.7415505295913167,0.08333333333333333
P,1,STRADDLE,H2_15,e050,L,ext_2026,1.0,9,-0.27501269696862296,-2.5088778902678848,-0.997863438681249,-0.9785060882009841,0.3333333333333333
P,1,STRADDLE,H2_15,e050,L,post_2021_2026,1.0,69,-0.28492635334640704,-1.7575097640976631,-1.0000000206977282,-2.7415505295913167,0.17391304347826086
P,1,STRADDLE,H2_15,e050,L,frozen_2024_2026,1.0,33,-0.34618004867360963,-1.578866038146271,-1.0028783782925053,-2.7415505295913167,0.15151515151515152
P,1,STRADDLE,H2_15,e050,S,pre_2019_2020,1.0,18,-1.8393133090926375,-2.5545362534668783,-3.4523249198814705,-8.615217702109454,0.16666666666666666
P,1,STRADDLE,H2_15,e050,S,dev_2021_2023,1.0,36,-1.9686038993885613,-2.164160216294097,-1.8382859096783104,-15.230006067129745,0.1388888888888889
P,1,STRADDLE,H2_15,e050,S,hold_2024_2025,1.0,24,-0.7429191828810019,-1.3489481529224625,-2.427684728433399,-7.951235005097799,0.2916666666666667
P,1,STRADDLE,H2_15,e050,S,ext_2026,1.0,9,-0.17199518543307232,-1.3015372409016972,-1.0269843223672608,-1.0741097377740336,0.3333333333333333
P,1,STRADDLE,H2_15,e050,S,post_2021_2026,1.0,69,-1.3079385135656514,-1.727242578800645,-1.8382859096783104,-15.230006067129745,0.21739130434782608
P,1,STRADDLE,H2_15,e050,S,frozen_2024_2026,1.0,33,-0.5872126381224756,-1.2299735594287848,-2.427684728433399,-7.951235005097799,0.30303030303030304
P,1,STRADDLE,H2_25,e050,LS,pre_2019_2020,2.0,18,-0.9894750147429592,-2.58395355383836,-1.3927823537043489,-4.647417124527872,0.16666666666666666
P,1,STRADDLE,H2_25,e050,LS,dev_2021_2023,2.0,36,-1.076016522037401,-2.4061099867165394,-1.0798002824550317,-7.510641933625511,0.1111111111111111
P,1,STRADDLE,H2_25,e050,LS,hold_2024_2025,2.0,24,-0.5212915313982077,-1.838823020414707,-1.020229453296701,-3.9081090561717566,0.16666666666666666
P,1,STRADDLE,H2_25,e050,LS,ext_2026,2.0,9,-0.17976877714844708,-1.6002438574691507,-0.970156954160476,-0.7938986706646137,0.3333333333333333
P,1,STRADDLE,H2_25,e050,LS,post_2021_2026,2.0,69,-0.7661668194382526,-2.0375376607549955,-1.0798002824550317,-7.510641933625511,0.15942028985507245
P,1,STRADDLE,H2_25,e050,LS,frozen_2024_2026,2.0,33,-0.4281489620573639,-1.7070413370775743,-1.020229453296701,-3.9081090561717566,0.21212121212121213
P,1,STRADDLE,H2_25,e050,L,pre_2019_2020,1.0,18,-0.13153140664005322,-0.7897834321371671,-0.99486632409012,-0.680946289398992,0.16666666666666666
P,1,STRADDLE,H2_25,e050,L,dev_2021_2023,1.0,36,-0.19843435756249164,-2.1075325977635866,-0.9999922852810463,-0.7574647887323943,0.2222222222222222
P,1,STRADDLE,H2_25,e050,L,hold_2024_2025,1.0,24,-0.3678928287092285,-1.5255033676156617,-1.0027565678339443,-2.6531287772848007,0.125
P,1,STRADDLE,H2_25,e050,L,ext_2026,1.0,9,-0.23351578257267203,-1.6299251957299457,-0.9983456645492529,-0.9769462423730823,0.2222222222222222
P,1,STRADDLE,H2_25,e050,L,post_2021_2026,1.0,69,-0.26195227252790193,-1.5893088107409385,-1.0000000499068864,-2.6531287772848007,0.18840579710144928
P,1,STRADDLE,H2_25,e050,L,frozen_2024_2026,1.0,33,-0.3312445433992586,-1.5240159725622564,-1.0027565678339443,-2.6531287772848007,0.15151515151515152
P,1,STRADDLE,H2_25,e050,S,pre_2019_2020,1.0,18,-1.8474186228458658,-2.56964765761689,-6.734420385030655,-8.613887959656752,0.2222222222222222
P,1,STRADDLE,H2_25,e050,S,dev_2021_2023,1.0,36,-1.9535986865123098,-2.18349149438786,-1.6826828458305423,-14.810282807344647,0.2222222222222222
P,1,STRADDLE,H2_25,e050,S,hold_2024_2025,1.0,24,-0.6746902340871869,-1.3160338580230873,-1.5417936429205894,-7.2078702694354595,0.5
P,1,STRADDLE,H2_25,e050,S,ext_2026,1.0,9,-0.12602177172422216,-0.8226228104616453,-1.0549286155152484,-1.1335726621743332,0.5555555555555556
P,1,STRADDLE,H2_25,e050,S,post_2021_2026,1.0,69,-1.270381366348603,-1.7142894099445456,-1.6826828458305423,-14.810282807344647,0.36231884057971014
P,1,STRADDLE,H2_25,e050,S,frozen_2024_2026,1.0,33,-0.5250533807154691,-1.17432674096563,-1.5417936429205894,-7.2078702694354595,0.5151515151515151
P,1,STRANGLE25,H0,e000,LS,pre_2019_2020,2.0,18,-0.2980010727614014,-0.6544695311744924,-17.530878631618602,-5.000000000000001,0.6111111111111112
P,1,STRANGLE25,H0,e000,LS,dev_2021_2023,2.0,36,-0.457976604183738,-0.6327175448060294,-9.849982267254253,-8.911307339449541,0.5833333333333334
P,1,STRANGLE25,H0,e000,LS,hold_2024_2025,2.0,24,-0.16198342491886256,-0.39621342738241494,-2.004040062222362,-3.116845637583892,0.4583333333333333
P,1,STRANGLE25,H0,e000,LS,ext_2026,2.0,9,0.3390537970593244,1.5418400310298523,-0.6310547263681592,-0.6310547263681592,0.8888888888888888
P,1,STRANGLE25,H0,e000,LS,post_2021_2026,2.0,69,-0.2510619677555557,-0.4319349742678851,-9.849982267254253,-8.911307339449541,0.5797101449275363
P,1,STRANGLE25,H0,e000,LS,frozen_2024_2026,2.0,33,-0.025336909833902445,-0.06857818867619184,-2.004040062222362,-3.116845637583892,0.5757575757575758
P,1,STRANGLE25,H0,e050,LS,pre_2019_2020,2.0,18,-0.8243854804589327,-1.5229950043865095,-4.181724647594798,-5.835488505747126,0.5
P,1,STRANGLE25,H0,e050,LS,dev_2021_2023,2.0,36,-1.4152806069320518,-1.6669857201929101,-4.697012985103105,-11.00717391304348,0.3055555555555556
P,1,STRANGLE25,H0,e050,LS,hold_2024_2025,2.0,24,-0.6564572388930895,-1.1148130659183553,-3.064469696969697,-6.750234899328859,0.20833333333333334
P,1,STRANGLE25,H0,e050,LS,ext_2026,2.0,9,0.20420649483602485,0.9677956140527693,-0.738716417910448,-0.738716417910448,0.5555555555555556
P,1,STRANGLE25,H0,e050,LS,post_2021_2026,2.0,69,-0.9401045960791855,-1.3033212629174356,-5.234159970137306,-11.00717391304348,0.30434782608695654
P,1,STRANGLE25,H0,e050,LS,frozen_2024_2026,2.0,33,-0.42173076605787646,-0.8071807094043616,-3.064469696969697,-6.750234899328859,0.30303030303030304
P,1,STRANGLE25,H0,e050,L,pre_2019_2020,1.0,18,-0.5780158238296361,-3.5160296353175724,-1.0012342857142857,-1.0257142857142856,0.1111111111111111
P,1,STRANGLE25,H0,e050,L,dev_2021_2023,1.0,36,-0.13221821340448203,-0.255324117380348,-1.0,-1.0022222222222223,0.2222222222222222
P,1,STRANGLE25,H0,e050,L,hold_2024_2025,1.0,24,-0.24618783194731356,-0.3999048898067411,-1.0,-0.9915277777777779,0.16666666666666666
P,1,STRANGLE25,H0,e050,L,ext_2026,1.0,9,-0.07922785420710708,-0.13182657726667046,-0.9999999951318639,-0.9969871794871793,0.2222222222222222
P,1,STRANGLE25,H0,e050,L,post_2021_2026,1.0,69,-0.16494803387189635,-0.29672131904874766,-1.0,-1.0022222222222223,0.2028985507246377
P,1,STRANGLE25,H0,e050,L,frozen_2024_2026,1.0,33,-0.20065329256362094,-0.33295959275564335,-1.0,-0.9969871794871793,0.18181818181818182
P,1,STRANGLE25,H0,e050,S,pre_2019_2020,1.0,18,-1.0707551370882293,-1.0080558884548103,-12.555036111111113,-11.301666666666666,0.7222222222222222
P,1,STRANGLE25,H0,e050,S,dev_2021_2023,1.0,36,-2.6983430004596225,-1.6689937133160568,-33.80700012212454,-21.030000000000005,0.4444444444444444
P,1,STRANGLE25,H0,e050,S,hold_2024_2025,1.0,24,-1.0667266458388656,-1.1075123291357452,-7.038600000000001,-12.530000000000001,0.625
P,1,STRANGLE25,H0,e050,S,ext_2026,1.0,9,0.48764084387915685,1.8605186668858769,-8.03043021136903,-1.5543884892086337,0.7777777777777778
P,1,STRANGLE25,H0,e050,S,post_2021_2026,1.0,69,-1.7152611582864747,-1.287172082296962,-79.44597817838266,-21.030000000000005,0.5507246376811594
P,1,STRANGLE25,H0,e050,S,frozen_2024_2026,1.0,33,-0.6428082395521322,-0.7548652085030361,-7.1027633605558,-12.530000000000001,0.6666666666666666
P,1,STRANGLE25,H0,e100,LS,pre_2019_2020,2.0,18,-1.3507698881564643,-2.0213947818003732,-1.9037587527528048,-7.760893997445724,0.1111111111111111
P,1,STRANGLE25,H0,e100,LS,dev_2021_2023,2.0,36,-2.3725846096803664,-2.246367946438857,-5.365150553150555,-15.14304347826087,0.1388888888888889
P,1,STRANGLE25,H0,e100,LS,hold_2024_2025,2.0,24,-1.1509310528673165,-1.4062871803514416,-5.392121212121212,-10.383624161073824,0.08333333333333333
P,1,STRANGLE25,H0,e100,LS,ext_2026,2.0,9,0.0693591926127253,0.34133869565381225,-0.8686870063995789,-0.8463781094527363,0.2222222222222222
P,1,STRANGLE25,H0,e100,LS,post_2021_2026,2.0,69,-1.629147224402815,-1.7481270184313065,-5.365150553150555,-15.14304347826087,0.13043478260869565
P,1,STRANGLE25,H0,e100,LS,frozen_2024_2026,2.0,33,-0.8181246222818506,-1.1376790418125335,-5.392121212121212,-10.383624161073824,0.12121212121212122
P,1,STRANGLE25,H0,tick,LS,pre_2019_2020,2.0,18,-1.4002443224485126,-2.085950634535371,-1.6216968502958182,-7.828837803320562,0.1111111111111111
P,1,STRANGLE25,H0,tick,LS,dev_2021_2023,2.0,36,-2.419713764745654,-2.2858416245807747,-5.349666925666927,-15.247391304347826,0.1388888888888889
P,1,STRANGLE25,H0,tick,LS,hold_2024_2025,2.0,24,-1.1874315398733923,-1.4395827488642583,-5.495151515151515,-10.490335570469798,0.08333333333333333
P,1,STRANGLE25,H0,tick,LS,ext_2026,2.0,9,0.05440905237545987,0.26629328659036045,-0.8846857438915837,-0.8612039800995024,0.2222222222222222
P,1,STRANGLE25,H0,tick,LS,post_2021_2026,2.0,69,-1.6683821886438523,-1.7823145717262392,-5.349666925666927,-15.247391304347826,0.13043478260869565
P,1,STRANGLE25,H0,tick,LS,frozen_2024_2026,2.0,33,-0.8487477419873416,-1.1705605667682948,-5.495151515151515,-10.490335570469798,0.12121212121212122
P,1,STRANGLE25,H1,e050,LS,pre_2019_2020,2.0,18,-0.5598935371250301,-1.3758170733615191,-1.0653396273813178,-5.511249707156621,0.2777777777777778
P,1,STRANGLE25,H1,e050,LS,dev_2021_2023,2.0,36,-1.6893239403257627,-2.392362627757864,-2.6744945907904487,-10.897137639749385,0.1388888888888889
P,1,STRANGLE25,H1,e050,LS,hold_2024_2025,2.0,24,-1.0298186088056596,-1.8352222710635553,-2.89991219646876,-7.157584115296074,0.16666666666666666
P,1,STRANGLE25,H1,e050,LS,ext_2026,2.0,9,-0.21602050643174872,-1.8448812781424544,-0.9858384455501794,-0.8576309765730554,0.3333333333333333
P,1,STRANGLE25,H1,e050,LS,post_2021_2026,2.0,69,-1.2677607684195509,-2.039302370600755,-2.6744945907904487,-10.897137639749385,0.17391304347826086
P,1,STRANGLE25,H1,e050,LS,frozen_2024_2026,2.0,33,-0.807873671794593,-1.645518235649045,-2.89991219646876,-7.157584115296074,0.21212121212121213
P,1,STRANGLE25,H1,e050,L,pre_2019_2020,1.0,18,-0.2136715256977108,-0.7831542073571713,-1.000006040353571,-1.0459924566959522,0.2222222222222222
P,1,STRANGLE25,H1,e050,L,dev_2021_2023,1.0,36,-0.4158528493795504,-3.4129051800688828,-1.0000005725640482,-1.0935886288949626,0.25
P,1,STRANGLE25,H1,e050,L,hold_2024_2025,1.0,24,-0.3933642266785047,-0.8895315674375394,-1.0152346385774778,-4.844659507271156,0.08333333333333333
P,1,STRANGLE25,H1,e050,L,ext_2026,1.0,9,-0.2502455050750103,-1.970603290838396,-0.9880685689566803,-0.7672532052801264,0.3333333333333333
P,1,STRANGLE25,H1,e050,L,post_2021_2026,1.0,69,-0.3864297617916381,-1.4024074799871573,-1.0000005725640482,-4.844659507271156,0.2028985507246377
P,1,STRANGLE25,H1,e050,L,frozen_2024_2026,1.0,33,-0.3543318480593698,-0.9307288765286246,-1.0152346385774778,-4.844659507271156,0.15151515151515152
P,1,STRANGLE25,H1,e050,S,pre_2019_2020,1.0,18,-0.9061155485523495,-1.2111348660874095,-2.9912341264382754,-10.297168073819144,0.3888888888888889
P,1,STRANGLE25,H1,e050,S,dev_2021_2023,1.0,36,-2.9627950312719746,-2.0732577821089153,-8.049598588272136,-21.526843903524945,0.3055555555555556
P,1,STRANGLE25,H1,e050,S,hold_2024_2025,1.0,24,-1.6662729909328144,-1.6045144896182788,-5.585997057988961,-13.17531536962191,0.375
P,1,STRANGLE25,H1,e050,S,ext_2026,1.0,9,-0.18179550778848716,-0.7678692190521554,-1.0495732164066696,-1.420695140239523,0.5555555555555556
P,1,STRANGLE25,H1,e050,S,post_2021_2026,1.0,69,-2.149091775047464,-1.7539950930260688,-8.049598588272136,-21.526843903524945,0.36231884057971014
P,1,STRANGLE25,H1,e050,S,frozen_2024_2026,1.0,33,-1.2614154955298162,-1.3873268929437823,-5.585997057988961,-13.17531536962191,0.42424242424242425
P,1,STRANGLE25,H2_15,e050,LS,pre_2019_2020,2.0,18,-0.5924098182252028,-1.574296669367665,-1.143029410006094,-5.140128352338611,0.3333333333333333
P,1,STRANGLE25,H2_15,e050,LS,dev_2021_2023,2.0,36,-1.7557749173574646,-2.471898068822837,-2.80506581070114,-10.618832363689936,0.16666666666666666
P,1,STRANGLE25,H2_15,e050,LS,hold_2024_2025,2.0,24,-1.023318424616497,-1.8328926958996876,-3.1719490025786348,-7.128774124157749,0.20833333333333334
P,1,STRANGLE25,H2_15,e050,LS,ext_2026,2.0,9,-0.17882897686927626,-1.7175237972330835,-0.9687400678674558,-0.871210647448982,0.2222222222222222
P,1,STRANGLE25,H2_15,e050,LS,post_2021_2026,2.0,69,-1.2953188406882346,-2.0697625125373715,-2.80506581070114,-10.618832363689936,0.18840579710144928
P,1,STRANGLE25,H2_15,e050,LS,frozen_2024_2026,2.0,33,-0.7930031206854368,-1.62241169354659,-3.1719490025786348,-7.128774124157749,0.21212121212121213
P,1,STRANGLE25,H2_15,e050,L,pre_2019_2020,1.0,18,-0.26525731698074373,-1.0175209119424278,-1.0000002610791714,-1.0328405595068464,0.2222222222222222
P,1,STRANGLE25,H2_15,e050,L,dev_2021_2023,1.0,36,-0.4258130046275758,-3.446417341660613,-1.0110032667843012,-1.0443355071894924,0.19444444444444445
P,1,STRANGLE25,H2_15,e050,L,hold_2024_2025,1.0,24,-0.4236344157913143,-0.989835616269449,-1.001634663618931,-4.695145834376639,0.08333333333333333
P,1,STRANGLE25,H2_15,e050,L,ext_2026,1.0,9,-0.21521954819830366,-1.244466954042997,-0.9961657783171188,-0.8565032056972841,0.4444444444444444
P,1,STRANGLE25,H2_15,e050,L,post_2021_2026,1.0,69,-0.39758652288940594,-1.4640073960668125,-1.0110032667843012,-4.695145834376639,0.18840579710144928
P,1,STRANGLE25,H2_15,e050,L,frozen_2024_2026,1.0,33,-0.3667939973568568,-0.980748057367692,-1.001634663618931,-4.695145834376639,0.18181818181818182
P,1,STRANGLE25,H2_15,e050,S,pre_2019_2020,1.0,18,-0.9195623194696618,-1.2998845123341625,-2.964693360844505,-9.580186593113915,0.4444444444444444
P,1,STRANGLE25,H2_15,e050,S,dev_2021_2023,1.0,36,-3.085736830087354,-2.140874260050544,-7.327921648135414,-21.065619022968523,0.3055555555555556
P,1,STRANGLE25,H2_15,e050,S,hold_2024_2025,1.0,24,-1.6230024334416797,-1.5642203585246264,-6.19074943951341,-13.157832164890852,0.3333333333333333
P,1,STRANGLE25,H2_15,e050,S,ext_2026,1.0,9,-0.14243840554024886,-0.5844312675813677,-1.006663525296606,-1.3033076256386804,0.5555555555555556
P,1,STRANGLE25,H2_15,e050,S,post_2021_2026,1.0,69,-2.1930511584870627,-1.7721064305732237,-7.327921648135414,-21.065619022968523,0.34782608695652173
P,1,STRANGLE25,H2_15,e050,S,frozen_2024_2026,1.0,33,-1.2192122440140167,-1.341495801115343,-6.19074943951341,-13.157832164890852,0.3939393939393939
P,1,STRANGLE25,H2_25,e050,LS,pre_2019_2020,2.0,18,-0.5721583997156054,-1.4620515780215106,-1.124920557937233,-5.0910427184001374,0.3888888888888889
P,1,STRANGLE25,H2_25,e050,LS,dev_2021_2023,2.0,36,-1.7492281903692273,-2.478273304850347,-2.6584404275836055,-10.605994321777901,0.16666666666666666
P,1,STRANGLE25,H2_25,e050,LS,hold_2024_2025,2.0,24,-1.0350968105198437,-1.781842416485082,-4.332309920176149,-6.933141948752781,0.16666666666666666
P,1,STRANGLE25,H2_25,e050,LS,ext_2026,2.0,9,-0.09998291980001554,-0.5994233596178703,-1.1789841201213476,-1.296190064523845,0.5555555555555556
P,1,STRANGLE25,H2_25,e050,LS,post_2021_2026,2.0,69,-1.2857157186082402,-2.0311995999640664,-2.6584404275836055,-10.605994321777901,0.21739130434782608
P,1,STRANGLE25,H2_25,e050,LS,frozen_2024_2026,2.0,33,-0.7800657494144358,-1.5170216755422303,-4.332309920176149,-6.933141948752781,0.2727272727272727
P,1,STRANGLE25,H2_25,e050,L,pre_2019_2020,1.0,18,-0.2766570576606102,-1.1563970976861302,-1.0000013974527815,-1.254771318195868,0.3333333333333333
P,1,STRANGLE25,H2_25,e050,L,dev_2021_2023,1.0,36,-0.34972391920994533,-2.116651283166385,-0.9999999999999928,-0.9862499999999998,0.19444444444444445
P,1,STRANGLE25,H2_25,e050,L,hold_2024_2025,1.0,24,-0.4509867200988629,-1.1565943916704495,-1.0002051899640494,-4.104875027039673,0.08333333333333333
P,1,STRANGLE25,H2_25,e050,L,ext_2026,1.0,9,-0.1303297104474498,-0.5469951723704413,-0.9945097448663107,-0.7695483870967742,0.3333333333333333
P,1,STRANGLE25,H2_25,e050,L,post_2021_2026,1.0,69,-0.35632912707185205,-1.3189693496099395,-1.0,-4.104875027039673,0.17391304347826086
P,1,STRANGLE25,H2_25,e050,L,frozen_2024_2026,1.0,33,-0.36353480837575025,-1.027304294680147,-1.0002051899640494,-4.104875027039673,0.15151515151515152
P,1,STRANGLE25,H2_25,e050,S,pre_2019_2020,1.0,18,-0.8676597417706009,-1.1664098157290241,-2.206788221356148,-9.460412933996029,0.5
P,1,STRANGLE25,H2_25,e050,S,dev_2021_2023,1.0,36,-3.148732461528509,-2.180331707199267,-20.113276509293115,-21.030000000000005,0.2777777777777778
P,1,STRANGLE25,H2_25,e050,S,hold_2024_2025,1.0,24,-1.6192069009408243,-1.4968100267336026,-7.864174557499029,-12.81316633229017,0.3333333333333333
P,1,STRANGLE25,H2_25,e050,S,ext_2026,1.0,9,-0.0696361291525813,-0.20089587583303897,-2.708941824858308,-2.0274932090692572,0.6666666666666666
P,1,STRANGLE25,H2_25,e050,S,post_2021_2026,1.0,69,-2.2151023101446286,-1.7605278522410412,-20.113276509293115,-21.030000000000005,0.34782608695652173
P,1,STRANGLE25,H2_25,e050,S,frozen_2024_2026,1.0,33,-1.1965966904531218,-1.2529500789402768,-7.864174557499029,-12.81316633229017,0.42424242424242425
P,1,IFLY10,H0,e000,LS,pre_2019_2020,2.0,18,-0.011997633849492909,-0.13282850611132319,-0.9241614537664355,-0.46970769143953495,0.4444444444444444
P,1,IFLY10,H0,e000,LS,dev_2021_2023,2.0,36,-0.10353015586320477,-1.2685733301999473,-0.9979350439918209,-0.6619169915157075,0.3055555555555556
P,1,IFLY10,H0,e000,LS,hold_2024_2025,2.0,24,-0.021700093301368028,-0.25562266382328924,-0.9447936836304756,-0.44394129158512713,0.5416666666666666
P,1,IFLY10,H0,e000,LS,ext_2026,2.0,9,-0.010114298694652576,-0.17269514601081543,-0.42104939474640235,-0.23091072573607757,0.4444444444444444
P,1,IFLY10,H0,e000,LS,post_2021_2026,2.0,69,-0.06288284838492866,-0.7846459636666081,-0.9997899376745509,-0.6619169915157075,0.4057971014492754
P,1,IFLY10,H0,e000,LS,frozen_2024_2026,2.0,33,-0.01854033113590019,-0.2385707382248278,-0.9447936836304756,-0.44394129158512713,0.5151515151515151
P,1,IFLY10,H0,e050,LS,pre_2019_2020,2.0,18,-0.14621032016016827,-1.6085820759079938,-0.9833647928947541,-0.5324016703346311,0.3888888888888889
P,1,IFLY10,H0,e050,LS,dev_2021_2023,2.0,36,-0.19869717447003446,-2.4588210271266027,-0.9999712058553222,-0.7630979133226324,0.25
P,1,IFLY10,H0,e050,LS,hold_2024_2025,2.0,24,-0.10369364959537275,-1.1817176344261313,-0.9909007019319058,-0.652515813855257,0.4166666666666667
P,1,IFLY10,H0,e050,LS,ext_2026,2.0,9,-0.07379576779422838,-1.2665739728447019,-0.5860889498269028,-0.32068582972192133,0.4444444444444444
P,1,IFLY10,H0,e050,LS,post_2021_2026,2.0,69,-0.14936098233852527,-1.838985339897935,-0.9999997600334409,-0.7630979133226324,0.3333333333333333
P,1,IFLY10,H0,e050,LS,frozen_2024_2026,2.0,33,-0.09553968183142428,-1.1944222992536675,-0.9938630903013559,-0.652515813855257,0.42424242424242425
P,1,IFLY10,H0,e050,L,pre_2019_2020,1.0,18,0.01725743468895977,0.09369012868549409,-0.9998067002276841,-0.9385365853658534,0.5
P,1,IFLY10,H0,e050,L,dev_2021_2023,1.0,36,-0.14116419902138264,-1.0101325202526417,-0.9999994604635898,-0.9735668789808917,0.3055555555555556
P,1,IFLY10,H0,e050,L,hold_2024_2025,1.0,24,-0.1453146623534958,-0.8497863781821878,-1.0046341982258222,-1.0098092643051773,0.375
P,1,IFLY10,H0,e050,L,ext_2026,1.0,9,-0.15252559304340474,-0.9967751834650147,-0.9501002668720235,-0.6587394957983195,0.3333333333333333
P,1,IFLY10,H0,e050,L,post_2021_2026,1.0,69,-0.14408975940064228,-0.9563916245653733,-1.000000004699324,-1.0098092643051773,0.3333333333333333
P,1,IFLY10,H0,e050,L,frozen_2024_2026,1.0,33,-0.14728127981438005,-0.898459081778874,-1.0046341982258222,-1.0098092643051773,0.36363636363636365
P,1,IFLY10,H0,e050,S,pre_2019_2020,1.0,18,-0.30967807500929634,-2.4205753397676757,-1.0027041634189047,-1.763720930232558,0.05555555555555555
P,1,IFLY10,H0,e050,S,dev_2021_2023,1.0,36,-0.25623014991868626,-3.4192523527026872,-1.0035576745451456,-1.0160869565217392,0.1388888888888889
P,1,IFLY10,H0,e050,S,hold_2024_2025,1.0,24,-0.062072636837249694,-0.818679703497316,-0.9594180383765332,-0.8511862440325035,0.2916666666666667
P,1,IFLY10,H0,e050,S,ext_2026,1.0,9,0.004934057454947983,0.06673752530741746,-0.652328767123288,-0.652328767123288,0.6666666666666666
P,1,IFLY10,H0,e050,S,post_2021_2026,1.0,69,-0.1546322052764082,-1.9230021963663728,-1.0035576745451456,-1.0160869565217392,0.2608695652173913
P,1,IFLY10,H0,e050,S,frozen_2024_2026,1.0,33,-0.043798083848468505,-0.5865909212757319,-0.9824988764005876,-0.8511862440325035,0.3939393939393939
P,1,IFLY10,H0,e100,LS,pre_2019_2020,2.0,18,-0.2804230064708437,-2.8706168343319476,-0.9996451915768898,-0.6972955899643295,0.3333333333333333
P,1,IFLY10,H0,e100,LS,dev_2021_2023,2.0,36,-0.2938641930768642,-3.544805680715291,-0.9999999063978019,-0.8642788351295572,0.16666666666666666
P,1,IFLY10,H0,e100,LS,hold_2024_2025,2.0,24,-0.1856872058893775,-1.9811302134498574,-0.9994681124006357,-0.8804958643349525,0.2916666666666667
P,1,IFLY10,H0,e100,LS,ext_2026,2.0,9,-0.13747723689380426,-2.3481487459219847,-0.7899178082335216,-0.41984448356807513,0.3333333333333333
P,1,IFLY10,H0,e100,LS,post_2021_2026,2.0,69,-0.23583911629212187,-2.7714860631543283,-0.999999999985975,-0.8804958643349525,0.2318840579710145
P,1,IFLY10,H0,e100,LS,frozen_2024_2026,2.0,33,-0.17253903252694844,-2.0318799607636353,-0.9998627395481082,-0.8804958643349525,0.30303030303030304
P,1,IFLY10,H0,tick,LS,pre_2019_2020,2.0,18,-0.2861792011415996,-2.9229271223960205,-0.999705363336042,-0.7028036507841617,0.3333333333333333
P,1,IFLY10,H0,tick,LS,dev_2021_2023,2.0,36,-0.297947635156747,-3.591210262562347,-0.9999999296927184,-0.8706076587938544,0.16666666666666666
P,1,IFLY10,H0,tick,LS,hold_2024_2025,2.0,24,-0.18895459190226774,-2.014250013716438,-0.9995207779559825,-0.8834747895813787,0.2916666666666667
P,1,IFLY10,H0,tick,LS,ext_2026,2.0,9,-0.14035084115934715,-2.402600769471635,-0.796273009402044,-0.42168178945467677,0.3333333333333333
P,1,IFLY10,H0,tick,LS,post_2021_2026,2.0,69,-0.23948090785118034,-2.8115642123237854,-0.9999999999910704,-0.8834747895813787,0.2318840579710145
P,1,IFLY10,H0,tick,LS,frozen_2024_2026,2.0,33,-0.17569902351783487,-2.0679834780273136,-0.9998817367941671,-0.8834747895813787,0.30303030303030304
P,1,IFLY10,H1,e050,LS,pre_2019_2020,2.0,18,-0.2866113973392223,-3.930527634654523,-1.0006477477416265,-1.0930978882604832,0.0
P,1,IFLY10,H1,e050,LS,dev_2021_2023,2.0,36,-0.1509030641361398,-2.726941476623582,-0.9989289894606522,-0.6274467613642014,0.1111111111111111
P,1,IFLY10,H1,e050,LS,hold_2024_2025,2.0,24,-0.11923710269311105,-1.9550559691400158,-0.973531572452101,-0.4020988169951246,0.16666666666666666
P,1,IFLY10,H1,e050,LS,ext_2026,2.0,9,-0.06538444797072424,-3.2199141298778606,-0.46811410921335694,-0.18459112174093043,0.2222222222222222
P,1,IFLY10,H1,e050,LS,post_2021_2026,2.0,69,-0.12873421456916256,-2.36962485160808,-0.9999840442049318,-0.6274467613642014,0.14492753623188406
P,1,IFLY10,H1,e050,LS,frozen_2024_2026,2.0,33,-0.10455001504155102,-1.9666881457608942,-0.985921816835964,-0.4020988169951246,0.18181818181818182
P,1,IFLY10,H1,e050,L,pre_2019_2020,1.0,18,-0.23795036605255465,-3.8335077483120883,-0.9963821857955393,-0.6119608080137214,0.1111111111111111
P,1,IFLY10,H1,e050,L,dev_2021_2023,1.0,36,-0.08941010988775791,-0.929942127289023,-0.9971976305682438,-0.6553921110652041,0.25
P,1,IFLY10,H1,e050,L,hold_2024_2025,1.0,24,-0.13069821945949142,-1.1219840894073998,-0.9958929863985824,-0.6157071789850503,0.16666666666666666
P,1,IFLY10,H1,e050,L,ext_2026,1.0,9,-0.08828813067839386,-2.4472985219309935,-0.5975062534154104,-0.28371314146865895,0.2222222222222222
P,1,IFLY10,H1,e050,L,post_2021_2026,1.0,69,-0.1036248463636612,-1.0612798206999075,-0.9999932707173217,-0.6553921110652041,0.21739130434782608
P,1,IFLY10,H1,e050,L,frozen_2024_2026,1.0,33,-0.1191318316101012,-1.184869531442241,-0.9983469527082915,-0.6157071789850503,0.18181818181818182
P,1,IFLY10,H1,e050,S,pre_2019_2020,1.0,18,-0.3352724286258901,-2.5893783145037714,-1.039977508316153,-1.757047488053403,0.0
P,1,IFLY10,H1,e050,S,dev_2021_2023,1.0,36,-0.2123960183845216,-4.456970903643524,-0.9999292028748964,-0.7001620997709773,0.05555555555555555
P,1,IFLY10,H1,e050,S,hold_2024_2025,1.0,24,-0.10777598592673072,-2.484066514181196,-0.9529816653376452,-0.3894726461329732,0.125
P,1,IFLY10,H1,e050,S,ext_2026,1.0,9,-0.042480765263054596,-1.258196036556745,-0.39266198185835466,-0.2732074158925264,0.3333333333333333
P,1,IFLY10,H1,e050,S,post_2021_2026,1.0,69,-0.15384358277466387,-3.2147480043835643,-0.9999979783157246,-0.7001620997709773,0.11594202898550725
P,1,IFLY10,H1,e050,S,frozen_2024_2026,1.0,33,-0.08996819847300086,-2.1752435942179056,-0.9714439778098448,-0.3894726461329732,0.18181818181818182
P,1,IFLY10,H2_15,e050,LS,pre_2019_2020,2.0,18,-0.26271819642627825,-3.9474295080831294,-0.9991884548050368,-0.9006896157197662,0.05555555555555555
P,1,IFLY10,H2_15,e050,LS,dev_2021_2023,2.0,36,-0.15696400964344637,-2.9752385820649807,-0.9990973604937596,-0.6166100913455401,0.1388888888888889
P,1,IFLY10,H2_15,e050,LS,hold_2024_2025,2.0,24,-0.12803335627799584,-1.948655047146182,-0.9809920581579887,-0.4286636136524361,0.125
P,1,IFLY10,H2_15,e050,LS,ext_2026,2.0,9,-0.07959000855729247,-2.983965951609922,-0.5444139949484172,-0.20978880236551503,0.2222222222222222
P,1,IFLY10,H2_15,e050,LS,post_2021_2026,2.0,69,-0.13680891267900872,-2.4842723956668853,-0.9999921833654706,-0.6166100913455401,0.14492753623188406
P,1,IFLY10,H2_15,e050,LS,frozen_2024_2026,2.0,33,-0.11482153417234946,-1.9925585365647098,-0.9913402477119453,-0.4286636136524361,0.15151515151515152
P,1,IFLY10,H2_15,e050,L,pre_2019_2020,1.0,18,-0.19570003233474298,-3.0743503789460203,-0.9905288015267459,-0.5897811191728471,0.1111111111111111
P,1,IFLY10,H2_15,e050,L,dev_2021_2023,1.0,36,-0.09923093730941605,-1.122277910174387,-0.9974681336491276,-0.6722782642359969,0.2777777777777778
P,1,IFLY10,H2_15,e050,L,hold_2024_2025,1.0,24,-0.12656457070336372,-1.0001387281692076,-0.9971559763678416,-0.6539653732322419,0.2916666666666667
P,1,IFLY10,H2_15,e050,L,ext_2026,1.0,9,-0.10513489266732338,-2.1168936402342293,-0.6839225702126368,-0.3457695576340725,0.3333333333333333
P,1,IFLY10,H2_15,e050,L,post_2021_2026,1.0,69,-0.10950836918877706,-1.1093693692633046,-0.9999969274516253,-0.6722782642359969,0.2898550724637681
P,1,IFLY10,H2_15,e050,L,frozen_2024_2026,1.0,33,-0.1207201130571709,-1.0958879606437884,-0.9990403624884808,-0.6539653732322419,0.30303030303030304
P,1,IFLY10,H2_15,e050,S,pre_2019_2020,1.0,18,-0.3297363605178136,-2.534604456660507,-1.0425355512711718,-1.7503049184005426,0.05555555555555555
P,1,IFLY10,H2_15,e050,S,dev_2021_2023,1.0,36,-0.2146970819774767,-4.579516490790643,-0.9999342870026274,-0.6994178454321697,0.05555555555555555
P,1,IFLY10,H2_15,e050,S,hold_2024_2025,1.0,24,-0.12950214185262796,-3.6502628441186245,-0.9720120334666501,-0.37462532263629555,0.041666666666666664
P,1,IFLY10,H2_15,e050,S,ext_2026,1.0,9,-0.05404512444726156,-1.4045517308015503,-0.46473955433598524,-0.3400251325255058,0.3333333333333333
P,1,IFLY10,H2_15,e050,S,post_2021_2026,1.0,69,-0.1641094561692404,-3.6577912136388555,-0.9999990155633487,-0.6994178454321697,0.08695652173913043
P,1,IFLY10,H2_15,e050,S,frozen_2024_2026,1.0,33,-0.10892295528752802,-2.9407948946029356,-0.9850191485601296,-0.37462532263629555,0.12121212121212122
P,1,IFLY10,H2_25,e050,LS,pre_2019_2020,2.0,18,-0.28807940766066,-3.7100416937374368,-1.0004299386713793,-1.0789286767610706,0.05555555555555555
P,1,IFLY10,H2_25,e050,LS,dev_2021_2023,2.0,36,-0.15783600192906677,-3.0949907986405796,-0.9992015350979034,-0.6134267343762145,0.16666666666666666
P,1,IFLY10,H2_25,e050,LS,hold_2024_2025,2.0,24,-0.12136908477000481,-1.6957947114390282,-0.9802438200883457,-0.44632921383960633,0.20833333333333334
P,1,IFLY10,H2_25,e050,LS,ext_2026,2.0,9,-0.06898658990452271,-2.3851937376261847,-0.5513281341592782,-0.19699367789886887,0.2222222222222222
P,1,IFLY10,H2_25,e050,LS,post_2021_2026,2.0,69,-0.13356280308793078,-2.344310561466102,-0.9999919945473804,-0.6134267343762145,0.18840579710144928
P,1,IFLY10,H2_25,e050,LS,frozen_2024_2026,2.0,33,-0.1070829498066915,-1.7064938786823212,-0.991135957897153,-0.44632921383960633,0.21212121212121213
P,1,IFLY10,H2_25,e050,L,pre_2019_2020,1.0,18,-0.24504173582133248,-3.1374973498385623,-0.9981599070845989,-0.6682900430072287,0.16666666666666666
P,1,IFLY10,H2_25,e050,L,dev_2021_2023,1.0,36,-0.10191255702121298,-1.2337521028257283,-0.9980092326615443,-0.7378468097745701,0.3333333333333333
P,1,IFLY10,H2_25,e050,L,hold_2024_2025,1.0,24,-0.11477585159987502,-0.8229816399974967,-0.9972807673869422,-0.6868673984187904,0.2916666666666667
P,1,IFLY10,H2_25,e050,L,ext_2026,1.0,9,-0.10039935654029791,-1.5323052788154,-0.7513112802837039,-0.3761792702232345,0.2222222222222222
P,1,IFLY10,H2_25,e050,L,post_2021_2026,1.0,69,-0.10618937246410652,-1.031444011129684,-0.9999978160546379,-0.7378468097745701,0.30434782608695654
P,1,IFLY10,H2_25,e050,L,frozen_2024_2026,1.0,33,-0.11085498931089945,-0.9034266478977777,-0.9992497004421337,-0.6868673984187904,0.2727272727272727
P,1,IFLY10,H2_25,e050,S,pre_2019_2020,1.0,18,-0.33111707949998753,-2.5609585557450174,-1.0003969989689845,-1.7965664264179704,0.0
P,1,IFLY10,H2_25,e050,S,dev_2021_2023,1.0,36,-0.2137594468369206,-4.481973895592036,-0.9999449120956003,-0.7043774562275751,0.05555555555555555
P,1,IFLY10,H2_25,e050,S,hold_2024_2025,1.0,24,-0.12796231794013457,-2.4182952344606887,-0.9798156170969767,-0.6240520489690577,0.16666666666666666
P,1,IFLY10,H2_25,e050,S,ext_2026,1.0,9,-0.03757382326874751,-0.6504802086625547,-0.5471551671109736,-0.5035403755367438,0.5555555555555556
P,1,IFLY10,H2_25,e050,S,post_2021_2026,1.0,69,-0.16093623371175508,-3.023499809309212,-0.9999994887840162,-0.7043774562275751,0.15942028985507245
P,1,IFLY10,H2_25,e050,S,frozen_2024_2026,1.0,33,-0.10331091030248356,-1.8906539782398484,-0.9908596064973123,-0.6240520489690577,0.2727272727272727
P,1,IFLY15,H0,e000,LS,pre_2019_2020,2.0,18,-0.018712158173041983,-0.22879072380474658,-0.8290965561771596,-0.455406373075546,0.4444444444444444
P,1,IFLY15,H0,e000,LS,dev_2021_2023,2.0,36,-0.08095070053516921,-1.063059134742169,-0.9942504980486144,-0.6383183520599256,0.3611111111111111
P,1,IFLY15,H0,e000,LS,hold_2024_2025,2.0,24,-0.07488567366116854,-0.9073924571565006,-0.9820214035296904,-0.45522896359657844,0.4166666666666667
P,1,IFLY15,H0,e000,LS,ext_2026,2.0,9,0.005889001735745404,0.11880243466555035,-0.29430611285625574,-0.16981024465646818,0.4444444444444444
P,1,IFLY15,H0,e000,LS,post_2021_2026,2.0,69,-0.06751420828278881,-0.8984848481577258,-0.9997805257942344,-0.6383183520599256,0.391304347826087
P,1,IFLY15,H0,e000,LS,frozen_2024_2026,2.0,33,-0.05285621673473746,-0.7050086052897861,-0.9820214035296904,-0.45522896359657844,0.42424242424242425
P,1,IFLY15,H0,e050,LS,pre_2019_2020,2.0,18,-0.18084017764371013,-2.103406812991068,-0.9944579908430781,-0.7233977801646975,0.4444444444444444
P,1,IFLY15,H0,e050,LS,dev_2021_2023,2.0,36,-0.19433099466866788,-2.5064636551463817,-0.9999704380681311,-0.770621722846442,0.2222222222222222
P,1,IFLY15,H0,e050,LS,hold_2024_2025,2.0,24,-0.1596611604258224,-1.8848579752174375,-0.9978103681780843,-0.5252160334195345,0.25
P,1,IFLY15,H0,e050,LS,ext_2026,2.0,9,-0.07182971681775373,-1.5021303509822301,-0.5537640052870803,-0.24370085185493495,0.3333333333333333
P,1,IFLY15,H0,e050,LS,post_2021_2026,2.0,69,-0.16629349434277627,-2.1605020972143003,-0.9999999146713398,-0.770621722846442,0.2463768115942029
P,1,IFLY15,H0,e050,LS,frozen_2024_2026,2.0,33,-0.1357071303508946,-1.7727139462451602,-0.9982890448638833,-0.5252160334195345,0.2727272727272727
P,1,IFLY15,H0,e050,L,pre_2019_2020,1.0,18,-0.03464623271382852,-0.20331248261298135,-1.0052380824280958,-1.180657894736842,0.5
P,1,IFLY15,H0,e050,L,dev_2021_2023,1.0,36,-0.13703271514765797,-0.9600883863512476,-0.9999992061461142,-0.8949999999999999,0.3333333333333333
P,1,IFLY15,H0,e050,L,hold_2024_2025,1.0,24,-0.20304664877329817,-1.251189806782157,-0.9999991226311049,-0.9135229759299781,0.3333333333333333
P,1,IFLY15,H0,e050,L,ext_2026,1.0,9,-0.1538821388994105,-1.1906174412133819,-0.9329237516149173,-0.643174061433447,0.4444444444444444
P,1,IFLY15,H0,e050,L,post_2021_2026,1.0,69,-0.16219183428941358,-1.1077869938444078,-0.999999999999362,-0.9135229759299781,0.34782608695652173
P,1,IFLY15,H0,e050,L,frozen_2024_2026,1.0,33,-0.18963814608041973,-1.2464838786290011,-0.9999997189793841,-0.9135229759299781,0.36363636363636365
P,1,IFLY15,H0,e050,S,pre_2019_2020,1.0,18,-0.32703412257359177,-3.3709864814840156,-1.0153954409945825,-1.2059183673469387,0.0
P,1,IFLY15,H0,e050,S,dev_2021_2023,1.0,36,-0.25162927418967773,-3.9256978526737543,-0.9999999776408821,-0.9993333333333334,0.1111111111111111
P,1,IFLY15,H0,e050,S,hold_2024_2025,1.0,24,-0.11627567207834665,-1.2761206142628105,-0.9934530172319259,-0.8511862440325035,0.20833333333333334
P,1,IFLY15,H0,e050,S,ext_2026,1.0,9,0.010222705263903033,0.1346068783854858,-0.6582572243346011,-0.6565399239543729,0.6666666666666666
P,1,IFLY15,H0,e050,S,post_2021_2026,1.0,69,-0.170395154396139,-2.14025930093523,-0.9999999999230416,-0.9993333333333334,0.21739130434782608
P,1,IFLY15,H0,e050,S,frozen_2024_2026,1.0,33,-0.08177611462136945,-0.9330233887883943,-0.9971665264749241,-0.8511862440325035,0.3333333333333333
P,1,IFLY15,H0,e100,LS,pre_2019_2020,2.0,18,-0.3429681971143783,-3.542478096410241,-0.9999988339616148,-0.9913891872538488,0.16666666666666666
P,1,IFLY15,H0,e100,LS,dev_2021_2023,2.0,36,-0.3077112888021666,-3.7320658482047415,-0.9999999743702845,-0.9029250936329587,0.16666666666666666
P,1,IFLY15,H0,e100,LS,hold_2024_2025,2.0,24,-0.24443664719047628,-2.772313062444059,-0.9998473194227515,-0.5952031032424905,0.20833333333333334
P,1,IFLY15,H0,e100,LS,ext_2026,2.0,9,-0.14954843537125292,-3.1744351462928835,-0.7982750929321956,-0.35898568217764093,0.2222222222222222
P,1,IFLY15,H0,e100,LS,post_2021_2026,2.0,69,-0.2650727804027637,-3.255547063117304,-0.9999999999985457,-0.9029250936329587,0.18840579710144928
P,1,IFLY15,H0,e100,LS,frozen_2024_2026,2.0,33,-0.21855804396705172,-2.754463372359014,-0.9999595530483316,-0.5952031032424905,0.21212121212121213
P,1,IFLY15,H0,tick,LS,pre_2019_2020,2.0,18,-0.34918696909468117,-3.5952144348282222,-0.999999895720119,-0.9989795918367345,0.16666666666666666
P,1,IFLY15,H0,tick,LS,dev_2021_2023,2.0,36,-0.31217818066554154,-3.7851618084000784,-0.9999999816395422,-0.9118389513108612,0.16666666666666666
P,1,IFLY15,H0,tick,LS,hold_2024_2025,2.0,24,-0.2483250417571501,-2.819503323867453,-0.9998645348781621,-0.5968528612160997,0.20833333333333334
P,1,IFLY15,H0,tick,LS,ext_2026,2.0,9,-0.15406340841219912,-3.2903493180228676,-0.8076999061530428,-0.3623181830794417,0.2222222222222222
P,1,IFLY15,H0,tick,LS,post_2021_2026,2.0,69,-0.2693447272730563,-3.3095996210895846,-0.9999999999991457,-0.9118389513108612,0.18840579710144928
P,1,IFLY15,H0,tick,LS,frozen_2024_2026,2.0,33,-0.2226173235721635,-2.8103147926800993,-0.9999664429704095,-0.5968528612160997,0.21212121212121213
P,1,IFLY15,H1,e050,LS,pre_2019_2020,2.0,18,-0.3114713013852721,-5.890077431757737,-0.9994085002501863,-0.6862841038620071,0.0
P,1,IFLY15,H1,e050,LS,dev_2021_2023,2.0,36,-0.20221806799286338,-4.61424543917715,-0.9998632318861965,-0.5743945050173931,0.08333333333333333
P,1,IFLY15,H1,e050,LS,hold_2024_2025,2.0,24,-0.15782775469536545,-2.560115218690708,-0.9919592268272496,-0.5129930831441267,0.125
P,1,IFLY15,H1,e050,LS,ext_2026,2.0,9,-0.052332610428027546,-2.258988154710936,-0.4005406878029245,-0.1642149331779602,0.2222222222222222
P,1,IFLY15,H1,e050,LS,post_2021_2026,2.0,69,-0.16722768194614643,-3.318517874360743,-0.999999290258844,-0.5743945050173931,0.11594202898550725
P,1,IFLY15,H1,e050,LS,frozen_2024_2026,2.0,33,-0.12905635171336421,-2.3347283303246713,-0.9951798836443303,-0.5129930831441267,0.15151515151515152
P,1,IFLY15,H1,e050,L,pre_2019_2020,1.0,18,-0.2697287964619471,-3.427615439211013,-0.9994567533046809,-0.8645928699605306,0.1111111111111111
P,1,IFLY15,H1,e050,L,dev_2021_2023,1.0,36,-0.18929678740238307,-2.3518001666701296,-0.9999747172061515,-0.861193287716565,0.25
P,1,IFLY15,H1,e050,L,hold_2024_2025,1.0,24,-0.13870098962531363,-1.2498334151703607,-0.9973112899302213,-0.7309680151675594,0.20833333333333334
P,1,IFLY15,H1,e050,L,ext_2026,1.0,9,-0.09288596032319535,-2.837215577639349,-0.6107605534421068,-0.28923004994115653,0.1111111111111111
P,1,IFLY15,H1,e050,L,post_2021_2026,1.0,69,-0.15912292377394316,-1.810192538282249,-0.9999999544401,-0.861193287716565,0.21739130434782608
P,1,IFLY15,H1,e050,L,frozen_2024_2026,1.0,33,-0.1262059816338268,-1.3189783220176017,-0.9988277737875972,-0.7309680151675594,0.18181818181818182
P,1,IFLY15,H1,e050,S,pre_2019_2020,1.0,18,-0.353213806308597,-3.7000557367388422,-1.0360483373911191,-1.0438808638999895,0.0
P,1,IFLY15,H1,e050,S,dev_2021_2023,1.0,36,-0.21513934858334377,-4.3288846083831745,-0.9999349613570072,-0.6149066199362757,0.027777777777777776
P,1,IFLY15,H1,e050,S,hold_2024_2025,1.0,24,-0.1769545197654173,-3.4050677542284946,-0.9952009321772574,-0.6594292316016418,0.08333333333333333
P,1,IFLY15,H1,e050,S,ext_2026,1.0,9,-0.011779260532859732,-0.3146790511091361,-0.28655005109611376,-0.2568438717469951,0.3333333333333333
P,1,IFLY15,H1,e050,S,post_2021_2026,1.0,69,-0.17533244011834964,-3.3651729057092252,-0.9999997773145354,-0.6594292316016418,0.08695652173913043
P,1,IFLY15,H1,e050,S,frozen_2024_2026,1.0,33,-0.1319067217929016,-2.5124146906676925,-0.996576105307078,-0.6594292316016418,0.15151515151515152
P,1,IFLY15,H2_15,e050,LS,pre_2019_2020,2.0,18,-0.3034315450576574,-6.093821591359113,-0.999155083044833,-0.5880068250293526,0.0
P,1,IFLY15,H2_15,e050,LS,dev_2021_2023,2.0,36,-0.20036636381107167,-4.416666611233298,-0.9998439095767538,-0.5102832941843432,0.08333333333333333
P,1,IFLY15,H2_15,e050,LS,hold_2024_2025,2.0,24,-0.1523680595293899,-2.462618749156295,-0.991042522527867,-0.512517081306748,0.20833333333333334
P,1,IFLY15,H2_15,e050,LS,ext_2026,2.0,9,-0.06428722830653132,-2.668953007478768,-0.4862593363773251,-0.21591086257269204,0.3333333333333333
P,1,IFLY15,H2_15,e050,LS,post_2021_2026,2.0,69,-0.1659218489951119,-3.257717142566842,-0.9999992691829191,-0.512517081306748,0.15942028985507245
P,1,IFLY15,H2_15,e050,LS,frozen_2024_2026,2.0,33,-0.12834601465042847,-2.3320992141607495,-0.9953981795790812,-0.512517081306748,0.24242424242424243
P,1,IFLY15,H2_15,e050,L,pre_2019_2020,1.0,18,-0.2515248767104293,-3.063018923539387,-0.9991967922225079,-0.8738431329127063,0.16666666666666666
P,1,IFLY15,H2_15,e050,L,dev_2021_2023,1.0,36,-0.17089031767895876,-2.045304563183362,-0.9999285642633218,-0.7443802695064807,0.25
P,1,IFLY15,H2_15,e050,L,hold_2024_2025,1.0,24,-0.11729662582987009,-1.0085357375210422,-0.996433106194398,-0.7216591233121242,0.3333333333333333
P,1,IFLY15,H2_15,e050,L,ext_2026,1.0,9,-0.0796311680087523,-1.580032638490533,-0.6353275547535316,-0.3671556480912508,0.3333333333333333
P,1,IFLY15,H2_15,e050,L,post_2021_2026,1.0,69,-0.14034566620924877,-1.516509683333986,-0.9999998435580137,-0.7443802695064807,0.2898550724637681
P,1,IFLY15,H2_15,e050,L,frozen_2024_2026,1.0,33,-0.10702422824229252,-1.0503975023351513,-0.9984210036215047,-0.7216591233121242,0.3333333333333333
P,1,IFLY15,H2_15,e050,S,pre_2019_2020,1.0,18,-0.3553382134048856,-3.7165810448118535,-1.0377071882383389,-1.0469246537226298,0.0
P,1,IFLY15,H2_15,e050,S,dev_2021_2023,1.0,36,-0.22984240994318464,-5.416895695138613,-0.9999612936154214,-0.6098127715112802,0.0
P,1,IFLY15,H2_15,e050,S,hold_2024_2025,1.0,24,-0.1874394932289097,-3.409858078442337,-0.9968307089951779,-0.6905147187329322,0.08333333333333333
P,1,IFLY15,H2_15,e050,S,ext_2026,1.0,9,-0.04894328860431031,-1.1643654035521505,-0.4270322096967438,-0.3325596673323666,0.3333333333333333
P,1,IFLY15,H2_15,e050,S,post_2021_2026,1.0,69,-0.19149803178097494,-3.8719635914792163,-0.9999999297130119,-0.6905147187329322,0.07246376811594203
P,1,IFLY15,H2_15,e050,S,frozen_2024_2026,1.0,33,-0.1496678010585644,-2.7600501328823026,-0.9981840983361391,-0.6905147187329322,0.15151515151515152
P,1,IFLY15,H2_25,e050,LS,pre_2019_2020,2.0,18,-0.30030856529932204,-5.851845835209333,-0.9991190988554195,-0.6359963147330647,0.05555555555555555
P,1,IFLY15,H2_25,e050,LS,dev_2021_2023,2.0,36,-0.2097567215725027,-4.469875199922725,-0.9999070292117509,-0.6132690487448385,0.05555555555555555
P,1,IFLY15,H2_25,e050,LS,hold_2024_2025,2.0,24,-0.15708123573458616,-2.6589025892726768,-0.9919816189275147,-0.5038725198967277,0.2916666666666667
P,1,IFLY15,H2_25,e050,LS,ext_2026,2.0,9,-0.08803063596912526,-1.9464054454852366,-0.6276488596473755,-0.2843255261315438,0.2222222222222222
P,1,IFLY15,H2_25,e050,LS,post_2021_2026,2.0,69,-0.17555749794148257,-3.3781560889301305,-0.999999712690788,-0.6132690487448385,0.15942028985507245
P,1,IFLY15,H2_25,e050,LS,frozen_2024_2026,2.0,33,-0.13824925398036958,-2.482552357864928,-0.9970143466638782,-0.5038725198967277,0.2727272727272727
P,1,IFLY15,H2_25,e050,L,pre_2019_2020,1.0,18,-0.24790705345445507,-2.4971149679008957,-0.9998444403770911,-0.9550292747341401,0.2222222222222222
P,1,IFLY15,H2_25,e050,L,dev_2021_2023,1.0,36,-0.20396506433375344,-2.30342274454112,-0.9999941407792534,-0.9291146171891126,0.19444444444444445
P,1,IFLY15,H2_25,e050,L,hold_2024_2025,1.0,24,-0.13152176505373073,-1.2332812037489822,-0.9979853527981096,-0.7575113419312494,0.375
P,1,IFLY15,H2_25,e050,L,ext_2026,1.0,9,-0.12588841470272086,-2.5791406933738426,-0.7621335715932152,-0.4421329311940935,0.3333333333333333
P,1,IFLY15,H2_25,e050,L,post_2021_2026,1.0,69,-0.16858348419752392,-1.8528480845344584,-0.9999999953518285,-0.9291146171891126,0.2753623188405797
P,1,IFLY15,H2_25,e050,L,frozen_2024_2026,1.0,33,-0.12998539677618257,-1.3879838219646925,-0.9992720486968907,-0.7575113419312494,0.36363636363636365
P,1,IFLY15,H2_25,e050,S,pre_2019_2020,1.0,18,-0.3527100771441891,-3.760733485729991,-1.0001845740003306,-1.0137066102125092,0.0
P,1,IFLY15,H2_25,e050,S,dev_2021_2023,1.0,36,-0.215548378811252,-4.506750284855389,-0.9999407742801097,-0.610079925403976,0.05555555555555555
P,1,IFLY15,H2_25,e050,S,hold_2024_2025,1.0,24,-0.1826407064154416,-2.880107164739353,-0.997057492113033,-0.628605920419512,0.16666666666666666
P,1,IFLY15,H2_25,e050,S,ext_2026,1.0,9,-0.050172857235529694,-0.6803609677636148,-0.6224348186633244,-0.4960602003050722,0.4444444444444444
P,1,IFLY15,H2_25,e050,S,post_2021_2026,1.0,69,-0.1825315116854411,-3.121823528218471,-0.9999999331958872,-0.628605920419512,0.14492753623188406
P,1,IFLY15,H2_25,e050,S,frozen_2024_2026,1.0,33,-0.14651311118455654,-2.172280266538481,-0.9988890114760727,-0.628605920419512,0.24242424242424243
P,1,SSPREAD,H0,e000,LS,pre_2019_2020,2.0,18,0.0615468791049995,0.3155029468457007,-0.9767827049651205,-0.7617482517482518,0.3888888888888889
P,1,SSPREAD,H0,e000,LS,dev_2021_2023,2.0,36,-0.2042234768942105,-1.257546281481589,-0.9999999524925488,-0.8980555555555556,0.2222222222222222
P,1,SSPREAD,H0,e000,LS,hold_2024_2025,2.0,24,-0.16550792460081373,-0.9607124946781217,-0.9999856564964804,-0.9464995178399227,0.3333333333333333
P,1,SSPREAD,H0,e000,LS,ext_2026,2.0,9,-0.06760105451475772,-0.4371404379594625,-0.841730153369687,-0.5492738477421224,0.3333333333333333
P,1,SSPREAD,H0,e000,LS,post_2021_2026,2.0,69,-0.17293688187310036,-1.0604704915998517,-0.9999999999992173,-0.9464995178399227,0.2753623188405797
P,1,SSPREAD,H0,e000,LS,frozen_2024_2026,2.0,33,-0.13880605094098028,-0.8374291499759847,-0.9999922751652324,-0.9464995178399227,0.3333333333333333
P,1,SSPREAD,H0,e050,LS,pre_2019_2020,2.0,18,-0.10039117139954121,-0.5222118713772089,-1.003707188678876,-1.0274825174825177,0.3333333333333333
P,1,SSPREAD,H0,e050,LS,dev_2021_2023,2.0,36,-0.3222676566820468,-1.9967056013063453,-1.0000000000600269,-1.0299999999999998,0.2222222222222222
P,1,SSPREAD,H0,e050,LS,hold_2024_2025,2.0,24,-0.28907089375982603,-1.6102346184394667,-1.0028355901177575,-1.036375,0.25
P,1,SSPREAD,H0,e050,LS,ext_2026,2.0,9,-0.1704620964559712,-1.128159420772468,-0.9603447058287392,-0.7380815851554683,0.3333333333333333
P,1,SSPREAD,H0,e050,LS,post_2021_2026,2.0,69,-0.2909202312883079,-1.7640273010502758,-1.0000000000600269,-1.036375,0.2463768115942029
P,1,SSPREAD,H0,e050,LS,frozen_2024_2026,2.0,33,-0.25672303994968376,-1.5046494003707234,-1.0028355901177575,-1.036375,0.2727272727272727
P,1,SSPREAD,H0,e050,L,pre_2019_2020,1.0,18,0.0362216402711047,0.0895259001235343,-1.0261538461538464,-1.2022727272727276,0.3888888888888889
P,1,SSPREAD,H0,e050,L,dev_2021_2023,1.0,36,-0.4193038205161325,-1.3442219122231465,-1.0008796992481204,-1.9340000000000006,0.2222222222222222
P,1,SSPREAD,H0,e050,L,hold_2024_2025,1.0,24,-0.423277898143805,-1.2190575020704812,-1.000287109375,-2.149,0.2916666666666667
P,1,SSPREAD,H0,e050,L,ext_2026,1.0,9,-0.3001465747112747,-0.8766423176612497,-1.0012841119333948,-1.4635687732342009,0.3333333333333333
P,1,SSPREAD,H0,e050,L,post_2021_2026,1.0,69,-0.4051438589338197,-1.2515523279181526,-1.0008796992481204,-2.149,0.2608695652173913
P,1,SSPREAD,H0,e050,L,frozen_2024_2026,1.0,33,-0.3896966281167513,-1.1431189652784775,-1.000287109375,-2.149,0.30303030303030304
P,1,SSPREAD,H0,e050,S,pre_2019_2020,1.0,18,-0.23700398307018716,-1.8910260578417752,-1.0675341167611982,-1.7072222222222222,0.1111111111111111
P,1,SSPREAD,H0,e050,S,dev_2021_2023,1.0,36,-0.2252314928479612,-2.597096457821042,-1.0013202648338724,-1.0279032258064515,0.08333333333333333
P,1,SSPREAD,H0,e050,S,hold_2024_2025,1.0,24,-0.15486388937584702,-1.796021924901364,-1.0293889000274776,-1.0655882352941177,0.25
P,1,SSPREAD,H0,e050,S,ext_2026,1.0,9,-0.040777618200667755,-0.5843091243533247,-0.6872080494627231,-0.6347245762711866,0.5555555555555556
P,1,SSPREAD,H0,e050,S,post_2021_2026,1.0,69,-0.17669660364279624,-2.070830917323437,-1.0013202648338724,-1.0655882352941177,0.2028985507246377
P,1,SSPREAD,H0,e050,S,frozen_2024_2026,1.0,33,-0.1237494517826163,-1.5025288317280565,-1.0293889000274776,-1.0655882352941177,0.3333333333333333
P,1,SSPREAD,H0,e100,LS,pre_2019_2020,2.0,18,-0.262329221904082,-1.3543260938097381,-1.0099343099893394,-1.2932167832167831,0.2777777777777778
P,1,SSPREAD,H0,e100,LS,dev_2021_2023,2.0,36,-0.4403118364698831,-2.67469584739437,-1.0000584232976968,-1.4404210526315793,0.16666666666666666
P,1,SSPREAD,H0,e100,LS,hold_2024_2025,2.0,24,-0.4126338629188382,-2.141227544102763,-1.0116445800958171,-1.3862393162393163,0.16666666666666666
P,1,SSPREAD,H0,e100,LS,ext_2026,2.0,9,-0.27332313839718475,-1.8336643708039257,-0.9957910897731328,-0.9268893225688138,0.3333333333333333
P,1,SSPREAD,H0,e100,LS,post_2021_2026,2.0,69,-0.4089035807035155,-2.3859842972660417,-1.0000584232976968,-1.4404210526315793,0.18840579710144928
P,1,SSPREAD,H0,e100,LS,frozen_2024_2026,2.0,33,-0.3746400289583872,-2.075656762318895,-1.0116445800958171,-1.3862393162393163,0.21212121212121213
P,1,SSPREAD,H0,tick,LS,pre_2019_2020,2.0,18,-0.2773559282594851,-1.4205840462090429,-1.007999672065396,-1.3425174825174824,0.2777777777777778
P,1,SSPREAD,H0,tick,LS,dev_2021_2023,2.0,36,-0.44954308804647103,-2.7243945112066617,-1.0115892448512587,-1.470947368421053,0.16666666666666666
P,1,SSPREAD,H0,tick,LS,hold_2024_2025,2.0,24,-0.41994148709186413,-2.169558848121795,-1.01107862854456,-1.4003418803418803,0.16666666666666666
P,1,SSPREAD,H0,tick,LS,ext_2026,2.0,9,-0.27842841410738944,-1.869971889666939,-0.9962631288832553,-0.9308504000470907,0.3333333333333333
P,1,SSPREAD,H0,tick,LS,post_2021_2026,2.0,69,-0.4169275737223797,-2.425260997195844,-1.0115892448512587,-1.470947368421053,0.18840579710144928
P,1,SSPREAD,H0,tick,LS,frozen_2024_2026,2.0,33,-0.3813470126415528,-2.1052430872868455,-1.01107862854456,-1.4003418803418803,0.21212121212121213
P,1,SSPREAD,H1,e050,LS,pre_2019_2020,2.0,18,-0.3174453759235061,-4.054862065057526,-0.9997964106086005,-0.8388806338767628,0.1111111111111111
P,1,SSPREAD,H1,e050,LS,dev_2021_2023,2.0,36,-0.2926561794980879,-2.847750312216476,-1.0030242387976191,-1.1104352483157531,0.16666666666666666
P,1,SSPREAD,H1,e050,LS,hold_2024_2025,2.0,24,-0.259281301724752,-1.9461316958043187,-1.0016007576188237,-1.0265627872104695,0.16666666666666666
P,1,SSPREAD,H1,e050,LS,ext_2026,2.0,9,-0.1657628030181818,-3.5320544691384272,-0.834182844210377,-0.47261511157421887,0.2222222222222222
P,1,SSPREAD,H1,e050,LS,post_2021_2026,2.0,69,-0.2644962163838963,-2.4305649954260753,-1.0030242387976191,-1.1104352483157531,0.17391304347826086
P,1,SSPREAD,H1,e050,LS,frozen_2024_2026,2.0,33,-0.23377625662296014,-2.0151999111744545,-1.0016007576188237,-1.0265627872104695,0.18181818181818182
P,1,SSPREAD,H1,e050,L,pre_2019_2020,1.0,18,-0.4054935747483094,-3.1949817861631478,-1.0000031255126018,-1.034818382765554,0.1111111111111111
P,1,SSPREAD,H1,e050,L,dev_2021_2023,1.0,36,-0.3705774520371884,-1.8744095510952792,-1.0001843075562626,-2.09120438885247,0.2222222222222222
P,1,SSPREAD,H1,e050,L,hold_2024_2025,1.0,24,-0.34625112497131133,-1.41265602725298,-1.0301447653908635,-1.927777496507452,0.16666666666666666
P,1,SSPREAD,H1,e050,L,ext_2026,1.0,9,-0.24796633066014995,-2.222413879034921,-0.982858536997538,-0.8437574945205317,0.3333333333333333
P,1,SSPREAD,H1,e050,L,post_2021_2026,1.0,69,-0.3461233659216174,-1.688193412332737,-1.0001843075562626,-2.09120438885247,0.21739130434782608
P,1,SSPREAD,H1,e050,L,frozen_2024_2026,1.0,33,-0.3194461810682674,-1.4820754309916737,-1.0301447653908635,-1.927777496507452,0.21212121212121213
P,1,SSPREAD,H1,e050,S,pre_2019_2020,1.0,18,-0.22939717709870278,-2.6753670408523793,-0.9999063987118207,-0.9783197276092603,0.05555555555555555
P,1,SSPREAD,H1,e050,S,dev_2021_2023,1.0,36,-0.21473490695898756,-3.5353853733322635,-0.999981091805861,-0.8833006367517967,0.027777777777777776
P,1,SSPREAD,H1,e050,S,hold_2024_2025,1.0,24,-0.17231147847819273,-3.019161454264981,-0.9971289929561676,-0.870741863253622,0.08333333333333333
P,1,SSPREAD,H1,e050,S,ext_2026,1.0,9,-0.08355927537621362,-2.028023856430258,-0.6048484884249983,-0.2993728555746296,0.3333333333333333
P,1,SSPREAD,H1,e050,S,post_2021_2026,1.0,69,-0.18286906684617538,-3.1561277487017283,-0.9999999785489795,-0.8833006367517967,0.08695652173913043
P,1,SSPREAD,H1,e050,S,frozen_2024_2026,1.0,33,-0.14810633217765296,-2.7503378997128545,-0.9988655172268872,-0.870741863253622,0.15151515151515152
P,1,SSPREAD,H2_15,e050,LS,pre_2019_2020,2.0,18,-0.2690562538047301,-2.153624299970713,-1.0464246967045554,-1.1344235702360503,0.16666666666666666
P,1,SSPREAD,H2_15,e050,LS,dev_2021_2023,2.0,36,-0.29730111745802745,-3.106106023256182,-1.0015188984247847,-1.0723889355281127,0.16666666666666666
P,1,SSPREAD,H2_15,e050,LS,hold_2024_2025,2.0,24,-0.29627309071874813,-2.425093888295746,-1.0009767280395288,-1.0143986833508793,0.16666666666666666
P,1,SSPREAD,H2_15,e050,LS,ext_2026,2.0,9,-0.18440973013008632,-3.3437646874285645,-0.8776075906978686,-0.5622417079951625,0.2222222222222222
P,1,SSPREAD,H2_15,e050,LS,post_2021_2026,2.0,69,-0.28221857937550326,-2.7885204150707352,-1.0015188984247847,-1.0723889355281127,0.17391304347826086
P,1,SSPREAD,H2_15,e050,LS,frozen_2024_2026,2.0,33,-0.265764901467295,-2.4568555960982557,-1.0009767280395288,-1.0143986833508793,0.18181818181818182
P,1,SSPREAD,H2_15,e050,L,pre_2019_2020,1.0,18,-0.3117082722484056,-1.4739803872691397,-1.0580824843634868,-1.207817786979698,0.2222222222222222
P,1,SSPREAD,H2_15,e050,L,dev_2021_2023,1.0,36,-0.377828591868652,-2.0213771982934285,-1.0000547164012532,-2.0489226584309956,0.25
P,1,SSPREAD,H2_15,e050,L,hold_2024_2025,1.0,24,-0.4136662706564915,-1.800301585464166,-1.0271966513316224,-2.0753294345300106,0.16666666666666666
P,1,SSPREAD,H2_15,e050,L,ext_2026,1.0,9,-0.3065126849299528,-2.3458144729267087,-1.0027361186933113,-1.0226278963323066,0.3333333333333333
P,1,SSPREAD,H2_15,e050,L,post_2021_2026,1.0,69,-0.38099179662893967,-1.9559372921246985,-1.0000547164012532,-2.0753294345300106,0.2318840579710145
P,1,SSPREAD,H2_15,e050,L,frozen_2024_2026,1.0,33,-0.38444256545834454,-1.8667574229721389,-1.0271966513316224,-2.0753294345300106,0.21212121212121213
P,1,SSPREAD,H2_15,e050,S,pre_2019_2020,1.0,18,-0.22640423536105458,-2.5605015323470224,-1.0376633947665586,-1.061029353492403,0.0
P,1,SSPREAD,H2_15,e050,S,dev_2021_2023,1.0,36,-0.21677364304740307,-3.6387461846676503,-0.9999796265264262,-0.8621223006859958,0.027777777777777776
P,1,SSPREAD,H2_15,e050,S,hold_2024_2025,1.0,24,-0.17887991078100496,-2.6623101054589964,-0.9979809824540453,-0.8302260787431686,0.20833333333333334
P,1,SSPREAD,H2_15,e050,S,ext_2026,1.0,9,-0.062306775330219874,-1.396509349720808,-0.5470683170872879,-0.2854583469095314,0.2222222222222222
P,1,SSPREAD,H2_15,e050,S,post_2021_2026,1.0,69,-0.1834453621220668,-2.97614592775764,-0.9999999813689266,-0.8621223006859958,0.11594202898550725
P,1,SSPREAD,H2_15,e050,S,frozen_2024_2026,1.0,33,-0.14708723747624536,-2.333233317411622,-0.9990855229850805,-0.8302260787431686,0.21212121212121213
P,1,SSPREAD,H2_25,e050,LS,pre_2019_2020,2.0,18,-0.25739793794967236,-2.2735239263442755,-0.999701959504651,-0.8947515177522818,0.16666666666666666
P,1,SSPREAD,H2_25,e050,LS,dev_2021_2023,2.0,36,-0.2593319038504284,-2.6433322715310235,-0.9999995636017038,-0.792994462761129,0.2222222222222222
P,1,SSPREAD,H2_25,e050,LS,hold_2024_2025,2.0,24,-0.30942480817550416,-3.3889262341105333,-0.9999939879508792,-0.8652589991220367,0.08333333333333333
P,1,SSPREAD,H2_25,e050,LS,ext_2026,2.0,9,-0.31719758320007885,-7.7867574202771115,-0.9726061252109207,-0.47281867524435534,0.0
P,1,SSPREAD,H2_25,e050,LS,post_2021_2026,2.0,69,-0.28430322005258307,-3.173242004936545,-0.9999999999999282,-0.8652589991220367,0.14492753623188406
P,1,SSPREAD,H2_25,e050,LS,frozen_2024_2026,2.0,33,-0.3115446559094791,-3.891947552224138,-0.9999998353066791,-0.8652589991220367,0.06060606060606061
P,1,SSPREAD,H2_25,e050,L,pre_2019_2020,1.0,18,-0.29480764591474107,-1.3908933762408562,-1.0261538461538464,-1.193478260869565,0.2777777777777778
P,1,SSPREAD,H2_25,e050,L,dev_2021_2023,1.0,36,-0.2985609833296776,-1.5725224886910798,-1.0065693513339498,-1.5016552316102263,0.3055555555555556
P,1,SSPREAD,H2_25,e050,L,hold_2024_2025,1.0,24,-0.4574315092228831,-2.671602319962088,-1.0984076210133056,-1.6743581313874012,0.20833333333333334
P,1,SSPREAD,H2_25,e050,L,ext_2026,1.0,9,-0.5360442263275567,-5.773523841777928,-0.9999275879296116,-0.9230188679245281,0.1111111111111111
P,1,SSPREAD,H2_25,e050,L,post_2021_2026,1.0,69,-0.3847963718574725,-2.21354917170419,-1.0065693513339498,-1.6743581313874012,0.2463768115942029
P,1,SSPREAD,H2_25,e050,L,frozen_2024_2026,1.0,33,-0.4788713411605214,-3.135074653012572,-1.0984076210133056,-1.6743581313874012,0.18181818181818182
P,1,SSPREAD,H2_25,e050,S,pre_2019_2020,1.0,18,-0.2199882299846036,-2.4712313322995065,-1.0011180088677798,-1.0206721961984966,0.1111111111111111
P,1,SSPREAD,H2_25,e050,S,dev_2021_2023,1.0,36,-0.22010282437117923,-3.672372496586401,-0.9999823281941551,-0.8674074074074073,0.05555555555555555
P,1,SSPREAD,H2_25,e050,S,hold_2024_2025,1.0,24,-0.1614181071281253,-3.436963146025704,-0.9909443796365324,-0.5052941176470588,0.20833333333333334
P,1,SSPREAD,H2_25,e050,S,ext_2026,1.0,9,-0.09835094007260096,-1.8172455440531745,-0.6981813891437625,-0.48665225006566326,0.2222222222222222
P,1,SSPREAD,H2_25,e050,S,post_2021_2026,1.0,69,-0.18381006824769372,-3.305071050111366,-0.9999999517002197,-0.8674074074074073,0.13043478260869565
P,1,SSPREAD,H2_25,e050,S,frozen_2024_2026,1.0,33,-0.14421797065843686,-2.9528059062864584,-0.9972668452414567,-0.5052941176470588,0.21212121212121213
L,10,STRADDLE,H0,e000,LS,pre_2019_2020,20.0,18,0.019351438430499857,0.25369209985323365,-0.47058915044478,-0.47058915044478,0.5
L,10,STRADDLE,H0,e000,LS,dev_2021_2023,20.0,36,0.011550084527470845,0.2734724000342011,-0.7381948350273371,-0.3948653727194674,0.5833333333333334
L,10,STRADDLE,H0,e000,LS,hold_2024_2025,20.0,24,-0.010690549468677849,-0.17029681380126316,-0.7560598606607621,-0.3630223307574463,0.5
L,10,STRADDLE,H0,e000,LS,ext_2026,20.0,9,-0.10302027973283064,-2.48764098820989,-0.6632053799112585,-0.3670962806774471,0.3333333333333333
L,10,STRADDLE,H0,e000,LS,post_2021_2026,20.0,69,-0.011129748722533243,-0.21960032134557636,-0.9193477241705709,-0.3948653727194674,0.5217391304347826
L,10,STRADDLE,H0,e000,LS,frozen_2024_2026,20.0,33,-0.03587138499526498,-0.6145991170348829,-0.8769370022239293,-0.3670962806774471,0.45454545454545453
L,10,STRADDLE,H0,e050,LS,pre_2019_2020,20.0,18,-0.032296467452183564,-0.42535136245716615,-0.7415534544259248,-0.5219413404733023,0.4444444444444444
L,10,STRADDLE,H0,e050,LS,dev_2021_2023,20.0,36,-0.03375162287836159,-0.78426335055306,-0.9169864838266802,-0.4986640371046576,0.5
L,10,STRADDLE,H0,e050,LS,hold_2024_2025,20.0,24,-0.059869806499905996,-0.9391459866203674,-0.9104977113306928,-0.39385978583762,0.2916666666666667
L,10,STRADDLE,H0,e050,LS,ext_2026,20.0,9,-0.1455696276376163,-3.546039816556651,-0.7846506187040716,-0.4074096259040944,0.1111111111111111
L,10,STRADDLE,H0,e050,LS,post_2021_2026,20.0,69,-0.05742116562836678,-1.1182533457705672,-0.9962314740692638,-0.4986640371046576,0.37681159420289856
L,10,STRADDLE,H0,e050,LS,frozen_2024_2026,20.0,33,-0.0832424849920088,-1.4136407179524642,-0.9754917280051724,-0.4074096259040944,0.24242424242424243
L,10,STRADDLE,H0,e050,L,pre_2019_2020,10.0,18,0.10123640412116106,0.45959083393536615,-0.8889477046479988,-0.6236284876498803,0.4444444444444444
L,10,STRADDLE,H0,e050,L,dev_2021_2023,10.0,36,-0.0645375525661145,-0.8022411238438469,-0.9927076880128747,-0.4559304570778792,0.3333333333333333
L,10,STRADDLE,H0,e050,L,hold_2024_2025,10.0,24,-0.06168579882783622,-0.6972305583000193,-0.9674116253193005,-0.384236450348594,0.20833333333333334
L,10,STRADDLE,H0,e050,L,ext_2026,10.0,9,-0.13860577049336717,-1.6848343813651534,-0.833799899944345,-0.5077235576728849,0.4444444444444444
L,10,STRADDLE,H0,e050,L,post_2021_2026,10.0,69,-0.07320671012592024,-0.8858678912522523,-0.9997152812198749,-0.5077235576728849,0.30434782608695654
L,10,STRADDLE,H0,e050,L,frozen_2024_2026,10.0,33,-0.08266397291843557,-0.9597340995461818,-0.9882856761931403,-0.5077235576728849,0.2727272727272727
L,10,STRADDLE,H0,e050,S,pre_2019_2020,10.0,18,-0.1658293390255282,-0.7821776824625541,-2.53890700021969,-2.8050352336620956,0.5
L,10,STRADDLE,H0,e050,S,dev_2021_2023,10.0,36,-0.002965693190608684,-0.03655338540205927,-0.9633560850158182,-0.7704073627987409,0.5833333333333334
L,10,STRADDLE,H0,e050,S,hold_2024_2025,10.0,24,-0.058053814171975776,-0.8047700027570857,-0.9394818853553197,-0.6499125563885089,0.5
L,10,STRADDLE,H0,e050,S,ext_2026,10.0,9,-0.15253348478186543,-2.0005353821015053,-0.8991921490462621,-0.5402124196214836,0.4444444444444444
L,10,STRADDLE,H0,e050,S,post_2021_2026,10.0,69,-0.04163562113081334,-0.5356560766456433,-0.9996849915132071,-0.7704073627987409,0.5362318840579711
L,10,STRADDLE,H0,e050,S,frozen_2024_2026,10.0,33,-0.08382099706558205,-1.1464337102333757,-0.9938992989188978,-0.6499125563885089,0.48484848484848486
L,10,STRADDLE,H0,e100,LS,pre_2019_2020,20.0,18,-0.08394437333486697,-1.1003716923446858,-0.9045061923346075,-0.5732935305018244,0.3333333333333333
L,10,STRADDLE,H0,e100,LS,dev_2021_2023,20.0,36,-0.07905333028419402,-1.787901553409342,-0.9825018943373414,-0.6024627014898483,0.3888888888888889
L,10,STRADDLE,H0,e100,LS,hold_2024_2025,20.0,24,-0.10904906353113414,-1.6777666860628109,-0.9713540579358507,-0.42469724091779354,0.16666666666666666
L,10,STRADDLE,H0,e100,LS,ext_2026,20.0,9,-0.188118975542402,-4.6168892003323565,-0.8656043230662239,-0.44772297113074166,0.1111111111111111
L,10,STRADDLE,H0,e100,LS,post_2021_2026,20.0,69,-0.10371258253420032,-1.982513683335309,-0.9998939215290641,-0.6024627014898483,0.2753623188405797
L,10,STRADDLE,H0,e100,LS,frozen_2024_2026,20.0,33,-0.13061358498875267,-2.189697046331301,-0.9958796732073006,-0.44772297113074166,0.15151515151515152
L,10,STRADDLE,H0,tick,LS,pre_2019_2020,20.0,18,-0.08715649187039437,-1.1412767395427938,-0.9110744561858446,-0.5771226273333203,0.3333333333333333
L,10,STRADDLE,H0,tick,LS,dev_2021_2023,20.0,36,-0.08187745289495468,-1.852005004138773,-0.9840929901575816,-0.6061455416584492,0.3888888888888889
L,10,STRADDLE,H0,tick,LS,hold_2024_2025,20.0,24,-0.1124302777836363,-1.7286819396031798,-0.973621488099678,-0.42758409409985826,0.16666666666666666
L,10,STRADDLE,H0,tick,LS,ext_2026,20.0,9,-0.19071138883141445,-4.680922478613367,-0.8695378753091252,-0.45033076286011803,0.1111111111111111
L,10,STRADDLE,H0,tick,LS,post_2021_2026,20.0,69,-0.10670025319577348,-2.0391423643639204,-0.9999159961674434,-0.6061455416584492,0.2753623188405797
L,10,STRADDLE,H0,tick,LS,frozen_2024_2026,20.0,33,-0.13377967170575764,-2.2422402492248463,-0.9963608060663689,-0.45033076286011803,0.15151515151515152
L,10,STRADDLE,H1,e050,LS,pre_2019_2020,20.0,18,-0.014353708418966295,-0.38679956925174086,-0.5628956676761546,-0.33023195765966445,0.5
L,10,STRADDLE,H1,e050,LS,dev_2021_2023,20.0,36,-0.05232987406369646,-2.013328649304057,-0.8760845557793443,-0.207860772185653,0.19444444444444445
L,10,STRADDLE,H1,e050,LS,hold_2024_2025,20.0,24,-0.05033691121780496,-1.5661323859041258,-0.7981751852225967,-0.20706669073636505,0.16666666666666666
L,10,STRADDLE,H1,e050,LS,ext_2026,20.0,9,-0.07599745816014046,-4.538153971448371,-0.5279615943648088,-0.16172586612409615,0.1111111111111111
L,10,STRADDLE,H1,e050,LS,post_2021_2026,20.0,69,-0.05472374578205298,-2.017236184745277,-0.9853789925336567,-0.207860772185653,0.17391304347826086
L,10,STRADDLE,H1,e050,LS,frozen_2024_2026,20.0,33,-0.05733524220207827,-1.997574316180014,-0.882008190679543,-0.20706669073636505,0.15151515151515152
L,10,STRADDLE,H1,e050,L,pre_2019_2020,10.0,18,-0.00868410445928978,-0.1788565902100134,-0.5740913913352839,-0.227568883616626,0.4444444444444444
L,10,STRADDLE,H1,e050,L,dev_2021_2023,10.0,36,-0.042170834325866303,-0.9255978053857915,-0.8730966079414901,-0.3321827919451627,0.2777777777777778
L,10,STRADDLE,H1,e050,L,hold_2024_2025,10.0,24,-0.027946724826843194,-0.33078205824391005,-0.8635396779565461,-0.2953613169097742,0.2916666666666667
L,10,STRADDLE,H1,e050,L,ext_2026,10.0,9,-0.10082142978886582,-2.808660968523326,-0.6657279520963871,-0.24614710571426798,0.4444444444444444
L,10,STRADDLE,H1,e050,L,post_2021_2026,10.0,69,-0.0448733956474669,-0.7399560520134209,-0.9891558674809756,-0.3321827919451627,0.30434782608695654
L,10,STRADDLE,H1,e050,L,frozen_2024_2026,10.0,33,-0.04782164436194027,-0.6423139918035781,-0.9203787259668114,-0.2953613169097742,0.3333333333333333
L,10,STRADDLE,H1,e050,S,pre_2019_2020,10.0,18,-0.020023312378642813,-0.2965635903781379,-0.8212108730924056,-0.7678851384006707,0.5555555555555556
L,10,STRADDLE,H1,e050,S,dev_2021_2023,10.0,36,-0.06248891380152663,-1.5352050657154097,-0.9413949217242852,-0.37522747884501395,0.3611111111111111
L,10,STRADDLE,H1,e050,S,hold_2024_2025,10.0,24,-0.07272709760876672,-1.536790417417984,-0.9209658313569811,-0.608373809496339,0.375
L,10,STRADDLE,H1,e050,S,ext_2026,10.0,9,-0.051173486531415076,-1.3865920705617243,-0.5024030867592972,-0.3259291383895301,0.3333333333333333
L,10,STRADDLE,H1,e050,S,post_2021_2026,10.0,69,-0.06457409591663907,-1.5328632030732072,-0.9968676472557934,-0.608373809496339,0.36231884057971014
L,10,STRADDLE,H1,e050,S,frozen_2024_2026,10.0,33,-0.06684884004221626,-1.5106874456675887,-0.946551513343774,-0.608373809496339,0.36363636363636365
L,10,STRADDLE,H2_15,e050,LS,pre_2019_2020,20.0,18,-0.01578300333667832,-0.4034983705833586,-0.5716326222879625,-0.3487840372387894,0.5
L,10,STRADDLE,H2_15,e050,LS,dev_2021_2023,20.0,36,-0.05243597276933104,-2.042446673527812,-0.8761622799740278,-0.19207874463480498,0.19444444444444445
L,10,STRADDLE,H2_15,e050,LS,hold_2024_2025,20.0,24,-0.05130697947502591,-1.5171074118834955,-0.8245078373554234,-0.19539316006262583,0.20833333333333334
L,10,STRADDLE,H2_15,e050,LS,ext_2026,20.0,9,-0.07752234407086758,-5.600837949571408,-0.5214116199414525,-0.13114329464858987,0.0
L,10,STRADDLE,H2_15,e050,LS,post_2021_2026,20.0,69,-0.05531541483672968,-2.0132535629250055,-0.9857686835945364,-0.19539316006262583,0.17391304347826086
L,10,STRADDLE,H2_15,e050,LS,frozen_2024_2026,20.0,33,-0.05845662436480092,-1.9687176738953647,-0.8850809236274788,-0.19539316006262583,0.15151515151515152
L,10,STRADDLE,H2_15,e050,L,pre_2019_2020,10.0,18,-0.008453992951558797,-0.17721271016865686,-0.5686519495172906,-0.2107709669379815,0.3888888888888889
L,10,STRADDLE,H2_15,e050,L,dev_2021_2023,10.0,36,-0.04755366419529578,-1.078886580901496,-0.899200032470671,-0.3370719365532281,0.25
L,10,STRADDLE,H2_15,e050,L,hold_2024_2025,10.0,24,-0.031334368163517916,-0.39169846082277165,-0.8698460372041844,-0.267536637509629,0.25
L,10,STRADDLE,H2_15,e050,L,ext_2026,10.0,9,-0.1030323824107417,-2.8316328426388204,-0.6562153110137562,-0.27483007860325326,0.4444444444444444
L,10,STRADDLE,H2_15,e050,L,post_2021_2026,10.0,69,-0.0491485244732138,-0.8476819595882218,-0.9907863518335299,-0.3370719365532281,0.2753623188405797
L,10,STRADDLE,H2_15,e050,L,frozen_2024_2026,10.0,33,-0.0508883720491244,-0.7183661674342617,-0.9189789769651004,-0.27483007860325326,0.30303030303030304
L,10,STRADDLE,H2_15,e050,S,pre_2019_2020,10.0,18,-0.023112013721797844,-0.30534386053858886,-0.8878316813769499,-0.8581060498230529,0.4444444444444444
L,10,STRADDLE,H2_15,e050,S,dev_2021_2023,10.0,36,-0.0573182813433663,-1.3756627766739054,-0.9350476199992649,-0.3730881646663262,0.3888888888888889
L,10,STRADDLE,H2_15,e050,S,hold_2024_2025,10.0,24,-0.0712795907865339,-1.523450942528641,-0.9119636032226957,-0.5537682565732944,0.3333333333333333
L,10,STRADDLE,H2_15,e050,S,ext_2026,10.0,9,-0.0520123057309935,-1.6270077477142966,-0.4562487128453476,-0.2669630014677818,0.3333333333333333
L,10,STRADDLE,H2_15,e050,S,post_2021_2026,10.0,69,-0.06148230520024554,-1.466023809125655,-0.9959988344250337,-0.5537682565732944,0.36231884057971014
L,10,STRADDLE,H2_15,e050,S,frozen_2024_2026,10.0,33,-0.06602487668047742,-1.5411987553987496,-0.9383984763157097,-0.5537682565732944,0.3333333333333333
L,10,STRADDLE,H2_25,e050,LS,pre_2019_2020,20.0,18,-0.023662951152378757,-0.6306063810652333,-0.5800003345580886,-0.33317125447424506,0.5
L,10,STRADDLE,H2_25,e050,LS,dev_2021_2023,20.0,36,-0.05335591722053385,-1.966487961275103,-0.8894753152351335,-0.2211498436753931,0.2222222222222222
L,10,STRADDLE,H2_25,e050,LS,hold_2024_2025,20.0,24,-0.04597241771317967,-1.347916152495793,-0.8102459781029268,-0.2205653798453781,0.20833333333333334
L,10,STRADDLE,H2_25,e050,LS,ext_2026,20.0,9,-0.07982470309625408,-4.215941734749305,-0.5596030638694314,-0.13636542742691043,0.1111111111111111
L,10,STRADDLE,H2_25,e050,LS,post_2021_2026,20.0,69,-0.05424019381046112,-1.8897714835595862,-0.9858315563197485,-0.2211498436753931,0.2028985507246377
L,10,STRADDLE,H2_25,e050,LS,frozen_2024_2026,20.0,33,-0.05520485918129087,-1.7955900805853022,-0.8796647808145239,-0.2205653798453781,0.18181818181818182
L,10,STRADDLE,H2_25,e050,L,pre_2019_2020,10.0,18,-0.008418948291262031,-0.15278057055193986,-0.6202085220021314,-0.25570507430175743,0.4444444444444444
L,10,STRADDLE,H2_25,e050,L,dev_2021_2023,10.0,36,-0.05140954403184949,-1.138062461027366,-0.9291142906991047,-0.3384603811505492,0.2777777777777778
L,10,STRADDLE,H2_25,e050,L,hold_2024_2025,10.0,24,-0.02222902960253384,-0.27737820640275657,-0.8658844578861397,-0.241216648501912,0.2916666666666667
L,10,STRADDLE,H2_25,e050,L,ext_2026,10.0,9,-0.09691947223186695,-2.319987358223149,-0.6677063149678826,-0.28532169160169696,0.4444444444444444
L,10,STRADDLE,H2_25,e050,L,post_2021_2026,10.0,69,-0.04719587747382892,-0.8007026049960223,-0.9906254275811156,-0.3384603811505492,0.30434782608695654
L,10,STRADDLE,H2_25,e050,L,frozen_2024_2026,10.0,33,-0.04259915031962469,-0.5937496426684332,-0.9018648499639803,-0.28532169160169696,0.3333333333333333
L,10,STRADDLE,H2_25,e050,S,pre_2019_2020,10.0,18,-0.03890695401349548,-0.48311306609891536,-0.9569802893377612,-0.9431768403084844,0.3888888888888889
L,10,STRADDLE,H2_25,e050,S,dev_2021_2023,10.0,36,-0.05530229040921821,-1.3844190581726499,-0.9283108336003771,-0.3509264306979134,0.3888888888888889
L,10,STRADDLE,H2_25,e050,S,hold_2024_2025,10.0,24,-0.06971580582382551,-1.3669408078114367,-0.9263765769377631,-0.5905480759238955,0.3333333333333333
L,10,STRADDLE,H2_25,e050,S,ext_2026,10.0,9,-0.06272993396064125,-2.2281086973214626,-0.48017030804659777,-0.29757906389287003,0.2222222222222222
L,10,STRADDLE,H2_25,e050,S,post_2021_2026,10.0,69,-0.061284510147093324,-1.4452701800984662,-0.9960977738152659,-0.5905480759238955,0.34782608695652173
L,10,STRADDLE,H2_25,e050,S,frozen_2024_2026,10.0,33,-0.06781056804295708,-1.4909512292761609,-0.9507915625116985,-0.5905480759238955,0.30303030303030304
L,10,STRANGLE25,H0,e000,LS,pre_2019_2020,20.0,18,-0.0775355257186226,-0.5780642576150964,-0.9918912744435305,-0.9009357844358581,0.3888888888888889
L,10,STRANGLE25,H0,e000,LS,dev_2021_2023,20.0,36,-0.04135732684370033,-0.4369235924067573,-0.9985031787582446,-0.8983840829532428,0.5277777777777778
L,10,STRANGLE25,H0,e000,LS,hold_2024_2025,20.0,24,-0.05371969874842523,-0.3827524765494615,-0.9991182398672673,-0.9625636452533499,0.375
L,10,STRANGLE25,H0,e000,LS,ext_2026,20.0,9,-0.13776283863822997,-1.5410431870708814,-0.8605519642407019,-0.6323598566905994,0.4444444444444444
L,10,STRANGLE25,H0,e000,LS,post_2021_2026,20.0,69,-0.058231914262021546,-0.5251144338758151,-0.9999985631192436,-0.9625636452533499,0.463768115942029
L,10,STRANGLE25,H0,e000,LS,frozen_2024_2026,20.0,33,-0.07664055508200833,-0.6007277916192983,-0.9997837108343655,-0.9625636452533499,0.3939393939393939
L,10,STRANGLE25,H0,e050,LS,pre_2019_2020,20.0,18,-0.17068200729716576,-1.243643335934838,-0.9998796434787927,-0.9877478777393514,0.2777777777777778
L,10,STRANGLE25,H0,e050,LS,dev_2021_2023,20.0,36,-0.14048071129301343,-1.4068027323558223,-1.0002753809023093,-1.171081085968885,0.3888888888888889
L,10,STRANGLE25,H0,e050,LS,hold_2024_2025,20.0,24,-0.14448772135406932,-1.023406038353343,-1.000219546040486,-1.0477485917260005,0.3333333333333333
L,10,STRANGLE25,H0,e050,LS,ext_2026,20.0,9,-0.2094027726729112,-2.3769310561657995,-0.9434321605483441,-0.6968262486773056,0.3333333333333333
L,10,STRANGLE25,H0,e050,LS,post_2021_2026,20.0,69,-0.150864288015976,-1.3318401383592318,-1.0002785524748823,-1.171081085968885,0.36231884057971014
L,10,STRANGLE25,H0,e050,LS,frozen_2024_2026,20.0,33,-0.16219182625920803,-1.2688765624846392,-1.000219546040486,-1.0477485917260005,0.3333333333333333
L,10,STRANGLE25,H0,e050,L,pre_2019_2020,10.0,18,0.15029549668132489,0.30585742055524456,-0.9999479920051406,-0.9707226353594451,0.2777777777777778
L,10,STRANGLE25,H0,e050,L,dev_2021_2023,10.0,36,-0.1920862575813843,-1.2013310300077196,-0.9999999333447029,-0.8269654875643419,0.25
L,10,STRANGLE25,H0,e050,L,hold_2024_2025,10.0,24,-0.10750636986863583,-0.6177399712787878,-0.9996038253558978,-0.8044803719442225,0.25
L,10,STRANGLE25,H0,e050,L,ext_2026,10.0,9,-0.1700092086345411,-1.1474880423601326,-0.969628262072344,-0.7656733663627979,0.4444444444444444
L,10,STRANGLE25,H0,e050,L,post_2021_2026,10.0,69,-0.15978755112301396,-0.9888089943313463,-0.9999999999904565,-0.8269654875643419,0.2753623188405797
L,10,STRANGLE25,H0,e050,L,frozen_2024_2026,10.0,33,-0.12455259862297363,-0.7535081022094392,-0.9999787285953151,-0.8044803719442225,0.30303030303030304
L,10,STRANGLE25,H0,e050,S,pre_2019_2020,10.0,18,-0.4916595112756565,-0.9145865757582549,-1.0919397743071377,-7.500905969604074,0.4444444444444444
L,10,STRANGLE25,H0,e050,S,dev_2021_2023,10.0,36,-0.08887516500464249,-0.48228161200918807,-1.0074369510735293,-2.015938070710882,0.5833333333333334
L,10,STRANGLE25,H0,e050,S,hold_2024_2025,10.0,24,-0.18146907283950273,-1.1628266858925773,-1.000188310311065,-1.5703473162896295,0.4166666666666667
L,10,STRANGLE25,H0,e050,S,ext_2026,10.0,9,-0.24879633671128143,-1.514223197455701,-1.1003645259561385,-1.4383668578133997,0.4444444444444444
L,10,STRANGLE25,H0,e050,S,post_2021_2026,10.0,69,-0.14194102490893806,-0.8308071616618933,-1.0074369510735293,-2.015938070710882,0.5072463768115942
L,10,STRANGLE25,H0,e050,S,frozen_2024_2026,10.0,33,-0.1998310538954424,-1.2810988590916543,-1.000188310311065,-1.5703473162896295,0.42424242424242425
L,10,STRANGLE25,H0,e100,LS,pre_2019_2020,20.0,18,-0.263828488875709,-1.8350774847538718,-1.0000180901819884,-1.074559971042844,0.2777777777777778
L,10,STRANGLE25,H0,e100,LS,dev_2021_2023,20.0,36,-0.23960409574232655,-2.2569002766733055,-1.0000111608835094,-1.4437780889845275,0.19444444444444445
L,10,STRANGLE25,H0,e100,LS,hold_2024_2025,20.0,24,-0.23525574395971346,-1.6474082328572575,-1.000006457906161,-1.1329335381986518,0.25
L,10,STRANGLE25,H0,e100,LS,ext_2026,20.0,9,-0.28104270670759257,-3.2357066920157767,-0.9797155916465871,-0.761292640664012,0.2222222222222222
L,10,STRANGLE25,H0,e100,LS,post_2021_2026,20.0,69,-0.24349666176993054,-2.0876133823260794,-1.0000111608835094,-1.4437780889845275,0.21739130434782608
L,10,STRANGLE25,H0,e100,LS,frozen_2024_2026,20.0,33,-0.24774309743640774,-1.924069877165203,-1.000006457906161,-1.1329335381986518,0.24242424242424243
L,10,STRANGLE25,H0,tick,LS,pre_2019_2020,20.0,18,-0.2726689167644993,-1.8936760369625605,-1.0000139883456198,-1.0849438716667916,0.2777777777777778
L,10,STRANGLE25,H0,tick,LS,dev_2021_2023,20.0,36,-0.24742396689230992,-2.330343615993423,-1.0000079238859563,-1.4541740464850865,0.16666666666666666
L,10,STRANGLE25,H0,tick,LS,hold_2024_2025,20.0,24,-0.24503298708424093,-1.7136244008557702,-1.0000001969298478,-1.1420799929254208,0.25
L,10,STRANGLE25,H0,tick,LS,ext_2026,20.0,9,-0.28832711250347764,-3.319610374791589,-0.9819519158368132,-0.7680366939931552,0.2222222222222222
L,10,STRANGLE25,H0,tick,LS,post_2021_2026,20.0,69,-0.25192751464748175,-2.158478284944705,-1.0000079238859563,-1.4541740464850865,0.2028985507246377
L,10,STRANGLE25,H0,tick,LS,frozen_2024_2026,20.0,33,-0.25684047583494185,-1.9926399249293718,-1.0000001969298478,-1.1420799929254208,0.24242424242424243
L,10,STRANGLE25,H1,e050,LS,pre_2019_2020,20.0,18,-0.07390532952133828,-1.0582494336122068,-0.8954503398310512,-0.7562355893366107,0.3888888888888889
L,10,STRANGLE25,H1,e050,LS,dev_2021_2023,20.0,36,-0.13869861191028654,-2.608065923208533,-0.9978771049740548,-0.41477210522504115,0.16666666666666666
L,10,STRANGLE25,H1,e050,LS,hold_2024_2025,20.0,24,-0.10098357868411804,-1.4975926841097917,-0.9706989944116462,-0.5539878988311427,0.25
L,10,STRANGLE25,H1,e050,LS,ext_2026,20.0,9,-0.13936339400415002,-3.6125406515543954,-0.7826957022502028,-0.35762724925513223,0.2222222222222222
L,10,STRANGLE25,H1,e050,LS,post_2021_2026,20.0,69,-0.12566705019168842,-2.222832569948269,-0.9999829802498551,-0.5539878988311427,0.2028985507246377
L,10,STRANGLE25,H1,e050,LS,frozen_2024_2026,20.0,33,-0.11145080104412676,-1.840907131432348,-0.9919827641325043,-0.5539878988311427,0.24242424242424243
L,10,STRANGLE25,H1,e050,L,pre_2019_2020,10.0,18,-0.01171717874138744,-0.10384683515359737,-0.8731487840331162,-0.4391904774906368,0.4444444444444444
L,10,STRANGLE25,H1,e050,L,dev_2021_2023,10.0,36,-0.10060653798015645,-1.1876524176943235,-0.9963495912979365,-0.5814023797176079,0.2777777777777778
L,10,STRANGLE25,H1,e050,L,hold_2024_2025,10.0,24,0.005566464709447762,0.03133088469765286,-0.9460368318460317,-0.42794923838627785,0.4166666666666667
L,10,STRANGLE25,H1,e050,L,ext_2026,10.0,9,-0.17033973743100514,-2.2169573499696122,-0.8792930391128742,-0.5214457011029336,0.3333333333333333
L,10,STRANGLE25,H1,e050,L,post_2021_2026,10.0,69,-0.07277243262518744,-0.5867169208701882,-0.9999565149090383,-0.5814023797176079,0.3333333333333333
L,10,STRANGLE25,H1,e050,L,frozen_2024_2026,10.0,33,-0.0424079540561303,-0.26988403031145597,-0.9880876103168368,-0.5214457011029336,0.3939393939393939
L,10,STRANGLE25,H1,e050,S,pre_2019_2020,10.0,18,-0.13609348030128918,-0.8874139316655275,-1.4282770090012988,-1.9709135674151455,0.5
L,10,STRANGLE25,H1,e050,S,dev_2021_2023,10.0,36,-0.17679068584041668,-1.8802649254553927,-0.9999963008431858,-0.9698898217937773,0.3055555555555556
L,10,STRANGLE25,H1,e050,S,hold_2024_2025,10.0,24,-0.20753362207768386,-1.8230418008094815,-1.0026457016024382,-1.4957887551425801,0.25
L,10,STRANGLE25,H1,e050,S,ext_2026,10.0,9,-0.10838705057729496,-1.6978226873188753,-0.802018642286675,-0.5585861104303792,0.3333333333333333
L,10,STRANGLE25,H1,e050,S,post_2021_2026,10.0,69,-0.1785616677581894,-1.832755597669151,-1.000000009786865,-1.4957887551425801,0.2898550724637681
L,10,STRANGLE25,H1,e050,S,frozen_2024_2026,10.0,33,-0.18049364803212326,-1.7613579688311238,-1.0026457016024382,-1.4957887551425801,0.2727272727272727
L,10,STRANGLE25,H2_15,e050,LS,pre_2019_2020,20.0,18,-0.05677354301023417,-0.8836377322949128,-0.8120603086312996,-0.6140792116649264,0.3888888888888889
L,10,STRANGLE25,H2_15,e050,LS,dev_2021_2023,20.0,36,-0.14203445165647158,-2.555817238723322,-0.9983453113026075,-0.46654984615271583,0.19444444444444445
L,10,STRANGLE25,H2_15,e050,LS,hold_2024_2025,20.0,24,-0.09774075673953626,-1.479000808827727,-0.9722804499901938,-0.49989137915769144,0.2916666666666667
L,10,STRANGLE25,H2_15,e050,LS,ext_2026,20.0,9,-0.11071538394508744,-2.501130182451685,-0.7351943393125902,-0.3616956039668096,0.3333333333333333
L,10,STRANGLE25,H2_15,e050,LS,post_2021_2026,20.0,69,-0.12254285328822659,-2.12238713177624,-0.9999817420953959,-0.49989137915769144,0.2463768115942029
L,10,STRANGLE25,H2_15,e050,LS,frozen_2024_2026,20.0,33,-0.10127929143195931,-1.6805934326172587,-0.9889659579878638,-0.49989137915769144,0.30303030303030304
L,10,STRANGLE25,H2_15,e050,L,pre_2019_2020,10.0,18,0.013171270763269963,0.10919598263187358,-0.8475675460504359,-0.43836109689768843,0.4444444444444444
L,10,STRANGLE25,H2_15,e050,L,dev_2021_2023,10.0,36,-0.11780931310568842,-1.4164219212153424,-0.9981761491268832,-0.5558257032520897,0.3055555555555556
L,10,STRANGLE25,H2_15,e050,L,hold_2024_2025,10.0,24,0.007104680065968973,0.04223083600856373,-0.9524385952606804,-0.4419858280615963,0.3333333333333333
L,10,STRANGLE25,H2_15,e050,L,ext_2026,10.0,9,-0.12369460252751037,-1.532197113764355,-0.8062341794680308,-0.4458695878749405,0.4444444444444444
L,10,STRANGLE25,H2_15,e050,L,post_2021_2026,10.0,69,-0.07512861410100176,-0.6303384823381517,-0.9999590178634137,-0.5558257032520897,0.3333333333333333
L,10,STRANGLE25,H2_15,e050,L,frozen_2024_2026,10.0,33,-0.028567851550434488,-0.191460745077911,-0.9775298862476183,-0.4458695878749405,0.36363636363636365
L,10,STRANGLE25,H2_15,e050,S,pre_2019_2020,10.0,18,-0.12671835678373825,-0.8022558041735056,-1.3879902778031934,-1.931458554233382,0.2777777777777778
L,10,STRANGLE25,H2_15,e050,S,dev_2021_2023,10.0,36,-0.16625959020725464,-1.6569810570360592,-1.003856880434429,-1.0635519657678676,0.4722222222222222
L,10,STRANGLE25,H2_15,e050,S,hold_2024_2025,10.0,24,-0.20258619354504145,-1.803255738778732,-1.0024195822780935,-1.4562226166745311,0.3333333333333333
L,10,STRANGLE25,H2_15,e050,S,ext_2026,10.0,9,-0.09773616536266454,-1.3238666795860834,-0.8130289620702634,-0.5902031730653114,0.3333333333333333
L,10,STRANGLE25,H2_15,e050,S,post_2021_2026,10.0,69,-0.16995709247545132,-1.6843427462724978,-1.003856880434429,-1.4562226166745311,0.4057971014492754
L,10,STRANGLE25,H2_15,e050,S,frozen_2024_2026,10.0,33,-0.1739907313134841,-1.6882322024853376,-1.0024195822780935,-1.4562226166745311,0.3333333333333333
L,10,STRANGLE25,H2_25,e050,LS,pre_2019_2020,20.0,18,-0.08689314932206525,-1.2067944061935312,-0.9235601986280088,-0.7134305093156987,0.3888888888888889
L,10,STRANGLE25,H2_25,e050,LS,dev_2021_2023,20.0,36,-0.1393601018250895,-2.053080384491571,-0.9988133145760929,-0.5726793351837929,0.19444444444444445
L,10,STRANGLE25,H2_25,e050,LS,hold_2024_2025,20.0,24,-0.074204158896442,-1.0473207073453001,-0.966092927242485,-0.6259280999886212,0.2916666666666667
L,10,STRANGLE25,H2_25,e050,LS,ext_2026,20.0,9,-0.12703155471438002,-2.610934158315666,-0.7657008417518633,-0.48331737277930625,0.2222222222222222
L,10,STRANGLE25,H2_25,e050,LS,post_2021_2026,20.0,69,-0.11508909379198912,-1.730195845203701,-0.9999818297535777,-0.6259280999886212,0.2318840579710145
L,10,STRANGLE25,H2_25,e050,LS,frozen_2024_2026,20.0,33,-0.08861163048315235,-1.3596507846986516,-0.984688236615902,-0.6259280999886212,0.2727272727272727
L,10,STRANGLE25,H2_25,e050,L,pre_2019_2020,10.0,18,-0.008413301815464926,-0.06575063747644692,-0.8966801325086982,-0.5030092593181248,0.3888888888888889
L,10,STRANGLE25,H2_25,e050,L,dev_2021_2023,10.0,36,-0.12266015114682534,-1.4520696461569327,-0.9984058929378965,-0.4783261510702883,0.2222222222222222
L,10,STRANGLE25,H2_25,e050,L,hold_2024_2025,10.0,24,0.0020185912159449335,0.013569750827203634,-0.9725355097449645,-0.5649769412495711,0.375
L,10,STRANGLE25,H2_25,e050,L,ext_2026,10.0,9,-0.17921705624444553,-1.7894112508360058,-0.9192463417865505,-0.6084677791736385,0.3333333333333333
L,10,STRANGLE25,H2_25,e050,L,post_2021_2026,10.0,69,-0.08667061968555134,-0.7684585469951288,-0.9999856637860626,-0.6084677791736385,0.2898550724637681
L,10,STRANGLE25,H2_25,e050,L,frozen_2024_2026,10.0,33,-0.04740931263688882,-0.34419253018391016,-0.9911731451418767,-0.6084677791736385,0.36363636363636365
L,10,STRANGLE25,H2_25,e050,S,pre_2019_2020,10.0,18,-0.16537299682866563,-0.9385440998816853,-1.3402685224897346,-2.1968477399625153,0.3333333333333333
L,10,STRANGLE25,H2_25,e050,S,dev_2021_2023,10.0,36,-0.15606005250335364,-1.3513883445911365,-1.002544961467752,-1.1194506862137152,0.5
L,10,STRANGLE25,H2_25,e050,S,hold_2024_2025,10.0,24,-0.15042690900882894,-1.3647079230330839,-1.0028418217574846,-1.23267124692484,0.4166666666666667
L,10,STRANGLE25,H2_25,e050,S,ext_2026,10.0,9,-0.07484605318431455,-0.9068554767896051,-0.8433161661506638,-0.49621119863653007,0.4444444444444444
L,10,STRANGLE25,H2_25,e050,S,post_2021_2026,10.0,69,-0.1435075678984269,-1.319120470922656,-1.002544961467752,-1.23267124692484,0.463768115942029
L,10,STRANGLE25,H2_25,e050,S,frozen_2024_2026,10.0,33,-0.1298139483294159,-1.2648659345276603,-1.0034159366829987,-1.23267124692484,0.42424242424242425
L,10,IFLY10,H0,e000,LS,pre_2019_2020,20.0,18,-0.004946466970794813,-0.09828807905108497,-0.4132091693579927,-0.2604589559454483,0.5555555555555556
L,10,IFLY10,H0,e000,LS,dev_2021_2023,20.0,36,-0.019454397197676346,-0.6765536936172223,-0.7104079166460361,-0.28942422382482247,0.3888888888888889
L,10,IFLY10,H0,e000,LS,hold_2024_2025,20.0,24,-0.018478039138568044,-0.4659904334305394,-0.6811604931604274,-0.22898497272221233,0.3333333333333333
L,10,IFLY10,H0,e000,LS,ext_2026,20.0,9,-0.06642813544975994,-1.552705186833698,-0.5431528065933947,-0.3295217948173856,0.3333333333333333
L,10,IFLY10,H0,e000,LS,post_2021_2026,20.0,69,-0.02524180373173653,-0.7304087491814122,-0.9146873018769359,-0.3295217948173856,0.36231884057971014
L,10,IFLY10,H0,e000,LS,frozen_2024_2026,20.0,33,-0.03155533813252946,-0.7823298144489554,-0.7887063321388692,-0.3295217948173856,0.3333333333333333
L,10,IFLY10,H0,e050,LS,pre_2019_2020,20.0,18,-0.07095813853546559,-1.4011900480320516,-0.8051823587532472,-0.33769228553813263,0.3333333333333333
L,10,IFLY10,H0,e050,LS,dev_2021_2023,20.0,36,-0.06464414121474829,-2.2349301155764003,-0.9342375205274371,-0.3666569591189131,0.25
L,10,IFLY10,H0,e050,LS,hold_2024_2025,20.0,24,-0.07128218616709099,-1.7381861549125508,-0.8818989041589701,-0.2705184468805578,0.25
L,10,IFLY10,H0,e050,LS,ext_2026,20.0,9,-0.12005630810610819,-2.905878127005236,-0.7163356618122773,-0.3739993572230733,0.2222222222222222
L,10,IFLY10,H0,e050,LS,post_2021_2026,20.0,69,-0.07418070035791442,-2.1170824249012417,-0.9973885970029921,-0.3739993572230733,0.2463768115942029
L,10,IFLY10,H0,e050,LS,frozen_2024_2026,20.0,33,-0.08458421942318659,-2.066066686525372,-0.9664989308090095,-0.3739993572230733,0.24242424242424243
L,10,IFLY10,H0,e050,L,pre_2019_2020,10.0,18,-0.02915885509624304,-0.2975713118819167,-0.8357282781658643,-0.590354466429527,0.5
L,10,IFLY10,H0,e050,L,dev_2021_2023,10.0,36,-0.04880737016923373,-0.8053060223049938,-0.9527163535861678,-0.3768984248155096,0.3611111111111111
L,10,IFLY10,H0,e050,L,hold_2024_2025,10.0,24,-0.0646120355789728,-0.9513707710063856,-0.9464030265080634,-0.3659776205344322,0.2916666666666667
L,10,IFLY10,H0,e050,L,ext_2026,10.0,9,-0.09021434574657086,-1.1390892331475067,-0.7544386644619242,-0.4509105777301142,0.4444444444444444
L,10,IFLY10,H0,e050,L,post_2021_2026,10.0,69,-0.0597055549522739,-0.9207440726717967,-0.997721714743563,-0.4509105777301142,0.34782608695652173
L,10,IFLY10,H0,e050,L,frozen_2024_2026,10.0,33,-0.07159448380649955,-1.0233586207234662,-0.9742790427941331,-0.4509105777301142,0.3333333333333333
L,10,IFLY10,H0,e050,S,pre_2019_2020,10.0,18,-0.11275742197468813,-1.46926220820898,-0.9634528636775075,-0.7892492648681334,0.3888888888888889
L,10,IFLY10,H0,e050,S,dev_2021_2023,10.0,36,-0.08048091226026283,-2.032722964058805,-0.9746673220881231,-0.4748754396618602,0.25
L,10,IFLY10,H0,e050,S,hold_2024_2025,10.0,24,-0.07795233675520917,-2.1946904973253503,-0.8891456602798238,-0.2991199760070235,0.4166666666666667
L,10,IFLY10,H0,e050,S,ext_2026,10.0,9,-0.14989827046564558,-3.751372832989453,-0.7965780212851268,-0.34599257983864695,0.2222222222222222
L,10,IFLY10,H0,e050,S,post_2021_2026,10.0,69,-0.08865584576355492,-2.3130499196125527,-0.999404841780257,-0.4748754396618602,0.30434782608695654
L,10,IFLY10,H0,e050,S,frozen_2024_2026,10.0,33,-0.09757395503987364,-2.613238713815209,-0.977449790864991,-0.34599257983864695,0.36363636363636365
L,10,IFLY10,H0,e100,LS,pre_2019_2020,20.0,18,-0.13696981010013634,-2.5848342421234616,-0.952392542131564,-0.414925615130817,0.2777777777777778
L,10,IFLY10,H0,e100,LS,dev_2021_2023,20.0,36,-0.10983388523182018,-3.721381255291184,-0.9882356826567024,-0.4438896944130038,0.1388888888888889
L,10,IFLY10,H0,e100,LS,hold_2024_2025,20.0,24,-0.1240863331956139,-2.903223482777993,-0.9711817800130168,-0.3188804573799163,0.16666666666666666
L,10,IFLY10,H0,e100,LS,ext_2026,20.0,9,-0.17368448076245654,-4.35114403592629,-0.8399284091149327,-0.4184769196287612,0.1111111111111111
L,10,IFLY10,H0,e100,LS,post_2021_2026,20.0,69,-0.12311959698409229,-3.428320498767198,-0.9999422371728627,-0.4438896944130038,0.14492753623188406
L,10,IFLY10,H0,e100,LS,frozen_2024_2026,20.0,33,-0.1376131007138437,-3.286510557847109,-0.9953870216802078,-0.4184769196287612,0.15151515151515152
L,10,IFLY10,H0,tick,LS,pre_2019_2020,20.0,18,-0.1400244597136945,-2.6400280480789378,-0.9555015580886068,-0.4188347981326541,0.2777777777777778
L,10,IFLY10,H0,tick,LS,dev_2021_2023,20.0,36,-0.11208229838508808,-3.7983794844277963,-0.989274570652834,-0.446683210775083,0.1388888888888889
L,10,IFLY10,H0,tick,LS,hold_2024_2025,20.0,24,-0.1264447547376978,-2.9577828035341445,-0.9729772248504187,-0.32072617136454007,0.16666666666666666
L,10,IFLY10,H0,tick,LS,ext_2026,20.0,9,-0.17592872203465224,-4.415932460816601,-0.8438338713903317,-0.4204602143305486,0.1111111111111111
L,10,IFLY10,H0,tick,LS,post_2021_2026,20.0,69,-0.12540572976637374,-3.492870770576999,-0.9999519201901093,-0.446683210775083,0.14492753623188406
L,10,IFLY10,H0,tick,LS,frozen_2024_2026,20.0,33,-0.13994038218232174,-3.343222220867991,-0.9957799578206004,-0.4204602143305486,0.15151515151515152
L,10,IFLY10,H1,e050,LS,pre_2019_2020,20.0,18,-0.06548751891775431,-2.121435933481544,-0.7426372619643988,-0.33854175048106727,0.2777777777777778
L,10,IFLY10,H1,e050,LS,dev_2021_2023,20.0,36,-0.07209602520916555,-3.725800615751535,-0.9381195982316242,-0.19291284303419282,0.1111111111111111
L,10,IFLY10,H1,e050,LS,hold_2024_2025,20.0,24,-0.07357551796163922,-2.9992232443016933,-0.8578166062792739,-0.19350469888681213,0.125
L,10,IFLY10,H1,e050,LS,ext_2026,20.0,9,-0.08158208369474351,-6.670619878941719,-0.5413228835350159,-0.13814972822826968,0.1111111111111111
L,10,IFLY10,H1,e050,LS,post_2021_2026,20.0,69,-0.07384794336031873,-3.6264957317154938,-0.9958643747834208,-0.19350469888681213,0.11594202898550725
L,10,IFLY10,H1,e050,LS,frozen_2024_2026,20.0,33,-0.0757591267979404,-3.490696457390277,-0.93316744723056,-0.19350469888681213,0.12121212121212122
L,10,IFLY10,H1,e050,L,pre_2019_2020,10.0,18,-0.0733983618204543,-1.4699163352575448,-0.8360285333172309,-0.49148147430894157,0.2222222222222222
L,10,IFLY10,H1,e050,L,dev_2021_2023,10.0,36,-0.037200672272926213,-1.039176833058655,-0.8061740361375221,-0.2597096136155294,0.3055555555555556
L,10,IFLY10,H1,e050,L,hold_2024_2025,10.0,24,-0.05741980458258807,-1.0715705438020615,-0.8971856660457057,-0.25512559449824257,0.25
L,10,IFLY10,H1,e050,L,ext_2026,10.0,9,-0.07373972675206747,-2.1609579176312566,-0.5666714790642293,-0.22618640486243802,0.4444444444444444
L,10,IFLY10,H1,e050,L,post_2021_2026,10.0,69,-0.048999377573566164,-1.1604995731769205,-0.9862033492695145,-0.2597096136155294,0.30434782608695654
L,10,IFLY10,H1,e050,L,frozen_2024_2026,10.0,33,-0.061870692446991546,-1.2737478085001528,-0.9288193879934765,-0.25512559449824257,0.30303030303030304
L,10,IFLY10,H1,e050,S,pre_2019_2020,10.0,18,-0.057576676015054354,-2.189380916015326,-0.6826421522895241,-0.21521548420208192,0.2777777777777778
L,10,IFLY10,H1,e050,S,dev_2021_2023,10.0,36,-0.10699137814540488,-5.198417878035305,-0.9848407901856712,-0.2675669999391171,0.027777777777777776
L,10,IFLY10,H1,e050,S,hold_2024_2025,10.0,24,-0.08973123134069037,-4.3385794421347095,-0.9026429180263709,-0.24378663112773252,0.08333333333333333
L,10,IFLY10,H1,e050,S,ext_2026,10.0,9,-0.0894244406374196,-2.9618171270414275,-0.5926137967926155,-0.28327828004283945,0.2222222222222222
L,10,IFLY10,H1,e050,S,post_2021_2026,10.0,69,-0.09869650914707132,-4.522309800353649,-0.9993987564514647,-0.28327828004283945,0.07246376811594203
L,10,IFLY10,H1,e050,S,frozen_2024_2026,10.0,33,-0.08964756114888923,-3.8745564132198713,-0.9603380680194131,-0.28327828004283945,0.12121212121212122
L,10,IFLY10,H2_15,e050,LS,pre_2019_2020,20.0,18,-0.06851127969164236,-2.241477322967012,-0.751457193429665,-0.3146133446649362,0.2777777777777778
L,10,IFLY10,H2_15,e050,LS,dev_2021_2023,20.0,36,-0.06891405289935722,-3.6226922696616164,-0.9297695492145398,-0.18975918062581115,0.1111111111111111
L,10,IFLY10,H2_15,e050,LS,hold_2024_2025,20.0,24,-0.06932605250980821,-2.859211711267572,-0.8368471065182888,-0.19529685706054128,0.08333333333333333
L,10,IFLY10,H2_15,e050,LS,ext_2026,20.0,9,-0.08510253300296347,-6.8677678980750905,-0.5548043201472521,-0.15149590217308567,0.0
L,10,IFLY10,H2_15,e050,LS,post_2021_2026,20.0,69,-0.07116889799476708,-3.5336456151171496,-0.9948988137823006,-0.19529685706054128,0.08695652173913043
L,10,IFLY10,H2_15,e050,LS,frozen_2024_2026,20.0,33,-0.07362872900794147,-3.4137881130782093,-0.9273650366664666,-0.19529685706054128,0.06060606060606061
L,10,IFLY10,H2_15,e050,L,pre_2019_2020,10.0,18,-0.07909241985717592,-1.6468733952039767,-0.8380526353307131,-0.42487321952129536,0.2222222222222222
L,10,IFLY10,H2_15,e050,L,dev_2021_2023,10.0,36,-0.03497505399845566,-0.989196195646255,-0.7877673802442108,-0.2610973403574695,0.2777777777777778
L,10,IFLY10,H2_15,e050,L,hold_2024_2025,10.0,24,-0.04970436424667238,-0.898723283551022,-0.878300132537067,-0.26249710234528373,0.25
L,10,IFLY10,H2_15,e050,L,ext_2026,10.0,9,-0.07948829700396458,-2.0889048051470165,-0.592157018691203,-0.2593113018245009,0.4444444444444444
L,10,IFLY10,H2_15,e050,L,post_2021_2026,10.0,69,-0.045904367520293074,-1.0625291659970928,-0.9828241284849689,-0.26249710234528373,0.2898550724637681
L,10,IFLY10,H2_15,e050,L,frozen_2024_2026,10.0,33,-0.05782725499866117,-1.1394532594794908,-0.9190705390396868,-0.26249710234528373,0.30303030303030304
L,10,IFLY10,H2_15,e050,S,pre_2019_2020,10.0,18,-0.05793013952610879,-1.8540598584682524,-0.6944429328681834,-0.22561318908630462,0.2777777777777778
L,10,IFLY10,H2_15,e050,S,dev_2021_2023,10.0,36,-0.10285305180025878,-4.701976011093711,-0.9823434408254794,-0.2847715070410068,0.027777777777777776
L,10,IFLY10,H2_15,e050,S,hold_2024_2025,10.0,24,-0.08894774077294404,-4.079286830187392,-0.901573317941316,-0.2946053069607614,0.08333333333333333
L,10,IFLY10,H2_15,e050,S,ext_2026,10.0,9,-0.09071676900196238,-3.1029465826305924,-0.5968572155276914,-0.2926866330861391,0.1111111111111111
L,10,IFLY10,H2_15,e050,S,post_2021_2026,10.0,69,-0.09643342846924108,-4.2639727994790935,-0.9992993876141592,-0.2946053069607614,0.057971014492753624
L,10,IFLY10,H2_15,e050,S,frozen_2024_2026,10.0,33,-0.08943020301722177,-3.7945230561648025,-0.9603199933284915,-0.2946053069607614,0.09090909090909091
L,10,IFLY10,H2_25,e050,LS,pre_2019_2020,20.0,18,-0.07139317725290877,-2.4993472238705103,-0.7615708364472675,-0.3032349658549267,0.2222222222222222
L,10,IFLY10,H2_25,e050,LS,dev_2021_2023,20.0,36,-0.06955099708207452,-3.586133705078694,-0.9317989223845122,-0.17800253121851167,0.16666666666666666
L,10,IFLY10,H2_25,e050,LS,hold_2024_2025,20.0,24,-0.059945162816873836,-2.303705160296418,-0.8300712474489422,-0.19177131003420797,0.16666666666666666
L,10,IFLY10,H2_25,e050,LS,ext_2026,20.0,9,-0.08556495191429198,-5.118562625294901,-0.5663820687445178,-0.1994251694846911,0.1111111111111111
L,10,IFLY10,H2_25,e050,LS,post_2021_2026,20.0,69,-0.06829861405490266,-3.1812978613654934,-0.9939399698539698,-0.1994251694846911,0.15942028985507245
L,10,IFLY10,H2_25,e050,LS,frozen_2024_2026,20.0,33,-0.0669323780252606,-2.809120441667978,-0.911144656977472,-0.1994251694846911,0.15151515151515152
L,10,IFLY10,H2_25,e050,L,pre_2019_2020,10.0,18,-0.06992522943168084,-1.5895120335098765,-0.7995731961477883,-0.34619359874205,0.3888888888888889
L,10,IFLY10,H2_25,e050,L,dev_2021_2023,10.0,36,-0.033428507045355965,-0.9799506496845022,-0.7746830636722053,-0.3338051337489315,0.3333333333333333
L,10,IFLY10,H2_25,e050,L,hold_2024_2025,10.0,24,-0.047501768196190876,-0.8726621679901678,-0.8982151155696797,-0.2363713927789825,0.2916666666666667
L,10,IFLY10,H2_25,e050,L,ext_2026,10.0,9,-0.06559277384272495,-1.6338291790997377,-0.5425866320383922,-0.3053426129368415,0.4444444444444444
L,10,IFLY10,H2_25,e050,L,post_2021_2026,10.0,69,-0.04251889354965103,-1.0019047129459124,-0.9782431392328739,-0.3338051337489315,0.3333333333333333
L,10,IFLY10,H2_25,e050,L,frozen_2024_2026,10.0,33,-0.052435678827063806,-1.040801943063201,-0.9034388576299746,-0.3053426129368415,0.3333333333333333
L,10,IFLY10,H2_25,e050,S,pre_2019_2020,10.0,18,-0.07286112507413667,-2.2761448324249054,-0.7730205705666497,-0.26027633296780334,0.2777777777777778
L,10,IFLY10,H2_25,e050,S,dev_2021_2023,10.0,36,-0.1056734871187931,-4.461077574805799,-0.9848585495549664,-0.3125868082372488,0.05555555555555555
L,10,IFLY10,H2_25,e050,S,hold_2024_2025,10.0,24,-0.07238855743755679,-3.8084177170862628,-0.8445493514775371,-0.20462910075165638,0.25
L,10,IFLY10,H2_25,e050,S,ext_2026,10.0,9,-0.105537129985859,-4.021409882625445,-0.6489157838448694,-0.28136643921419446,0.1111111111111111
L,10,IFLY10,H2_25,e050,S,post_2021_2026,10.0,69,-0.09407833456015427,-4.1526339748925025,-0.9991736361261396,-0.3125868082372488,0.13043478260869565
L,10,IFLY10,H2_25,e050,S,frozen_2024_2026,10.0,33,-0.0814290772234574,-3.836095943518813,-0.9454237309126844,-0.28136643921419446,0.21212121212121213
L,10,IFLY15,H0,e000,LS,pre_2019_2020,20.0,18,-0.016052793195227993,-0.30701518323611665,-0.5537940794933089,-0.2976647474784563,0.3888888888888889
L,10,IFLY15,H0,e000,LS,dev_2021_2023,20.0,36,-0.017390962845182153,-0.503362032879665,-0.779177908698014,-0.4107982162067919,0.4722222222222222
L,10,IFLY15,H0,e000,LS,hold_2024_2025,20.0,24,-0.02154632549210247,-0.5843512229790992,-0.7203596218448274,-0.25559974123446805,0.4166666666666667
L,10,IFLY15,H0,e000,LS,ext_2026,20.0,9,-0.09073551015414855,-2.535053053726765,-0.6070301543359922,-0.31744043900957963,0.2222222222222222
L,10,IFLY15,H0,e000,LS,post_2021_2026,20.0,69,-0.02840298645832397,-0.7955844775840202,-0.9421169006177472,-0.4107982162067919,0.42028985507246375
L,10,IFLY15,H0,e000,LS,frozen_2024_2026,20.0,33,-0.040416103127205956,-1.08833714967195,-0.841758018786757,-0.31744043900957963,0.36363636363636365
L,10,IFLY15,H0,e050,LS,pre_2019_2020,20.0,18,-0.10305154421117807,-1.8660888979296777,-0.9037079952461075,-0.39572146185098683,0.2777777777777778
L,10,IFLY15,H0,e050,LS,dev_2021_2023,20.0,36,-0.08279193562239326,-2.2370362798705687,-0.976170984070666,-0.5609831929463198,0.25
L,10,IFLY15,H0,e050,LS,hold_2024_2025,20.0,24,-0.09382843772158828,-2.3782871856655543,-0.9276159399917696,-0.30804128186702256,0.20833333333333334
L,10,IFLY15,H0,e050,LS,ext_2026,20.0,9,-0.1597643944078375,-4.594765738783777,-0.8085866059601039,-0.38476067006563996,0.1111111111111111
L,10,IFLY15,H0,e050,LS,post_2021_2026,20.0,69,-0.0966706048897799,-2.5596709956676933,-0.9996281013649246,-0.5609831929463198,0.21739130434782608
L,10,IFLY15,H0,e050,LS,frozen_2024_2026,20.0,33,-0.1118109713632926,-2.891700245151528,-0.9861447213994371,-0.38476067006563996,0.18181818181818182
L,10,IFLY15,H0,e050,L,pre_2019_2020,10.0,18,-0.03930964283225412,-0.4357955979518894,-0.8548134427164972,-0.5546074963336453,0.5
L,10,IFLY15,H0,e050,L,dev_2021_2023,10.0,36,-0.03502369223357977,-0.5849949112494529,-0.9302471674704446,-0.42523188998302014,0.3333333333333333
L,10,IFLY15,H0,e050,L,hold_2024_2025,10.0,24,-0.06424175358973054,-1.121989868359524,-0.9360235719664609,-0.3708508634778308,0.3333333333333333
L,10,IFLY15,H0,e050,L,ext_2026,10.0,9,-0.12356367448956715,-1.9203269785546502,-0.7835735385461576,-0.4050793091293442,0.2222222222222222
L,10,IFLY15,H0,e050,L,post_2021_2026,10.0,69,-0.05673518952128274,-0.9572797660571501,-0.9964082318855111,-0.42523188998302014,0.3188405797101449
L,10,IFLY15,H0,e050,L,frozen_2024_2026,10.0,33,-0.08042045928968597,-1.3688949015778324,-0.9746641832707558,-0.4050793091293442,0.30303030303030304
L,10,IFLY15,H0,e050,S,pre_2019_2020,10.0,18,-0.166793445590102,-1.7911780777994322,-1.0079511713755969,-1.0296373393728295,0.2222222222222222
L,10,IFLY15,H0,e050,S,dev_2021_2023,10.0,36,-0.1305601790112067,-2.156774613305167,-0.999015359235038,-0.8368984562638768,0.3055555555555556
L,10,IFLY15,H0,e050,S,hold_2024_2025,10.0,24,-0.12341512185344601,-2.854199242687187,-0.9697704052920216,-0.40884759232406304,0.20833333333333334
L,10,IFLY15,H0,e050,S,ext_2026,10.0,9,-0.1959651143261078,-4.181734323151691,-0.8806983146167142,-0.41427515351112715,0.2222222222222222
L,10,IFLY15,H0,e050,S,post_2021_2026,10.0,69,-0.13660602025827706,-2.5713128035892976,-0.999996448950587,-0.8368984562638768,0.2608695652173913
L,10,IFLY15,H0,e050,S,frozen_2024_2026,10.0,33,-0.14320148343689926,-3.216127762279432,-0.9963935584028846,-0.41427515351112715,0.21212121212121213
L,10,IFLY15,H0,e100,LS,pre_2019_2020,20.0,18,-0.19005029522712813,-3.068496950000726,-0.9881945719995052,-0.6032625118096194,0.2222222222222222
L,10,IFLY15,H0,e100,LS,dev_2021_2023,20.0,36,-0.14819290839960428,-3.695622804809868,-0.998405608848415,-0.711168169685848,0.08333333333333333
L,10,IFLY15,H0,e100,LS,hold_2024_2025,20.0,24,-0.16611054995107408,-3.8873534238377685,-0.9910618425092605,-0.3971965592561862,0.125
L,10,IFLY15,H0,e100,LS,ext_2026,20.0,9,-0.22879327866152646,-6.739953873105648,-0.9125702270918685,-0.4520809011217004,0.0
L,10,IFLY15,H0,e100,LS,post_2021_2026,20.0,69,-0.1649382233212358,-4.07511827290057,-0.9999987540453693,-0.711168169685848,0.08695652173913043
L,10,IFLY15,H0,e100,LS,frozen_2024_2026,20.0,33,-0.18320583959937928,-4.486557489365652,-0.9992185389203675,-0.4520809011217004,0.09090909090909091
L,10,IFLY15,H0,tick,LS,pre_2019_2020,20.0,18,-0.19383971848194823,-3.12511071793165,-0.9892448238830753,-0.6072315418133326,0.16666666666666666
L,10,IFLY15,H0,tick,LS,dev_2021_2023,20.0,36,-0.151187120793463,-3.766829026490605,-0.9986081177016176,-0.7154187532179073,0.08333333333333333
L,10,IFLY15,H0,tick,LS,hold_2024_2025,20.0,24,-0.16949372901585602,-3.9639481968139063,-0.99192170988581,-0.40057469461085304,0.125
L,10,IFLY15,H0,tick,LS,ext_2026,20.0,9,-0.23168369730135469,-6.836003873865918,-0.9155232118328033,-0.4552227329421064,0.0
L,10,IFLY15,H0,tick,LS,post_2021_2026,20.0,69,-0.16805419015445514,-4.149852417467778,-0.9999990501405431,-0.7154187532179073,0.08695652173913043
L,10,IFLY15,H0,tick,LS,frozen_2024_2026,20.0,33,-0.1864546294573556,-4.566471792512297,-0.9993175719972704,-0.4552227329421064,0.09090909090909091
L,10,IFLY15,H1,e050,LS,pre_2019_2020,20.0,18,-0.08577998885597853,-2.495025165872335,-0.8382854305978251,-0.41486247694660633,0.2777777777777778
L,10,IFLY15,H1,e050,LS,dev_2021_2023,20.0,36,-0.10373100221170344,-4.757813406833658,-0.9828647427600605,-0.29754716960489136,0.08333333333333333
L,10,IFLY15,H1,e050,LS,hold_2024_2025,20.0,24,-0.09813678438110356,-3.941644506719463,-0.9243824827858718,-0.23235680637634512,0.08333333333333333
L,10,IFLY15,H1,e050,LS,ext_2026,20.0,9,-0.10472729989195909,-9.225834337968235,-0.633290852154065,-0.15110125830336257,0.0
L,10,IFLY15,H1,e050,LS,post_2021_2026,20.0,69,-0.10191513918544116,-4.700308694775433,-0.9995248455659679,-0.29754716960489136,0.07246376811594203
L,10,IFLY15,H1,e050,LS,frozen_2024_2026,20.0,33,-0.09993419770224597,-4.568521074713716,-0.9722703647001817,-0.23235680637634512,0.06060606060606061
L,10,IFLY15,H1,e050,L,pre_2019_2020,10.0,18,-0.07374512373562231,-1.632588693214911,-0.834974807736025,-0.4288653237950464,0.2222222222222222
L,10,IFLY15,H1,e050,L,dev_2021_2023,10.0,36,-0.0420251013580162,-1.1468814208637277,-0.8430700518642376,-0.3302341078992097,0.2777777777777778
L,10,IFLY15,H1,e050,L,hold_2024_2025,10.0,24,-0.0647273306482428,-1.3483037827709456,-0.8875074553303324,-0.24821785134570118,0.25
L,10,IFLY15,H1,e050,L,ext_2026,10.0,9,-0.09195431055511188,-3.251770296036767,-0.6297751749077725,-0.22165224435197603,0.1111111111111111
L,10,IFLY15,H1,e050,L,post_2021_2026,10.0,69,-0.05643403448467273,-1.4153791475784312,-0.9915696657047033,-0.3302341078992097,0.2463768115942029
L,10,IFLY15,H1,e050,L,frozen_2024_2026,10.0,33,-0.07215287062284347,-1.6689724291070593,-0.9467507140209497,-0.24821785134570118,0.21212121212121213
L,10,IFLY15,H1,e050,S,pre_2019_2020,10.0,18,-0.09781485397633471,-2.7140603600954845,-0.8684393151753083,-0.4008596300981663,0.16666666666666666
L,10,IFLY15,H1,e050,S,dev_2021_2023,10.0,36,-0.16543690306539066,-5.267742117019533,-0.9989495914890989,-0.554334845618453,0.027777777777777776
L,10,IFLY15,H1,e050,S,hold_2024_2025,10.0,24,-0.1315462381139643,-5.433973384347276,-0.9694924816833903,-0.26889940436895976,0.08333333333333333
L,10,IFLY15,H1,e050,S,ext_2026,10.0,9,-0.11750028922880627,-3.7100626524028457,-0.6949078810276699,-0.28272564587434135,0.1111111111111111
L,10,IFLY15,H1,e050,S,post_2021_2026,10.0,69,-0.1473962438862096,-5.0394055767150805,-0.9999902232141643,-0.554334845618453,0.057971014492753624
L,10,IFLY15,H1,e050,S,frozen_2024_2026,10.0,33,-0.12771552478164847,-4.914563555258167,-0.9906923965921984,-0.28272564587434135,0.09090909090909091
L,10,IFLY15,H2_15,e050,LS,pre_2019_2020,20.0,18,-0.09373418430918205,-2.551582350732309,-0.859384749151898,-0.4221878142821335,0.2777777777777778
L,10,IFLY15,H2_15,e050,LS,dev_2021_2023,20.0,36,-0.10313550912816515,-4.835987891752894,-0.9824099275647257,-0.3034264409215789,0.05555555555555555
L,10,IFLY15,H2_15,e050,LS,hold_2024_2025,20.0,24,-0.09030626811920799,-3.5533470186143656,-0.9071845756731003,-0.2412540573790957,0.125
L,10,IFLY15,H2_15,e050,LS,ext_2026,20.0,9,-0.10730567557277565,-10.870515543737941,-0.6420500858436115,-0.13929585953339527,0.0
L,10,IFLY15,H2_15,e050,LS,post_2021_2026,20.0,69,-0.09921709918304229,-4.587469312607096,-0.9994156002183993,-0.3034264409215789,0.07246376811594203
L,10,IFLY15,H2_15,e050,LS,frozen_2024_2026,20.0,33,-0.09494247015199918,-4.273732739146626,-0.9667767268297974,-0.2412540573790957,0.09090909090909091
L,10,IFLY15,H2_15,e050,L,pre_2019_2020,10.0,18,-0.0769503371085508,-1.8300476430994068,-0.8173929023136639,-0.37323625771982405,0.2777777777777778
L,10,IFLY15,H2_15,e050,L,dev_2021_2023,10.0,36,-0.04390823160586873,-1.288663886469977,-0.8481238484209777,-0.3523013829613926,0.3055555555555556
L,10,IFLY15,H2_15,e050,L,hold_2024_2025,10.0,24,-0.05957421818713685,-1.2961598184277283,-0.878519830906202,-0.26522242342945945,0.2916666666666667
L,10,IFLY15,H2_15,e050,L,ext_2026,10.0,9,-0.0884658853042294,-2.924844231083013,-0.617454542869428,-0.24833783466386752,0.2222222222222222
L,10,IFLY15,H2_15,e050,L,post_2021_2026,10.0,69,-0.05516913829044382,-1.4547970528747893,-0.9901492471578197,-0.3523013829613926,0.2898550724637681
L,10,IFLY15,H2_15,e050,L,frozen_2024_2026,10.0,33,-0.06745376376452572,-1.607268732756309,-0.9351395677348666,-0.26522242342945945,0.2727272727272727
L,10,IFLY15,H2_15,e050,S,pre_2019_2020,10.0,18,-0.11051803150981328,-2.457879466340405,-0.9080853286526855,-0.47113937084444285,0.16666666666666666
L,10,IFLY15,H2_15,e050,S,dev_2021_2023,10.0,36,-0.16236278665046153,-4.853685059077083,-0.9988457860165205,-0.558396559276978,0.05555555555555555
L,10,IFLY15,H2_15,e050,S,hold_2024_2025,10.0,24,-0.12103831805127914,-4.43717854001696,-0.9604073671605255,-0.28544686930595664,0.041666666666666664
L,10,IFLY15,H2_15,e050,S,ext_2026,10.0,9,-0.12614546584132189,-3.980840855101402,-0.7214374701400958,-0.30591130326165206,0.1111111111111111
L,10,IFLY15,H2_15,e050,S,post_2021_2026,10.0,69,-0.14326506007564074,-4.577312205254731,-0.9999872701463125,-0.558396559276978,0.057971014492753624
L,10,IFLY15,H2_15,e050,S,frozen_2024_2026,10.0,33,-0.12243117653947264,-4.366136970846033,-0.9889709760324217,-0.30591130326165206,0.06060606060606061
L,10,IFLY15,H2_25,e050,LS,pre_2019_2020,20.0,18,-0.09499623888500809,-2.3689071499610805,-0.877752445742561,-0.44452418566820207,0.2777777777777778
L,10,IFLY15,H2_25,e050,LS,dev_2021_2023,20.0,36,-0.09516586687413907,-4.183889958136902,-0.9761815514963947,-0.319778373324237,0.1111111111111111
L,10,IFLY15,H2_25,e050,LS,hold_2024_2025,20.0,24,-0.0871897316917248,-3.44879582590614,-0.8992651463425577,-0.23431565399849438,0.16666666666666666
L,10,IFLY15,H2_25,e050,LS,ext_2026,20.0,9,-0.13800014427348412,-10.235121420896489,-0.7403226974741813,-0.21159033605880792,0.0
L,10,IFLY15,H2_25,e050,LS,post_2021_2026,20.0,69,-0.0979786386453878,-4.274920405555114,-0.9993769438031818,-0.319778373324237,0.11594202898550725
L,10,IFLY15,H2_25,e050,LS,frozen_2024_2026,20.0,33,-0.10104711694129552,-4.313231658325974,-0.9738414449319023,-0.23431565399849438,0.12121212121212122
L,10,IFLY15,H2_25,e050,L,pre_2019_2020,10.0,18,-0.07874404020031284,-1.7392403179223948,-0.8322711072016874,-0.27970585586165264,0.3333333333333333
L,10,IFLY15,H2_25,e050,L,dev_2021_2023,10.0,36,-0.032411558850698,-0.8775236514139096,-0.7775586836230453,-0.3838989611588931,0.3333333333333333
L,10,IFLY15,H2_25,e050,L,hold_2024_2025,10.0,24,-0.06353633331816422,-1.4686469880801163,-0.8828502501538124,-0.23864038464762505,0.2916666666666667
L,10,IFLY15,H2_25,e050,L,ext_2026,10.0,9,-0.10650687998029712,-2.9654931740848642,-0.6801375966468035,-0.3009650099719432,0.2222222222222222
L,10,IFLY15,H2_25,e050,L,post_2021_2026,10.0,69,-0.05290217446498179,-1.3478528407442973,-0.9888734456086395,-0.3838989611588931,0.30434782608695654
L,10,IFLY15,H2_25,e050,L,frozen_2024_2026,10.0,33,-0.07525557331692774,-1.8256699006528134,-0.9500122566732054,-0.3009650099719432,0.2727272727272727
L,10,IFLY15,H2_25,e050,S,pre_2019_2020,10.0,18,-0.11124843756970332,-2.283814850269314,-0.9271610802213598,-0.6093425154747517,0.16666666666666666
L,10,IFLY15,H2_25,e050,S,dev_2021_2023,10.0,36,-0.15792017489758015,-4.3026748499020195,-0.9987441006165442,-0.5915307227759469,0.08333333333333333
L,10,IFLY15,H2_25,e050,S,hold_2024_2025,10.0,24,-0.11084313006528539,-4.221106607172948,-0.9470058408271351,-0.2538516625148903,0.125
L,10,IFLY15,H2_25,e050,S,ext_2026,10.0,9,-0.16949340856667114,-5.635936065424015,-0.8237074925728832,-0.34001546129927745,0.0
L,10,IFLY15,H2_25,e050,S,post_2021_2026,10.0,69,-0.1430551028257939,-4.351081550368336,-0.9999882667936687,-0.5915307227759469,0.08695652173913043
L,10,IFLY15,H2_25,e050,S,frozen_2024_2026,10.0,33,-0.12683866056566329,-4.540523087385423,-0.990657526800424,-0.34001546129927745,0.09090909090909091
L,10,SSPREAD,H0,e000,LS,pre_2019_2020,20.0,18,-0.06734163084554075,-0.8000710052052266,-0.8775020427474272,-0.4344577205209196,0.3333333333333333
L,10,SSPREAD,H0,e000,LS,dev_2021_2023,20.0,36,-0.08862066422950528,-1.573012569985925,-0.9882928887402844,-0.36036527253265105,0.25
L,10,SSPREAD,H0,e000,LS,hold_2024_2025,20.0,24,-0.050364132924606474,-0.6868900140202697,-0.8958032147777675,-0.3387990406734578,0.2916666666666667
L,10,SSPREAD,H0,e000,LS,ext_2026,20.0,9,-0.039762570309284456,-0.5404768682005687,-0.5832182416893024,-0.4051973991314661,0.3333333333333333
L,10,SSPREAD,H0,e000,LS,post_2021_2026,20.0,69,-0.06894124978603344,-1.0733554010746393,-0.9987418298034285,-0.4051973991314661,0.2753623188405797
L,10,SSPREAD,H0,e000,LS,frozen_2024_2026,20.0,33,-0.0474727976658823,-0.6571228160457913,-0.943900637126014,-0.4051973991314661,0.30303030303030304
L,10,SSPREAD,H0,e050,LS,pre_2019_2020,20.0,18,-0.17488015358182116,-2.3873082869814346,-0.9868455568761638,-0.5261957912732715,0.3333333333333333
L,10,SSPREAD,H0,e050,LS,dev_2021_2023,20.0,36,-0.15266754463160317,-2.7647390773723477,-0.999034407702279,-0.4134713415275299,0.16666666666666666
L,10,SSPREAD,H0,e050,LS,hold_2024_2025,20.0,24,-0.12796842637721353,-1.7608479361536202,-0.9868924270430545,-0.415297719730564,0.25
L,10,SSPREAD,H0,e050,LS,ext_2026,20.0,9,-0.12550245858215078,-1.8197555617323034,-0.7899969630943525,-0.46740811662827075,0.3333333333333333
L,10,SSPREAD,H0,e050,LS,post_2021_2026,20.0,69,-0.14053327488449563,-2.241997476534428,-0.9999958920785054,-0.46740811662827075,0.21739130434782608
L,10,SSPREAD,H0,e050,LS,frozen_2024_2026,20.0,33,-0.1272958897058328,-1.8028838540358345,-0.9970918825988077,-0.46740811662827075,0.2727272727272727
L,10,SSPREAD,H0,e050,L,pre_2019_2020,10.0,18,-0.2357545425495321,-1.4397221875645865,-1.000014570100645,-1.0030387032939543,0.3888888888888889
L,10,SSPREAD,H0,e050,L,dev_2021_2023,10.0,36,-0.20715021358761504,-1.700934857221491,-0.999998463623211,-0.7647002850894236,0.16666666666666666
L,10,SSPREAD,H0,e050,L,hold_2024_2025,10.0,24,-0.14812652947618263,-1.149333990800031,-0.9989360167314622,-0.6932326055645534,0.25
L,10,SSPREAD,H0,e050,L,ext_2026,10.0,9,-0.09835803681429993,-0.6565614937416799,-0.9399804200317191,-0.6825805836791774,0.4444444444444444
L,10,SSPREAD,H0,e050,L,post_2021_2026,10.0,69,-0.17242995257842356,-1.3621773587548518,-0.9999999996032175,-0.7647002850894236,0.2318840579710145
L,10,SSPREAD,H0,e050,L,frozen_2024_2026,10.0,33,-0.13455330420476005,-1.014483019839213,-0.9999042542343993,-0.6932326055645534,0.30303030303030304
L,10,SSPREAD,H0,e050,S,pre_2019_2020,10.0,18,-0.11400576461411019,-1.6016521022735877,-0.9662165382702121,-0.8153936587310253,0.3888888888888889
L,10,SSPREAD,H0,e050,S,dev_2021_2023,10.0,36,-0.09818487567559132,-2.693619125539859,-0.984301154411396,-0.5516228656070354,0.19444444444444445
L,10,SSPREAD,H0,e050,S,hold_2024_2025,10.0,24,-0.10781032327824451,-3.341261523362459,-0.9487219109747279,-0.3853443972455607,0.08333333333333333
L,10,SSPREAD,H0,e050,S,ext_2026,10.0,9,-0.1526468803500016,-4.2220338459208095,-0.7989161783833097,-0.31067860307389444,0.2222222222222222
L,10,SSPREAD,H0,e050,S,post_2021_2026,10.0,69,-0.10863659719056766,-3.115363409617923,-0.9998308945348289,-0.5516228656070354,0.15942028985507245
L,10,SSPREAD,H0,e050,S,frozen_2024_2026,10.0,33,-0.12003847520690553,-3.603990829540192,-0.9896888058935974,-0.3853443972455607,0.12121212121212122
L,10,SSPREAD,H0,e100,LS,pre_2019_2020,20.0,18,-0.2824186763181016,-4.052521426920478,-0.9991013757508702,-0.6318249560109812,0.2222222222222222
L,10,SSPREAD,H0,e100,LS,dev_2021_2023,20.0,36,-0.2167144250337011,-3.978535675647026,-0.9999456420503791,-0.5040350233791131,0.1388888888888889
L,10,SSPREAD,H0,e100,LS,hold_2024_2025,20.0,24,-0.2055727198298206,-2.8121137729792576,-0.9987543234740744,-0.498613608949269,0.16666666666666666
L,10,SSPREAD,H0,e100,LS,ext_2026,20.0,9,-0.21124234685501708,-3.270551238566978,-0.9144089877570306,-0.5296188341250756,0.2222222222222222
L,10,SSPREAD,H0,e100,LS,post_2021_2026,20.0,69,-0.2121252999829578,-3.42865563965828,-0.9999999925998718,-0.5296188341250756,0.15942028985507245
L,10,SSPREAD,H0,e100,LS,frozen_2024_2026,20.0,33,-0.20711898174578328,-2.9635400403814804,-0.9998933812852188,-0.5296188341250756,0.18181818181818182
L,10,SSPREAD,H0,tick,LS,pre_2019_2020,20.0,18,-0.2897397091221407,-4.156201185381897,-0.9992719377086314,-0.6404367079807354,0.16666666666666666
L,10,SSPREAD,H0,tick,LS,dev_2021_2023,20.0,36,-0.2222954901457814,-4.088058438594331,-0.9999580175793151,-0.5115429917207134,0.1388888888888889
L,10,SSPREAD,H0,tick,LS,hold_2024_2025,20.0,24,-0.2109377179314105,-2.8868298234697773,-0.9989485382054843,-0.5030317682471037,0.16666666666666666
L,10,SSPREAD,H0,tick,LS,ext_2026,20.0,9,-0.21598776932577973,-3.349265635638608,-0.9191816392294956,-0.534385746301118,0.2222222222222222
L,10,SSPREAD,H0,tick,LS,post_2021_2026,20.0,69,-0.217522214486,-3.519734848104017,-0.999999995508173,-0.534385746301118,0.15942028985507245
L,10,SSPREAD,H0,tick,LS,frozen_2024_2026,20.0,33,-0.21231500467532938,-3.040036062371334,-0.9999150225813545,-0.534385746301118,0.18181818181818182
L,10,SSPREAD,H1,e050,LS,pre_2019_2020,20.0,18,-0.15173199690018302,-2.4723579073109336,-0.9788820310979416,-0.7972158079843178,0.2222222222222222
L,10,SSPREAD,H1,e050,LS,dev_2021_2023,20.0,36,-0.11040796652870227,-3.11905386800974,-0.989369833379451,-0.3507415155955507,0.19444444444444445
L,10,SSPREAD,H1,e050,LS,hold_2024_2025,20.0,24,-0.09803612663825878,-2.0608094522880953,-0.9398934596812966,-0.29628758993201554,0.125
L,10,SSPREAD,H1,e050,LS,ext_2026,20.0,9,-0.12763098187094082,-4.304118745956839,-0.7271801109436153,-0.25205862246706945,0.1111111111111111
L,10,SSPREAD,H1,e050,LS,post_2021_2026,20.0,69,-0.10835119813318783,-2.778012496763502,-0.9998256837675132,-0.3507415155955507,0.15942028985507245
L,10,SSPREAD,H1,e050,LS,frozen_2024_2026,20.0,33,-0.10610745079262662,-2.4594257139684084,-0.9836017403386882,-0.29628758993201554,0.12121212121212122
L,10,SSPREAD,H1,e050,L,pre_2019_2020,10.0,18,-0.21913711853958004,-1.852362500812586,-1.2697946800060789,-1.4344236914076203,0.2777777777777778
L,10,SSPREAD,H1,e050,L,dev_2021_2023,10.0,36,-0.09970511127344824,-1.366481094099945,-0.9945320669659768,-0.5558183176027351,0.3055555555555556
L,10,SSPREAD,H1,e050,L,hold_2024_2025,10.0,24,-0.0845634371734102,-0.8291199114269734,-0.9791438567223656,-0.4832815984266935,0.2916666666666667
L,10,SSPREAD,H1,e050,L,ext_2026,10.0,9,-0.14840959185810232,-2.1869926108497437,-0.8330373109837036,-0.4302370745424554,0.4444444444444444
L,10,SSPREAD,H1,e050,L,post_2021_2026,10.0,69,-0.1007912003583899,-1.2192969268003997,-0.9999705953269308,-0.5558183176027351,0.3188405797101449
L,10,SSPREAD,H1,e050,L,frozen_2024_2026,10.0,33,-0.10197602481468987,-1.0934607911905152,-0.9946223421380138,-0.4832815984266935,0.3333333333333333
L,10,SSPREAD,H1,e050,S,pre_2019_2020,10.0,18,-0.08432687526078596,-3.43909943882246,-0.8129813472110556,-0.22848969671718494,0.3333333333333333
L,10,SSPREAD,H1,e050,S,dev_2021_2023,10.0,36,-0.1211108217839563,-6.333575081978659,-0.991357677393831,-0.30150518788157726,0.0
L,10,SSPREAD,H1,e050,S,hold_2024_2025,10.0,24,-0.11150881610310737,-4.767262679269477,-0.9484542522248077,-0.2701685855149872,0.041666666666666664
L,10,SSPREAD,H1,e050,S,ext_2026,10.0,9,-0.10685237188377936,-5.110953287559905,-0.647916369394065,-0.2151777314071679,0.1111111111111111
L,10,SSPREAD,H1,e050,S,post_2021_2026,10.0,69,-0.11591119590798576,-5.607057647669423,-0.9998386756924578,-0.30150518788157726,0.028985507246376812
L,10,SSPREAD,H1,e050,S,frozen_2024_2026,10.0,33,-0.11023887677056335,-4.915890776233905,-0.9813332231514819,-0.2701685855149872,0.06060606060606061
L,10,SSPREAD,H2_15,e050,LS,pre_2019_2020,20.0,18,-0.1545801028846426,-2.8457883475915806,-0.9718698090487083,-0.6705357815431359,0.2222222222222222
L,10,SSPREAD,H2_15,e050,LS,dev_2021_2023,20.0,36,-0.11467941585723523,-2.8717815845795847,-0.9917496213458885,-0.3490070124038081,0.19444444444444445
L,10,SSPREAD,H2_15,e050,LS,hold_2024_2025,20.0,24,-0.09566258696351353,-2.002906029566656,-0.945265075103322,-0.3689620418954411,0.125
L,10,SSPREAD,H2_15,e050,LS,ext_2026,20.0,9,-0.12223407471673266,-2.6492071494959415,-0.7289648497868675,-0.33159893099337723,0.2222222222222222
L,10,SSPREAD,H2_15,e050,LS,post_2021_2026,20.0,69,-0.10905025696283169,-2.534403619415372,-0.9998599501858485,-0.3689620418954411,0.17391304347826086
L,10,SSPREAD,H2_15,e050,LS,frozen_2024_2026,20.0,33,-0.1029093563507551,-2.2021233700644807,-0.9830250440588268,-0.3689620418954411,0.15151515151515152
L,10,SSPREAD,H2_15,e050,L,pre_2019_2020,10.0,18,-0.22012011700590234,-2.1885087025908145,-1.0385784185692983,-1.1139007814232005,0.16666666666666666
L,10,SSPREAD,H2_15,e050,L,dev_2021_2023,10.0,36,-0.10627937022237327,-1.318282297134205,-0.9968236984645661,-0.5522306442710148,0.3611111111111111
L,10,SSPREAD,H2_15,e050,L,hold_2024_2025,10.0,24,-0.0844517170493057,-0.8353595002782824,-0.985856242516857,-0.6070351319634044,0.2916666666666667
L,10,SSPREAD,H2_15,e050,L,ext_2026,10.0,9,-0.12851287319844162,-1.3496803856219262,-0.8343491914855918,-0.47488731300650555,0.3333333333333333
L,10,SSPREAD,H2_15,e050,L,post_2021_2026,10.0,69,-0.10158716515905433,-1.1439235981250324,-0.9999841413925371,-0.6070351319634044,0.3333333333333333
L,10,SSPREAD,H2_15,e050,L,frozen_2024_2026,10.0,33,-0.09646839599907,-0.9822451474707111,-0.9950072097104333,-0.6070351319634044,0.30303030303030304
L,10,SSPREAD,H2_15,e050,S,pre_2019_2020,10.0,18,-0.08904008876338286,-3.044744363644934,-0.8375281809118906,-0.2271707816630713,0.2777777777777778
L,10,SSPREAD,H2_15,e050,S,dev_2021_2023,10.0,36,-0.12307946149209721,-5.399273212908329,-0.992415946150791,-0.35654565340168937,0.0
L,10,SSPREAD,H2_15,e050,S,hold_2024_2025,10.0,24,-0.10687345687772136,-4.3373206638577635,-0.9407322256778763,-0.3249722478404392,0.0
L,10,SSPREAD,H2_15,e050,S,ext_2026,10.0,9,-0.11595527623502372,-5.535837598798664,-0.6801453762429164,-0.21634615339685062,0.1111111111111111
L,10,SSPREAD,H2_15,e050,S,post_2021_2026,10.0,69,-0.11651334876660908,-5.065432048279989,-0.9998562285477322,-0.35654565340168937,0.014492753623188406
L,10,SSPREAD,H2_15,e050,S,frozen_2024_2026,10.0,33,-0.10935031670244016,-4.673421563360976,-0.9810429283432774,-0.3249722478404392,0.030303030303030304
L,10,SSPREAD,H2_25,e050,LS,pre_2019_2020,20.0,18,-0.17113699846220984,-2.8056718872881645,-0.9822101003838944,-0.6387284874660414,0.16666666666666666
L,10,SSPREAD,H2_25,e050,LS,dev_2021_2023,20.0,36,-0.09597295876731954,-2.2526630170186754,-0.9836420020729507,-0.4514821543391947,0.3055555555555556
L,10,SSPREAD,H2_25,e050,LS,hold_2024_2025,20.0,24,-0.10652809813836057,-2.3664755262768344,-0.9529143765193557,-0.38646785945624035,0.25
L,10,SSPREAD,H2_25,e050,LS,ext_2026,20.0,9,-0.1996008408702936,-5.132400722940144,-0.8801465147047346,-0.4191627530362762,0.1111111111111111
L,10,SSPREAD,H2_25,e050,LS,post_2021_2026,20.0,69,-0.11316099186633044,-2.5999765969348876,-0.9999076856657579,-0.4514821543391947,0.2608695652173913
L,10,SSPREAD,H2_25,e050,LS,frozen_2024_2026,20.0,33,-0.13191157342888776,-2.962813918729084,-0.9943566239185442,-0.4191627530362762,0.21212121212121213
L,10,SSPREAD,H2_25,e050,L,pre_2019_2020,10.0,18,-0.2330582653074569,-2.1040708298725477,-0.9996767686235923,-0.9365697076972443,0.2777777777777778
L,10,SSPREAD,H2_25,e050,L,dev_2021_2023,10.0,36,-0.07196803036157037,-0.8607413258685304,-0.9898907591813186,-0.6601658987547359,0.4166666666666667
L,10,SSPREAD,H2_25,e050,L,hold_2024_2025,10.0,24,-0.10002294016582187,-1.064642150034865,-0.9907049597356953,-0.6256193861246757,0.25
L,10,SSPREAD,H2_25,e050,L,ext_2026,10.0,9,-0.2912281535797371,-3.5720407369876885,-0.9777360761318834,-0.6994679579362398,0.1111111111111111
L,10,SSPREAD,H2_25,e050,L,post_2021_2026,10.0,69,-0.11032540636541871,-1.2496127231229706,-0.9999955924780832,-0.6994679579362398,0.3188405797101449
L,10,SSPREAD,H2_25,e050,L,frozen_2024_2026,10.0,33,-0.15216981655143508,-1.6381249363164891,-0.9995640105923103,-0.6994679579362398,0.21212121212121213
L,10,SSPREAD,H2_25,e050,S,pre_2019_2020,10.0,18,-0.10921573161696277,-2.741263747959361,-0.8998180056224138,-0.3408872672348384,0.2222222222222222
L,10,SSPREAD,H2_25,e050,S,dev_2021_2023,10.0,36,-0.11997788717306866,-4.793442000942666,-0.9916085204400493,-0.32186896042339397,0.08333333333333333
L,10,SSPREAD,H2_25,e050,S,hold_2024_2025,10.0,24,-0.11303325611089932,-4.161117988457558,-0.9511472206237885,-0.37182466246038676,0.041666666666666664
L,10,SSPREAD,H2_25,e050,S,ext_2026,10.0,9,-0.10797352816085003,-5.069023889625174,-0.6593914624895858,-0.20134521852792528,0.1111111111111111
L,10,SSPREAD,H2_25,e050,S,post_2021_2026,10.0,69,-0.11599657736724212,-4.6321610937144655,-0.9998603685179547,-0.37182466246038676,0.07246376811594203
L,10,SSPREAD,H2_25,e050,S,frozen_2024_2026,10.0,33,-0.1116533303063404,-4.398988312304305,-0.9833603262633497,-0.37182466246038676,0.06060606060606061
L,5,STRADDLE,H0,e000,LS,pre_2019_2020,10.0,18,-0.012844311862344394,-0.11741664673474074,-0.8868815144060272,-0.7052879471834347,0.4444444444444444
L,5,STRADDLE,H0,e000,LS,dev_2021_2023,10.0,36,-0.013326190254843764,-0.19429615411441128,-0.9446406342853597,-0.602125272406982,0.5277777777777778
L,5,STRADDLE,H0,e000,LS,hold_2024_2025,10.0,24,0.06487563753987698,0.7142729291453589,-0.6790777659625535,-0.2896757182468388,0.5
L,5,STRADDLE,H0,e000,LS,ext_2026,10.0,9,-0.04771573808922147,-0.7753072915712084,-0.5649374027365255,-0.41884881501917376,0.5555555555555556
L,5,STRADDLE,H0,e000,LS,post_2021_2026,10.0,69,0.009388852304053319,0.12321286049040668,-0.9446406342853597,-0.602125272406982,0.5217391304347826
L,5,STRADDLE,H0,e000,LS,frozen_2024_2026,10.0,33,0.03416889873194104,0.4057264455683864,-0.6790777659625535,-0.41884881501917376,0.5151515151515151
L,5,STRADDLE,H0,e050,LS,pre_2019_2020,10.0,18,-0.06822433549706419,-0.6090280539500266,-0.9681783817845934,-0.7638567988600338,0.4444444444444444
L,5,STRADDLE,H0,e050,LS,dev_2021_2023,10.0,36,-0.05999196483060022,-0.8603397179205919,-0.9864727783254823,-0.7106170754576724,0.3611111111111111
L,5,STRADDLE,H0,e050,LS,hold_2024_2025,10.0,24,0.01786971027847621,0.1953834221272911,-0.867580931013098,-0.3621312073964667,0.4583333333333333
L,5,STRADDLE,H0,e050,LS,ext_2026,10.0,9,-0.08872485686875586,-1.4322102009795632,-0.6930852105540287,-0.4582015563486276,0.4444444444444444
L,5,STRADDLE,H0,e050,LS,post_2021_2026,10.0,69,-0.03665741158024611,-0.4762370669364997,-0.9957231324751407,-0.7106170754576724,0.4057971014492754
L,5,STRADDLE,H0,e050,LS,frozen_2024_2026,10.0,33,-0.01120153530713254,-0.13232996365206026,-0.8794904543144061,-0.4582015563486276,0.45454545454545453
L,5,STRADDLE,H0,e050,L,pre_2019_2020,5.0,18,0.00826582886892614,0.045026778595719893,-0.9331856117590636,-0.613183514908817,0.5
L,5,STRADDLE,H0,e050,L,dev_2021_2023,5.0,36,-0.1083792971905097,-0.9858001819183836,-0.9996086279003521,-0.577701097111185,0.3055555555555556
L,5,STRADDLE,H0,e050,L,hold_2024_2025,5.0,24,-0.01655049145781736,-0.10440893414772992,-0.9952090987990071,-0.7152656974927671,0.2916666666666667
L,5,STRADDLE,H0,e050,L,ext_2026,5.0,9,-0.14036791425462047,-1.213900497209731,-0.9225912208186297,-0.7976782554535595,0.3333333333333333
L,5,STRADDLE,H0,e050,L,post_2021_2026,5.0,69,-0.08061127133532683,-0.6277989678166185,-0.9999970349323425,-0.7976782554535595,0.30434782608695654
L,5,STRADDLE,H0,e050,L,frozen_2024_2026,5.0,33,-0.05031887949330912,-0.34186745956252496,-0.9977788071655785,-0.7976782554535595,0.30303030303030304
L,5,STRADDLE,H0,e050,S,pre_2019_2020,5.0,18,-0.14471449986305449,-0.5851228557048187,-3.3218402913566285,-3.17120355215636,0.5
L,5,STRADDLE,H0,e050,S,dev_2021_2023,5.0,36,-0.011604632470690733,-0.10256811541061318,-1.0054302645370452,-1.1321679764597523,0.5
L,5,STRADDLE,H0,e050,S,hold_2024_2025,5.0,24,0.0522899120147698,0.5746061773020475,-0.8931749039032947,-0.7323462657021572,0.5833333333333334
L,5,STRADDLE,H0,e050,S,ext_2026,5.0,9,-0.037081799482891205,-0.449348507866428,-0.6807618475229729,-0.5020914378063666,0.4444444444444444
L,5,STRADDLE,H0,e050,S,post_2021_2026,5.0,69,0.007296448174834609,0.07193636574996956,-1.0232806163402577,-1.1321679764597523,0.5217391304347826
L,5,STRADDLE,H0,e050,S,frozen_2024_2026,5.0,33,0.027915808879044067,0.3162705098608711,-0.9323741725157673,-0.7323462657021572,0.5454545454545454
L,5,STRADDLE,H0,e100,LS,pre_2019_2020,10.0,18,-0.12360435913178398,-1.0737468938014594,-0.9944401015686638,-0.8696677367946346,0.3888888888888889
L,5,STRADDLE,H0,e100,LS,dev_2021_2023,10.0,36,-0.10665773940635671,-1.4978139226208118,-0.997775818197316,-0.8191088785083629,0.3055555555555556
L,5,STRADDLE,H0,e100,LS,hold_2024_2025,10.0,24,-0.029136216982924523,-0.3153470600989934,-0.9515941811707105,-0.4345866965460944,0.375
L,5,STRADDLE,H0,e100,LS,ext_2026,10.0,9,-0.12973397564829023,-2.078407147975645,-0.7877602110927601,-0.49755429767808124,0.3333333333333333
L,5,STRADDLE,H0,e100,LS,post_2021_2026,10.0,69,-0.08270367546454555,-1.059796877881843,-0.9998960117354342,-0.8191088785083629,0.3333333333333333
L,5,STRADDLE,H0,e100,LS,frozen_2024_2026,10.0,33,-0.05657196934620607,-0.6629292318707496,-0.9754358681097663,-0.49755429767808124,0.36363636363636365
L,5,STRADDLE,H0,tick,LS,pre_2019_2020,10.0,18,-0.1268754238283783,-1.1012645401000114,-0.9949443603958329,-0.873109334803696,0.3888888888888889
L,5,STRADDLE,H0,tick,LS,dev_2021_2023,10.0,36,-0.10957997055564993,-1.5385323534375495,-0.9980409666025029,-0.8232577234360928,0.3055555555555556
L,5,STRADDLE,H0,tick,LS,hold_2024_2025,10.0,24,-0.032878860192584375,-0.35564544343367566,-0.9556783712302793,-0.4368550165512626,0.3333333333333333
L,5,STRADDLE,H0,tick,LS,ext_2026,10.0,9,-0.13247991521054464,-2.12541471423827,-0.7926196318284482,-0.5002654607981135,0.3333333333333333
L,5,STRADDLE,H0,tick,LS,post_2021_2026,10.0,69,-0.08588827277565686,-1.1005673137516119,-0.9999207352132009,-0.8232577234360928,0.3188405797101449
L,5,STRADDLE,H0,tick,LS,frozen_2024_2026,10.0,33,-0.06004278428839173,-0.7035507134633109,-0.9783683151706332,-0.5002654607981135,0.3333333333333333
L,5,STRADDLE,H1,e050,LS,pre_2019_2020,10.0,18,-0.013810153667527728,-0.33703185809445996,-0.4784415560893086,-0.18939750512994813,0.3333333333333333
L,5,STRADDLE,H1,e050,LS,dev_2021_2023,10.0,36,-0.04474810863096664,-1.2636704639004483,-0.8628068507366888,-0.2906060858010049,0.3055555555555556
L,5,STRADDLE,H1,e050,LS,hold_2024_2025,10.0,24,-0.05498475522023397,-1.2268567334381841,-0.8334028946524124,-0.17855355544687074,0.25
L,5,STRADDLE,H1,e050,LS,ext_2026,10.0,9,-0.04200228367009396,-2.0742660763820133,-0.335160494499981,-0.15915436752928902,0.2222222222222222
L,5,STRADDLE,H1,e050,LS,post_2021_2026,10.0,69,-0.04795053027581537,-1.2929700840281442,-0.9810133831218929,-0.2906060858010049,0.2753623188405797
L,5,STRADDLE,H1,e050,LS,frozen_2024_2026,10.0,33,-0.05144408116110488,-1.3070717266167902,-0.867737760735592,-0.17855355544687074,0.24242424242424243
L,5,STRADDLE,H1,e050,L,pre_2019_2020,5.0,18,-0.014021987089848044,-0.18904304406738226,-0.7051626798061394,-0.29575874827714865,0.3333333333333333
L,5,STRADDLE,H1,e050,L,dev_2021_2023,5.0,36,-0.03940109516373455,-0.7468934223327549,-0.8936871775872434,-0.40594676080478287,0.4166666666666667
L,5,STRADDLE,H1,e050,L,hold_2024_2025,5.0,24,-0.05485438829961122,-0.5490815187405033,-0.921957203248329,-0.3702367200802146,0.20833333333333334
L,5,STRADDLE,H1,e050,L,ext_2026,5.0,9,-0.06303264582643328,-1.098027747671687,-0.5898640321657249,-0.32961483168708794,0.4444444444444444
L,5,STRADDLE,H1,e050,L,post_2021_2026,5.0,69,-0.047858529819174093,-0.6634909449907942,-0.9949604385160034,-0.40594676080478287,0.34782608695652173
L,5,STRADDLE,H1,e050,L,frozen_2024_2026,5.0,33,-0.05708482217056268,-0.6382909639511949,-0.9603832680717176,-0.3702367200802146,0.2727272727272727
L,5,STRADDLE,H1,e050,S,pre_2019_2020,5.0,18,-0.013598320245207409,-0.21120132551200377,-0.6141457308652787,-0.5587600343191024,0.4444444444444444
L,5,STRADDLE,H1,e050,S,dev_2021_2023,5.0,36,-0.050095122098198726,-1.0023337178828688,-0.937564397318312,-0.5922466577934492,0.4444444444444444
L,5,STRADDLE,H1,e050,S,hold_2024_2025,5.0,24,-0.055115122140856725,-1.1299341729954147,-0.8925515935167173,-0.3712613435736233,0.4583333333333333
L,5,STRADDLE,H1,e050,S,ext_2026,5.0,9,-0.02097192151375464,-0.5789713638851273,-0.32102691424871455,-0.23204109643765528,0.4444444444444444
L,5,STRADDLE,H1,e050,S,post_2021_2026,5.0,69,-0.04804253073245663,-1.011814680091139,-0.992970872257708,-0.5922466577934492,0.4492753623188406
L,5,STRADDLE,H1,e050,S,frozen_2024_2026,5.0,33,-0.04580334015164706,-1.0096683791710102,-0.8925515935167173,-0.3712613435736233,0.45454545454545453
L,5,STRADDLE,H2_15,e050,LS,pre_2019_2020,10.0,18,-0.014097287313341193,-0.32361627564015505,-0.5103024598830426,-0.22641039945831123,0.3333333333333333
L,5,STRADDLE,H2_15,e050,LS,dev_2021_2023,10.0,36,-0.04842548567509158,-1.3597670472493255,-0.8819422604261984,-0.284438241543005,0.2777777777777778
L,5,STRADDLE,H2_15,e050,LS,hold_2024_2025,10.0,24,-0.05472361290219551,-1.21310332933558,-0.8505103685537463,-0.19312098857844512,0.25
L,5,STRADDLE,H2_15,e050,LS,ext_2026,10.0,9,-0.04568285605159283,-2.001196022121567,-0.36183281377045173,-0.1744866208118849,0.2222222222222222
L,5,STRADDLE,H2_15,e050,LS,post_2021_2026,10.0,69,-0.05025840432493224,-1.341602727716618,-0.9841518292597792,-0.284438241543005,0.2608695652173913
L,5,STRADDLE,H2_15,e050,LS,frozen_2024_2026,10.0,33,-0.05225795194294023,-1.3087858314341685,-0.8735389861402367,-0.19312098857844512,0.24242424242424243
L,5,STRADDLE,H2_15,e050,L,pre_2019_2020,5.0,18,-0.014924878816699476,-0.19917289702585098,-0.7141229359681656,-0.280774755476264,0.3888888888888889
L,5,STRADDLE,H2_15,e050,L,dev_2021_2023,5.0,36,-0.050903893424759344,-0.9391516017090179,-0.934619195122845,-0.4322686176786995,0.3611111111111111
L,5,STRADDLE,H2_15,e050,L,hold_2024_2025,5.0,24,-0.05932147158725234,-0.6325999208588178,-0.9305384027193412,-0.3731960926243342,0.25
L,5,STRADDLE,H2_15,e050,L,ext_2026,5.0,9,-0.06542979943545611,-1.0967158083537467,-0.5834626342634035,-0.3716808951910722,0.4444444444444444
L,5,STRADDLE,H2_15,e050,L,post_2021_2026,5.0,69,-0.05572643009136952,-0.7954740313093365,-0.9969768337004427,-0.4322686176786995,0.3333333333333333
L,5,STRADDLE,H2_15,e050,L,frozen_2024_2026,5.0,33,-0.060987379182217,-0.7182026599319569,-0.9615420818951945,-0.3731960926243342,0.30303030303030304
L,5,STRADDLE,H2_15,e050,S,pre_2019_2020,5.0,18,-0.013269695809982905,-0.1835380753545029,-0.7044526582015667,-0.645160648385283,0.4444444444444444
L,5,STRADDLE,H2_15,e050,S,dev_2021_2023,5.0,36,-0.04594707792542381,-0.900399868755658,-0.9363011477808193,-0.6062426790406675,0.3888888888888889
L,5,STRADDLE,H2_15,e050,S,hold_2024_2025,5.0,24,-0.050125754217138684,-1.052087738034395,-0.8787876576838886,-0.3043975076330607,0.4583333333333333
L,5,STRADDLE,H2_15,e050,S,ext_2026,5.0,9,-0.025935912667729554,-0.6939066588126321,-0.3520399793140213,-0.23157237310106252,0.4444444444444444
L,5,STRADDLE,H2_15,e050,S,post_2021_2026,5.0,69,-0.04479037855849495,-0.9385957678170654,-0.9914550686552955,-0.6062426790406675,0.42028985507246375
L,5,STRADDLE,H2_15,e050,S,frozen_2024_2026,5.0,33,-0.04352852470366347,-0.9755834926812299,-0.8787876576838886,-0.3043975076330607,0.45454545454545453
L,5,STRADDLE,H2_25,e050,LS,pre_2019_2020,10.0,18,-0.021195888569480806,-0.46654956535325953,-0.5734441082659797,-0.26008581251363105,0.3888888888888889
L,5,STRADDLE,H2_25,e050,LS,dev_2021_2023,10.0,36,-0.05168908315939344,-1.4050123485189725,-0.9142524097683448,-0.32218009683246784,0.3055555555555556
L,5,STRADDLE,H2_25,e050,LS,hold_2024_2025,10.0,24,-0.044376452154862696,-0.9113073188708457,-0.8415810202006522,-0.25764948757080797,0.2916666666666667
L,5,STRADDLE,H2_25,e050,LS,ext_2026,10.0,9,-0.039355721819474915,-1.6173979101480647,-0.34892940755535196,-0.1563380284890619,0.3333333333333333
L,5,STRADDLE,H2_25,e050,LS,post_2021_2026,10.0,69,-0.04753686002652381,-1.1996811705314814,-0.9829814124983954,-0.32218009683246784,0.30434782608695654
L,5,STRADDLE,H2_25,e050,LS,frozen_2024_2026,10.0,33,-0.0430071620633933,-0.9991461325426939,-0.8415810202006522,-0.25764948757080797,0.30303030303030304
L,5,STRADDLE,H2_25,e050,L,pre_2019_2020,5.0,18,-0.008816336577633584,-0.10805312264955895,-0.7688626029173173,-0.4013115365125829,0.3888888888888889
L,5,STRADDLE,H2_25,e050,L,dev_2021_2023,5.0,36,-0.057614803094086814,-1.0892358871259906,-0.9606200894713603,-0.4112057550022451,0.3611111111111111
L,5,STRADDLE,H2_25,e050,L,hold_2024_2025,5.0,24,-0.04790558451241985,-0.48582629656425697,-0.9338052382064178,-0.3300574481510557,0.2916666666666667
L,5,STRADDLE,H2_25,e050,L,ext_2026,5.0,9,-0.073732722217092,-1.2392705375033903,-0.6397454221680358,-0.37807071419001714,0.4444444444444444
L,5,STRADDLE,H2_25,e050,L,post_2021_2026,5.0,69,-0.056340020864333755,-0.7850208765549319,-0.9974073587309462,-0.4112057550022451,0.34782608695652173
L,5,STRADDLE,H2_25,e050,L,frozen_2024_2026,5.0,33,-0.0549493493409668,-0.6188199287751642,-0.9571792288609725,-0.37807071419001714,0.3333333333333333
L,5,STRADDLE,H2_25,e050,S,pre_2019_2020,5.0,18,-0.033575440561327996,-0.4095383549714836,-0.8751779788215811,-0.8152259558249673,0.4444444444444444
L,5,STRADDLE,H2_25,e050,S,dev_2021_2023,5.0,36,-0.045763363224700024,-0.845190966577448,-0.9487623174356004,-0.6165326996080246,0.4166666666666667
L,5,STRADDLE,H2_25,e050,S,hold_2024_2025,5.0,24,-0.04084731979730557,-0.7756602933738719,-0.8908707885297341,-0.34993417843620045,0.5
L,5,STRADDLE,H2_25,e050,S,ext_2026,5.0,9,-0.004978721421857869,-0.12414056731704788,-0.3184177716153834,-0.28414758511711435,0.4444444444444444
L,5,STRADDLE,H2_25,e050,S,post_2021_2026,5.0,69,-0.03873369918871385,-0.7522745323028118,-0.9931658949718065,-0.6165326996080246,0.4492753623188406
L,5,STRADDLE,H2_25,e050,S,frozen_2024_2026,5.0,33,-0.031064974785819828,-0.6318388360804461,-0.8908707885297341,-0.34993417843620045,0.48484848484848486
L,5,STRANGLE25,H0,e000,LS,pre_2019_2020,10.0,18,-0.147478865268353,-0.7012343120187648,-1.5470023189119404,-1.9544778850942084,0.4444444444444444
L,5,STRANGLE25,H0,e000,LS,dev_2021_2023,10.0,36,-0.1002761093020384,-0.6461897829528293,-1.000048898219015,-1.6004817070555046,0.4444444444444444
L,5,STRANGLE25,H0,e000,LS,hold_2024_2025,10.0,24,0.12019923895582589,0.6003185002403203,-1.00778088228886,-1.0115369657669375,0.5
L,5,STRANGLE25,H0,e000,LS,ext_2026,10.0,9,0.07949633936481854,0.7443633043633999,-0.4539260670428279,-0.4075328119072599,0.4444444444444444
L,5,STRANGLE25,H0,e000,LS,post_2021_2026,10.0,69,-0.00014045138623470805,-0.0008358613841399657,-1.0001034736405952,-1.6004817070555046,0.463768115942029
L,5,STRANGLE25,H0,e000,LS,frozen_2024_2026,10.0,33,0.1090984481582784,0.6128098555491667,-1.016166662105764,-1.0115369657669375,0.48484848484848486
L,5,STRANGLE25,H0,e050,LS,pre_2019_2020,10.0,18,-0.24201457008320382,-1.0812460725886701,-1.2534889201853618,-2.355982101738131,0.4444444444444444
L,5,STRANGLE25,H0,e050,LS,dev_2021_2023,10.0,36,-0.206757670584966,-1.2625137154040678,-1.0127467406776658,-1.9670998351492845,0.3888888888888889
L,5,STRANGLE25,H0,e050,LS,hold_2024_2025,10.0,24,0.025850179991631982,0.12744472212096716,-1.001919597433085,-1.0480243800626061,0.4166666666666667
L,5,STRANGLE25,H0,e050,LS,ext_2026,10.0,9,0.012232948803554819,0.11287365065527534,-0.5798848755224575,-0.4927452493946448,0.4444444444444444
L,5,STRANGLE25,H0,e050,LS,post_2021_2026,10.0,69,-0.09728659829025528,-0.5597419868580177,-1.0127467406776658,-1.9670998351492845,0.4057971014492754
L,5,STRANGLE25,H0,e050,LS,frozen_2024_2026,10.0,33,0.022136389667610938,0.12277123342315614,-1.002484183112977,-1.0480243800626061,0.42424242424242425
L,5,STRANGLE25,H0,e050,L,pre_2019_2020,5.0,18,-0.019077596201883207,-0.051117008132662456,-0.9999997884659558,-0.9761399110470007,0.3333333333333333
L,5,STRANGLE25,H0,e050,L,dev_2021_2023,5.0,36,-0.2488957057794447,-1.1322685571799804,-0.9999999999999946,-0.9866248362128948,0.25
L,5,STRANGLE25,H0,e050,L,hold_2024_2025,5.0,24,0.0029122643357902406,0.009425185381530525,-0.9999995883015388,-0.9863116933321108,0.25
L,5,STRANGLE25,H0,e050,L,ext_2026,5.0,9,-0.09313384924759133,-0.43834468134916255,-0.9983953652514127,-0.9889753692365888,0.3333333333333333
L,5,STRANGLE25,H0,e050,L,post_2021_2026,5.0,69,-0.14099356097433868,-0.5589774348218535,-1.0,-0.9889753692365888,0.2608695652173913
L,5,STRANGLE25,H0,e050,L,frozen_2024_2026,5.0,33,-0.023282130277859272,-0.08228173891635766,-0.9999999963740603,-0.9889753692365888,0.2727272727272727
L,5,STRANGLE25,H0,e050,S,pre_2019_2020,5.0,18,-0.4649515439645243,-0.7393694407077895,-1.5004135984261344,-8.633233660130717,0.5
L,5,STRANGLE25,H0,e050,S,dev_2021_2023,5.0,36,-0.16461963539048724,-0.6012181536157918,-1.4189717702859195,-3.122049145299145,0.5833333333333334
L,5,STRANGLE25,H0,e050,S,hold_2024_2025,5.0,24,0.04878809564747366,0.259079222586827,-3.0824608682018853,-1.263312426623531,0.7083333333333334
L,5,STRANGLE25,H0,e050,S,ext_2026,5.0,9,0.11759974685470101,1.2132968798568555,-0.42049345005471916,-0.34323043146467047,0.6666666666666666
L,5,STRANGLE25,H0,e050,S,post_2021_2026,5.0,69,-0.05357963560617191,-0.23303507511159838,-3.0824608682018853,-3.122049145299145,0.6376811594202898
L,5,STRANGLE25,H0,e050,S,frozen_2024_2026,5.0,33,0.06755490961308111,0.40431289681640625,-3.0824608682018853,-1.263312426623531,0.696969696969697
L,5,STRANGLE25,H0,e100,LS,pre_2019_2020,10.0,18,-0.33655027489805467,-1.4079127604217299,-1.0778432155839686,-2.7574863183820537,0.3888888888888889
L,5,STRANGLE25,H0,e100,LS,dev_2021_2023,10.0,36,-0.3132392318678936,-1.8031843167998125,-1.0055224328608905,-2.3337179632430636,0.3055555555555556
L,5,STRANGLE25,H0,e100,LS,hold_2024_2025,10.0,24,-0.06849887897256189,-0.33076045706132073,-1.000020379875245,-1.084511794358275,0.375
L,5,STRANGLE25,H0,e100,LS,ext_2026,10.0,9,-0.05503044175770899,-0.4997830113889615,-0.7671205006848636,-0.5779576868820296,0.4444444444444444
L,5,STRANGLE25,H0,e100,LS,post_2021_2026,10.0,69,-0.1944327451942759,-1.074093534372419,-1.0055224328608905,-2.3337179632430636,0.34782608695652173
L,5,STRANGLE25,H0,e100,LS,frozen_2024_2026,10.0,33,-0.06482566882305654,-0.35229206946628877,-1.000021163647936,-1.084511794358275,0.3939393939393939
L,5,STRANGLE25,H0,tick,LS,pre_2019_2020,10.0,18,-0.34538841594526065,-1.443415431301416,-1.0642535385744105,-2.767731479865451,0.3888888888888889
L,5,STRANGLE25,H0,tick,LS,dev_2021_2023,10.0,36,-0.32130668402702456,-1.8481345351683147,-1.0045316254335568,-2.345175251595747,0.3055555555555556
L,5,STRANGLE25,H0,tick,LS,hold_2024_2025,10.0,24,-0.07935084326938525,-0.38286635234158756,-1.0000089023023615,-1.0914862345520404,0.2916666666666667
L,5,STRANGLE25,H0,tick,LS,ext_2026,10.0,9,-0.0628824240530302,-0.5717211686633481,-0.7834942275136314,-0.5871294143444297,0.4444444444444444
L,5,STRANGLE25,H0,tick,LS,post_2021_2026,10.0,69,-0.2034406185494986,-1.1234354906945367,-1.0045316254335568,-2.345175251595747,0.3188405797101449
L,5,STRANGLE25,H0,tick,LS,frozen_2024_2026,10.0,33,-0.07485945621037933,-0.4065657214193665,-1.000009027815119,-1.0914862345520404,0.3333333333333333
L,5,STRANGLE25,H1,e050,LS,pre_2019_2020,10.0,18,-0.020606136275752467,-0.19300716491157344,-0.8931943545104162,-0.7029016290432366,0.4444444444444444
L,5,STRANGLE25,H1,e050,LS,dev_2021_2023,10.0,36,-0.14529057937983014,-1.7928233943286591,-0.9996652077779371,-0.8037560724245415,0.3333333333333333
L,5,STRANGLE25,H1,e050,LS,hold_2024_2025,10.0,24,-0.06515446320424322,-0.5687873117872863,-0.9745906336440439,-0.47555104308822305,0.2916666666666667
L,5,STRANGLE25,H1,e050,LS,ext_2026,10.0,9,-0.08601959139626547,-1.5124791067960928,-0.6713384315343508,-0.45649507014677104,0.3333333333333333
L,5,STRANGLE25,H1,e050,LS,post_2021_2026,10.0,69,-0.10968614923394364,-1.2025498958076066,-0.9999953848211982,-0.8037560724245415,0.3188405797101449
L,5,STRANGLE25,H1,e050,LS,frozen_2024_2026,10.0,33,-0.07084495271115837,-0.6998504477339769,-0.9862147968273721,-0.47555104308822305,0.30303030303030304
L,5,STRANGLE25,H1,e050,L,pre_2019_2020,5.0,18,0.04654998907785935,0.2606806995577031,-0.8913565855898447,-0.4960446772756759,0.3333333333333333
L,5,STRANGLE25,H1,e050,L,dev_2021_2023,5.0,36,-0.11177852569825168,-1.1007366837612023,-0.9992721125570827,-0.7080661827066341,0.3333333333333333
L,5,STRANGLE25,H1,e050,L,hold_2024_2025,5.0,24,0.017228760573435215,0.07189916302810968,-0.9836510181408314,-0.5840653623247954,0.2916666666666667
L,5,STRANGLE25,H1,e050,L,ext_2026,5.0,9,-0.13456077513803522,-1.1816550356608881,-0.9031111306351958,-0.6367955747871109,0.4444444444444444
L,5,STRANGLE25,H1,e050,L,post_2021_2026,5.0,69,-0.06987802387850627,-0.4284381448713855,-0.9999980166983495,-0.7080661827066341,0.3333333333333333
L,5,STRANGLE25,H1,e050,L,frozen_2024_2026,5.0,33,-0.02416838552969308,-0.11405136616119234,-0.9972752632707094,-0.6367955747871109,0.3333333333333333
L,5,STRANGLE25,H1,e050,S,pre_2019_2020,5.0,18,-0.08776226162936426,-0.5317225154657598,-2.967102754023256,-1.9701359744927611,0.5
L,5,STRANGLE25,H1,e050,S,dev_2021_2023,5.0,36,-0.1788026330614086,-1.411238925701844,-1.0064995538923622,-1.248424092242147,0.5
L,5,STRANGLE25,H1,e050,S,hold_2024_2025,5.0,24,-0.14753768698192163,-1.339014354317699,-0.9996790251591033,-0.8553304586835602,0.4166666666666667
L,5,STRANGLE25,H1,e050,S,ext_2026,5.0,9,-0.03747840765449571,-0.5723143212386091,-0.6465321983670516,-0.4420695298379239,0.4444444444444444
L,5,STRANGLE25,H1,e050,S,post_2021_2026,5.0,69,-0.14949427458938108,-1.3086551621114046,-1.0064995538923622,-1.248424092242147,0.463768115942029
L,5,STRANGLE25,H1,e050,S,frozen_2024_2026,5.0,33,-0.11752151989262366,-1.1749491549449589,-0.999696532036404,-0.8553304586835602,0.42424242424242425
L,5,STRANGLE25,H2_15,e050,LS,pre_2019_2020,10.0,18,0.006815944769305701,0.06078423373489387,-0.8327976906152922,-0.5748590884575719,0.5
L,5,STRANGLE25,H2_15,e050,LS,dev_2021_2023,10.0,36,-0.1484005389396347,-1.8057220515076116,-0.999755710057752,-0.805049265284022,0.2777777777777778
L,5,STRANGLE25,H2_15,e050,LS,hold_2024_2025,10.0,24,-0.04023983516608002,-0.3363642676291661,-0.9678703401388413,-0.5058449858296585,0.2916666666666667
L,5,STRANGLE25,H2_15,e050,LS,ext_2026,10.0,9,-0.025272327701161564,-0.40074477043049034,-0.5499830520546902,-0.3876456217860947,0.5555555555555556
L,5,STRANGLE25,H2_15,e050,LS,post_2021_2026,10.0,69,-0.0947192231177279,-0.9955217900067116,-0.999992151047248,-0.805049265284022,0.3188405797101449
L,5,STRANGLE25,H2_15,e050,LS,frozen_2024_2026,10.0,33,-0.03615778767564773,-0.3403753347141577,-0.9678703401388413,-0.5058449858296585,0.36363636363636365
L,5,STRANGLE25,H2_15,e050,L,pre_2019_2020,5.0,18,0.0754351458979155,0.40167283899990214,-0.9042588345490272,-0.5037689102923855,0.3333333333333333
L,5,STRANGLE25,H2_15,e050,L,dev_2021_2023,5.0,36,-0.13590123390815648,-1.3474250655183349,-0.9997846932942127,-0.7407846944376478,0.3611111111111111
L,5,STRANGLE25,H2_15,e050,L,hold_2024_2025,5.0,24,0.031529172014803986,0.13620876057627435,-0.9851171736517554,-0.5893116125709156,0.3333333333333333
L,5,STRANGLE25,H2_15,e050,L,ext_2026,5.0,9,-0.09899036580868768,-0.8131834923559687,-0.864216818597814,-0.6607038740158395,0.4444444444444444
L,5,STRANGLE25,H2_15,e050,L,post_2021_2026,5.0,69,-0.07285010992197864,-0.4552610532744118,-0.9999987321380585,-0.7407846944376478,0.36231884057971014
L,5,STRANGLE25,H2_15,e050,L,frozen_2024_2026,5.0,33,-0.004067065573421023,-0.019726597499751572,-0.9941113680740189,-0.6607038740158395,0.36363636363636365
L,5,STRANGLE25,H2_15,e050,S,pre_2019_2020,5.0,18,-0.061803256359304094,-0.3585706080431591,-2.6521502088758453,-1.856595174626215,0.5555555555555556
L,5,STRANGLE25,H2_15,e050,S,dev_2021_2023,5.0,36,-0.160899843971113,-1.2045435389630375,-1.004327065476229,-1.3754021326299894,0.5277777777777778
L,5,STRANGLE25,H2_15,e050,S,hold_2024_2025,5.0,24,-0.11200884234696407,-1.1227127160875245,-0.996828722228865,-0.6923358212692314,0.3333333333333333
L,5,STRANGLE25,H2_15,e050,S,ext_2026,5.0,9,0.04844571040636456,0.6522118968465461,-0.5548822678716163,-0.44818690274917505,0.5555555555555556
L,5,STRANGLE25,H2_15,e050,S,post_2021_2026,5.0,69,-0.11658833631347718,-1.0002087238356343,-1.004327065476229,-1.3754021326299894,0.463768115942029
L,5,STRANGLE25,H2_15,e050,S,frozen_2024_2026,5.0,33,-0.06824850977787444,-0.7205188914198007,-0.996828722228865,-0.6923358212692314,0.3939393939393939
L,5,STRANGLE25,H2_25,e050,LS,pre_2019_2020,10.0,18,0.011677754775624704,0.09625879525698418,-0.8413545103626017,-0.6206174624539353,0.4444444444444444
L,5,STRANGLE25,H2_25,e050,LS,dev_2021_2023,10.0,36,-0.1545918315814893,-1.5962725832519684,-0.9998860198860258,-0.7181171292381919,0.3055555555555556
L,5,STRANGLE25,H2_25,e050,LS,hold_2024_2025,10.0,24,-0.02669085518419707,-0.22620185321839756,-0.9694634035410146,-0.40934574594715933,0.3333333333333333
L,5,STRANGLE25,H2_25,e050,LS,ext_2026,10.0,9,-0.03859697533693595,-0.5496132624934679,-0.4617577446443114,-0.42676762989938616,0.2222222222222222
L,5,STRANGLE25,H2_25,e050,LS,post_2021_2026,10.0,69,-0.09497477158531546,-0.9292562078536448,-0.9999965194352552,-0.7181171292381919,0.30434782608695654
L,5,STRANGLE25,H2_25,e050,LS,frozen_2024_2026,10.0,33,-0.029937978862216757,-0.28235234346562876,-0.9694634035410146,-0.42676762989938616,0.30303030303030304
L,5,STRANGLE25,H2_25,e050,L,pre_2019_2020,5.0,18,0.08952159616926098,0.4386186918111411,-0.896156322715282,-0.5402626120390978,0.3333333333333333
L,5,STRANGLE25,H2_25,e050,L,dev_2021_2023,5.0,36,-0.12730373814902712,-1.1790447435821665,-0.9998156801927642,-0.7813387227225826,0.3055555555555556
L,5,STRANGLE25,H2_25,e050,L,hold_2024_2025,5.0,24,0.023785498918167825,0.10937198793668203,-0.9944466356381064,-0.719815148146032,0.375
L,5,STRANGLE25,H2_25,e050,L,ext_2026,5.0,9,-0.14390585559885757,-1.1037437872136007,-0.9127386543453277,-0.5352047955064194,0.3333333333333333
L,5,STRANGLE25,H2_25,e050,L,post_2021_2026,5.0,69,-0.07691645361911113,-0.49183525871602335,-0.9999995728885117,-0.7813387227225826,0.3333333333333333
L,5,STRANGLE25,H2_25,e050,L,frozen_2024_2026,5.0,33,-0.02194850685920273,-0.11153868887200756,-0.9976827694497932,-0.719815148146032,0.36363636363636365
L,5,STRANGLE25,H2_25,e050,S,pre_2019_2020,5.0,18,-0.06616608661801147,-0.3707466447298813,-3.126271814357744,-2.0590817006341373,0.5555555555555556
L,5,STRANGLE25,H2_25,e050,S,dev_2021_2023,5.0,36,-0.1818799250139514,-1.1983276012890463,-1.007956976555003,-1.5462105387741358,0.4166666666666667
L,5,STRANGLE25,H2_25,e050,S,hold_2024_2025,5.0,24,-0.07716720928656197,-0.7751741158713474,-0.9928649384030935,-0.5654182153957226,0.4166666666666667
L,5,STRANGLE25,H2_25,e050,S,ext_2026,5.0,9,0.0667119049249857,0.727245016761912,-0.654757321524905,-0.4935336546664133,0.6666666666666666
L,5,STRANGLE25,H2_25,e050,S,post_2021_2026,5.0,69,-0.1130330895515198,-0.8720120544661127,-1.007956976555003,-1.5462105387741358,0.4492753623188406
L,5,STRANGLE25,H2_25,e050,S,frozen_2024_2026,5.0,33,-0.03792745086523078,-0.38751399536522,-0.9928649384030935,-0.5654182153957226,0.48484848484848486
L,5,IFLY10,H0,e000,LS,pre_2019_2020,10.0,18,-0.0030331336175742026,-0.043680786162264076,-0.5989967637406192,-0.5071143655520464,0.5555555555555556
L,5,IFLY10,H0,e000,LS,dev_2021_2023,10.0,36,-0.037656087054136006,-0.906391775803281,-0.8433313977559882,-0.3782470054803559,0.3888888888888889
L,5,IFLY10,H0,e000,LS,hold_2024_2025,10.0,24,-0.011551111169795744,-0.21645219176369718,-0.8124760148542681,-0.29890693594820117,0.375
L,5,IFLY10,H0,e000,LS,ext_2026,10.0,9,-0.08201108005544497,-1.3685006786850469,-0.7059428670006135,-0.3906974879086561,0.2222222222222222
L,5,IFLY10,H0,e000,LS,post_2021_2026,10.0,69,-0.03436152931192752,-0.7141672371910831,-0.9685171377537996,-0.3906974879086561,0.36231884057971014
L,5,IFLY10,H0,e000,LS,frozen_2024_2026,10.0,33,-0.03076746632042735,-0.5590040682668034,-0.8795800253375473,-0.3906974879086561,0.3333333333333333
L,5,IFLY10,H0,e050,LS,pre_2019_2020,10.0,18,-0.07095362402791834,-1.016957774273903,-0.8762635348494268,-0.5803556400632226,0.4444444444444444
L,5,IFLY10,H0,e050,LS,dev_2021_2023,10.0,36,-0.08384672007055283,-2.0288944283033215,-0.9728005254918858,-0.4455225498035242,0.25
L,5,IFLY10,H0,e050,LS,hold_2024_2025,10.0,24,-0.06454826149082668,-1.1766119757469236,-0.9310650136219532,-0.3462985720652424,0.3333333333333333
L,5,IFLY10,H0,e050,LS,ext_2026,10.0,9,-0.13335087228143827,-2.2827002731683983,-0.8096806831893459,-0.42658112007148674,0.2222222222222222
L,5,IFLY10,H0,e050,LS,post_2021_2026,10.0,69,-0.08359127607032879,-1.7293477980418401,-0.9992464157948863,-0.4455225498035242,0.2753623188405797
L,5,IFLY10,H0,e050,LS,frozen_2024_2026,10.0,33,-0.0833126098882662,-1.4970690935382018,-0.9809581249751267,-0.42658112007148674,0.30303030303030304
L,5,IFLY10,H0,e050,L,pre_2019_2020,5.0,18,-0.05457675344001944,-0.4567509594710844,-0.9441166766797965,-0.703542536567854,0.5
L,5,IFLY10,H0,e050,L,dev_2021_2023,5.0,36,-0.08458797173289229,-1.0265756203455412,-0.9950601933127992,-0.5201784712491663,0.3611111111111111
L,5,IFLY10,H0,e050,L,hold_2024_2025,5.0,24,-0.08276578287649919,-0.8092443464774421,-0.9953475189290537,-0.7064634298337513,0.4166666666666667
L,5,IFLY10,H0,e050,L,ext_2026,5.0,9,-0.14523943481848603,-1.3676237913221048,-0.9269062424023158,-0.7746205706525068,0.3333333333333333
L,5,IFLY10,H0,e050,L,post_2021_2026,5.0,69,-0.09186522731574605,-1.0025925891416456,-0.9999874815555287,-0.7746205706525068,0.37681159420289856
L,5,IFLY10,H0,e050,L,frozen_2024_2026,5.0,33,-0.09980405158795014,-0.9784541335895559,-0.9990115976048197,-0.7746205706525068,0.3939393939393939
L,5,IFLY10,H0,e050,S,pre_2019_2020,5.0,18,-0.08733049461581725,-0.9567191279202002,-0.9754705291849104,-0.8894332605511519,0.3888888888888889
L,5,IFLY10,H0,e050,S,dev_2021_2023,5.0,36,-0.08310546840821337,-1.5166689640744802,-0.9823163293172126,-0.6479025262662782,0.3888888888888889
L,5,IFLY10,H0,e050,S,hold_2024_2025,5.0,24,-0.046330740105154165,-0.9274061768829385,-0.8450333783831512,-0.4833820613337284,0.4166666666666667
L,5,IFLY10,H0,e050,S,ext_2026,5.0,9,-0.12146230974439054,-1.9730634595294785,-0.779176549176094,-0.4940806785355498,0.3333333333333333
L,5,IFLY10,H0,e050,S,post_2021_2026,5.0,69,-0.07531732482491153,-1.4019356131384209,-0.999126757267108,-0.6479025262662782,0.391304347826087
L,5,IFLY10,H0,e050,S,frozen_2024_2026,5.0,33,-0.06682116818858226,-1.2544415862833023,-0.9628294302452182,-0.4940806785355498,0.3939393939393939
L,5,IFLY10,H0,e100,LS,pre_2019_2020,10.0,18,-0.13887411443826245,-1.9547840429247445,-0.9701828374182595,-0.6535969145743985,0.3333333333333333
L,5,IFLY10,H0,e100,LS,dev_2021_2023,10.0,36,-0.1300373530869696,-3.1336952679721004,-0.996057615923577,-0.5127980941266926,0.16666666666666666
L,5,IFLY10,H0,e100,LS,hold_2024_2025,10.0,24,-0.11754541181185756,-2.067010433919569,-0.9789575623261298,-0.4255439801399089,0.2916666666666667
L,5,IFLY10,H0,e100,LS,ext_2026,10.0,9,-0.18469066450743155,-3.241250052880821,-0.8804169203302781,-0.46246475223431727,0.1111111111111111
L,5,IFLY10,H0,e100,LS,post_2021_2026,10.0,69,-0.13282102282873,-2.711771999147101,-0.9999862210434768,-0.5127980941266926,0.2028985507246377
L,5,IFLY10,H0,e100,LS,frozen_2024_2026,10.0,33,-0.135857753456105,-2.396811363942847,-0.9973784115931782,-0.46246475223431727,0.24242424242424243
L,5,IFLY10,H0,tick,LS,pre_2019_2020,10.0,18,-0.1418270567898746,-1.9948134874807928,-0.9721789911861947,-0.6562191724055422,0.3333333333333333
L,5,IFLY10,H0,tick,LS,dev_2021_2023,10.0,36,-0.13223799086382731,-3.1872058893400297,-0.9964106287766925,-0.5152370301522013,0.1388888888888889
L,5,IFLY10,H0,tick,LS,hold_2024_2025,10.0,24,-0.12007326907516029,-2.111381132153709,-0.9803422054997208,-0.4275322392798938,0.2916666666666667
L,5,IFLY10,H0,tick,LS,ext_2026,10.0,9,-0.18705552057103722,-3.292749263144945,-0.8828116549004836,-0.46467058139397566,0.1111111111111111
L,5,IFLY10,H0,tick,LS,post_2021_2026,10.0,69,-0.13515689585566618,-2.7609608023518013,-0.9999886295748991,-0.5152370301522013,0.18840579710144928
L,5,IFLY10,H0,tick,LS,frozen_2024_2026,10.0,33,-0.1383411558467631,-2.4425689190151725,-0.9976145518907534,-0.46467058139397566,0.24242424242424243
L,5,IFLY10,H1,e050,LS,pre_2019_2020,10.0,18,-0.05425259979087992,-1.8358043534463175,-0.6954389402380601,-0.22236438875594997,0.3333333333333333
L,5,IFLY10,H1,e050,LS,dev_2021_2023,10.0,36,-0.07063825393261561,-2.8353994993940126,-0.9382906390730955,-0.21233582771494594,0.19444444444444445
L,5,IFLY10,H1,e050,LS,hold_2024_2025,10.0,24,-0.0890110781389527,-3.3630007760068983,-0.9044357783417384,-0.2506933645748747,0.041666666666666664
L,5,IFLY10,H1,e050,LS,ext_2026,10.0,9,-0.0479478588256035,-2.6007299867405194,-0.3690526222788796,-0.160801847120362,0.3333333333333333
L,5,IFLY10,H1,e050,LS,post_2021_2026,10.0,69,-0.07406918472955734,-2.996511088965946,-0.9962791726784425,-0.2506933645748747,0.15942028985507245
L,5,IFLY10,H1,e050,LS,frozen_2024_2026,10.0,33,-0.0778120183262211,-3.1320082248067767,-0.9397040049407599,-0.2506933645748747,0.12121212121212122
L,5,IFLY10,H1,e050,L,pre_2019_2020,5.0,18,-0.07611289476686893,-1.2602491189865672,-0.881298726591198,-0.33181757196142947,0.2777777777777778
L,5,IFLY10,H1,e050,L,dev_2021_2023,5.0,36,-0.03898243126834734,-0.8935079067165362,-0.850472625187283,-0.3687789580027138,0.3611111111111111
L,5,IFLY10,H1,e050,L,hold_2024_2025,5.0,24,-0.08561961096753813,-1.6838477628885158,-0.9177323150847586,-0.3220364563373214,0.16666666666666666
L,5,IFLY10,H1,e050,L,ext_2026,5.0,9,-0.027274251250696838,-0.4596655043597889,-0.45898726193748396,-0.3097199104979592,0.4444444444444444
L,5,IFLY10,H1,e050,L,post_2021_2026,5.0,69,-0.05367690507445929,-1.1154562281544238,-0.9925731813477331,-0.3687789580027138,0.30434782608695654
L,5,IFLY10,H1,e050,L,frozen_2024_2026,5.0,33,-0.06970724013567234,-1.3181674538701273,-0.9524636237806715,-0.3220364563373214,0.24242424242424243
L,5,IFLY10,H1,e050,S,pre_2019_2020,5.0,18,-0.0323923048148909,-0.874195449366288,-0.5249003008822138,-0.2815773485343637,0.3888888888888889
L,5,IFLY10,H1,e050,S,dev_2021_2023,5.0,36,-0.10229407659688386,-4.116477222193345,-0.9827943699769176,-0.3993461457726689,0.05555555555555555
L,5,IFLY10,H1,e050,S,hold_2024_2025,5.0,24,-0.09240254531036729,-3.081832901758262,-0.9223146659363318,-0.29744840004744494,0.125
L,5,IFLY10,H1,e050,S,ext_2026,5.0,9,-0.06862146640051017,-2.3775784795870134,-0.5175272733205706,-0.2547263097820211,0.2222222222222222
L,5,IFLY10,H1,e050,S,post_2021_2026,5.0,69,-0.09446146438465543,-3.4959278468268793,-0.9992805588999318,-0.3993461457726689,0.10144927536231885
L,5,IFLY10,H1,e050,S,frozen_2024_2026,5.0,33,-0.08591679651676988,-2.92289163448233,-0.9588568617090009,-0.29744840004744494,0.15151515151515152
L,5,IFLY10,H2_15,e050,LS,pre_2019_2020,10.0,18,-0.05801153614434215,-1.8439266358240851,-0.6969949897302252,-0.24024177344766268,0.2777777777777778
L,5,IFLY10,H2_15,e050,LS,dev_2021_2023,10.0,36,-0.06935794264095776,-2.7313734732780532,-0.9355145344218351,-0.22327071613423755,0.25
L,5,IFLY10,H2_15,e050,LS,hold_2024_2025,10.0,24,-0.07950773939888266,-2.8910484117085264,-0.8793384098992931,-0.21093087435091123,0.125
L,5,IFLY10,H2_15,e050,LS,ext_2026,10.0,9,-0.05730266185568603,-2.7563566769044803,-0.4258929082604854,-0.18380215261490263,0.2222222222222222
L,5,IFLY10,H2_15,e050,LS,post_2021_2026,10.0,69,-0.07131587880215708,-2.8127365706122083,-0.995483336230996,-0.22327071613423755,0.2028985507246377
L,5,IFLY10,H2_15,e050,LS,frozen_2024_2026,10.0,33,-0.07345180915982903,-2.858975333579222,-0.9307273254226177,-0.21093087435091123,0.15151515151515152
L,5,IFLY10,H2_15,e050,L,pre_2019_2020,5.0,18,-0.08517432718533474,-1.373048221263139,-0.89608787901404,-0.39970726717265664,0.2777777777777778
L,5,IFLY10,H2_15,e050,L,dev_2021_2023,5.0,36,-0.0413193206272346,-0.9354617078234319,-0.8602064193121918,-0.3744412423703617,0.3888888888888889
L,5,IFLY10,H2_15,e050,L,hold_2024_2025,5.0,24,-0.07156102339562158,-1.3048978441312566,-0.886634998695143,-0.29255514433407426,0.20833333333333334
L,5,IFLY10,H2_15,e050,L,ext_2026,5.0,9,-0.046546378215753595,-0.7831270649780403,-0.5474340092186586,-0.3468957405327667,0.4444444444444444
L,5,IFLY10,H2_15,e050,L,post_2021_2026,5.0,69,-0.05251996388430646,-1.060280884589397,-0.9921317389592393,-0.3744412423703617,0.3333333333333333
L,5,IFLY10,H2_15,e050,L,frozen_2024_2026,5.0,33,-0.06473884743747577,-1.171189106532532,-0.9442359029815462,-0.3468957405327667,0.2727272727272727
L,5,IFLY10,H2_15,e050,S,pre_2019_2020,5.0,18,-0.030848745103349524,-0.7469794314670908,-0.5270947238899784,-0.26125418870615474,0.3888888888888889
L,5,IFLY10,H2_15,e050,S,dev_2021_2023,5.0,36,-0.09739656465468095,-3.585835927519049,-0.979701715205664,-0.3696004849589666,0.1111111111111111
L,5,IFLY10,H2_15,e050,S,hold_2024_2025,5.0,24,-0.08745445540214374,-3.1716607718098655,-0.904016686132939,-0.2737977982626615,0.20833333333333334
L,5,IFLY10,H2_15,e050,S,ext_2026,5.0,9,-0.06805894549561843,-2.3422451336546266,-0.5222329617704795,-0.21868970494595258,0.2222222222222222
L,5,IFLY10,H2_15,e050,S,post_2021_2026,5.0,69,-0.09011179372000767,-3.303370847061466,-0.9989992006701441,-0.3696004849589666,0.15942028985507245
L,5,IFLY10,H2_15,e050,S,frozen_2024_2026,5.0,33,-0.0821647708821823,-2.9726869981598445,-0.9514879457852902,-0.2737977982626615,0.21212121212121213
L,5,IFLY10,H2_25,e050,LS,pre_2019_2020,10.0,18,-0.06538746956421043,-2.021659765631187,-0.7375478915564708,-0.24237121958472185,0.2777777777777778
L,5,IFLY10,H2_25,e050,LS,dev_2021_2023,10.0,36,-0.06892583763932594,-2.4743535900196534,-0.9365898563036338,-0.25632150160646344,0.2222222222222222
L,5,IFLY10,H2_25,e050,LS,hold_2024_2025,10.0,24,-0.07388080589162326,-2.2813826300563034,-0.8793404016072615,-0.27794554410272465,0.20833333333333334
L,5,IFLY10,H2_25,e050,LS,ext_2026,10.0,9,-0.05463347005255039,-2.1944536676278363,-0.4172902921097724,-0.2149949694696594,0.3333333333333333
L,5,IFLY10,H2_25,e050,LS,post_2021_2026,10.0,69,-0.06878508299837167,-2.3875567361584604,-0.9950462572303969,-0.27794554410272465,0.2318840579710145
L,5,IFLY10,H2_25,e050,LS,frozen_2024_2026,10.0,33,-0.06863153248096701,-2.2688267811924385,-0.9267499444803352,-0.27794554410272465,0.24242424242424243
L,5,IFLY10,H2_25,e050,L,pre_2019_2020,5.0,18,-0.0801242211877366,-1.351551180261979,-0.8822293984133038,-0.3066718612768583,0.3333333333333333
L,5,IFLY10,H2_25,e050,L,dev_2021_2023,5.0,36,-0.0513032572248278,-1.065282534705531,-0.9168012005424184,-0.4736004029317554,0.3888888888888889
L,5,IFLY10,H2_25,e050,L,hold_2024_2025,5.0,24,-0.07892578240804972,-1.305461445402071,-0.9371394047745476,-0.37221289593301254,0.2916666666666667
L,5,IFLY10,H2_25,e050,L,ext_2026,5.0,9,-0.03204833474064213,-0.5406481189344117,-0.4683078274526219,-0.37584448541392473,0.4444444444444444
L,5,IFLY10,H2_25,e050,L,post_2021_2026,5.0,69,-0.058399580442793815,-1.0909151383203544,-0.9958108803091915,-0.4736004029317554,0.36231884057971014
L,5,IFLY10,H2_25,e050,L,frozen_2024_2026,5.0,33,-0.06614102395330224,-1.111169402965452,-0.956044211237846,-0.37584448541392473,0.3333333333333333
L,5,IFLY10,H2_25,e050,S,pre_2019_2020,5.0,18,-0.050650717940684285,-1.3099585267526002,-0.6673688828221384,-0.2474960144149371,0.3333333333333333
L,5,IFLY10,H2_25,e050,S,dev_2021_2023,5.0,36,-0.08654841805382413,-3.202461309592033,-0.9684371721922382,-0.3558561612187098,0.08333333333333333
L,5,IFLY10,H2_25,e050,S,hold_2024_2025,5.0,24,-0.06883582937519676,-2.408889226439008,-0.8504038232855201,-0.2570908643932638,0.3333333333333333
L,5,IFLY10,H2_25,e050,S,ext_2026,5.0,9,-0.07721860536445865,-3.071330159757325,-0.5525248380593799,-0.21910048187777384,0.2222222222222222
L,5,IFLY10,H2_25,e050,S,post_2021_2026,5.0,69,-0.07917058555394955,-2.926075588571347,-0.99767406767661,-0.3558561612187098,0.18840579710144928
L,5,IFLY10,H2_25,e050,S,frozen_2024_2026,5.0,33,-0.07112204100863184,-2.6037237274560097,-0.9265684549862978,-0.2570908643932638,0.30303030303030304
L,5,IFLY15,H0,e000,LS,pre_2019_2020,10.0,18,-0.013902910314505638,-0.19131482782881717,-0.742768441836392,-0.43539937484703223,0.4444444444444444
L,5,IFLY15,H0,e000,LS,dev_2021_2023,10.0,36,-0.03389317713883555,-0.7826457168957978,-0.8686494358419705,-0.45319961417752996,0.5
L,5,IFLY15,H0,e000,LS,hold_2024_2025,10.0,24,-0.002410065387641732,-0.04334718914836326,-0.7866109998460984,-0.2860073315152649,0.4166666666666667
L,5,IFLY15,H0,e000,LS,ext_2026,10.0,9,-0.11433984442545464,-1.8473784275702632,-0.7851399566905242,-0.48653792210910424,0.4444444444444444
L,5,IFLY15,H0,e000,LS,post_2021_2026,10.0,69,-0.033435573132327145,-0.660564967212929,-0.9764665314415618,-0.48653792210910424,0.463768115942029
L,5,IFLY15,H0,e000,LS,frozen_2024_2026,10.0,33,-0.032936368761590694,-0.5654296651717521,-0.899065527409962,-0.48653792210910424,0.42424242424242425
L,5,IFLY15,H0,e050,LS,pre_2019_2020,10.0,18,-0.10380748135308275,-1.3685957051465276,-0.9525805154959495,-0.5316164944942511,0.4444444444444444
L,5,IFLY15,H0,e050,LS,dev_2021_2023,10.0,36,-0.09929249042167698,-2.2284981961852206,-0.9872497756655771,-0.5882452462057309,0.25
L,5,IFLY15,H0,e050,LS,hold_2024_2025,10.0,24,-0.07336789737430237,-1.2778306868180274,-0.942337843464835,-0.42120880196927146,0.3333333333333333
L,5,IFLY15,H0,e050,LS,ext_2026,10.0,9,-0.18161138527463494,-2.900855217510348,-0.8872818454935576,-0.5453988655097955,0.2222222222222222
L,5,IFLY15,H0,e050,LS,post_2021_2026,10.0,69,-0.10101248782080206,-1.9467981438465494,-0.9998558641476816,-0.5882452462057309,0.2753623188405797
L,5,IFLY15,H0,e050,LS,frozen_2024_2026,10.0,33,-0.10288884861984761,-1.7270851384437362,-0.9918903557513467,-0.5453988655097955,0.30303030303030304
L,5,IFLY15,H0,e050,L,pre_2019_2020,5.0,18,-0.0610681153701106,-0.593219219575271,-0.9340054752195183,-0.5630631990114787,0.5
L,5,IFLY15,H0,e050,L,dev_2021_2023,5.0,36,-0.07763292259084542,-1.0306786130108967,-0.9915600496022294,-0.4871111320304616,0.3333333333333333
L,5,IFLY15,H0,e050,L,hold_2024_2025,5.0,24,-0.06984443107788432,-0.7758610276467212,-0.9888601183250015,-0.6504681400142514,0.4166666666666667
L,5,IFLY15,H0,e050,L,ext_2026,5.0,9,-0.18690242325643458,-2.070062196442558,-0.940892521558512,-0.7507150688797325,0.2222222222222222
L,5,IFLY15,H0,e050,L,post_2021_2026,5.0,69,-0.08917642562967491,-1.0860290148024276,-0.999964854255354,-0.7507150688797325,0.34782608695652173
L,5,IFLY15,H0,e050,L,frozen_2024_2026,5.0,33,-0.10176933803567077,-1.1310314759022704,-0.9979309534246714,-0.7507150688797325,0.36363636363636365
L,5,IFLY15,H0,e050,S,pre_2019_2020,5.0,18,-0.14654684733605486,-1.243008826289522,-1.0802453363934066,-1.2674810686987716,0.2222222222222222
L,5,IFLY15,H0,e050,S,dev_2021_2023,5.0,36,-0.12095205825250852,-1.6242452057850743,-0.9985208419896154,-0.6938856479259377,0.2777777777777778
L,5,IFLY15,H0,e050,S,hold_2024_2025,5.0,24,-0.07689136367072041,-1.1845692267648233,-0.9654488592762058,-0.7484289411262155,0.3333333333333333
L,5,IFLY15,H0,e050,S,ext_2026,5.0,9,-0.17632034729283527,-2.0725647604348034,-0.9038477972638602,-0.6738788874227478,0.3333333333333333
L,5,IFLY15,H0,e050,S,post_2021_2026,5.0,69,-0.11284855001192921,-1.5625045667696487,-0.9999920859183489,-0.7484289411262155,0.30434782608695654
L,5,IFLY15,H0,e050,S,frozen_2024_2026,5.0,33,-0.10400835920402446,-1.4699773548109796,-0.9966778317123608,-0.7484289411262155,0.3333333333333333
L,5,IFLY15,H0,e100,LS,pre_2019_2020,10.0,18,-0.19371205239165984,-2.354067692337221,-0.9945495573144008,-0.7245114837319999,0.3888888888888889
L,5,IFLY15,H0,e100,LS,dev_2021_2023,10.0,36,-0.1646918037045184,-3.539387857634363,-0.999345912065292,-0.7232908782339323,0.08333333333333333
L,5,IFLY15,H0,e100,LS,hold_2024_2025,10.0,24,-0.14432572936096297,-2.3953387792887497,-0.990604937816091,-0.5688409981093396,0.25
L,5,IFLY15,H0,e100,LS,ext_2026,10.0,9,-0.24888292612381527,-3.922200373236829,-0.9482212706848104,-0.6042598089104868,0.1111111111111111
L,5,IFLY15,H0,e100,LS,post_2021_2026,10.0,69,-0.16858940250927695,-3.127854001701049,-0.9999996111340267,-0.7232908782339323,0.14492753623188406
L,5,IFLY15,H0,e100,LS,frozen_2024_2026,10.0,33,-0.17284132847810452,-2.803000631983264,-0.99951353561828,-0.6042598089104868,0.21212121212121213
L,5,IFLY15,H0,tick,LS,pre_2019_2020,10.0,18,-0.19741738245940885,-2.3972301462671006,-0.9949836146760245,-0.728572011525765,0.3333333333333333
L,5,IFLY15,H0,tick,LS,dev_2021_2023,10.0,36,-0.16774598758620998,-3.6024482333573995,-0.9994328126580933,-0.7275650321735503,0.08333333333333333
L,5,IFLY15,H0,tick,LS,hold_2024_2025,10.0,24,-0.14778688253708447,-2.4534130304270296,-0.9914810633090511,-0.5716201242875227,0.25
L,5,IFLY15,H0,tick,LS,ext_2026,10.0,9,-0.2520135308391127,-3.9801544786631062,-0.9502402479164285,-0.6071640147485644,0.1111111111111111
L,5,IFLY15,H0,tick,LS,post_2021_2026,10.0,69,-0.17179510886297975,-3.18816809970621,-0.9999997076548861,-0.7275650321735503,0.14492753623188406
L,5,IFLY15,H0,tick,LS,frozen_2024_2026,10.0,33,-0.17621233207400122,-2.8602545452431642,-0.9995760998222427,-0.6071640147485644,0.21212121212121213
L,5,IFLY15,H1,e050,LS,pre_2019_2020,10.0,18,-0.07351308367901417,-2.460861429607247,-0.7887852739935962,-0.2358293197688246,0.2777777777777778
L,5,IFLY15,H1,e050,LS,dev_2021_2023,10.0,36,-0.09993630593141337,-4.102156561969116,-0.9805905849349091,-0.2255094412929604,0.1388888888888889
L,5,IFLY15,H1,e050,LS,hold_2024_2025,10.0,24,-0.11572035774626949,-4.532799683790416,-0.9534605158564998,-0.3012213992537324,0.041666666666666664
L,5,IFLY15,H1,e050,LS,ext_2026,10.0,9,-0.0702656602378843,-4.809403222331308,-0.4871529280546959,-0.14808657384103693,0.0
L,5,IFLY15,H1,e050,LS,post_2021_2026,10.0,69,-0.10155632668959867,-4.261756274168795,-0.9995367431040799,-0.3012213992537324,0.08695652173913043
L,5,IFLY15,H1,e050,LS,frozen_2024_2026,10.0,33,-0.10332362206216443,-4.377833680471014,-0.976132361827161,-0.3012213992537324,0.030303030303030304
L,5,IFLY15,H1,e050,L,pre_2019_2020,5.0,18,-0.0884389370109279,-1.5548522066979706,-0.9065517190169484,-0.31990061289343596,0.2777777777777778
L,5,IFLY15,H1,e050,L,dev_2021_2023,5.0,36,-0.048533943465860076,-1.1427434920185444,-0.8964102099129168,-0.3932535138913635,0.3888888888888889
L,5,IFLY15,H1,e050,L,hold_2024_2025,5.0,24,-0.10113073253510925,-2.620444974011106,-0.9385654301652415,-0.3017271360332046,0.125
L,5,IFLY15,H1,e050,L,ext_2026,5.0,9,-0.03527359163334945,-0.6256648421180115,-0.5289579499041772,-0.31667789989318085,0.4444444444444444
L,5,IFLY15,H1,e050,L,post_2021_2026,5.0,69,-0.06509886768570622,-1.5069146816996528,-0.9963840776422863,-0.3932535138913635,0.30434782608695654
L,5,IFLY15,H1,e050,L,frozen_2024_2026,5.0,33,-0.08316969410735656,-1.888728005841285,-0.9668603525365763,-0.31667789989318085,0.21212121212121213
L,5,IFLY15,H1,e050,S,pre_2019_2020,5.0,18,-0.05858723034710042,-1.526065027303105,-0.716236043630867,-0.26843139349126927,0.3333333333333333
L,5,IFLY15,H1,e050,S,dev_2021_2023,5.0,36,-0.15133866839696666,-4.577069187424564,-0.9981154945808008,-0.5009211882183826,0.08333333333333333
L,5,IFLY15,H1,e050,S,hold_2024_2025,5.0,24,-0.13030998295742974,-3.476037760235973,-0.9748533665040927,-0.5084352531235817,0.16666666666666666
L,5,IFLY15,H1,e050,S,ext_2026,5.0,9,-0.10525772884241914,-2.897186172578796,-0.6703253635102189,-0.2691667260082387,0.2222222222222222
L,5,IFLY15,H1,e050,S,post_2021_2026,5.0,69,-0.13801378569349107,-3.959851740112074,-0.999983369021069,-0.5084352531235817,0.13043478260869565
L,5,IFLY15,H1,e050,S,frozen_2024_2026,5.0,33,-0.12347755001697232,-3.359658475363548,-0.9911748839978872,-0.5084352531235817,0.18181818181818182
L,5,IFLY15,H2_15,e050,LS,pre_2019_2020,10.0,18,-0.08521060937691768,-2.442733165136163,-0.8288090341960157,-0.2643184628257488,0.3333333333333333
L,5,IFLY15,H2_15,e050,LS,dev_2021_2023,10.0,36,-0.0946211071229547,-4.055185634410973,-0.9756894734923867,-0.22837176614421506,0.2222222222222222
L,5,IFLY15,H2_15,e050,LS,hold_2024_2025,10.0,24,-0.10292104995832813,-3.8715842055915326,-0.9348534820826884,-0.2983812044051113,0.08333333333333333
L,5,IFLY15,H2_15,e050,LS,ext_2026,10.0,9,-0.07736033115521967,-3.895251874643755,-0.5358479878420022,-0.18452519981767807,0.1111111111111111
L,5,IFLY15,H2_15,e050,LS,post_2021_2026,10.0,69,-0.09525663820033653,-3.9865787372077395,-0.9992495713121785,-0.2983812044051113,0.15942028985507245
L,5,IFLY15,H2_15,e050,LS,frozen_2024_2026,10.0,33,-0.09594994483020763,-3.860675623521566,-0.9691315328943436,-0.2983812044051113,0.09090909090909091
L,5,IFLY15,H2_15,e050,L,pre_2019_2020,5.0,18,-0.09911617611855293,-1.7300602575967272,-0.9154320084743683,-0.37170002145055936,0.3333333333333333
L,5,IFLY15,H2_15,e050,L,dev_2021_2023,5.0,36,-0.05125255054291123,-1.2072243791785093,-0.9031715440673039,-0.4283589679769329,0.3888888888888889
L,5,IFLY15,H2_15,e050,L,hold_2024_2025,5.0,24,-0.08967612359961526,-2.2182616232555765,-0.9182633969794597,-0.3249482203573924,0.125
L,5,IFLY15,H2_15,e050,L,ext_2026,5.0,9,-0.03716187009016575,-0.610013167651724,-0.5650735044330168,-0.3391182661570168,0.3333333333333333
L,5,IFLY15,H2_15,e050,L,post_2021_2026,5.0,69,-0.06277935676445018,-1.4211337066651333,-0.9957580302922736,-0.4283589679769329,0.2898550724637681
L,5,IFLY15,H2_15,e050,L,frozen_2024_2026,5.0,33,-0.07535405446067449,-1.625333240784031,-0.9561908772905058,-0.3391182661570168,0.18181818181818182
L,5,IFLY15,H2_15,e050,S,pre_2019_2020,5.0,18,-0.07130504263528245,-1.4670832284913728,-0.8069896580027803,-0.3351586554035838,0.16666666666666666
L,5,IFLY15,H2_15,e050,S,dev_2021_2023,5.0,36,-0.13798966370299814,-3.972813284376296,-0.996741132287225,-0.48678742981162404,0.08333333333333333
L,5,IFLY15,H2_15,e050,S,hold_2024_2025,5.0,24,-0.116165976317041,-3.1018709846821952,-0.96194242246501,-0.47239083298148143,0.16666666666666666
L,5,IFLY15,H2_15,e050,S,ext_2026,5.0,9,-0.11755879222027356,-2.9718891177519775,-0.7162302318386053,-0.31142668475898894,0.2222222222222222
L,5,IFLY15,H2_15,e050,S,post_2021_2026,5.0,69,-0.12773391963622288,-3.557594469459053,-0.9999625776920106,-0.48678742981162404,0.13043478260869565
L,5,IFLY15,H2_15,e050,S,frozen_2024_2026,5.0,33,-0.1165458351997408,-3.1156140974204676,-0.9888310660931826,-0.47239083298148143,0.18181818181818182
L,5,IFLY15,H2_25,e050,LS,pre_2019_2020,10.0,18,-0.0835026771168926,-2.0966577347072186,-0.8492669299730444,-0.28878552289486553,0.2777777777777778
L,5,IFLY15,H2_25,e050,LS,dev_2021_2023,10.0,36,-0.09027809646868086,-3.4729925538345707,-0.9721369875519547,-0.30582447802969864,0.19444444444444445
L,5,IFLY15,H2_25,e050,LS,hold_2024_2025,10.0,24,-0.09099892568152834,-3.076667003007272,-0.9131826693372879,-0.31439218462570595,0.125
L,5,IFLY15,H2_25,e050,LS,ext_2026,10.0,9,-0.11025445187287645,-3.8514219854824296,-0.6723625629703641,-0.2598855798046026,0.1111111111111111
L,5,IFLY15,H2_25,e050,LS,post_2021_2026,10.0,69,-0.09313443124760984,-3.4148912428364278,-0.9991947964227044,-0.31439218462570595,0.15942028985507245
L,5,IFLY15,H2_25,e050,LS,frozen_2024_2026,10.0,33,-0.09625043282462327,-3.321030437887423,-0.9711013452405021,-0.31439218462570595,0.12121212121212122
L,5,IFLY15,H2_25,e050,L,pre_2019_2020,5.0,18,-0.08811270928271629,-1.3783931357722452,-0.9233379935958169,-0.38009039057641514,0.3888888888888889
L,5,IFLY15,H2_25,e050,L,dev_2021_2023,5.0,36,-0.04090894257652761,-0.8423028869725167,-0.8757399389840412,-0.4503113315545475,0.4722222222222222
L,5,IFLY15,H2_25,e050,L,hold_2024_2025,5.0,24,-0.08775172759798505,-1.7969550960656802,-0.9229468814904314,-0.30376218881796435,0.20833333333333334
L,5,IFLY15,H2_25,e050,L,ext_2026,5.0,9,-0.05887080462665124,-0.8760888688773227,-0.6581185258319797,-0.37202565972006046,0.4444444444444444
L,5,IFLY15,H2_25,e050,L,post_2021_2026,5.0,69,-0.059544936764441975,-1.1698734776379194,-0.9958902388028913,-0.4503113315545475,0.37681159420289856
L,5,IFLY15,H2_25,e050,L,frozen_2024_2026,5.0,33,-0.07987511224216676,-1.494337070312671,-0.9669261292525767,-0.37202565972006046,0.2727272727272727
L,5,IFLY15,H2_25,e050,S,pre_2019_2020,5.0,18,-0.07889264495106893,-1.7626593073946688,-0.8348435879046192,-0.2852869101710185,0.2222222222222222
L,5,IFLY15,H2_25,e050,S,dev_2021_2023,5.0,36,-0.1396472503608341,-3.696645333067721,-0.9971184112448205,-0.4786312802526063,0.1111111111111111
L,5,IFLY15,H2_25,e050,S,hold_2024_2025,5.0,24,-0.09424612376507162,-2.410785131024384,-0.9396713248100262,-0.4949035929300507,0.2916666666666667
L,5,IFLY15,H2_25,e050,S,ext_2026,5.0,9,-0.16163809911910168,-3.841551069183368,-0.8258641470369622,-0.3618535722203502,0.1111111111111111
L,5,IFLY15,H2_25,e050,S,post_2021_2026,5.0,69,-0.12672392573077773,-3.25944570749575,-0.9999644908974644,-0.4949035929300507,0.17391304347826086
L,5,IFLY15,H2_25,e050,S,frozen_2024_2026,5.0,33,-0.11262575340707982,-2.799516977379121,-0.9876772483680328,-0.4949035929300507,0.24242424242424243
L,5,SSPREAD,H0,e000,LS,pre_2019_2020,10.0,18,-0.06320073686445554,-0.6987823881515546,-0.8824017554903858,-0.5201213497105205,0.4444444444444444
L,5,SSPREAD,H0,e000,LS,dev_2021_2023,10.0,36,-0.09506358778744944,-1.1045828138595464,-0.9972381307742171,-0.561781523147838,0.2222222222222222
L,5,SSPREAD,H0,e000,LS,hold_2024_2025,10.0,24,-0.04892540255546781,-0.5345012217269957,-0.9572593242880132,-0.5127924003126162,0.4166666666666667
L,5,SSPREAD,H0,e000,LS,ext_2026,10.0,9,-0.05569682493906288,-0.5928720039349958,-0.7229960342033597,-0.4527566193085302,0.3333333333333333
L,5,SSPREAD,H0,e000,LS,post_2021_2026,10.0,69,-0.07388072820479673,-0.8405134587106375,-0.9998639544708986,-0.561781523147838,0.30434782608695654
L,5,SSPREAD,H0,e000,LS,frozen_2024_2026,10.0,33,-0.0507721541146301,-0.5596865294803098,-0.9745357993521616,-0.5127924003126162,0.3939393939393939
L,5,SSPREAD,H0,e050,LS,pre_2019_2020,10.0,18,-0.16579336117765867,-2.045367179688698,-0.9863583092655928,-0.6066766611842298,0.3333333333333333
L,5,SSPREAD,H0,e050,LS,dev_2021_2023,10.0,36,-0.16271753547467258,-1.9032271740525155,-0.9998759212590413,-0.6529093519857404,0.2222222222222222
L,5,SSPREAD,H0,e050,LS,hold_2024_2025,10.0,24,-0.13014218371883915,-1.4149260268562698,-0.9931723404599303,-0.5536716770472592,0.2916666666666667
L,5,SSPREAD,H0,e050,LS,ext_2026,10.0,9,-0.13797353364737885,-1.5499394996238016,-0.8618296923169914,-0.5055985184817392,0.3333333333333333
L,5,SSPREAD,H0,e050,LS,post_2021_2026,10.0,69,-0.14815949984299653,-1.7021940450801893,-0.9999997746411132,-0.6529093519857404,0.2608695652173913
L,5,SSPREAD,H0,e050,LS,frozen_2024_2026,10.0,33,-0.13227800642662269,-1.4731489061589425,-0.9988701459240168,-0.5536716770472592,0.30303030303030304
L,5,SSPREAD,H0,e050,L,pre_2019_2020,5.0,18,-0.22693418265715812,-1.145489577138615,-1.0019579481289216,-1.0432330116478936,0.3333333333333333
L,5,SSPREAD,H0,e050,L,dev_2021_2023,5.0,36,-0.22560321630234334,-1.279015984834062,-1.0000000000003086,-1.0224883324773455,0.2222222222222222
L,5,SSPREAD,H0,e050,L,hold_2024_2025,5.0,24,-0.18379958129003823,-1.0508564285768338,-1.0001681495546517,-1.059828152303752,0.375
L,5,SSPREAD,H0,e050,L,ext_2026,5.0,9,-0.1566633169181609,-0.8366113733099527,-0.9987662038047282,-0.9880202342886619,0.3333333333333333
L,5,SSPREAD,H0,e050,L,post_2021_2026,5.0,69,-0.20207066072621346,-1.1562290937001682,-1.0000000000003086,-1.059828152303752,0.2898550724637681
L,5,SSPREAD,H0,e050,L,frozen_2024_2026,5.0,33,-0.17639878191588984,-1.0056677380066426,-1.0001681495546517,-1.059828152303752,0.36363636363636365
L,5,SSPREAD,H0,e050,S,pre_2019_2020,5.0,18,-0.10465253969815924,-1.3235051006305258,-0.9716134050771695,-0.8754656883799894,0.3888888888888889
L,5,SSPREAD,H0,e050,S,dev_2021_2023,5.0,36,-0.09983185464700177,-1.8610008039219446,-0.9907123001191819,-0.5815911078714247,0.25
L,5,SSPREAD,H0,e050,S,hold_2024_2025,5.0,24,-0.07648478614764011,-1.617066533316549,-0.9245872349488581,-0.4875425252590171,0.3333333333333333
L,5,SSPREAD,H0,e050,S,ext_2026,5.0,9,-0.11928375037659686,-2.7714570432920786,-0.7302726843481991,-0.2828994637948806,0.2222222222222222
L,5,SSPREAD,H0,e050,S,post_2021_2026,5.0,69,-0.09424833895977966,-1.895093225684619,-0.9997437883316342,-0.5815911078714247,0.2753623188405797
L,5,SSPREAD,H0,e050,S,frozen_2024_2026,5.0,33,-0.08815723093735557,-1.922703191067691,-0.9769140441121643,-0.4875425252590171,0.30303030303030304
L,5,SSPREAD,H0,e100,LS,pre_2019_2020,10.0,18,-0.26838598549086184,-3.635263606848353,-0.998880386075304,-0.693231972657939,0.2222222222222222
L,5,SSPREAD,H0,e100,LS,dev_2021_2023,10.0,36,-0.2303714831618956,-2.6974978853236586,-0.9999963641112406,-0.7552768835438062,0.2222222222222222
L,5,SSPREAD,H0,e100,LS,hold_2024_2025,10.0,24,-0.2113589648822105,-2.238428217237751,-0.9995094236793064,-0.6673645308246692,0.25
L,5,SSPREAD,H0,e100,LS,ext_2026,10.0,9,-0.2202502423556949,-2.6077884386810815,-0.9398788681472643,-0.5704672942644473,0.3333333333333333
L,5,SSPREAD,H0,e100,LS,post_2021_2026,10.0,69,-0.2224382714811964,-2.5489860781760463,-0.9999999998548813,-0.7552768835438062,0.2463768115942029
L,5,SSPREAD,H0,e100,LS,frozen_2024_2026,10.0,33,-0.21378385873861536,-2.361882701987536,-0.9999705059963397,-0.6673645308246692,0.2727272727272727
L,5,SSPREAD,H0,tick,LS,pre_2019_2020,10.0,18,-0.27514940104805946,-3.7210678369772388,-0.9990779589563802,-0.6979554317079474,0.2222222222222222
L,5,SSPREAD,H0,tick,LS,dev_2021_2023,10.0,36,-0.2357652935760853,-2.7606234866790578,-0.9999972937742464,-0.7609576589311883,0.2222222222222222
L,5,SSPREAD,H0,tick,LS,hold_2024_2025,10.0,24,-0.21712309424172838,-2.299468326573307,-0.9995977864126595,-0.6735079371904394,0.25
L,5,SSPREAD,H0,tick,LS,ext_2026,10.0,9,-0.22532597880494137,-2.6763950419442692,-0.9435579679844565,-0.5739236306042564,0.3333333333333333
L,5,SSPREAD,H0,tick,LS,post_2021_2026,10.0,69,-0.22791940057659457,-2.6127304108248133,-0.9999999999180252,-0.7609576589311883,0.2463768115942029
L,5,SSPREAD,H0,tick,LS,frozen_2024_2026,10.0,33,-0.2193602445771501,-2.4251918062507447,-0.9999772982478262,-0.6735079371904394,0.2727272727272727
L,5,SSPREAD,H1,e050,LS,pre_2019_2020,10.0,18,-0.09415739165854209,-1.6185614247997338,-0.8969925715591998,-0.3595732271216965,0.2777777777777778
L,5,SSPREAD,H1,e050,LS,dev_2021_2023,10.0,36,-0.11947894343981513,-2.3205618359485713,-0.9949161626648009,-0.4199768266038936,0.1388888888888889
L,5,SSPREAD,H1,e050,LS,hold_2024_2025,10.0,24,-0.10181934263085494,-1.5859879417368103,-0.9555588624208312,-0.376412968435767,0.08333333333333333
L,5,SSPREAD,H1,e050,LS,ext_2026,10.0,9,-0.09402267428703215,-1.96894689879472,-0.6418061631735941,-0.28563515650126464,0.4444444444444444
L,5,SSPREAD,H1,e050,LS,post_2021_2026,10.0,69,-0.11001609066024857,-1.9968235136244639,-0.9999190727239814,-0.4199768266038936,0.15942028985507245
L,5,SSPREAD,H1,e050,LS,frozen_2024_2026,10.0,33,-0.0996929785370851,-1.6771157015385485,-0.9840814584175873,-0.376412968435767,0.18181818181818182
L,5,SSPREAD,H1,e050,L,pre_2019_2020,5.0,18,-0.13300058969995066,-1.0794239565711217,-0.9918637072951255,-0.5861055314609281,0.2777777777777778
L,5,SSPREAD,H1,e050,L,dev_2021_2023,5.0,36,-0.12092797289766834,-1.2324036100423206,-0.9994258376443552,-0.6596406191800068,0.3611111111111111
L,5,SSPREAD,H1,e050,L,hold_2024_2025,5.0,24,-0.10012860660355068,-0.7639442614126627,-0.9892747516436435,-0.5192437270196593,0.20833333333333334
L,5,SSPREAD,H1,e050,L,ext_2026,5.0,9,-0.09780922172523765,-0.9204463032442782,-0.8137950592085121,-0.5063837082784526,0.4444444444444444
L,5,SSPREAD,H1,e050,L,post_2021_2026,5.0,69,-0.11067792142504951,-1.0059808993094475,-0.9999986849423794,-0.6596406191800068,0.3188405797101449
L,5,SSPREAD,H1,e050,L,frozen_2024_2026,5.0,33,-0.0994960470912835,-0.8078089414060726,-0.9977096066858311,-0.5192437270196593,0.2727272727272727
L,5,SSPREAD,H1,e050,S,pre_2019_2020,5.0,18,-0.05531419361713353,-1.7712386630596988,-0.6880342233686054,-0.19859913945375127,0.3888888888888889
L,5,SSPREAD,H1,e050,S,dev_2021_2023,5.0,36,-0.1180299139819619,-5.116808685161325,-0.9906557773538687,-0.3195812923854498,0.0
L,5,SSPREAD,H1,e050,S,hold_2024_2025,5.0,24,-0.1035100786581592,-3.381207630134149,-0.9445535904868437,-0.36575035225274394,0.125
L,5,SSPREAD,H1,e050,S,ext_2026,5.0,9,-0.09023612684882668,-4.816088167589615,-0.5818696166240023,-0.2019676719435782,0.0
L,5,SSPREAD,H1,e050,S,post_2021_2026,5.0,69,-0.10935425989544768,-4.320874107798882,-0.9997622941973429,-0.36575035225274394,0.043478260869565216
L,5,SSPREAD,H1,e050,S,frozen_2024_2026,5.0,33,-0.0998899099828867,-3.613033252964296,-0.9745612008982324,-0.36575035225274394,0.09090909090909091
L,5,SSPREAD,H2_15,e050,LS,pre_2019_2020,10.0,18,-0.09080707957656103,-1.4565512868846242,-0.8855725202258826,-0.3524358150501766,0.2777777777777778
L,5,SSPREAD,H2_15,e050,LS,dev_2021_2023,10.0,36,-0.11935979752566078,-2.0386880613798932,-0.9958450837687987,-0.4493112726295186,0.16666666666666666
L,5,SSPREAD,H2_15,e050,LS,hold_2024_2025,10.0,24,-0.09846037148661153,-1.2974924083355748,-0.9645730766241739,-0.46650575964132895,0.20833333333333334
L,5,SSPREAD,H2_15,e050,LS,ext_2026,10.0,9,-0.08938453525077211,-1.3737673529024288,-0.6918160638097965,-0.3329672202190213,0.3333333333333333
L,5,SSPREAD,H2_15,e050,LS,post_2021_2026,10.0,69,-0.10818061512839731,-1.6648497368801198,-0.9999448967223196,-0.46650575964132895,0.2028985507246377
L,5,SSPREAD,H2_15,e050,LS,frozen_2024_2026,10.0,33,-0.0959851434222917,-1.3312363302207901,-0.9867378126021711,-0.46650575964132895,0.24242424242424243
L,5,SSPREAD,H2_15,e050,L,pre_2019_2020,5.0,18,-0.12171600245141932,-0.9922417411158126,-0.9858409020867998,-0.6618404365034662,0.2777777777777778
L,5,SSPREAD,H2_15,e050,L,dev_2021_2023,5.0,36,-0.1204574035492149,-1.0802304559590925,-0.9997973961602878,-0.803624016796514,0.25
L,5,SSPREAD,H2_15,e050,L,hold_2024_2025,5.0,24,-0.10970093369011606,-0.715109825774065,-0.9962738457906026,-0.6934147374817758,0.20833333333333334
L,5,SSPREAD,H2_15,e050,L,ext_2026,5.0,9,-0.08894398605482833,-0.6746071160389293,-0.8510778287373922,-0.5094979869968951,0.3333333333333333
L,5,SSPREAD,H2_15,e050,L,post_2021_2026,5.0,69,-0.11260557696852139,-0.8789245795394867,-0.9999998465013409,-0.803624016796514,0.2463768115942029
L,5,SSPREAD,H2_15,e050,L,frozen_2024_2026,5.0,33,-0.10403994797140122,-0.7134157866543726,-0.999242370434271,-0.6934147374817758,0.24242424242424243
L,5,SSPREAD,H2_15,e050,S,pre_2019_2020,5.0,18,-0.059898156701702746,-1.7272208906379096,-0.7163442275797601,-0.23095028196677095,0.3888888888888889
L,5,SSPREAD,H2_15,e050,S,dev_2021_2023,5.0,36,-0.11826219150210673,-4.478571715938626,-0.9912090346159301,-0.3367456613374714,0.0
L,5,SSPREAD,H2_15,e050,S,hold_2024_2025,5.0,24,-0.08721980928310703,-2.923874244300091,-0.9131564135613245,-0.291261307007605,0.25
L,5,SSPREAD,H2_15,e050,S,ext_2026,5.0,9,-0.08982508444671594,-3.2799634992307,-0.6040889867447201,-0.19713265327947607,0.2222222222222222
L,5,SSPREAD,H2_15,e050,S,post_2021_2026,5.0,69,-0.10375565328827326,-3.7449940069758427,-0.9996532330071427,-0.3367456613374714,0.11594202898550725
L,5,SSPREAD,H2_15,e050,S,frozen_2024_2026,5.0,33,-0.0879303388731822,-3.0572902144496843,-0.9605541624034116,-0.291261307007605,0.24242424242424243
L,5,SSPREAD,H2_25,e050,LS,pre_2019_2020,10.0,18,-0.08054695052703169,-1.2157963296052046,-0.8727340450955473,-0.39255926321495777,0.3888888888888889
L,5,SSPREAD,H2_25,e050,LS,dev_2021_2023,10.0,36,-0.11351171131528262,-2.1794093044892198,-0.9939918285575595,-0.41796950301566643,0.25
L,5,SSPREAD,H2_25,e050,LS,hold_2024_2025,10.0,24,-0.09511776171796942,-1.3439382143207759,-0.965538087152936,-0.45891716405423955,0.25
L,5,SSPREAD,H2_25,e050,LS,ext_2026,10.0,9,-0.17472041027068597,-3.5803136343343183,-0.8506045677489609,-0.42978514715773,0.2222222222222222
L,5,SSPREAD,H2_25,e050,LS,post_2021_2026,10.0,69,-0.1150975591451828,-1.967621718306801,-0.9999642159220389,-0.45891716405423955,0.2463768115942029
L,5,SSPREAD,H2_25,e050,LS,frozen_2024_2026,10.0,33,-0.1168275749596194,-1.7808359461586853,-0.9940440983910054,-0.45891716405423955,0.24242424242424243
L,5,SSPREAD,H2_25,e050,L,pre_2019_2020,5.0,18,-0.096964928864222,-0.7157445336082231,-0.9918957246463191,-0.8199718014888047,0.3333333333333333
L,5,SSPREAD,H2_25,e050,L,dev_2021_2023,5.0,36,-0.0915205383386334,-0.9409283773031194,-0.9983610862164572,-0.7182531241402432,0.4166666666666667
L,5,SSPREAD,H2_25,e050,L,hold_2024_2025,5.0,24,-0.08083515403491928,-0.5757254294246873,-0.9971331235363954,-0.6824182684504604,0.3333333333333333
L,5,SSPREAD,H2_25,e050,L,ext_2026,5.0,9,-0.26811954908215063,-2.552551014148676,-0.9799472348024976,-0.7671853145418412,0.2222222222222222
L,5,SSPREAD,H2_25,e050,L,post_2021_2026,5.0,69,-0.11083853650388727,-0.9665138238944926,-0.9999998063732181,-0.7671853145418412,0.36231884057971014
L,5,SSPREAD,H2_25,e050,L,frozen_2024_2026,5.0,33,-0.1319127163205278,-0.9964409182285031,-0.9998818566395403,-0.7671853145418412,0.30303030303030304
L,5,SSPREAD,H2_25,e050,S,pre_2019_2020,5.0,18,-0.06412897218984132,-1.3893056899595548,-0.7647497897146018,-0.3455969564036729,0.3888888888888889
L,5,SSPREAD,H2_25,e050,S,dev_2021_2023,5.0,36,-0.13550288429193186,-4.0595368366030655,-0.9962652622219171,-0.45624355805511546,0.05555555555555555
L,5,SSPREAD,H2_25,e050,S,hold_2024_2025,5.0,24,-0.10940036940101953,-3.369244202960638,-0.9488476307514101,-0.33760609580957723,0.16666666666666666
L,5,SSPREAD,H2_25,e050,S,ext_2026,5.0,9,-0.08132127145922127,-2.566005829622082,-0.5940192929614699,-0.2572974818739957,0.3333333333333333
L,5,SSPREAD,H2_25,e050,S,post_2021_2026,5.0,69,-0.1193565817864784,-3.6342569531819136,-0.9999180506632137,-0.45624355805511546,0.13043478260869565
L,5,SSPREAD,H2_25,e050,S,frozen_2024_2026,5.0,33,-0.10174243359871094,-3.182056006110332,-0.9780575393359171,-0.33760609580957723,0.21212121212121213
L,3,STRADDLE,H0,e000,LS,pre_2019_2020,6.0,18,0.0064422476695316245,0.05144668701542666,-0.9770101638316047,-0.957144390562524,0.5
L,3,STRADDLE,H0,e000,LS,dev_2021_2023,6.0,36,-0.015931678117695004,-0.163576239948687,-0.9947964834539957,-0.8075414520421099,0.5277777777777778
L,3,STRADDLE,H0,e000,LS,hold_2024_2025,6.0,24,0.1749356518424163,1.5220777218624542,-0.3859343409184294,-0.30923879707022667,0.6666666666666666
L,3,STRADDLE,H0,e000,LS,ext_2026,6.0,9,-0.0416553085463267,-0.514909594615873,-0.6346129123944679,-0.5677535256064292,0.6666666666666666
L,3,STRADDLE,H0,e000,LS,post_2021_2026,6.0,69,0.047101702247304776,0.4519173961646012,-0.9947964834539957,-0.8075414520421099,0.5942028985507246
L,3,STRADDLE,H0,e000,LS,frozen_2024_2026,6.0,33,0.11586538991821366,1.0607991854239813,-0.6346129123944679,-0.5677535256064292,0.6666666666666666
L,3,STRADDLE,H0,e050,LS,pre_2019_2020,6.0,18,-0.052627953705177394,-0.41995316246506714,-1.001419687154456,-1.0026678609256499,0.4444444444444444
L,3,STRADDLE,H0,e050,LS,dev_2021_2023,6.0,36,-0.06398194016400417,-0.6496290670173918,-0.9994982383360816,-0.939409604806348,0.4444444444444444
L,3,STRADDLE,H0,e050,LS,hold_2024_2025,6.0,24,0.12656467472673835,1.0930235989596726,-0.6607326127122182,-0.36200683422035335,0.625
L,3,STRADDLE,H0,e050,LS,ext_2026,6.0,9,-0.08301763204169509,-1.0425909667725584,-0.752886664628277,-0.5990538526791163,0.5555555555555556
L,3,STRADDLE,H0,e050,LS,post_2021_2026,6.0,69,-0.00018777305561863106,-0.0017902205705405117,-0.9994982383360816,-0.939409604806348,0.5217391304347826
L,3,STRADDLE,H0,e050,LS,frozen_2024_2026,6.0,33,0.06940586378989289,0.6343570080412,-0.752886664628277,-0.5990538526791163,0.6060606060606061
L,3,STRADDLE,H0,e050,L,pre_2019_2020,3.0,18,0.0744085091562044,0.3172238544938239,-0.9470419224252031,-0.7493143342803052,0.3888888888888889
L,3,STRADDLE,H0,e050,L,dev_2021_2023,3.0,36,-0.09166165655661779,-0.7156667942758766,-0.9997530189123952,-0.6272722273287831,0.3611111111111111
L,3,STRADDLE,H0,e050,L,hold_2024_2025,3.0,24,0.07829159772327624,0.3683126190860528,-0.9960746573535296,-0.6943063014020505,0.4166666666666667
L,3,STRADDLE,H0,e050,L,ext_2026,3.0,9,-0.06624502965516199,-0.4836011676999146,-0.897408983938293,-0.7908707337248044,0.5555555555555556
L,3,STRADDLE,H0,e050,L,post_2021_2026,3.0,69,-0.029232268950377827,-0.17970390167753542,-0.9999944793750613,-0.7908707337248044,0.4057971014492754
L,3,STRADDLE,H0,e050,L,frozen_2024_2026,3.0,33,0.03887251752915672,0.20067236070810707,-0.9960746573535296,-0.7908707337248044,0.45454545454545453
L,3,STRADDLE,H0,e050,S,pre_2019_2020,3.0,18,-0.17966441656655918,-0.6588641892959807,-4.423459049947479,-3.3900522231190933,0.5
L,3,STRADDLE,H0,e050,S,dev_2021_2023,3.0,36,-0.03630222377139057,-0.2551533894040867,-1.0034136186531657,-1.251546982283913,0.5277777777777778
L,3,STRADDLE,H0,e050,S,hold_2024_2025,3.0,24,0.17483775173020044,1.916107276354816,-0.7713263935658574,-0.677720511196075,0.7083333333333334
L,3,STRADDLE,H0,e050,S,ext_2026,3.0,9,-0.09979023442822818,-1.0942559694100955,-0.8322441676754215,-0.44941431912514207,0.3333333333333333
L,3,STRADDLE,H0,e050,S,post_2021_2026,3.0,69,0.02885672283914053,0.2339814574310609,-1.0034136186531657,-1.251546982283913,0.5652173913043478
L,3,STRADDLE,H0,e050,S,frozen_2024_2026,3.0,33,0.099939210050629,1.0336060697149114,-0.8322441676754216,-0.677720511196075,0.6060606060606061
L,3,STRADDLE,H0,e100,LS,pre_2019_2020,6.0,18,-0.11169815507988634,-0.8861778561963596,-1.0068459581124438,-1.0481913312887752,0.3888888888888889
L,3,STRADDLE,H0,e100,LS,dev_2021_2023,6.0,36,-0.11203220221031339,-1.1207851593651723,-1.0004748710222495,-1.0712777575705867,0.3611111111111111
L,3,STRADDLE,H0,e100,LS,hold_2024_2025,6.0,24,0.07819369761106044,0.6682678223760331,-0.8685780618268265,-0.428232727435576,0.625
L,3,STRADDLE,H0,e100,LS,ext_2026,6.0,9,-0.12437995553706344,-1.586820061467326,-0.8370536349058909,-0.6303541797518033,0.5555555555555556
L,3,STRADDLE,H0,e100,LS,post_2021_2026,6.0,69,-0.04747724835854206,-0.4484164194558657,-1.0006563386176726,-1.0712777575705867,0.4782608695652174
L,3,STRADDLE,H0,e100,LS,frozen_2024_2026,6.0,33,0.022946337661572114,0.20881001172091057,-0.8685780618268265,-0.6303541797518033,0.6060606060606061
L,3,STRADDLE,H0,tick,LS,pre_2019_2020,6.0,18,-0.11513403684086645,-0.913066830584731,-1.00669921484335,-1.0508152136911535,0.3888888888888889
L,3,STRADDLE,H0,tick,LS,dev_2021_2023,6.0,36,-0.11514099173867029,-1.1513534035294464,-1.0004675557171856,-1.0763634497883277,0.3611111111111111
L,3,STRADDLE,H0,tick,LS,hold_2024_2025,6.0,24,0.0743001912308297,0.634879156206142,-0.8785237837318146,-0.43302051510312584,0.625
L,3,STRADDLE,H0,tick,LS,ext_2026,6.0,9,-0.12702719766680418,-1.6211845924321113,-0.8415778709743812,-0.6324198580250459,0.5555555555555556
L,3,STRADDLE,H0,tick,LS,post_2021_2026,6.0,69,-0.05079878104425298,-0.47980241170395427,-1.0005663670673457,-1.0763634497883277,0.4782608695652174
L,3,STRADDLE,H0,tick,LS,frozen_2024_2026,6.0,33,0.019392721531474998,0.17651753891900973,-0.8785237837318146,-0.6324198580250459,0.6060606060606061
L,3,STRADDLE,H1,e050,LS,pre_2019_2020,6.0,18,-0.01707011557547691,-0.33278553906410024,-0.6451497961895789,-0.20764389037731504,0.3888888888888889
L,3,STRADDLE,H1,e050,LS,dev_2021_2023,6.0,36,-0.05124220750686679,-1.0946709926588452,-0.9125439242666143,-0.4500347086869665,0.3333333333333333
L,3,STRADDLE,H1,e050,LS,hold_2024_2025,6.0,24,-0.047601513216772424,-0.870943274010349,-0.9036437401213666,-0.3544946225715824,0.3333333333333333
L,3,STRADDLE,H1,e050,LS,ext_2026,6.0,9,-0.03741409501549849,-1.3424122858040897,-0.31845028214250337,-0.20853252911182082,0.2222222222222222
L,3,STRADDLE,H1,e050,LS,post_2021_2026,6.0,69,-0.048172212211438095,-1.019806399535513,-0.9915730596386685,-0.4500347086869665,0.3188405797101449
L,3,STRADDLE,H1,e050,LS,frozen_2024_2026,6.0,33,-0.04482312643460681,-0.9260103275303319,-0.9036437401213666,-0.3544946225715824,0.30303030303030304
L,3,STRADDLE,H1,e050,L,pre_2019_2020,3.0,18,-0.00867017154615451,-0.0837696056897517,-0.8868236448871425,-0.5393996126250443,0.3333333333333333
L,3,STRADDLE,H1,e050,L,dev_2021_2023,3.0,36,-0.04256446625359248,-0.6562130221391849,-0.9195395411027922,-0.34286328597266374,0.3611111111111111
L,3,STRADDLE,H1,e050,L,hold_2024_2025,3.0,24,-0.0699833128377179,-0.6747528961705822,-0.9771716194238583,-0.45501059548001305,0.2916666666666667
L,3,STRADDLE,H1,e050,L,ext_2026,3.0,9,-0.04439476242841869,-0.7262351599144786,-0.49536121396149146,-0.39689189426986177,0.3333333333333333
L,3,STRADDLE,H1,e050,L,post_2021_2026,3.0,69,-0.052340190653483006,-0.6616496666132138,-0.9980868391555501,-0.45501059548001305,0.3333333333333333
L,3,STRADDLE,H1,e050,L,frozen_2024_2026,3.0,33,-0.0630046172715454,-0.6763702891804025,-0.9779799881826697,-0.45501059548001305,0.30303030303030304
L,3,STRADDLE,H1,e050,S,pre_2019_2020,3.0,18,-0.025470059604799304,-0.40931364800130143,-0.6024328446246773,-0.4482103931983226,0.4444444444444444
L,3,STRADDLE,H1,e050,S,dev_2021_2023,3.0,36,-0.05991994876014109,-0.8701351593073109,-0.9935078238261622,-0.9267977452685136,0.3888888888888889
L,3,STRADDLE,H1,e050,S,hold_2024_2025,3.0,24,-0.025219713595826948,-0.3948627897265501,-0.9006653406059474,-0.46454368262199236,0.5
L,3,STRADDLE,H1,e050,S,ext_2026,3.0,9,-0.030433427602578302,-0.9300861596133341,-0.3953859912507095,-0.17424113290242946,0.3333333333333333
L,3,STRADDLE,H1,e050,S,post_2021_2026,3.0,69,-0.044004233769393206,-0.6983834901684395,-0.9993551018910456,-0.9267977452685136,0.42028985507246375
L,3,STRADDLE,H1,e050,S,frozen_2024_2026,3.0,33,-0.026641635597668238,-0.4709515325999921,-0.9006653406059474,-0.46454368262199236,0.45454545454545453
L,3,STRADDLE,H2_15,e050,LS,pre_2019_2020,6.0,18,-0.014251511694070382,-0.2624974527385297,-0.6276101662341134,-0.19706180203836943,0.3888888888888889
L,3,STRADDLE,H2_15,e050,LS,dev_2021_2023,6.0,36,-0.05299549064862453,-1.147666966694403,-0.9159443846826535,-0.40863389931437455,0.3055555555555556
L,3,STRADDLE,H2_15,e050,LS,hold_2024_2025,6.0,24,-0.04050216040820656,-0.7078470827398591,-0.9054298684659471,-0.3644583097549258,0.3333333333333333
L,3,STRADDLE,H2_15,e050,LS,ext_2026,6.0,9,-0.05007301097876372,-1.5746054325414336,-0.4040548118672104,-0.25970394825403703,0.2222222222222222
L,3,STRADDLE,H2_15,e050,LS,post_2021_2026,6.0,69,-0.04826879147762774,-1.0006933414220798,-0.9920508494032628,-0.40863389931437455,0.30434782608695654
L,3,STRADDLE,H2_15,e050,LS,frozen_2024_2026,6.0,33,-0.04311239238199488,-0.8442773306574488,-0.9054298684659471,-0.3644583097549258,0.30303030303030304
L,3,STRADDLE,H2_15,e050,L,pre_2019_2020,3.0,18,-0.008601214004887926,-0.0800384198880641,-0.8896213010784084,-0.5499375493871935,0.3333333333333333
L,3,STRADDLE,H2_15,e050,L,dev_2021_2023,3.0,36,-0.04566695970186772,-0.679702007794777,-0.9315742610223827,-0.3923592220336822,0.3333333333333333
L,3,STRADDLE,H2_15,e050,L,hold_2024_2025,3.0,24,-0.06824221131870944,-0.6597140257772129,-0.9766117389504513,-0.4572750168663163,0.25
L,3,STRADDLE,H2_15,e050,L,ext_2026,3.0,9,-0.045609191830846274,-0.6972988750958211,-0.5008921831976141,-0.4557691019706313,0.3333333333333333
L,3,STRADDLE,H2_15,e050,L,post_2021_2026,3.0,69,-0.053511686194114234,-0.6660025914947864,-0.9983216738941129,-0.4572750168663163,0.30434782608695654
L,3,STRADDLE,H2_15,e050,L,frozen_2024_2026,3.0,33,-0.062069569640201314,-0.6628280082667674,-0.9768711504423551,-0.4572750168663163,0.2727272727272727
L,3,STRADDLE,H2_15,e050,S,pre_2019_2020,3.0,18,-0.019901809383252835,-0.2923424703275232,-0.6204861158660009,-0.47637136780184,0.4444444444444444
L,3,STRADDLE,H2_15,e050,S,dev_2021_2023,3.0,36,-0.060324021595381354,-0.8682698329123612,-0.9939221715277136,-0.9191953302897561,0.3333333333333333
L,3,STRADDLE,H2_15,e050,S,hold_2024_2025,3.0,24,-0.012762109497703664,-0.20060666510649514,-0.886177580911284,-0.43455232114600567,0.5
L,3,STRADDLE,H2_15,e050,S,ext_2026,3.0,9,-0.05453683012668115,-1.658628942642982,-0.5098866842574534,-0.16921966515100542,0.3333333333333333
L,3,STRADDLE,H2_15,e050,S,post_2021_2026,3.0,69,-0.04302589676114127,-0.6784235379733783,-0.9992441605645327,-0.9191953302897561,0.391304347826087
L,3,STRADDLE,H2_15,e050,S,frozen_2024_2026,3.0,33,-0.02415521512378843,-0.42641181145128826,-0.886177580911284,-0.43455232114600567,0.45454545454545453
L,3,STRADDLE,H2_25,e050,LS,pre_2019_2020,6.0,18,-0.047298828004955835,-0.9333239942424519,-0.7264280243821264,-0.2525577535440742,0.3333333333333333
L,3,STRADDLE,H2_25,e050,LS,dev_2021_2023,6.0,36,-0.0587518295177126,-1.2155394086457172,-0.9452611142719374,-0.42920351584594263,0.3055555555555556
L,3,STRADDLE,H2_25,e050,LS,hold_2024_2025,6.0,24,-0.03551599966862351,-0.6191930590678874,-0.8941680504410281,-0.3463286067140918,0.4166666666666667
L,3,STRADDLE,H2_25,e050,LS,ext_2026,6.0,9,-0.0347499398775842,-1.125901005836679,-0.35448056995741173,-0.22514653258439207,0.4444444444444444
L,3,STRADDLE,H2_25,e050,LS,post_2021_2026,6.0,69,-0.04753912048670834,-0.9626168869556518,-0.9932880867212934,-0.42920351584594263,0.36231884057971014
L,3,STRADDLE,H2_25,e050,LS,frozen_2024_2026,6.0,33,-0.03530707427106734,-0.6920500225249984,-0.8941680504410281,-0.3463286067140918,0.42424242424242425
L,3,STRADDLE,H2_25,e050,L,pre_2019_2020,3.0,18,-0.013666446226411598,-0.13129230431771335,-0.9098289105949611,-0.540238184221956,0.3888888888888889
L,3,STRADDLE,H2_25,e050,L,dev_2021_2023,3.0,36,-0.0540395627163479,-0.7861835152866805,-0.9664241393709391,-0.4091263469918502,0.3888888888888889
L,3,STRADDLE,H2_25,e050,L,hold_2024_2025,3.0,24,-0.05942275086316115,-0.5717996687666365,-0.9742076163512701,-0.43906935754696813,0.25
L,3,STRADDLE,H2_25,e050,L,ext_2026,3.0,9,-0.04177970757340313,-0.6840783031098738,-0.481152483314947,-0.41172236865357076,0.3333333333333333
L,3,STRADDLE,H2_25,e050,L,post_2021_2026,3.0,69,-0.05431286444442058,-0.6723213838528673,-0.9987846580109658,-0.43906935754696813,0.3333333333333333
L,3,STRADDLE,H2_25,e050,L,frozen_2024_2026,3.0,33,-0.054611011784136236,-0.5854841028671977,-0.9742076163512701,-0.43906935754696813,0.2727272727272727
L,3,STRADDLE,H2_25,e050,S,pre_2019_2020,3.0,18,-0.08093120978350006,-0.9437211008165575,-0.957634694164252,-0.8826704544101096,0.3888888888888889
L,3,STRADDLE,H2_25,e050,S,dev_2021_2023,3.0,36,-0.06346409631907729,-0.8838929662768089,-0.9941981835866973,-0.8812337196681836,0.3888888888888889
L,3,STRADDLE,H2_25,e050,S,hold_2024_2025,3.0,24,-0.011609248474085898,-0.1572041976593076,-0.9170941470826812,-0.5219272154466904,0.5416666666666666
L,3,STRADDLE,H2_25,e050,S,ext_2026,3.0,9,-0.027720172181765267,-0.6320288006375886,-0.44305880002755116,-0.2691381243207465,0.3333333333333333
L,3,STRADDLE,H2_25,e050,S,post_2021_2026,3.0,69,-0.040765376528996124,-0.5899985652463104,-0.9994317072827584,-0.8812337196681836,0.43478260869565216
L,3,STRADDLE,H2_25,e050,S,frozen_2024_2026,3.0,33,-0.016003136757998453,-0.24111740917986627,-0.9170941470826812,-0.5219272154466904,0.48484848484848486
L,3,STRANGLE25,H0,e000,LS,pre_2019_2020,6.0,18,-0.11008121262538285,-0.4335929841957195,-2.110632301076942,-1.9556618990338848,0.5
L,3,STRANGLE25,H0,e000,LS,dev_2021_2023,6.0,36,-0.11578677378188135,-0.5313183297918357,-1.2595251437373707,-1.7394097449769903,0.4444444444444444
L,3,STRANGLE25,H0,e000,LS,hold_2024_2025,6.0,24,0.3154929758786384,1.230757111278444,-0.9743524021570417,-0.8220534235049963,0.5416666666666666
L,3,STRANGLE25,H0,e000,LS,ext_2026,6.0,9,0.0861476636339207,0.7324949256358942,-0.5682015123411377,-0.5682015123411376,0.7777777777777778
L,3,STRANGLE25,H0,e000,LS,post_2021_2026,6.0,69,0.06056284837166489,0.2666459015149137,-1.2595251437373707,-1.7394097449769903,0.5217391304347826
L,3,STRANGLE25,H0,e000,LS,frozen_2024_2026,6.0,33,0.25294425435735174,1.1136983915840624,-0.9743524021570417,-0.8220534235049963,0.6060606060606061
L,3,STRANGLE25,H0,e050,LS,pre_2019_2020,6.0,18,-0.2107080596907751,-0.8061911604794503,-1.6541509953053493,-2.153204950142449,0.4444444444444444
L,3,STRANGLE25,H0,e050,LS,dev_2021_2023,6.0,36,-0.22541776541159775,-1.0123829098890735,-1.091234509809374,-2.1025221890620043,0.3888888888888889
L,3,STRANGLE25,H0,e050,LS,hold_2024_2025,6.0,24,0.21554001922715174,0.8331941643556937,-0.998105286245375,-0.9093544137022397,0.5416666666666666
L,3,STRANGLE25,H0,e050,LS,ext_2026,6.0,9,0.014150258937895344,0.11929097186734762,-0.6318346157522177,-0.6207115356561025,0.6666666666666666
L,3,STRANGLE25,H0,e050,LS,post_2021_2026,6.0,69,-0.04079314149166403,-0.17673107979822986,-1.091234509809374,-2.1025221890620043,0.4782608695652174
L,3,STRANGLE25,H0,e050,LS,frozen_2024_2026,6.0,33,0.16061553914826363,0.702265238295612,-0.998105286245375,-0.9093544137022397,0.5757575757575758
L,3,STRANGLE25,H0,e050,L,pre_2019_2020,3.0,18,0.15919264397990351,0.31780027091240176,-0.9999999993427088,-0.9856242201315696,0.3888888888888889
L,3,STRANGLE25,H0,e050,L,dev_2021_2023,3.0,36,-0.23068510283424726,-0.8766113636070026,-1.0,-0.9959395061728396,0.2222222222222222
L,3,STRANGLE25,H0,e050,L,hold_2024_2025,3.0,24,0.18907282306236065,0.436381832652726,-0.999999999989471,-0.9875715974020637,0.4166666666666667
L,3,STRANGLE25,H0,e050,L,ext_2026,3.0,9,0.050606558993873674,0.23045656121438832,-0.9989758069178718,-0.986682165450865,0.5555555555555556
L,3,STRANGLE25,H0,e050,L,post_2021_2026,3.0,69,-0.04799212924045483,-0.1460048884661059,-1.0,-0.9959395061728396,0.3333333333333333
L,3,STRANGLE25,H0,e050,L,frozen_2024_2026,3.0,33,0.15130929649822783,0.39422951167546116,-0.9999999999999024,-0.9875715974020637,0.45454545454545453
L,3,STRANGLE25,H0,e050,S,pre_2019_2020,3.0,18,-0.5806087633614538,-0.8365195478554156,-1.805812185144203,-9.326157407407406,0.5555555555555556
L,3,STRANGLE25,H0,e050,S,dev_2021_2023,3.0,36,-0.2201504279889482,-0.6367893004067976,-3.898167511499402,-3.2274464285714295,0.6111111111111112
L,3,STRANGLE25,H0,e050,S,hold_2024_2025,3.0,24,0.2420072153919428,1.1998516200040725,-1.5596955793650795,-1.3135925925925926,0.7083333333333334
L,3,STRANGLE25,H0,e050,S,ext_2026,3.0,9,-0.022306041118083018,-0.17893184952900315,-0.7589707852028743,-0.5614693986568985,0.4444444444444444
L,3,STRANGLE25,H0,e050,S,post_2021_2026,3.0,69,-0.033594153742873265,-0.11812692088053253,-3.898167511499402,-3.2274464285714295,0.6231884057971014
L,3,STRANGLE25,H0,e050,S,frozen_2024_2026,3.0,33,0.1699217817982994,0.9172757930403448,-1.5596955793650795,-1.3135925925925926,0.6363636363636364
L,3,STRANGLE25,H0,e100,LS,pre_2019_2020,6.0,18,-0.3113349067561676,-1.1487087572287087,-1.2823064655122207,-2.5679633784425446,0.3888888888888889
L,3,STRANGLE25,H0,e100,LS,dev_2021_2023,6.0,36,-0.33504875704131415,-1.4611053953680289,-1.0174718931773614,-2.465634633147019,0.3333333333333333
L,3,STRANGLE25,H0,e100,LS,hold_2024_2025,6.0,24,0.11558706257566513,0.4367464843592421,-1.0006623614842256,-1.031935294978773,0.4583333333333333
L,3,STRANGLE25,H0,e100,LS,ext_2026,6.0,9,-0.0578471457581302,-0.48110501489985336,-0.8250519061376651,-0.7109731550424617,0.5555555555555556
L,3,STRANGLE25,H0,e100,LS,post_2021_2026,6.0,69,-0.14214913135499302,-0.5999904377969435,-1.0174718931773614,-2.465634633147019,0.4057971014492754
L,3,STRANGLE25,H0,e100,LS,frozen_2024_2026,6.0,33,0.06828682393917547,0.29258961410854417,-1.0007165624293017,-1.031935294978773,0.48484848484848486
L,3,STRANGLE25,H0,tick,LS,pre_2019_2020,6.0,18,-0.32084130588886683,-1.18334696599734,-1.242927013887183,-2.577705781101615,0.3888888888888889
L,3,STRANGLE25,H0,tick,LS,dev_2021_2023,6.0,36,-0.3438477594839469,-1.4985185932101104,-1.0147010091945161,-2.479470032457725,0.3333333333333333
L,3,STRANGLE25,H0,tick,LS,hold_2024_2025,6.0,24,0.10392668240617482,0.3921840969280367,-1.0004548281080072,-1.0466769140682182,0.4583333333333333
L,3,STRANGLE25,H0,tick,LS,ext_2026,6.0,9,-0.06519457479338336,-0.5423660890843761,-0.8399920784079311,-0.7186826461099702,0.5555555555555556
L,3,STRANGLE25,H0,tick,LS,post_2021_2026,6.0,69,-0.15175405995383115,-0.6402231811828621,-1.0147010091945161,-2.479470032457725,0.4057971014492754
L,3,STRANGLE25,H0,tick,LS,frozen_2024_2026,6.0,33,0.05780270316993168,0.24743627613941732,-1.000489297804726,-1.0466769140682182,0.48484848484848486
L,3,STRANGLE25,H1,e050,LS,pre_2019_2020,6.0,18,-0.004166578727263778,-0.0327074581615738,-0.9177349613918039,-0.5159291769751296,0.3333333333333333
L,3,STRANGLE25,H1,e050,LS,dev_2021_2023,6.0,36,-0.1823198724181826,-1.8710761377751894,-0.9999985528817972,-0.9866993201048078,0.3888888888888889
L,3,STRANGLE25,H1,e050,LS,hold_2024_2025,6.0,24,-0.055137358355973276,-0.43474337424581333,-0.994983068280708,-0.6322003768591128,0.375
L,3,STRANGLE25,H1,e050,LS,ext_2026,6.0,9,-0.05431437834663298,-0.8552063232478424,-0.5280801693752294,-0.33655760649822647,0.4444444444444444
L,3,STRANGLE25,H1,e050,LS,post_2021_2026,6.0,69,-0.12138610743069027,-1.1498361190910824,-0.9999999927399068,-0.9866993201048078,0.391304347826087
L,3,STRANGLE25,H1,e050,LS,frozen_2024_2026,6.0,33,-0.05491290926251682,-0.48979382696175383,-0.994983068280708,-0.6322003768591128,0.3939393939393939
L,3,STRANGLE25,H1,e050,L,pre_2019_2020,3.0,18,0.09329905871927331,0.3695584114930657,-0.9931907862536753,-0.8785453960653881,0.3888888888888889
L,3,STRANGLE25,H1,e050,L,dev_2021_2023,3.0,36,-0.14648896960765673,-1.2193419793955393,-0.999966491627608,-0.7775009254700217,0.3888888888888889
L,3,STRANGLE25,H1,e050,L,hold_2024_2025,3.0,24,-0.002636324615334862,-0.012148080919163215,-0.999154856464007,-0.8055605683653771,0.25
L,3,STRANGLE25,H1,e050,L,ext_2026,3.0,9,-0.09827758377373101,-0.8221078234208666,-0.8646217362844837,-0.6511111140110458,0.4444444444444444
L,3,STRANGLE25,H1,e050,L,post_2021_2026,3.0,69,-0.09016482537111971,-0.5656829197856024,-0.9999999822558789,-0.8055605683653771,0.34782608695652173
L,3,STRANGLE25,H1,e050,L,frozen_2024_2026,3.0,33,-0.028720304385806517,-0.14815562815476152,-0.999470457089927,-0.8055605683653771,0.30303030303030304
L,3,STRANGLE25,H1,e050,S,pre_2019_2020,3.0,18,-0.1016322161738009,-0.687526763996504,-1.365013170478019,-1.3665773580539529,0.5
L,3,STRANGLE25,H1,e050,S,dev_2021_2023,3.0,36,-0.21815077522870846,-1.3822380558752196,-1.0905636582688403,-1.4153179386214216,0.4166666666666667
L,3,STRANGLE25,H1,e050,S,hold_2024_2025,3.0,24,-0.10763839209661169,-0.6847215521599825,-1.0000129426241933,-1.3223252867508142,0.5416666666666666
L,3,STRANGLE25,H1,e050,S,ext_2026,3.0,9,-0.010351172919534917,-0.22352963807199047,-0.3903182459151052,-0.2864360839138811,0.5555555555555556
L,3,STRANGLE25,H1,e050,S,post_2021_2026,3.0,69,-0.15260738949026087,-1.0311430428634725,-1.0905636582688403,-1.4153179386214216,0.4782608695652174
L,3,STRANGLE25,H1,e050,S,frozen_2024_2026,3.0,33,-0.0811055141392271,-0.5969594452038945,-1.0000150804520227,-1.3223252867508142,0.5454545454545454
L,3,STRANGLE25,H2_15,e050,LS,pre_2019_2020,6.0,18,0.001718926509755707,0.012027301562156959,-0.9165249495452931,-0.47690963234667477,0.3888888888888889
L,3,STRANGLE25,H2_15,e050,LS,dev_2021_2023,6.0,36,-0.17817067425059288,-1.7725435255705804,-0.9999964593015239,-0.9680535358067041,0.3333333333333333
L,3,STRANGLE25,H2_15,e050,LS,hold_2024_2025,6.0,24,-0.051634566764170074,-0.390117534281743,-0.9972575692090101,-0.8214287233711861,0.2916666666666667
L,3,STRANGLE25,H2_15,e050,LS,ext_2026,6.0,9,-0.01653629196476665,-0.3022277538363043,-0.4516378875529077,-0.3064219483037672,0.5555555555555556
L,3,STRANGLE25,H2_15,e050,LS,post_2021_2026,6.0,69,-0.11307536960933805,-1.0374909512827881,-0.9999999902898795,-0.9680535358067041,0.34782608695652173
L,3,STRANGLE25,H2_15,e050,LS,frozen_2024_2026,6.0,33,-0.042062310000696414,-0.36389775262904805,-0.9972575692090101,-0.8214287233711861,0.36363636363636365
L,3,STRANGLE25,H2_15,e050,L,pre_2019_2020,3.0,18,0.11541440398909081,0.42355834657586156,-0.9908724315370562,-0.8428771090069415,0.4444444444444444
L,3,STRANGLE25,H2_15,e050,L,dev_2021_2023,3.0,36,-0.15834670528639128,-1.2362093207719649,-0.9999955558269344,-0.9144835475222254,0.3611111111111111
L,3,STRANGLE25,H2_15,e050,L,hold_2024_2025,3.0,24,-0.003030091613342926,-0.014353617997910167,-0.9993343372027734,-0.7990798485323206,0.2916666666666667
L,3,STRANGLE25,H2_15,e050,L,ext_2026,3.0,9,-0.10332935472789816,-0.9240021120080603,-0.8504604573877399,-0.6253636576705649,0.4444444444444444
L,3,STRANGLE25,H2_15,e050,L,post_2021_2026,3.0,69,-0.09714735915335361,-0.6093699242777069,-0.9999999973580789,-0.9144835475222254,0.34782608695652173
L,3,STRANGLE25,H2_15,e050,L,frozen_2024_2026,3.0,33,-0.030384436099130708,-0.16165463657597634,-0.9994055314500535,-0.7990798485323206,0.3333333333333333
L,3,STRANGLE25,H2_15,e050,S,pre_2019_2020,3.0,18,-0.11197655096957934,-0.642917970337896,-1.4249079044259365,-1.660556900385363,0.4444444444444444
L,3,STRANGLE25,H2_15,e050,S,dev_2021_2023,3.0,36,-0.19799464321479446,-1.2143703076244605,-1.1150899828236553,-1.3559053737146913,0.4722222222222222
L,3,STRANGLE25,H2_15,e050,S,hold_2024_2025,3.0,24,-0.10023904191499726,-0.7020391599117395,-1.0001426228595083,-1.06556347305081,0.5
L,3,STRANGLE25,H2_15,e050,S,ext_2026,3.0,9,0.07025677079836484,1.0441894432808032,-0.4533843448988917,-0.438649881596423,0.6666666666666666
L,3,STRANGLE25,H2_15,e050,S,post_2021_2026,3.0,69,-0.12900338006532247,-0.8740649091823335,-1.1150899828236553,-1.3559053737146913,0.5072463768115942
L,3,STRANGLE25,H2_15,e050,S,frozen_2024_2026,3.0,33,-0.05374018390226214,-0.42117964651091405,-1.0002064985391617,-1.06556347305081,0.5454545454545454
L,3,STRANGLE25,H2_25,e050,LS,pre_2019_2020,6.0,18,0.021823082369953103,0.14102494273902602,-0.9324740418960077,-0.6105534863451854,0.3333333333333333
L,3,STRANGLE25,H2_25,e050,LS,dev_2021_2023,6.0,36,-0.19714790010971472,-1.7465310199399107,-1.000680202103158,-1.0086781262749618,0.3055555555555556
L,3,STRANGLE25,H2_25,e050,LS,hold_2024_2025,6.0,24,-0.01080191070989032,-0.06982160133825148,-0.997603736574252,-0.8329772663218572,0.3333333333333333
L,3,STRANGLE25,H2_25,e050,LS,ext_2026,6.0,9,0.03801995021349738,0.45467979976182205,-0.45583725928395324,-0.41452405958173116,0.4444444444444444
L,3,STRANGLE25,H2_25,e050,LS,post_2021_2026,6.0,69,-0.10165783636326989,-0.7953533662891505,-1.000680202103158,-1.0086781262749618,0.3333333333333333
L,3,STRANGLE25,H2_25,e050,LS,frozen_2024_2026,6.0,33,0.002513142269215421,0.0182363387708662,-0.997603736574252,-0.8329772663218572,0.36363636363636365
L,3,STRANGLE25,H2_25,e050,L,pre_2019_2020,3.0,18,0.16539157665844767,0.5899781553648353,-0.9946752928301759,-0.9182309581156693,0.3333333333333333
L,3,STRANGLE25,H2_25,e050,L,dev_2021_2023,3.0,36,-0.17311272908487435,-1.3266559071836541,-0.9999999778212645,-0.9889361547080749,0.3611111111111111
L,3,STRANGLE25,H2_25,e050,L,hold_2024_2025,3.0,24,0.01096995968108802,0.045262900499125513,-0.9998973580131729,-0.8194778351493456,0.375
L,3,STRANGLE25,H2_25,e050,L,ext_2026,3.0,9,-0.07475224672723797,-0.5453601734342075,-0.8148961218065448,-0.5867268158456854,0.3333333333333333
L,3,STRANGLE25,H2_25,e050,L,post_2021_2026,3.0,69,-0.09625433964136963,-0.5427995672881366,-0.9999999999977235,-0.9889361547080749,0.36231884057971014
L,3,STRANGLE25,H2_25,e050,L,frozen_2024_2026,3.0,33,-0.012408823884819065,-0.05721280776666989,-0.9998973580131729,-0.8194778351493456,0.36363636363636365
L,3,STRANGLE25,H2_25,e050,S,pre_2019_2020,3.0,18,-0.12174541191854146,-0.6794751537961976,-2.1759992506687453,-1.8038107910983738,0.5555555555555556
L,3,STRANGLE25,H2_25,e050,S,dev_2021_2023,3.0,36,-0.22118307113455518,-1.1911699835961758,-1.2623539435346172,-1.912532894841257,0.5
L,3,STRANGLE25,H2_25,e050,S,hold_2024_2025,3.0,24,-0.03257378110086869,-0.1993847239931393,-1.0001388662943136,-1.142291236294912,0.5
L,3,STRANGLE25,H2_25,e050,S,ext_2026,3.0,9,0.15079214715423275,1.4417771416947511,-0.6322040542917035,-0.5145753109875897,0.7777777777777778
L,3,STRANGLE25,H2_25,e050,S,post_2021_2026,3.0,69,-0.10706133308517016,-0.6229954694141664,-1.2623539435346172,-1.912532894841257,0.5362318840579711
L,3,STRANGLE25,H2_25,e050,S,frozen_2024_2026,3.0,33,0.01743510842324988,0.11625632394185662,-1.0002976027419341,-1.142291236294912,0.5757575757575758
L,3,IFLY10,H0,e000,LS,pre_2019_2020,6.0,18,0.009022318599759625,0.12101559470189854,-0.6504750455779047,-0.5437998863399267,0.5555555555555556
L,3,IFLY10,H0,e000,LS,dev_2021_2023,6.0,36,-0.0400104423641298,-0.7149486549990185,-0.9006630700794868,-0.40217469959828983,0.5
L,3,IFLY10,H0,e000,LS,hold_2024_2025,6.0,24,0.05046277802205488,0.7143936757830534,-0.6944911425640733,-0.2787393354323483,0.5
L,3,IFLY10,H0,e000,LS,ext_2026,6.0,9,-0.07320952500003454,-1.0163062040285216,-0.7433455657474621,-0.5881549690997506,0.4444444444444444
L,3,IFLY10,H0,e000,LS,post_2021_2026,6.0,69,-0.012871811269270525,-0.20100601190362719,-0.9474359608862363,-0.5881549690997506,0.4927536231884058
L,3,IFLY10,H0,e000,LS,frozen_2024_2026,6.0,33,0.016733968106939598,0.23331242458068693,-0.7433455657474621,-0.5881549690997506,0.48484848484848486
L,3,IFLY10,H0,e050,LS,pre_2019_2020,6.0,18,-0.05975163196244096,-0.8164542499848709,-0.8697147405899648,-0.6212761933706799,0.4444444444444444
L,3,IFLY10,H0,e050,LS,dev_2021_2023,6.0,36,-0.08677547119668721,-1.5646079395892942,-0.9833046354094821,-0.4784086376015164,0.3333333333333333
L,3,IFLY10,H0,e050,LS,hold_2024_2025,6.0,24,-0.0037470248160543598,-0.05307877558584616,-0.88761532373345,-0.3673446846426753,0.5
L,3,IFLY10,H0,e050,LS,ext_2026,6.0,9,-0.12471369004260224,-1.7908017426421887,-0.8365724244767034,-0.6242485488001918,0.3333333333333333
L,3,IFLY10,H0,e050,LS,post_2021_2026,6.0,69,-0.06284447491376036,-0.9924695793281194,-0.9984658573408433,-0.6242485488001918,0.391304347826087
L,3,IFLY10,H0,e050,LS,frozen_2024_2026,6.0,33,-0.03673793351420378,-0.5172937718728678,-0.9420543482368362,-0.6242485488001918,0.45454545454545453
L,3,IFLY10,H0,e050,L,pre_2019_2020,3.0,18,-0.0554537807551443,-0.4216133249350275,-0.9716462414121962,-0.7300687954984539,0.4444444444444444
L,3,IFLY10,H0,e050,L,dev_2021_2023,3.0,36,-0.10591199458734597,-1.2613309152115093,-0.9975502770547532,-0.5794935618793194,0.3611111111111111
L,3,IFLY10,H0,e050,L,hold_2024_2025,3.0,24,-0.02072769661608248,-0.15028674159882688,-0.996160125706711,-0.6628648941942485,0.5
L,3,IFLY10,H0,e050,L,ext_2026,3.0,9,-0.08381553954359502,-0.6988172779256906,-0.9238931174813728,-0.7647048581753303,0.6666666666666666
L,3,IFLY10,H0,e050,L,post_2021_2026,3.0,69,-0.07340052724380852,-0.6732903957837325,-0.9999920677736819,-0.7647048581753303,0.4492753623188406
L,3,IFLY10,H0,e050,L,frozen_2024_2026,3.0,33,-0.03793347195994956,-0.288099937765411,-0.998589821821595,-0.7647048581753303,0.5454545454545454
L,3,IFLY10,H0,e050,S,pre_2019_2020,3.0,18,-0.06404948316973764,-0.7126222200005422,-0.9196187960144128,-0.6514577721198737,0.3888888888888889
L,3,IFLY10,H0,e050,S,dev_2021_2023,3.0,36,-0.06763894780602843,-1.0858012473889718,-0.9801449744649191,-0.7395953095428961,0.4444444444444444
L,3,IFLY10,H0,e050,S,hold_2024_2025,3.0,24,0.01323364698397378,0.24027586757749594,-0.7398246028416879,-0.5787758255206246,0.5416666666666666
L,3,IFLY10,H0,e050,S,ext_2026,3.0,9,-0.16561184054160946,-2.6757629069766757,-0.8647129757517278,-0.5362581317937615,0.3333333333333333
L,3,IFLY10,H0,e050,S,post_2021_2026,3.0,69,-0.052288422583712135,-0.8535987195868379,-0.9976683032196755,-0.7395953095428961,0.463768115942029
L,3,IFLY10,H0,e050,S,frozen_2024_2026,3.0,33,-0.035542395068458014,-0.5856437811459626,-0.8974842137335168,-0.5787758255206246,0.48484848484848486
L,3,IFLY10,H0,e100,LS,pre_2019_2020,6.0,18,-0.12852558252464152,-1.76209277641569,-0.9660167012250453,-0.6987525004014326,0.3333333333333333
L,3,IFLY10,H0,e100,LS,dev_2021_2023,6.0,36,-0.13354050002924459,-2.4067640118801914,-0.9977703608214142,-0.5546425756047428,0.2777777777777778
L,3,IFLY10,H0,e100,LS,hold_2024_2025,6.0,24,-0.05795682765416355,-0.8139779356199114,-0.9621849791819135,-0.45595003385300187,0.375
L,3,IFLY10,H0,e100,LS,ext_2026,6.0,9,-0.17621785508516993,-2.616789375013721,-0.8992524073043832,-0.6603421285006329,0.2222222222222222
L,3,IFLY10,H0,e100,LS,post_2021_2026,6.0,69,-0.11281713855825012,-1.7872250405581587,-0.9999727723928615,-0.6603421285006329,0.30434782608695654
L,3,IFLY10,H0,e100,LS,frozen_2024_2026,6.0,33,-0.09020983513534711,-1.273727969656901,-0.9915550176748515,-0.6603421285006329,0.3333333333333333
L,3,IFLY10,H0,tick,LS,pre_2019_2020,6.0,18,-0.13163066441564733,-1.80353927292944,-0.9684105155400268,-0.701495785197462,0.3333333333333333
L,3,IFLY10,H0,tick,LS,dev_2021_2023,6.0,36,-0.1358407438593326,-2.4469908572650105,-0.997986582547383,-0.5571193553304206,0.2777777777777778
L,3,IFLY10,H0,tick,LS,hold_2024_2025,6.0,24,-0.06050920267644481,-0.8501390666606086,-0.9639971837566733,-0.4586665050119123,0.375
L,3,IFLY10,H0,tick,LS,ext_2026,6.0,9,-0.1784277659317415,-2.6548077267361636,-0.9011962000958054,-0.6615064374977176,0.2222222222222222
L,3,IFLY10,H0,tick,LS,post_2021_2026,6.0,69,-0.11519329763125105,-1.8254864651475626,-0.9999776173993953,-0.6615064374977176,0.30434782608695654
L,3,IFLY10,H0,tick,LS,frozen_2024_2026,6.0,33,-0.09266881083698028,-1.3095590654369336,-0.9922821762820597,-0.6615064374977176,0.3333333333333333
L,3,IFLY10,H1,e050,LS,pre_2019_2020,6.0,18,-0.07000167397948018,-1.5158824723135695,-0.8404330740123725,-0.2993657408066274,0.2777777777777778
L,3,IFLY10,H1,e050,LS,dev_2021_2023,6.0,36,-0.0700464025361644,-2.5256813833118232,-0.9393578077861976,-0.26894948662206414,0.25
L,3,IFLY10,H1,e050,LS,hold_2024_2025,6.0,24,-0.08501417364066022,-2.237512496150421,-0.9068863627905243,-0.37369836677381874,0.25
L,3,IFLY10,H1,e050,LS,ext_2026,6.0,9,-0.03829960549927713,-1.3351533196446261,-0.3536341623105177,-0.2362044349565877,0.2222222222222222
L,3,IFLY10,H1,e050,LS,post_2021_2026,6.0,69,-0.0711116972198733,-2.2503389850823283,-0.9962016483486347,-0.37369836677381874,0.2463768115942029
L,3,IFLY10,H1,e050,LS,frozen_2024_2026,6.0,33,-0.07227383687482845,-2.019711446688611,-0.9373645392308102,-0.37369836677381874,0.24242424242424243
L,3,IFLY10,H1,e050,L,pre_2019_2020,3.0,18,-0.09145771726479855,-1.083554438940882,-0.9579878841144589,-0.5106234474047665,0.16666666666666666
L,3,IFLY10,H1,e050,L,dev_2021_2023,3.0,36,-0.03606364590611877,-0.7443301497499589,-0.8396800756303144,-0.3457413920247743,0.3333333333333333
L,3,IFLY10,H1,e050,L,hold_2024_2025,3.0,24,-0.08836164226595504,-1.258082556131649,-0.9595959321179648,-0.4606462115751893,0.20833333333333334
L,3,IFLY10,H1,e050,L,ext_2026,3.0,9,-0.006413731702210123,-0.09481067533617568,-0.3859877123238358,-0.3859877123238358,0.3333333333333333
L,3,IFLY10,H1,e050,L,post_2021_2026,3.0,69,-0.05038687322207373,-0.8531626032824682,-0.9940650992758964,-0.4606462115751893,0.2898550724637681
L,3,IFLY10,H1,e050,L,frozen_2024_2026,3.0,33,-0.06601221211220643,-0.952397312703146,-0.9629808911934228,-0.4606462115751893,0.24242424242424243
L,3,IFLY10,H1,e050,S,pre_2019_2020,3.0,18,-0.04854563069416181,-1.1127851022137696,-0.7209409269432305,-0.23630647209579703,0.3333333333333333
L,3,IFLY10,H1,e050,S,dev_2021_2023,3.0,36,-0.10402915916621003,-3.0360695465043936,-0.9870677963387944,-0.5767545834621619,0.1111111111111111
L,3,IFLY10,H1,e050,S,hold_2024_2025,3.0,24,-0.08166670501536537,-2.0163736795615286,-0.928760567729946,-0.4395910870496141,0.25
L,3,IFLY10,H1,e050,S,ext_2026,3.0,9,-0.07018547929634412,-2.2687894740789942,-0.5468905968814612,-0.19453865955835362,0.2222222222222222
L,3,IFLY10,H1,e050,S,post_2021_2026,3.0,69,-0.09183652121767284,-2.5604288720904043,-0.999392341652485,-0.5767545834621619,0.17391304347826086
L,3,IFLY10,H1,e050,S,frozen_2024_2026,3.0,33,-0.07853546163745048,-2.083728488813915,-0.9530120029475064,-0.4395910870496141,0.24242424242424243
L,3,IFLY10,H2_15,e050,LS,pre_2019_2020,6.0,18,-0.07309923488710289,-1.5770131685642637,-0.8422937404938352,-0.3501184167944611,0.2777777777777778
L,3,IFLY10,H2_15,e050,LS,dev_2021_2023,6.0,36,-0.06993346602206443,-2.444211419297594,-0.93974681549989,-0.24303268256442878,0.19444444444444445
L,3,IFLY10,H2_15,e050,LS,hold_2024_2025,6.0,24,-0.07218165184289317,-1.8628348157494583,-0.8732118220836097,-0.2827673210180562,0.20833333333333334
L,3,IFLY10,H2_15,e050,LS,ext_2026,6.0,9,-0.05236960684030382,-1.6130233601922817,-0.45958976591616274,-0.2704609563221156,0.3333333333333333
L,3,IFLY10,H2_15,e050,LS,post_2021_2026,6.0,69,-0.06842450554473174,-2.105056590745356,-0.9954013814122267,-0.2827673210180562,0.21739130434782608
L,3,IFLY10,H2_15,e050,LS,frozen_2024_2026,6.0,33,-0.06677836684218699,-1.8179043021102812,-0.9259365411984517,-0.2827673210180562,0.24242424242424243
L,3,IFLY10,H2_15,e050,L,pre_2019_2020,3.0,18,-0.09490963873702103,-1.1168882898072523,-0.9601088864441947,-0.5235523130290436,0.2222222222222222
L,3,IFLY10,H2_15,e050,L,dev_2021_2023,3.0,36,-0.04001574054539636,-0.8042991210543197,-0.8670949848369556,-0.374087299950403,0.3888888888888889
L,3,IFLY10,H2_15,e050,L,hold_2024_2025,3.0,24,-0.07224503424970914,-0.9415979517985371,-0.9392702620157445,-0.44270430456031473,0.2916666666666667
L,3,IFLY10,H2_15,e050,L,ext_2026,3.0,9,-0.03324689944005527,-0.47950857332419594,-0.5087363035120502,-0.45197944500420606,0.2222222222222222
L,3,IFLY10,H2_15,e050,L,post_2021_2026,3.0,69,-0.05034303734185197,-0.8110555238361885,-0.9945625491617769,-0.45197944500420606,0.3333333333333333
L,3,IFLY10,H2_15,e050,L,frozen_2024_2026,3.0,33,-0.06160917930162173,-0.8338544976013185,-0.9617525318306146,-0.45197944500420606,0.2727272727272727
L,3,IFLY10,H2_15,e050,S,pre_2019_2020,3.0,18,-0.051288831037184734,-1.0058795038820836,-0.7565604115722377,-0.28437312274727183,0.3888888888888889
L,3,IFLY10,H2_15,e050,S,dev_2021_2023,3.0,36,-0.09985119149873252,-2.856674802734755,-0.9847049927458944,-0.5157304777237942,0.1111111111111111
L,3,IFLY10,H2_15,e050,S,hold_2024_2025,3.0,24,-0.0721182694360772,-1.8814142327266499,-0.9084890178672739,-0.47582467024184183,0.2916666666666667
L,3,IFLY10,H2_15,e050,S,ext_2026,3.0,9,-0.07149231424055237,-2.0761292043981547,-0.5678513025775758,-0.2378444896227397,0.3333333333333333
L,3,IFLY10,H2_15,e050,S,post_2021_2026,3.0,69,-0.08650597374761153,-2.4162504475042876,-0.999072761233936,-0.5157304777237942,0.2028985507246377
L,3,IFLY10,H2_15,e050,S,frozen_2024_2026,3.0,33,-0.07194755438275224,-1.956323118928919,-0.9393763761821594,-0.47582467024184183,0.30303030303030304
L,3,IFLY10,H2_25,e050,LS,pre_2019_2020,6.0,18,-0.10242057189681869,-2.374620439048103,-0.8921114249742069,-0.32831100638336136,0.2222222222222222
L,3,IFLY10,H2_25,e050,LS,dev_2021_2023,6.0,36,-0.07199660381023897,-2.17926963450938,-0.948258223133901,-0.2873540161670344,0.25
L,3,IFLY10,H2_25,e050,LS,hold_2024_2025,6.0,24,-0.06000586719152664,-1.3314609065778564,-0.8900164945224941,-0.3497072377644577,0.2916666666666667
L,3,IFLY10,H2_25,e050,LS,ext_2026,6.0,9,-0.03755363004066072,-0.9736571082466874,-0.4203503268996065,-0.2964056751043013,0.4444444444444444
L,3,IFLY10,H2_25,e050,LS,post_2021_2026,6.0,69,-0.06333335101639405,-1.672035231078608,-0.9944479582966107,-0.3497072377644577,0.2898550724637681
L,3,IFLY10,H2_25,e050,LS,frozen_2024_2026,6.0,33,-0.05388252978674502,-1.2560241172432152,-0.9080657513587623,-0.3497072377644577,0.3333333333333333
L,3,IFLY10,H2_25,e050,L,pre_2019_2020,3.0,18,-0.12221359534596338,-1.5673410163686312,-0.9697962233743695,-0.5647300492455516,0.16666666666666666
L,3,IFLY10,H2_25,e050,L,dev_2021_2023,3.0,36,-0.0599149146292017,-1.0861559396830374,-0.9480398119365505,-0.40221618345663607,0.3055555555555556
L,3,IFLY10,H2_25,e050,L,hold_2024_2025,3.0,24,-0.06281009279415584,-0.7436845207260088,-0.9677689189769322,-0.4615540962639044,0.375
L,3,IFLY10,H2_25,e050,L,ext_2026,3.0,9,0.008759440251990104,0.11918679191357388,-0.4587901015986573,-0.45879010159865735,0.3333333333333333
L,3,IFLY10,H2_25,e050,L,post_2021_2026,3.0,69,-0.05196440857163899,-0.7611240106641395,-0.9978000506098903,-0.4615540962639044,0.3333333333333333
L,3,IFLY10,H2_25,e050,L,frozen_2024_2026,3.0,33,-0.043291129236116034,-0.5343125772317292,-0.9677689189769322,-0.4615540962639044,0.36363636363636365
L,3,IFLY10,H2_25,e050,S,pre_2019_2020,3.0,18,-0.082627548447674,-1.7562208693917476,-0.8352231738512237,-0.2815058936411456,0.2777777777777778
L,3,IFLY10,H2_25,e050,S,dev_2021_2023,3.0,36,-0.08407829299127621,-2.3565147793679593,-0.9764718681602986,-0.4807197837802398,0.16666666666666666
L,3,IFLY10,H2_25,e050,S,hold_2024_2025,3.0,24,-0.05720164158889745,-1.4095589409364342,-0.882179117659018,-0.44875521943508506,0.2916666666666667
L,3,IFLY10,H2_25,e050,S,ext_2026,3.0,9,-0.08386670033331156,-2.7307643807429747,-0.6071895746021493,-0.2549542211134357,0.1111111111111111
L,3,IFLY10,H2_25,e050,S,post_2021_2026,3.0,69,-0.07470229346114908,-2.0429867298569295,-0.9981548330347956,-0.4807197837802398,0.2028985507246377
L,3,IFLY10,H2_25,e050,S,frozen_2024_2026,3.0,33,-0.06447393033737403,-1.7040221379512004,-0.9236180817171272,-0.44875521943508506,0.24242424242424243
L,3,IFLY15,H0,e000,LS,pre_2019_2020,6.0,18,0.0002184698012429617,0.002980804366923905,-0.6831912551890613,-0.4751007975985233,0.5
L,3,IFLY15,H0,e000,LS,dev_2021_2023,6.0,36,-0.026099013969268833,-0.425927525543997,-0.9220815280332543,-0.5544154346374278,0.5
L,3,IFLY15,H0,e000,LS,hold_2024_2025,6.0,24,0.04431510030698995,0.7065641557999423,-0.7117492852081759,-0.3381411243841717,0.625
L,3,IFLY15,H0,e000,LS,ext_2026,6.0,9,-0.10836348489460436,-1.4546127383926113,-0.8219904033775697,-0.5746581461971995,0.4444444444444444
L,3,IFLY15,H0,e000,LS,post_2021_2026,6.0,69,-0.01233729651561389,-0.19219749305767686,-0.957253002338745,-0.5746581461971995,0.5362318840579711
L,3,IFLY15,H0,e000,LS,frozen_2024_2026,6.0,33,0.002675486161100597,0.03939605460641261,-0.8219904033775698,-0.5746581461971995,0.5757575757575758
L,3,IFLY15,H0,e050,LS,pre_2019_2020,6.0,18,-0.09309410473589722,-1.2664196319306606,-0.9418520720113412,-0.5628726788715371,0.4444444444444444
L,3,IFLY15,H0,e050,LS,dev_2021_2023,6.0,36,-0.09446747294789697,-1.490854474419635,-0.9924907532569438,-0.7306102743840378,0.3888888888888889
L,3,IFLY15,H0,e050,LS,hold_2024_2025,6.0,24,-0.020854745262072854,-0.32094494917144095,-0.9024413280526535,-0.4659841837620595,0.5
L,3,IFLY15,H0,e050,LS,ext_2026,6.0,9,-0.17549096827678895,-2.3407925940719703,-0.9114299759789087,-0.6419673811111378,0.2222222222222222
L,3,IFLY15,H0,e050,LS,post_2021_2026,6.0,69,-0.07943132792616145,-1.2017641714747234,-0.9997541454201355,-0.7306102743840378,0.4057971014492754
L,3,IFLY15,H0,e050,LS,frozen_2024_2026,6.0,33,-0.06302826062972268,-0.9052640333341276,-0.9722761839244108,-0.6419673811111378,0.42424242424242425
L,3,IFLY15,H0,e050,L,pre_2019_2020,3.0,18,-0.06492515083412351,-0.5796683461492519,-0.9573660458286775,-0.6924411379484215,0.4444444444444444
L,3,IFLY15,H0,e050,L,dev_2021_2023,3.0,36,-0.0734209303742759,-0.8975081191092742,-0.9929646823604933,-0.5407142440845969,0.3888888888888889
L,3,IFLY15,H0,e050,L,hold_2024_2025,3.0,24,-0.01803475496852411,-0.15191387690794092,-0.9896710901771807,-0.6392583989331958,0.5416666666666666
L,3,IFLY15,H0,e050,L,ext_2026,3.0,9,-0.1294778029113512,-1.1635950275286262,-0.9461934807177713,-0.7375744695160306,0.5555555555555556
L,3,IFLY15,H0,e050,L,post_2021_2026,3.0,69,-0.06146793969450248,-0.6215241631443477,-0.9999452859281821,-0.7375744695160306,0.463768115942029
L,3,IFLY15,H0,e050,L,frozen_2024_2026,3.0,33,-0.04842831349838605,-0.4177800599269878,-0.9965573505673878,-0.7375744695160306,0.5454545454545454
L,3,IFLY15,H0,e050,S,pre_2019_2020,3.0,18,-0.12126305863767094,-1.0121615088312454,-1.0283340165731552,-1.088476988839827,0.3333333333333333
L,3,IFLY15,H0,e050,S,dev_2021_2023,3.0,36,-0.11551401552151806,-1.3429982518388723,-0.9996225547047357,-0.9205063046834786,0.3333333333333333
L,3,IFLY15,H0,e050,S,hold_2024_2025,3.0,24,-0.02367473555562155,-0.35597731826513623,-0.9082906764462764,-0.6042725954872559,0.5416666666666666
L,3,IFLY15,H0,e050,S,ext_2026,3.0,9,-0.2215041336422267,-3.064428984297083,-0.9320526151644644,-0.5746936723407311,0.1111111111111111
L,3,IFLY15,H0,e050,S,post_2021_2026,3.0,69,-0.09739471615782037,-1.2307004660536875,-0.999993559000463,-0.9205063046834786,0.37681159420289856
L,3,IFLY15,H0,e050,S,frozen_2024_2026,3.0,33,-0.07762820776105932,-1.0814730158842394,-0.9829352766673005,-0.6042725954872559,0.42424242424242425
L,3,IFLY15,H0,e100,LS,pre_2019_2020,6.0,18,-0.18640667927303733,-2.374414522310616,-0.9931114432827602,-0.671094228778517,0.2777777777777778
L,3,IFLY15,H0,e100,LS,dev_2021_2023,6.0,36,-0.16283593192652504,-2.4396239510169293,-0.9998270660697386,-0.9068051141306482,0.3055555555555556
L,3,IFLY15,H0,e100,LS,hold_2024_2025,6.0,24,-0.0860245908311356,-1.2665385127938764,-0.9776648968322463,-0.5938272431399467,0.375
L,3,IFLY15,H0,e100,LS,ext_2026,6.0,9,-0.24261845165897356,-3.209867191006242,-0.9599016833537992,-0.7092766160250762,0.2222222222222222
L,3,IFLY15,H0,e100,LS,post_2021_2026,6.0,69,-0.14652535933670896,-2.1267318435606333,-0.9999996481101646,-0.9068051141306482,0.3188405797101449
L,3,IFLY15,H0,e100,LS,frozen_2024_2026,6.0,33,-0.12873200742054594,-1.7917422897224136,-0.997986633717474,-0.7092766160250762,0.3333333333333333
L,3,IFLY15,H0,tick,LS,pre_2019_2020,6.0,18,-0.1903916620506435,-2.424055962639192,-0.9937003109194267,-0.6748995443589193,0.2777777777777778
L,3,IFLY15,H0,tick,LS,dev_2021_2023,6.0,36,-0.1661179807669831,-2.4835674164645085,-0.9998586457824571,-0.9122098659453898,0.3055555555555556
L,3,IFLY15,H0,tick,LS,hold_2024_2025,6.0,24,-0.08947742481009884,-1.3175933901636057,-0.9793047355724236,-0.5969261655785291,0.375
L,3,IFLY15,H0,tick,LS,ext_2026,6.0,9,-0.24556228384675785,-3.2535898289037997,-0.9611877763756352,-0.7115103981130652,0.1111111111111111
L,3,IFLY15,H0,tick,LS,post_2021_2026,6.0,69,-0.1498226964880374,-2.1732514829649934,-0.9999997493245898,-0.9122098659453898,0.30434782608695654
L,3,IFLY15,H0,tick,LS,frozen_2024_2026,6.0,33,-0.13204602272918767,-1.8392945479235996,-0.9982355941593818,-0.7115103981130652,0.30303030303030304
L,3,IFLY15,H1,e050,LS,pre_2019_2020,6.0,18,-0.08703211106731305,-1.6161763489690701,-0.8964539088648459,-0.4509875114686242,0.2222222222222222
L,3,IFLY15,H1,e050,LS,dev_2021_2023,6.0,36,-0.09990477503556709,-3.022342770754623,-0.9832125467488808,-0.36027393644446787,0.19444444444444445
L,3,IFLY15,H1,e050,LS,hold_2024_2025,6.0,24,-0.10461524332082028,-2.540575181519545,-0.9495165379756154,-0.42358154339611787,0.25
L,3,IFLY15,H1,e050,LS,ext_2026,6.0,9,-0.07649035326947111,-2.5025312840701237,-0.55484116026682,-0.23859652024310077,0.3333333333333333
L,3,IFLY15,H1,e050,LS,post_2021_2026,6.0,69,-0.09848914377399048,-2.7830755550801975,-0.9995952826729257,-0.42358154339611787,0.2318840579710145
L,3,IFLY15,H1,e050,LS,frozen_2024_2026,6.0,33,-0.09694481876136142,-2.5321716438374136,-0.9758916780871869,-0.42358154339611787,0.2727272727272727
L,3,IFLY15,H1,e050,L,pre_2019_2020,3.0,18,-0.09793393357383613,-1.1592744264494854,-0.9652229494926091,-0.5885839405441026,0.2222222222222222
L,3,IFLY15,H1,e050,L,dev_2021_2023,3.0,36,-0.04012456730262216,-0.8626540476673605,-0.8580503037368001,-0.3317229865501979,0.3611111111111111
L,3,IFLY15,H1,e050,L,hold_2024_2025,3.0,24,-0.1007174183005286,-1.5587283891910149,-0.958686678120106,-0.4622554478011356,0.20833333333333334
L,3,IFLY15,H1,e050,L,ext_2026,3.0,9,-0.016403691212775205,-0.23322428398849673,-0.4716618311844486,-0.4024083362741657,0.2222222222222222
L,3,IFLY15,H1,e050,L,post_2021_2026,3.0,69,-0.05810631424669654,-1.0280594513946375,-0.996057983734221,-0.4622554478011356,0.2898550724637681
L,3,IFLY15,H1,e050,L,frozen_2024_2026,3.0,33,-0.07772276545841404,-1.1772437197518508,-0.9722294843204894,-0.4622554478011356,0.21212121212121213
L,3,IFLY15,H1,e050,S,pre_2019_2020,3.0,18,-0.07613028856079,-1.3301190110694068,-0.8757894828961317,-0.4262763854469045,0.2222222222222222
L,3,IFLY15,H1,e050,S,dev_2021_2023,3.0,36,-0.15968498276851206,-3.045757694162501,-0.999399809988879,-0.7620598586709303,0.1111111111111111
L,3,IFLY15,H1,e050,S,hold_2024_2025,3.0,24,-0.10851306834111192,-2.2801313541947774,-0.9702559085603358,-0.5092911339331406,0.2916666666666667
L,3,IFLY15,H1,e050,S,ext_2026,3.0,9,-0.136577015326167,-3.86862594048628,-0.7656980252195408,-0.2784352670343316,0.2222222222222222
L,3,IFLY15,H1,e050,S,post_2021_2026,3.0,69,-0.13887197330128437,-2.850329369935878,-0.999994011217645,-0.7620598586709303,0.18840579710144928
L,3,IFLY15,H1,e050,S,frozen_2024_2026,3.0,33,-0.11616687206430876,-2.628712494884838,-0.9900218560055681,-0.5092911339331406,0.2727272727272727
L,3,IFLY15,H2_15,e050,LS,pre_2019_2020,6.0,18,-0.10187375322641254,-1.9519807392434936,-0.9143325466280502,-0.4523814120079986,0.2777777777777778
L,3,IFLY15,H2_15,e050,LS,dev_2021_2023,6.0,36,-0.09659616761814321,-2.9567550674228156,-0.9806554770007775,-0.3823343744441114,0.2222222222222222
L,3,IFLY15,H2_15,e050,LS,hold_2024_2025,6.0,24,-0.09515009814959675,-2.379550408771584,-0.9398298364104459,-0.3662655428034541,0.20833333333333334
L,3,IFLY15,H2_15,e050,LS,ext_2026,6.0,9,-0.07880351250816178,-2.1212450489026593,-0.6078982784190918,-0.23077862555787185,0.3333333333333333
L,3,IFLY15,H2_15,e050,LS,post_2021_2026,6.0,69,-0.09377240583212947,-2.6465677461678294,-0.9994102557466249,-0.3823343744441114,0.2318840579710145
L,3,IFLY15,H2_15,e050,LS,frozen_2024_2026,6.0,33,-0.09069193842920538,-2.3425869750557733,-0.9695136316672761,-0.3662655428034541,0.24242424242424243
L,3,IFLY15,H2_15,e050,L,pre_2019_2020,3.0,18,-0.11325853455111351,-1.4840635524821273,-0.9646148417284672,-0.5527381066393913,0.2222222222222222
L,3,IFLY15,H2_15,e050,L,dev_2021_2023,3.0,36,-0.047961391351059396,-1.0434179760884907,-0.8960764748722614,-0.30228533046079237,0.5
L,3,IFLY15,H2_15,e050,L,hold_2024_2025,3.0,24,-0.0857398186347278,-1.307023630375479,-0.9449316199502145,-0.4768415297375512,0.20833333333333334
L,3,IFLY15,H2_15,e050,L,ext_2026,3.0,9,-0.01987888513668341,-0.25740897326432033,-0.5510452764433128,-0.4415266037332943,0.3333333333333333
L,3,IFLY15,H2_15,e050,L,post_2021_2026,3.0,69,-0.0574387782913298,-1.0017442823533471,-0.9961347303112673,-0.4768415297375512,0.37681159420289856
L,3,IFLY15,H2_15,e050,L,frozen_2024_2026,3.0,33,-0.06777774586253388,-0.9930971063094666,-0.9628065956771421,-0.4768415297375512,0.24242424242424243
L,3,IFLY15,H2_15,e050,S,pre_2019_2020,3.0,18,-0.09048897190171157,-1.3535556187208206,-0.9156609152114688,-0.517304914246963,0.2222222222222222
L,3,IFLY15,H2_15,e050,S,dev_2021_2023,3.0,36,-0.14523094388522706,-2.677482514765684,-0.998826853741277,-0.6740287561506104,0.19444444444444445
L,3,IFLY15,H2_15,e050,S,hold_2024_2025,3.0,24,-0.10456037766446573,-2.1109806240737212,-0.9695362772535486,-0.4153880603315477,0.2916666666666667
L,3,IFLY15,H2_15,e050,S,ext_2026,3.0,9,-0.13772813987964014,-3.8421487216409407,-0.7692550045549873,-0.3240463597552832,0.1111111111111111
L,3,IFLY15,H2_15,e050,S,post_2021_2026,3.0,69,-0.13010603337292914,-2.5890707780730144,-0.9999871720228594,-0.6740287561506104,0.21739130434782608
L,3,IFLY15,H2_15,e050,S,frozen_2024_2026,3.0,33,-0.11360613099587694,-2.477103408053822,-0.9890653215272175,-0.4153880603315477,0.24242424242424243
L,3,IFLY15,H2_25,e050,LS,pre_2019_2020,6.0,18,-0.09462547477065131,-1.6855164485980132,-0.9165168413716556,-0.43666702138435665,0.2222222222222222
L,3,IFLY15,H2_25,e050,LS,dev_2021_2023,6.0,36,-0.09460094498468898,-2.2830358477436334,-0.9822634013832502,-0.36067288718631074,0.3055555555555556
L,3,IFLY15,H2_25,e050,LS,hold_2024_2025,6.0,24,-0.09480380055152045,-2.3389743302712915,-0.9379782675438121,-0.3768540656887105,0.3333333333333333
L,3,IFLY15,H2_25,e050,LS,ext_2026,6.0,9,-0.10962944135995444,-2.723967446912815,-0.7097302271709376,-0.29485854337590095,0.3333333333333333
L,3,IFLY15,H2_25,e050,LS,post_2021_2026,6.0,69,-0.09663174210036063,-2.391906325350212,-0.9996147367290148,-0.3768540656887105,0.3188405797101449
L,3,IFLY15,H2_25,e050,LS,frozen_2024_2026,6.0,33,-0.0988471571356388,-2.47933369552279,-0.9782786271872107,-0.3768540656887105,0.3333333333333333
L,3,IFLY15,H2_25,e050,L,pre_2019_2020,3.0,18,-0.11015197730710354,-1.2996909554449483,-0.9745328154499349,-0.6281864775561172,0.3888888888888889
L,3,IFLY15,H2_25,e050,L,dev_2021_2023,3.0,36,-0.047341888306407294,-0.8415081322631013,-0.9159905427733784,-0.36493956642946923,0.3333333333333333
L,3,IFLY15,H2_25,e050,L,hold_2024_2025,3.0,24,-0.10082814999213174,-1.4489203072211825,-0.9643845374683954,-0.40989356453351133,0.2916666666666667
L,3,IFLY15,H2_25,e050,L,ext_2026,3.0,9,-0.02100930209858704,-0.251689773515585,-0.6050628320822568,-0.47030358720742976,0.4444444444444444
L,3,IFLY15,H2_25,e050,L,post_2021_2026,3.0,69,-0.06251112025694361,-0.9693061242260611,-0.9982942693509917,-0.47030358720742976,0.3333333333333333
L,3,IFLY15,H2_25,e050,L,frozen_2024_2026,3.0,33,-0.07905937329389227,-1.0827897735267777,-0.9796959687002028,-0.47030358720742976,0.3333333333333333
L,3,IFLY15,H2_25,e050,S,pre_2019_2020,3.0,18,-0.0790989722341991,-1.2471830277015468,-0.8847960081022923,-0.4401935668675674,0.3333333333333333
L,3,IFLY15,H2_25,e050,S,dev_2021_2023,3.0,36,-0.14186000166297064,-2.3916543899945224,-0.9990380566067959,-0.6623066076799381,0.2222222222222222
L,3,IFLY15,H2_25,e050,S,hold_2024_2025,3.0,24,-0.08877945111090914,-1.905210268559011,-0.9563100566578944,-0.42789683296877995,0.3333333333333333
L,3,IFLY15,H2_25,e050,S,ext_2026,3.0,9,-0.19824958062132184,-4.134375638797365,-0.893701651006076,-0.39937175623180443,0.1111111111111111
L,3,IFLY15,H2_25,e050,S,post_2021_2026,3.0,69,-0.13075236394377768,-2.4183105656426735,-0.9999919836505666,-0.6623066076799381,0.2463768115942029
L,3,IFLY15,H2_25,e050,S,frozen_2024_2026,3.0,33,-0.11863494097738535,-2.4525825809791177,-0.9916665060647225,-0.42789683296877995,0.2727272727272727
L,3,SSPREAD,H0,e000,LS,pre_2019_2020,6.0,18,-0.05734211832919492,-0.5076175828644124,-0.9262106235276062,-0.6343155620684111,0.4444444444444444
L,3,SSPREAD,H0,e000,LS,dev_2021_2023,6.0,36,-0.09609520340541784,-0.9058496069910821,-0.9987924494272716,-0.618665724723971,0.3888888888888889
L,3,SSPREAD,H0,e000,LS,hold_2024_2025,6.0,24,0.02310340002284791,0.17831958176917978,-0.9642842954947997,-0.5543087524757043,0.5416666666666666
L,3,SSPREAD,H0,e000,LS,ext_2026,6.0,9,0.008895838346547565,0.08800310989904137,-0.6492629731694599,-0.6208373600961138,0.6666666666666666
L,3,SSPREAD,H0,e000,LS,post_2021_2026,6.0,69,-0.040940335897503836,-0.35970218293581896,-0.9999331896791784,-0.6208373600961138,0.4782608695652174
L,3,SSPREAD,H0,e000,LS,frozen_2024_2026,6.0,33,0.019228610474765987,0.15901121448528016,-0.9642842954947997,-0.6208373600961138,0.5757575757575758
L,3,SSPREAD,H0,e050,LS,pre_2019_2020,6.0,18,-0.16336619547332681,-1.601824729436993,-0.9928334210802491,-0.7346213995694484,0.3333333333333333
L,3,SSPREAD,H0,e050,LS,dev_2021_2023,6.0,36,-0.16716005467625836,-1.5814637570355912,-0.9999665483214258,-0.7038222445353348,0.3333333333333333
L,3,SSPREAD,H0,e050,LS,hold_2024_2025,6.0,24,-0.06283127157748715,-0.5017856274211153,-0.9937778798536031,-0.6391966988300726,0.3333333333333333
L,3,SSPREAD,H0,e050,LS,ext_2026,6.0,9,-0.07650582683199447,-0.7915917766825881,-0.8314624500913079,-0.6790060678205624,0.4444444444444444
L,3,SSPREAD,H0,e050,LS,post_2021_2026,6.0,69,-0.11904731779265135,-1.0704753969008851,-0.9999998514245347,-0.7038222445353348,0.34782608695652173
L,3,SSPREAD,H0,e050,LS,frozen_2024_2026,6.0,33,-0.06656069573780733,-0.5705938238095285,-0.9968001840299987,-0.6790060678205624,0.36363636363636365
L,3,SSPREAD,H0,e050,L,pre_2019_2020,3.0,18,-0.2157835946405399,-0.9221730089153746,-1.0160776975506567,-1.0816593079121815,0.3888888888888889
L,3,SSPREAD,H0,e050,L,dev_2021_2023,3.0,36,-0.2504682648020402,-1.276792313780018,-1.0708559649500826,-1.0708559649500826,0.3611111111111111
L,3,SSPREAD,H0,e050,L,hold_2024_2025,3.0,24,-0.09286177425334441,-0.3755187806628158,-1.0190598292143351,-1.0651283719316507,0.4166666666666667
L,3,SSPREAD,H0,e050,L,ext_2026,3.0,9,-0.007092182124594084,-0.03752124786335332,-0.9977500016934873,-0.9778493709175636,0.5555555555555556
L,3,SSPREAD,H0,e050,L,post_2021_2026,3.0,69,-0.16390390947934871,-0.7688623604016258,-1.0708559649500826,-1.0708559649500826,0.4057971014492754
L,3,SSPREAD,H0,e050,L,frozen_2024_2026,3.0,33,-0.06947006730913975,-0.3017293201459907,-1.0190598292143351,-1.0651283719316507,0.45454545454545453
L,3,SSPREAD,H0,e050,S,pre_2019_2020,3.0,18,-0.11094879630611373,-1.3424699161244034,-0.9613531549386147,-0.7406842050616413,0.3888888888888889
L,3,SSPREAD,H0,e050,S,dev_2021_2023,3.0,36,-0.08385184455047659,-1.4325867569997004,-0.9854371178401633,-0.5988025516305525,0.3055555555555556
L,3,SSPREAD,H0,e050,S,hold_2024_2025,3.0,24,-0.032800768901629876,-0.5787159902807221,-0.913493815270264,-0.665615252004354,0.5
L,3,SSPREAD,H0,e050,S,ext_2026,3.0,9,-0.14591947153939486,-3.0424849722209895,-0.8084148388783863,-0.4075170034528015,0.3333333333333333
L,3,SSPREAD,H0,e050,S,post_2021_2026,3.0,69,-0.07419072610595404,-1.3050513826019496,-0.9993209321544073,-0.665615252004354,0.37681159420289856
L,3,SSPREAD,H0,e050,S,frozen_2024_2026,3.0,33,-0.06365132416647488,-1.1428211140081426,-0.9610521158020346,-0.665615252004354,0.45454545454545453
L,3,SSPREAD,H0,e100,LS,pre_2019_2020,6.0,18,-0.26939027261745874,-2.8680709246336367,-0.9995716027736282,-0.8349272370704859,0.2777777777777778
L,3,SSPREAD,H0,e100,LS,dev_2021_2023,6.0,36,-0.23822490594709883,-2.242248289592623,-0.999999514713168,-0.7889787643466986,0.3333333333333333
L,3,SSPREAD,H0,e100,LS,hold_2024_2025,6.0,24,-0.14876594317782219,-1.1982854608407825,-0.999309899207471,-0.724084645184441,0.25
L,3,SSPREAD,H0,e100,LS,ext_2026,6.0,9,-0.16190749201053653,-1.7424688956711596,-0.9266379865753712,-0.7371747755450109,0.3333333333333333
L,3,SSPREAD,H0,e100,LS,post_2021_2026,6.0,69,-0.19715429968779885,-1.7852579002866489,-0.9999999999452669,-0.7889787643466986,0.30434782608695654
L,3,SSPREAD,H0,e100,LS,frozen_2024_2026,6.0,33,-0.15235000195038065,-1.3240580549918528,-0.999908706949512,-0.7371747755450109,0.2727272727272727
L,3,SSPREAD,H0,tick,LS,pre_2019_2020,6.0,18,-0.276368961058992,-2.938702447174137,-0.9996580214198956,-0.8400349337296517,0.2777777777777778
L,3,SSPREAD,H0,tick,LS,dev_2021_2023,6.0,36,-0.2439133875110358,-2.2935379322978955,-0.9999996632622029,-0.792816491904022,0.3333333333333333
L,3,SSPREAD,H0,tick,LS,hold_2024_2025,6.0,24,-0.1548696177578907,-1.2476200344556847,-0.9994346836630279,-0.731761469541642,0.25
L,3,SSPREAD,H0,tick,LS,ext_2026,6.0,9,-0.1665968444604769,-1.7981870531456352,-0.9299521966113985,-0.7399250983379434,0.2222222222222222
L,3,SSPREAD,H0,tick,LS,post_2021_2026,6.0,69,-0.20285687502508637,-1.836618476116835,-0.9999999999712433,-0.792816491904022,0.2898550724637681
L,3,SSPREAD,H0,tick,LS,frozen_2024_2026,6.0,33,-0.1580679523131415,-1.3745941247371583,-0.9999299869477866,-0.7399250983379434,0.24242424242424243
L,3,SSPREAD,H1,e050,LS,pre_2019_2020,6.0,18,-0.11002579228879755,-1.3486124025542974,-0.9699046871508322,-0.46024754369152693,0.2777777777777778
L,3,SSPREAD,H1,e050,LS,dev_2021_2023,6.0,36,-0.11905367375079666,-1.8552259316222135,-0.9965184227972691,-0.5065136381958727,0.19444444444444445
L,3,SSPREAD,H1,e050,LS,hold_2024_2025,6.0,24,-0.10693342828943543,-1.581496232097745,-0.9776110443899084,-0.43385670884716254,0.3333333333333333
L,3,SSPREAD,H1,e050,LS,ext_2026,6.0,9,-0.06586242742694845,-1.0930092692698195,-0.5553024271709948,-0.3525206058197603,0.2222222222222222
L,3,SSPREAD,H1,e050,LS,post_2021_2026,6.0,69,-0.10789994754808212,-1.6814011820706019,-0.999951899797789,-0.5065136381958727,0.2463768115942029
L,3,SSPREAD,H1,e050,LS,frozen_2024_2026,6.0,33,-0.09573224623602991,-1.4732374258924528,-0.9861843643239413,-0.43385670884716254,0.30303030303030304
L,3,SSPREAD,H1,e050,L,pre_2019_2020,3.0,18,-0.14109824414022715,-0.8679116458648004,-0.9996267675265612,-0.9314491422232548,0.2777777777777778
L,3,SSPREAD,H1,e050,L,dev_2021_2023,3.0,36,-0.11353049431153177,-0.9184836816141229,-0.9998902907414329,-0.8294566463637914,0.3055555555555556
L,3,SSPREAD,H1,e050,L,hold_2024_2025,3.0,24,-0.12092022925665417,-0.8317593679766772,-0.9994212383725158,-0.7625518251817307,0.375
L,3,SSPREAD,H1,e050,L,ext_2026,3.0,9,-0.04681862222234378,-0.36985186879571913,-0.720988722305391,-0.5286495927058532,0.4444444444444444
L,3,SSPREAD,H1,e050,L,post_2021_2026,3.0,69,-0.10739928836776721,-0.8250432652904001,-0.9999999658155622,-0.8294566463637914,0.34782608695652173
L,3,SSPREAD,H1,e050,L,frozen_2024_2026,3.0,33,-0.10071070006547862,-0.7251102138411892,-0.9996884088156011,-0.7625518251817307,0.3939393939393939
L,3,SSPREAD,H1,e050,S,pre_2019_2020,3.0,18,-0.07895334043736789,-2.0079903915318917,-0.8318862600319572,-0.27947357027982983,0.3333333333333333
L,3,SSPREAD,H1,e050,S,dev_2021_2023,3.0,36,-0.12457685319006158,-4.5660109627150565,-0.993308249039538,-0.38399918737631733,0.08333333333333333
L,3,SSPREAD,H1,e050,S,hold_2024_2025,3.0,24,-0.09294662732221672,-2.1680511446152755,-0.9508546908292511,-0.5953566518646147,0.2916666666666667
L,3,SSPREAD,H1,e050,S,ext_2026,3.0,9,-0.08490623263155314,-4.113018522029791,-0.5609130761284575,-0.1869267901487733,0.1111111111111111
L,3,SSPREAD,H1,e050,S,post_2021_2026,3.0,69,-0.10840060672839705,-3.299158873992938,-0.9998111212927802,-0.5953566518646147,0.15942028985507245
L,3,SSPREAD,H1,e050,S,frozen_2024_2026,3.0,33,-0.09075379240658119,-2.4010551061860266,-0.9717743968154526,-0.5953566518646147,0.24242424242424243
L,3,SSPREAD,H2_15,e050,LS,pre_2019_2020,6.0,18,-0.11769235892707587,-1.4634238816370493,-0.966722102383202,-0.4571921870247613,0.2777777777777778
L,3,SSPREAD,H2_15,e050,LS,dev_2021_2023,6.0,36,-0.11854029285521535,-1.5969169933952378,-0.9978413643689454,-0.6245616098538849,0.3055555555555556
L,3,SSPREAD,H2_15,e050,LS,hold_2024_2025,6.0,24,-0.11080622080281015,-1.631551434541219,-0.97511270329151,-0.4967843577149154,0.2916666666666667
L,3,SSPREAD,H2_15,e050,LS,ext_2026,6.0,9,-0.06462067091539227,-0.8516815395293076,-0.6467879681680698,-0.4701185131627709,0.3333333333333333
L,3,SSPREAD,H2_15,e050,LS,post_2021_2026,6.0,69,-0.10881718667092356,-1.5238468407672727,-0.9999770423913722,-0.6245616098538849,0.30434782608695654
L,3,SSPREAD,H2_15,e050,LS,frozen_2024_2026,6.0,33,-0.09821016174260527,-1.418910185281783,-0.9893647597132729,-0.4967843577149154,0.30303030303030304
L,3,SSPREAD,H2_15,e050,L,pre_2019_2020,3.0,18,-0.1430279909850339,-0.9094379229476589,-0.9992438390074571,-0.8695002361422176,0.2777777777777778
L,3,SSPREAD,H2_15,e050,L,dev_2021_2023,3.0,36,-0.12184552412725126,-0.8572135546151762,-1.0004398452842296,-1.0688485360861673,0.3611111111111111
L,3,SSPREAD,H2_15,e050,L,hold_2024_2025,3.0,24,-0.14966329231888229,-1.0625202697122884,-0.9997410462852973,-0.8056021525356732,0.3333333333333333
L,3,SSPREAD,H2_15,e050,L,ext_2026,3.0,9,-0.04290515148618236,-0.2853044483649988,-0.8175730492403208,-0.6820268815515335,0.3333333333333333
L,3,SSPREAD,H2_15,e050,L,post_2021_2026,3.0,69,-0.12122469924072263,-0.8601586603194652,-1.0004398452842296,-1.0688485360861673,0.34782608695652173
L,3,SSPREAD,H2_15,e050,L,frozen_2024_2026,3.0,33,-0.12054743572814595,-0.85009494840359,-0.9999441863929316,-0.8056021525356732,0.3333333333333333
L,3,SSPREAD,H2_15,e050,S,pre_2019_2020,3.0,18,-0.09235672686911783,-2.2857189900657215,-0.8669282704169974,-0.32255980715771054,0.2222222222222222
L,3,SSPREAD,H2_15,e050,S,dev_2021_2023,3.0,36,-0.1152350615831794,-3.760547221319746,-0.990671293182431,-0.3307187058264755,0.08333333333333333
L,3,SSPREAD,H2_15,e050,S,hold_2024_2025,3.0,24,-0.07194914928673803,-1.7718766642453176,-0.9211448379870806,-0.4593336984483433,0.375
L,3,SSPREAD,H2_15,e050,S,ext_2026,3.0,9,-0.08633619034460213,-2.7660581214829443,-0.5896963262217634,-0.2582101447740083,0.3333333333333333
L,3,SSPREAD,H2_15,e050,S,post_2021_2026,3.0,69,-0.0964096741011245,-2.794798481303164,-0.9995247798599667,-0.4593336984483433,0.21739130434782608
L,3,SSPREAD,H2_15,e050,S,frozen_2024_2026,3.0,33,-0.0758728877570646,-2.0048589580895637,-0.9490583047225395,-0.4593336984483433,0.36363636363636365
L,3,SSPREAD,H2_25,e050,LS,pre_2019_2020,6.0,18,-0.0818517351789936,-0.8560127024940953,-0.9571534420814614,-0.48480536978126737,0.3333333333333333
L,3,SSPREAD,H2_25,e050,LS,dev_2021_2023,6.0,36,-0.11991603181337467,-1.6943078959604243,-0.9979849948976189,-0.585141820231623,0.3055555555555556
L,3,SSPREAD,H2_25,e050,LS,hold_2024_2025,6.0,24,-0.10172111662441523,-1.2903926351626285,-0.9791233051326198,-0.5138159360589624,0.2916666666666667
L,3,SSPREAD,H2_25,e050,LS,ext_2026,6.0,9,-0.15628801734001577,-2.6993446781732544,-0.8328115264554425,-0.5372390202355833,0.2222222222222222
L,3,SSPREAD,H2_25,e050,LS,post_2021_2026,6.0,69,-0.11833153768590716,-1.6572006018294512,-0.999991359198016,-0.585141820231623,0.2898550724637681
L,3,SSPREAD,H2_25,e050,LS,frozen_2024_2026,6.0,33,-0.11660299863776083,-1.593389246898373,-0.9965096572524672,-0.5372390202355833,0.2727272727272727
L,3,SSPREAD,H2_25,e050,L,pre_2019_2020,3.0,18,-0.07393352217102284,-0.3966226475439995,-1.0012339997583106,-1.037770260807638,0.3333333333333333
L,3,SSPREAD,H2_25,e050,L,dev_2021_2023,3.0,36,-0.10774480269251288,-0.8143042587683644,-1.119868124587231,-1.0909415180714446,0.4444444444444444
L,3,SSPREAD,H2_25,e050,L,hold_2024_2025,3.0,24,-0.11339754436637532,-0.6997528062463109,-0.9999286825543285,-0.9004017748490902,0.4166666666666667
L,3,SSPREAD,H2_25,e050,L,ext_2026,3.0,9,-0.24064344131992652,-2.0858146222528964,-0.981826878411053,-0.8626603969131413,0.2222222222222222
L,3,SSPREAD,H2_25,e050,L,post_2021_2026,3.0,69,-0.12704557874786682,-0.9069170766611137,-1.119868124587231,-1.0909415180714446,0.4057971014492754
L,3,SSPREAD,H2_25,e050,L,frozen_2024_2026,3.0,33,-0.1481009708082529,-0.9878004251087874,-0.9999987039393884,-0.9004017748490902,0.36363636363636365
L,3,SSPREAD,H2_25,e050,S,pre_2019_2020,3.0,18,-0.0897699481869644,-1.6444576772470225,-0.871494718689719,-0.33879856292319216,0.3333333333333333
L,3,SSPREAD,H2_25,e050,S,dev_2021_2023,3.0,36,-0.13208726093423642,-3.7669867053967856,-0.9958477421594301,-0.49908892377523145,0.05555555555555555
L,3,SSPREAD,H2_25,e050,S,hold_2024_2025,3.0,24,-0.09004468888245513,-2.131216993112832,-0.9444683561362124,-0.5544285060754314,0.375
L,3,SSPREAD,H2_25,e050,S,ext_2026,3.0,9,-0.07193259336010502,-2.8112994213038434,-0.5283994076739968,-0.21181764355802543,0.1111111111111111
L,3,SSPREAD,H2_25,e050,S,post_2021_2026,3.0,69,-0.10961749662394757,-2.9693142835499735,-0.9998541162754659,-0.5544285060754314,0.17391304347826086
L,3,SSPREAD,H2_25,e050,S,frozen_2024_2026,3.0,33,-0.08510502646726875,-2.233196694142584,-0.966092898950472,-0.5544285060754314,0.30303030303030304
L,2,STRADDLE,H0,e000,LS,pre_2019_2020,4.0,18,-0.004137897784621518,-0.037395460014657475,-0.9192394201551306,-0.8863879552716433,0.6111111111111112
L,2,STRADDLE,H0,e000,LS,dev_2021_2023,4.0,36,-0.022738734819854393,-0.1829138389058444,-1.0046008010450003,-1.1964426449876013,0.4444444444444444
L,2,STRADDLE,H0,e000,LS,hold_2024_2025,4.0,24,0.16234971311446963,0.9840513784086757,-0.8474032525749582,-0.572497807619718,0.5
L,2,STRADDLE,H0,e000,LS,ext_2026,4.0,9,-0.021163009412664684,-0.22196823780586272,-0.5157771876399463,-0.5157771876399463,0.4444444444444444
L,2,STRADDLE,H0,e000,LS,post_2021_2026,4.0,69,0.04184538516693522,0.30450201811642963,-1.0190129775892325,-1.1964426449876013,0.463768115942029
L,2,STRADDLE,H0,e000,LS,frozen_2024_2026,4.0,33,0.11230078878888754,0.7501732193094576,-0.8474032525749582,-0.572497807619718,0.48484848484848486
L,2,STRADDLE,H0,e050,LS,pre_2019_2020,4.0,18,-0.06058302209052507,-0.5466833854148772,-0.9810786679055483,-0.9353301442214146,0.5
L,2,STRADDLE,H0,e050,LS,dev_2021_2023,4.0,36,-0.07420303316511136,-0.580476312588689,-1.0006941343028903,-1.3556066263016058,0.3611111111111111
L,2,STRADDLE,H0,e050,LS,hold_2024_2025,4.0,24,0.11152695172379808,0.6721312335952115,-0.9343997752140122,-0.6039878938066103,0.5
L,2,STRADDLE,H0,e050,LS,ext_2026,4.0,9,-0.06436141335545244,-0.669115549564007,-0.6929493518250579,-0.5703009691745036,0.4444444444444444
L,2,STRADDLE,H0,e050,LS,post_2021_2026,4.0,69,-0.008317609750317765,-0.059624208160203196,-1.0008224047064205,-1.3556066263016058,0.42028985507246375
L,2,STRADDLE,H0,e050,LS,frozen_2024_2026,4.0,33,0.06355739761127523,0.4225004377089485,-0.9343997752140122,-0.6039878938066103,0.48484848484848486
L,2,STRADDLE,H0,e050,L,pre_2019_2020,2.0,18,-0.004975307012435561,-0.021026712138260174,-0.9931697681310073,-0.7537382518796993,0.3888888888888889
L,2,STRADDLE,H0,e050,L,dev_2021_2023,2.0,36,-0.055511113093844475,-0.3518911677407945,-0.9996517510399693,-0.6458956456456457,0.3333333333333333
L,2,STRADDLE,H0,e050,L,hold_2024_2025,2.0,24,0.0379930108693168,0.12924085851013123,-0.9998698044276737,-0.8810958199115013,0.2916666666666667
L,2,STRADDLE,H0,e050,L,ext_2026,2.0,9,-0.01460895496405242,-0.09376550257731243,-0.8092761751044859,-0.7464155097775789,0.4444444444444444
L,2,STRADDLE,H0,e050,L,post_2021_2026,2.0,69,-0.01765287543755464,-0.08317144542669676,-0.9999998177564645,-0.8810958199115013,0.3333333333333333
L,2,STRADDLE,H0,e050,L,frozen_2024_2026,2.0,33,0.023647020187488845,0.09052970266661058,-0.9998698044276737,-0.8810958199115013,0.3333333333333333
L,2,STRADDLE,H0,e050,S,pre_2019_2020,2.0,18,-0.11619073716861458,-0.4268188528371887,-3.24453284215399,-2.87495333467864,0.6111111111111112
L,2,STRADDLE,H0,e050,S,dev_2021_2023,2.0,36,-0.09289495323637821,-0.46224540581687945,-1.130208977168143,-2.1258984550772455,0.5555555555555556
L,2,STRADDLE,H0,e050,S,hold_2024_2025,2.0,24,0.1850608925782794,1.7492206650103355,-0.8486894352262455,-0.7698863636363638,0.7083333333333334
L,2,STRADDLE,H0,e050,S,ext_2026,2.0,9,-0.11411387174685249,-0.7820525723047899,-0.9259885273960377,-0.713567347107749,0.4444444444444444
L,2,STRADDLE,H0,e050,S,post_2021_2026,2.0,69,0.0010176559369190984,0.006016524395371477,-1.130208977168143,-2.1258984550772455,0.5942028985507246
L,2,STRADDLE,H0,e050,S,frozen_2024_2026,2.0,33,0.1034677750350616,0.8478296261952659,-0.9259885273960377,-0.7698863636363638,0.6363636363636364
L,2,STRADDLE,H0,e100,LS,pre_2019_2020,4.0,18,-0.11702814639642854,-1.0496061275826463,-0.9986430681255956,-0.9842723331711853,0.4444444444444444
L,2,STRADDLE,H0,e100,LS,dev_2021_2023,4.0,36,-0.12566733151036832,-0.9534987866049447,-1.000273885355839,-1.5147706076156107,0.3055555555555556
L,2,STRADDLE,H0,e100,LS,hold_2024_2025,4.0,24,0.06070419033312661,0.3629532243252428,-0.9799618462443277,-0.6354779799935026,0.4583333333333333
L,2,STRADDLE,H0,e100,LS,ext_2026,4.0,9,-0.10755981729824018,-1.1078175801403147,-0.8159917819409529,-0.624824750709061,0.4444444444444444
L,2,STRADDLE,H0,e100,LS,post_2021_2026,4.0,69,-0.058480604667570754,-0.4119325747421902,-1.000273885355839,-1.5147706076156107,0.37681159420289856
L,2,STRADDLE,H0,e100,LS,frozen_2024_2026,4.0,33,0.01481400643366294,0.09779819136390568,-0.9799618462443277,-0.6354779799935026,0.45454545454545453
L,2,STRADDLE,H0,tick,LS,pre_2019_2020,4.0,18,-0.12068737276381489,-1.0814759421393512,-0.9989495924309983,-0.9867244218768222,0.4444444444444444
L,2,STRADDLE,H0,tick,LS,dev_2021_2023,4.0,36,-0.12893162947445078,-0.9775825768452528,-1.000750738104564,-1.5214562953291242,0.3055555555555556
L,2,STRADDLE,H0,tick,LS,hold_2024_2025,4.0,24,0.056653657598629746,0.3386341267566157,-0.9818579404010861,-0.6400038553986216,0.4583333333333333
L,2,STRADDLE,H0,tick,LS,ext_2026,4.0,9,-0.11026871234253645,-1.1356750606382937,-0.8216776057602421,-0.6269131892819824,0.4444444444444444
L,2,STRADDLE,H0,tick,LS,post_2021_2026,4.0,69,-0.06194593173617309,-0.43621073974614694,-1.000750738104564,-1.5214562953291242,0.37681159420289856
L,2,STRADDLE,H0,tick,LS,frozen_2024_2026,4.0,33,0.011129374887402607,0.07346604601794811,-0.9818579404010861,-0.6400038553986216,0.45454545454545453
L,2,STRADDLE,H1,e050,LS,pre_2019_2020,4.0,18,-0.031115247634590344,-0.41021669413860545,-0.757837439616117,-0.4792297484355685,0.2777777777777778
L,2,STRADDLE,H1,e050,LS,dev_2021_2023,4.0,36,-0.05815462510326583,-0.8915883603963487,-0.9715096806410237,-0.6419069754056413,0.3888888888888889
L,2,STRADDLE,H1,e050,LS,hold_2024_2025,4.0,24,-0.0714191904755452,-0.9809398292188332,-0.9618199417301404,-0.4371103866913508,0.2916666666666667
L,2,STRADDLE,H1,e050,LS,ext_2026,4.0,9,-0.0793492205439622,-1.5995174856837617,-0.6222219424616606,-0.4503375586488896,0.3333333333333333
L,2,STRADDLE,H1,e050,LS,post_2021_2026,4.0,69,-0.06553289942067124,-1.0019621166235733,-0.9989680583706065,-0.6419069754056413,0.34782608695652173
L,2,STRADDLE,H1,e050,LS,frozen_2024_2026,4.0,33,-0.07358192594874982,-1.1059890174413678,-0.9710798930008312,-0.4503375586488896,0.30303030303030304
L,2,STRADDLE,H1,e050,L,pre_2019_2020,2.0,18,-0.011848966166573258,-0.09275810925619687,-0.9139556384196381,-0.5683406593913467,0.3888888888888889
L,2,STRADDLE,H1,e050,L,dev_2021_2023,2.0,36,-0.030234000693527014,-0.3512577351764024,-0.9379246670646547,-0.47285814978539265,0.3888888888888889
L,2,STRADDLE,H1,e050,L,hold_2024_2025,2.0,24,-0.09616297941381109,-0.7406099736295629,-0.9927577403537781,-0.6486334791648527,0.25
L,2,STRADDLE,H1,e050,L,ext_2026,2.0,9,-0.1094343534617891,-1.4004757423575525,-0.8068789700360695,-0.6012812935318557,0.2222222222222222
L,2,STRADDLE,H1,e050,L,post_2021_2026,2.0,69,-0.0634963001747035,-0.6245125413975244,-0.9998807433518409,-0.6486334791648527,0.3188405797101449
L,2,STRADDLE,H1,e050,L,frozen_2024_2026,2.0,33,-0.09978244506325963,-0.8541514120687024,-0.9984764275862545,-0.6486334791648527,0.24242424242424243
L,2,STRADDLE,H1,e050,S,pre_2019_2020,2.0,18,-0.05038152910260742,-0.5747339173304457,-0.8561662591567489,-0.646354727175363,0.3888888888888889
L,2,STRADDLE,H1,e050,S,dev_2021_2023,2.0,36,-0.08607524951300466,-0.9915819904042722,-1.018309894474815,-1.07531787301948,0.4444444444444444
L,2,STRADDLE,H1,e050,S,hold_2024_2025,2.0,24,-0.046675401537279275,-0.6068586134520787,-0.9614053356980653,-0.5812159992849812,0.4583333333333333
L,2,STRADDLE,H1,e050,S,ext_2026,2.0,9,-0.04926408762613536,-1.0205212558183203,-0.5347191294456028,-0.29939382376592355,0.3333333333333333
L,2,STRADDLE,H1,e050,S,post_2021_2026,2.0,69,-0.06756949866663897,-0.8591645432670276,-1.018309894474815,-1.07531787301948,0.43478260869565216
L,2,STRADDLE,H1,e050,S,frozen_2024_2026,2.0,33,-0.04738140683424002,-0.6814432067471334,-0.9614053356980653,-0.5812159992849812,0.42424242424242425
L,2,STRADDLE,H2_15,e050,LS,pre_2019_2020,4.0,18,-0.028205408647756693,-0.36112580307272035,-0.7284554135042758,-0.44946768395772907,0.3333333333333333
L,2,STRADDLE,H2_15,e050,LS,dev_2021_2023,4.0,36,-0.059548419940612204,-0.9015726980144227,-0.9739240964630408,-0.6151634005141217,0.3611111111111111
L,2,STRADDLE,H2_15,e050,LS,hold_2024_2025,4.0,24,-0.058839963833484776,-0.7809383262932034,-0.9627693089152118,-0.4105732340509142,0.3333333333333333
L,2,STRADDLE,H2_15,e050,LS,ext_2026,4.0,9,-0.08948372494454425,-1.8371230700778574,-0.6310027477120093,-0.4087471552879733,0.2222222222222222
L,2,STRADDLE,H2_15,e050,LS,post_2021_2026,4.0,69,-0.0632066054256025,-0.947141167827187,-0.9987512289595868,-0.6151634005141217,0.3333333333333333
L,2,STRADDLE,H2_15,e050,LS,frozen_2024_2026,4.0,33,-0.06719735322741009,-0.981280128837036,-0.9627693089152118,-0.4105732340509142,0.30303030303030304
L,2,STRADDLE,H2_15,e050,L,pre_2019_2020,2.0,18,-0.01062932156936225,-0.08053732102800612,-0.9140985845942614,-0.5890266307419709,0.3333333333333333
L,2,STRADDLE,H2_15,e050,L,dev_2021_2023,2.0,36,-0.03646970955226955,-0.41201657879088793,-0.9600522551220529,-0.5000144653459091,0.3888888888888889
L,2,STRADDLE,H2_15,e050,L,hold_2024_2025,2.0,24,-0.09503573502571251,-0.7187382179097518,-0.9934215246659023,-0.6442877234838492,0.20833333333333334
L,2,STRADDLE,H2_15,e050,L,ext_2026,2.0,9,-0.10508216538981084,-1.3517744560206335,-0.7947238744849772,-0.5444712853689115,0.2222222222222222
L,2,STRADDLE,H2_15,e050,L,post_2021_2026,2.0,69,-0.06578995178271162,-0.6349090641570152,-0.9999103003245692,-0.6442877234838492,0.30434782608695654
L,2,STRADDLE,H2_15,e050,L,frozen_2024_2026,2.0,33,-0.09777567057955752,-0.8240381879271033,-0.9983406119559513,-0.6442877234838492,0.21212121212121213
L,2,STRADDLE,H2_15,e050,S,pre_2019_2020,2.0,18,-0.04578149572615113,-0.4838020882005735,-0.8594061852072244,-0.6138930600962856,0.3888888888888889
L,2,STRADDLE,H2_15,e050,S,dev_2021_2023,2.0,36,-0.08262713032895484,-0.9448933192228166,-1.0034506132829437,-1.0089339159107995,0.4722222222222222
L,2,STRADDLE,H2_15,e050,S,hold_2024_2025,2.0,24,-0.022644192641257017,-0.28551708823901784,-0.9414974472157415,-0.4971589370119843,0.4583333333333333
L,2,STRADDLE,H2_15,e050,S,ext_2026,2.0,9,-0.07388528449927766,-1.5514253708710986,-0.6301804935135111,-0.27302302520703503,0.3333333333333333
L,2,STRADDLE,H2_15,e050,S,post_2021_2026,2.0,69,-0.060623259068493356,-0.7580334597076447,-1.0034506132829437,-1.0089339159107995,0.4492753623188406
L,2,STRADDLE,H2_15,e050,S,frozen_2024_2026,2.0,33,-0.03661903587526265,-0.5111332958043079,-0.9414974472157415,-0.4971589370119843,0.42424242424242425
L,2,STRADDLE,H2_25,e050,LS,pre_2019_2020,4.0,18,-0.060503840229484976,-0.8645537833241267,-0.807662101654998,-0.44271735364690434,0.3888888888888889
L,2,STRADDLE,H2_25,e050,LS,dev_2021_2023,4.0,36,-0.06431326794376607,-0.9187170594328706,-0.9869745591966315,-0.6628657192617501,0.4444444444444444
L,2,STRADDLE,H2_25,e050,LS,hold_2024_2025,4.0,24,-0.07037638775742862,-0.9184539675172984,-0.9709263909822077,-0.47111181961419146,0.375
L,2,STRADDLE,H2_25,e050,LS,ext_2026,4.0,9,-0.058162604765943295,-1.08238513168235,-0.5773211132608865,-0.4681269185114692,0.4444444444444444
L,2,STRADDLE,H2_25,e050,LS,post_2021_2026,4.0,69,-0.06561991876880224,-0.9423185527453198,-0.9993509918629212,-0.6628657192617501,0.42028985507246375
L,2,STRADDLE,H2_25,e050,LS,frozen_2024_2026,4.0,33,-0.06704535603247808,-0.9534743716707389,-0.9709263909822077,-0.47111181961419146,0.3939393939393939
L,2,STRADDLE,H2_25,e050,L,pre_2019_2020,2.0,18,-0.014210464395082004,-0.11910324347435122,-0.9093591364390321,-0.5597766264651749,0.3888888888888889
L,2,STRADDLE,H2_25,e050,L,dev_2021_2023,2.0,36,-0.04378535779928364,-0.4847411448992476,-0.9826757733541374,-0.5438531368475512,0.3888888888888889
L,2,STRADDLE,H2_25,e050,L,hold_2024_2025,2.0,24,-0.09899165667954897,-0.7764250778799011,-0.9928673219894513,-0.6410348713577587,0.20833333333333334
L,2,STRADDLE,H2_25,e050,L,ext_2026,2.0,9,-0.08527775607854743,-1.05378255458948,-0.7447346498810171,-0.5357197823537988,0.2222222222222222
L,2,STRADDLE,H2_25,e050,L,post_2021_2026,2.0,69,-0.06839960066362775,-0.6667023927011683,-0.9999268704029152,-0.6410348713577587,0.30434782608695654
L,2,STRADDLE,H2_25,e050,L,frozen_2024_2026,2.0,33,-0.09525150197018493,-0.825190605550213,-0.9978537119255669,-0.6410348713577587,0.21212121212121213
L,2,STRADDLE,H2_25,e050,S,pre_2019_2020,2.0,18,-0.10679721606388792,-1.0263040280647224,-0.9730285798019189,-0.6843993662296982,0.3888888888888889
L,2,STRADDLE,H2_25,e050,S,dev_2021_2023,2.0,36,-0.08484117808824848,-0.909486010595543,-0.9999431425433901,-0.9856872878789935,0.4722222222222222
L,2,STRADDLE,H2_25,e050,S,hold_2024_2025,2.0,24,-0.04176111883530825,-0.4428309052562446,-0.9807940379836964,-0.6617263993021802,0.5416666666666666
L,2,STRADDLE,H2_25,e050,S,ext_2026,2.0,9,-0.031047453453339154,-0.539328229938224,-0.5331906397622781,-0.4005340546691396,0.4444444444444444
L,2,STRADDLE,H2_25,e050,S,post_2021_2026,2.0,69,-0.06284023687397677,-0.7060029013210288,-0.9999984628780559,-0.9856872878789935,0.4927536231884058
L,2,STRADDLE,H2_25,e050,S,frozen_2024_2026,2.0,33,-0.038839210094771225,-0.4570083241533724,-0.9807940379836964,-0.6617263993021802,0.5151515151515151
L,2,STRANGLE25,H0,e000,LS,pre_2019_2020,4.0,18,-0.18600299145845828,-1.0341950666364186,-1.0193391186083611,-1.8883528889515362,0.5
L,2,STRANGLE25,H0,e000,LS,dev_2021_2023,4.0,36,-0.14783181754584895,-0.523330622602425,-1.4207673427730825,-2.800026785714286,0.5
L,2,STRANGLE25,H0,e000,LS,hold_2024_2025,4.0,24,0.3662235510711771,1.0318274804633294,-1.4718249550056106,-1.4993822185908279,0.5833333333333334
L,2,STRANGLE25,H0,e000,LS,ext_2026,4.0,9,0.18403393544020968,1.0871672982360772,-0.6394036842921138,-0.6394036842921138,0.5555555555555556
L,2,STRANGLE25,H0,e000,LS,post_2021_2026,4.0,69,0.07425688714521121,0.24499400988737577,-4.618872253931061,-2.800026785714286,0.5362318840579711
L,2,STRANGLE25,H0,e000,LS,frozen_2024_2026,4.0,33,0.3165354740809132,1.0097307538313571,-1.4718249550056106,-1.4993822185908279,0.5757575757575758
L,2,STRANGLE25,H0,e050,LS,pre_2019_2020,4.0,18,-0.273966326364706,-1.5047805145374675,-1.0113700240514711,-1.9642094973904196,0.3333333333333333
L,2,STRANGLE25,H0,e050,LS,dev_2021_2023,4.0,36,-0.2711086466856534,-0.9273803137642176,-1.0392448721639944,-3.040970170315653,0.3611111111111111
L,2,STRANGLE25,H0,e050,LS,hold_2024_2025,4.0,24,0.25201507810090923,0.7041508616290743,-1.2446133804494899,-1.579032493812295,0.5
L,2,STRANGLE25,H0,e050,LS,ext_2026,4.0,9,0.10975337308423222,0.6384788732821101,-0.7852389496695441,-0.7852389496695441,0.5555555555555556
L,2,STRANGLE25,H0,e050,LS,post_2021_2026,4.0,69,-0.03947491374642916,-0.12747057452006194,-1.0640550984612254,-3.040970170315653,0.43478260869565216
L,2,STRANGLE25,H0,e050,LS,frozen_2024_2026,4.0,33,0.2132164312781791,0.6749306897146466,-1.2446133804494899,-1.579032493812295,0.5151515151515151
L,2,STRANGLE25,H0,e050,L,pre_2019_2020,2.0,18,-0.0917913558356175,-0.18205647691361893,-0.9999999999996027,-0.9932497630331752,0.16666666666666666
L,2,STRANGLE25,H0,e050,L,dev_2021_2023,2.0,36,-0.20617437125666446,-0.6592515916586212,-1.0,-0.9943576876756322,0.3055555555555556
L,2,STRANGLE25,H0,e050,L,hold_2024_2025,2.0,24,0.26328993580923443,0.4229622049547948,-0.999999999999968,-0.9928668300653596,0.3333333333333333
L,2,STRANGLE25,H0,e050,L,ext_2026,2.0,9,0.24027322865608644,0.776108079455927,-0.9972238198953736,-0.9828430156181578,0.6666666666666666
L,2,STRANGLE25,H0,e050,L,post_2021_2026,2.0,69,0.015349857276615704,0.03456503551848353,-1.0,-0.9943576876756322,0.36231884057971014
L,2,STRANGLE25,H0,e050,L,frozen_2024_2026,2.0,33,0.257012652040194,0.4673098773251978,-0.9999999999999989,-0.9928668300653596,0.42424242424242425
L,2,STRANGLE25,H0,e050,S,pre_2019_2020,2.0,18,-0.45614129689379457,-0.7639121397500185,-1.1769565217391305,-7.48673611111111,0.5555555555555556
L,2,STRANGLE25,H0,e050,S,dev_2021_2023,2.0,36,-0.3360429221146423,-0.6849164270717418,-1.8707855299258025,-5.302687500000001,0.6111111111111112
L,2,STRANGLE25,H0,e050,S,hold_2024_2025,2.0,24,0.24074022039258391,0.99828827064617,-3.5132215714285717,-2.434,0.75
L,2,STRANGLE25,H0,e050,S,ext_2026,2.0,9,-0.020766482487621966,-0.0942012808259421,-1.0767603513138215,-1.0560863095238093,0.4444444444444444
L,2,STRANGLE25,H0,e050,S,post_2021_2026,2.0,69,-0.09429968476947403,-0.23934598443364213,-71.12545472930904,-5.302687500000001,0.6376811594202898
L,2,STRANGLE25,H0,e050,S,frozen_2024_2026,2.0,33,0.16942021051616413,0.721664399779936,-3.5132215714285717,-2.434,0.6666666666666666
L,2,STRANGLE25,H0,e100,LS,pre_2019_2020,4.0,18,-0.3619296612709539,-1.9469395486998538,-1.004369815174305,-2.040066105829302,0.3333333333333333
L,2,STRANGLE25,H0,e100,LS,dev_2021_2023,4.0,36,-0.3943854758254579,-1.2919630166067888,-1.0019430882817777,-3.5281516247840683,0.3611111111111111
L,2,STRANGLE25,H0,e100,LS,hold_2024_2025,4.0,24,0.1378066051306415,0.3764175865659553,-1.019847025229064,-1.6586827690337624,0.4583333333333333
L,2,STRANGLE25,H0,e100,LS,ext_2026,4.0,9,0.03547281072825462,0.20244636450411813,-0.9435069871181524,-0.9310742150469745,0.5555555555555556
L,2,STRANGLE25,H0,e100,LS,post_2021_2026,4.0,69,-0.1532067146380696,-0.47887011075324,-1.0019430882817777,-3.5281516247840683,0.42028985507246375
L,2,STRANGLE25,H0,e100,LS,frozen_2024_2026,4.0,33,0.10989738847544503,0.3404701404675074,-1.019847025229064,-1.6586827690337624,0.48484848484848486
L,2,STRANGLE25,H0,tick,LS,pre_2019_2020,4.0,18,-0.37207074665350004,-2.0002464472338723,-1.0037137091484882,-2.046147659591359,0.3333333333333333
L,2,STRANGLE25,H0,tick,LS,dev_2021_2023,4.0,36,-0.4033888177139545,-1.3203274201831936,-1.0015286458878399,-3.5462778859288093,0.3611111111111111
L,2,STRANGLE25,H0,tick,LS,hold_2024_2025,4.0,24,0.12590336590798004,0.3435535781477978,-1.014937924412338,-1.6719929283372992,0.4583333333333333
L,2,STRANGLE25,H0,tick,LS,ext_2026,4.0,9,0.027822004527417715,0.1587778859433471,-0.9516380743212163,-0.9399111335526189,0.5555555555555556
L,2,STRANGLE25,H0,tick,LS,post_2021_2026,4.0,69,-0.16304229877049392,-0.5092868003013187,-1.0015286458878399,-3.5462778859288093,0.42028985507246375
L,2,STRANGLE25,H0,tick,LS,frozen_2024_2026,4.0,33,0.09915390371328123,0.30691729663580564,-1.014937924412338,-1.6719929283372992,0.48484848484848486
L,2,STRANGLE25,H1,e050,LS,pre_2019_2020,4.0,18,-0.057495787633276535,-0.40905865435864264,-0.964939250197104,-0.8585517800702378,0.3333333333333333
L,2,STRANGLE25,H1,e050,LS,dev_2021_2023,4.0,36,-0.20872986144479852,-1.588512041436272,-1.015718285587523,-1.1991314361577863,0.3611111111111111
L,2,STRANGLE25,H1,e050,LS,hold_2024_2025,4.0,24,-0.0797353619319119,-0.4750958825953435,-0.9998197825367829,-0.7608088864560274,0.375
L,2,STRANGLE25,H1,e050,LS,ext_2026,4.0,9,-0.10275688655579825,-1.2766341462336974,-0.8093964819880916,-0.6038555519959053,0.4444444444444444
L,2,STRANGLE25,H1,e050,LS,post_2021_2026,4.0,69,-0.15003964749827273,-1.0745090202687908,-1.015718285587523,-1.1991314361577863,0.37681159420289856
L,2,STRANGLE25,H1,e050,LS,frozen_2024_2026,4.0,33,-0.08601395955660819,-0.5815779399931548,-0.9998197825367829,-0.7608088864560274,0.3939393939393939
L,2,STRANGLE25,H1,e050,L,pre_2019_2020,2.0,18,-0.003724445335791446,-0.016006803647533475,-0.9953452044663169,-0.8582990363370933,0.3333333333333333
L,2,STRANGLE25,H1,e050,L,dev_2021_2023,2.0,36,-0.1573163153206935,-1.0823568204371625,-0.9999976345474574,-0.8910457236374651,0.3333333333333333
L,2,STRANGLE25,H1,e050,L,hold_2024_2025,2.0,24,-0.005786570931382369,-0.020146896967952365,-0.9999806499626182,-0.8861197767546934,0.25
L,2,STRANGLE25,H1,e050,L,ext_2026,2.0,9,-0.18023546732350149,-1.4367436285557322,-0.9750713781249589,-0.7648049295836847,0.4444444444444444
L,2,STRANGLE25,H1,e050,L,post_2021_2026,2.0,69,-0.10759977188129935,-0.5307533089905722,-0.9999999999971543,-0.8910457236374651,0.3188405797101449
L,2,STRANGLE25,H1,e050,L,frozen_2024_2026,2.0,33,-0.05336354267468758,-0.2113576289647838,-0.999998796970117,-0.8861197767546934,0.30303030303030304
L,2,STRANGLE25,H1,e050,S,pre_2019_2020,2.0,18,-0.11126712993076168,-0.7015930973118246,-0.9998404472273513,-0.9447322495234614,0.5555555555555556
L,2,STRANGLE25,H1,e050,S,dev_2021_2023,2.0,36,-0.26014340756890353,-1.276479162083911,-1.0490329536930252,-1.7344019623811886,0.5
L,2,STRANGLE25,H1,e050,S,hold_2024_2025,2.0,24,-0.15368415293244145,-0.8820221030102869,-1.0111990222664544,-1.142333338558638,0.5416666666666666
L,2,STRANGLE25,H1,e050,S,ext_2026,2.0,9,-0.02527830578809505,-0.37679567007258796,-0.5408676247122335,-0.4888070617119163,0.5555555555555556
L,2,STRANGLE25,H1,e050,S,post_2021_2026,2.0,69,-0.19247952311524613,-1.0639201049146505,-1.0490329536930252,-1.7344019623811886,0.5217391304347826
L,2,STRANGLE25,H1,e050,S,frozen_2024_2026,2.0,33,-0.1186643764385288,-0.7786109068332251,-1.0111990222664544,-1.142333338558638,0.5454545454545454
L,2,STRANGLE25,H2_15,e050,LS,pre_2019_2020,4.0,18,-0.0886801117879817,-0.582625375751546,-1.0000902899839268,-1.0009247967401385,0.3333333333333333
L,2,STRANGLE25,H2_15,e050,LS,dev_2021_2023,4.0,36,-0.21369492134530133,-1.5794981517345534,-1.0205907336967144,-1.2271996724952423,0.3333333333333333
L,2,STRANGLE25,H2_15,e050,LS,hold_2024_2025,4.0,24,-0.07064457149070817,-0.40442387788402384,-0.9999541968379018,-0.8786773147497977,0.4166666666666667
L,2,STRANGLE25,H2_15,e050,LS,ext_2026,4.0,9,-0.0290579215917002,-0.3857028543274192,-0.6783206105320737,-0.5289952040590732,0.4444444444444444
L,2,STRANGLE25,H2_15,e050,LS,post_2021_2026,4.0,69,-0.13985519099323396,-0.9667886327903613,-1.0205907336967144,-1.2271996724952423,0.37681159420289856
L,2,STRANGLE25,H2_15,e050,LS,frozen_2024_2026,4.0,33,-0.05930275788188778,-0.3878434304385108,-0.9999541968379018,-0.8786773147497977,0.42424242424242425
L,2,STRANGLE25,H2_15,e050,L,pre_2019_2020,2.0,18,-0.004806973701062016,-0.019735144609050646,-0.9959526578807372,-0.8642122119183993,0.2777777777777778
L,2,STRANGLE25,H2_15,e050,L,dev_2021_2023,2.0,36,-0.18021572582007167,-1.1694793337343674,-1.0000033122255192,-1.074273323205111,0.2777777777777778
L,2,STRANGLE25,H2_15,e050,L,hold_2024_2025,2.0,24,0.015698882560738925,0.05518701352107174,-1.03853769459713,-1.0482930616253316,0.20833333333333334
L,2,STRANGLE25,H2_15,e050,L,ext_2026,2.0,9,-0.12711188376800978,-1.1059225181953236,-0.9350487697150925,-0.7118450972622182,0.4444444444444444
L,2,STRANGLE25,H2_15,e050,L,post_2021_2026,2.0,69,-0.10514492611560773,-0.5140923606246977,-1.0000033122255192,-1.074273323205111,0.2753623188405797
L,2,STRANGLE25,H2_15,e050,L,frozen_2024_2026,2.0,33,-0.02324950825619253,-0.09351371228312666,-1.03853769459713,-1.0482930616253316,0.2727272727272727
L,2,STRANGLE25,H2_15,e050,S,pre_2019_2020,2.0,18,-0.1725532498749014,-0.8869081478992035,-1.2794357540302896,-1.2803441802257525,0.4444444444444444
L,2,STRANGLE25,H2_15,e050,S,dev_2021_2023,2.0,36,-0.24717411687053095,-1.1647067749921431,-1.1206718728872922,-2.018778814404055,0.5
L,2,STRANGLE25,H2_15,e050,S,hold_2024_2025,2.0,24,-0.15698802554215532,-0.9144869567855007,-1.0293330391402067,-1.3967481645724276,0.5
L,2,STRANGLE25,H2_15,e050,S,ext_2026,2.0,9,0.0689960405846094,0.9226596172194637,-0.5283944251370334,-0.5253885515959823,0.7777777777777778
L,2,STRANGLE25,H2_15,e050,S,post_2021_2026,2.0,69,-0.1745654558708603,-0.9370816751631883,-1.1206718728872922,-2.018778814404055,0.5362318840579711
L,2,STRANGLE25,H2_15,e050,S,frozen_2024_2026,2.0,33,-0.09535600750758312,-0.622697540718945,-1.0293330391402067,-1.3967481645724276,0.5757575757575758
L,2,STRANGLE25,H2_25,e050,LS,pre_2019_2020,4.0,18,-0.059272287619920365,-0.3464683245104095,-1.099674883953226,-1.3715008469927765,0.2777777777777778
L,2,STRANGLE25,H2_25,e050,LS,dev_2021_2023,4.0,36,-0.20674078271061344,-1.335413682674405,-1.0577849464620894,-1.7424601458845648,0.4166666666666667
L,2,STRANGLE25,H2_25,e050,LS,hold_2024_2025,4.0,24,-0.026759628431741993,-0.13382059204899582,-1.0001820329546753,-1.013309684823275,0.375
L,2,STRANGLE25,H2_25,e050,LS,ext_2026,4.0,9,0.0588722725599129,0.5505960622746116,-0.6515817567451605,-0.5536130603659544,0.6666666666666666
L,2,STRANGLE25,H2_25,e050,LS,post_2021_2026,4.0,69,-0.10949346096963297,-0.652750547656276,-1.0577849464620894,-1.7424601458845648,0.43478260869565216
L,2,STRANGLE25,H2_25,e050,LS,frozen_2024_2026,4.0,33,-0.003405473615836077,-0.019119940313231373,-1.0001968066797788,-1.013309684823275,0.45454545454545453
L,2,STRANGLE25,H2_25,e050,L,pre_2019_2020,2.0,18,0.05181466971309902,0.18954680658353273,-1.007779776886316,-1.1924221076992854,0.3333333333333333
L,2,STRANGLE25,H2_25,e050,L,dev_2021_2023,2.0,36,-0.18929966823377972,-1.217184503892142,-1.0425786152778933,-1.0425786152778933,0.3055555555555556
L,2,STRANGLE25,H2_25,e050,L,hold_2024_2025,2.0,24,0.02820206132496918,0.08622021177303898,-1.0256664813835425,-1.056370564592607,0.25
L,2,STRANGLE25,H2_25,e050,L,ext_2026,2.0,9,-0.09074373064121263,-0.5643715757519114,-0.9080394674184921,-0.6002712658871574,0.3333333333333333
L,2,STRANGLE25,H2_25,e050,L,post_2021_2026,2.0,69,-0.10079177044040177,-0.4398296204233708,-1.0425786152778933,-1.056370564592607,0.2898550724637681
L,2,STRANGLE25,H2_25,e050,L,frozen_2024_2026,2.0,33,-0.004237700120353122,-0.014656092862323696,-1.0256664813835425,-1.056370564592607,0.2727272727272727
L,2,STRANGLE25,H2_25,e050,S,pre_2019_2020,2.0,18,-0.17035924495293975,-0.8122097330438572,-1.070407122770147,-1.5972546208636247,0.3888888888888889
L,2,STRANGLE25,H2_25,e050,S,dev_2021_2023,2.0,36,-0.22418189718744708,-0.8836838640361335,-1.6877186207774362,-2.9058758230464616,0.5833333333333334
L,2,STRANGLE25,H2_25,e050,S,hold_2024_2025,2.0,24,-0.08172131818845314,-0.4059608837872752,-1.000432328960554,-1.9467650785170942,0.5416666666666666
L,2,STRANGLE25,H2_25,e050,S,ext_2026,2.0,9,0.2084882757610384,1.7241534270214123,-0.5985931352345659,-0.5985931352345659,0.7777777777777778
L,2,STRANGLE25,H2_25,e050,S,post_2021_2026,2.0,69,-0.11819515149886413,-0.5271938980059094,-1.6877186207774362,-2.9058758230464616,0.5942028985507246
L,2,STRANGLE25,H2_25,e050,S,frozen_2024_2026,2.0,33,-0.0025732471113190727,-0.013911051060862248,-1.0005290305041195,-1.9467650785170942,0.6060606060606061
L,2,IFLY10,H0,e000,LS,pre_2019_2020,4.0,18,-0.003596233020447091,-0.048288591662624676,-0.5921417479226705,-0.46207134102804004,0.5555555555555556
L,2,IFLY10,H0,e000,LS,dev_2021_2023,4.0,36,-0.03363291551537712,-0.5166517671192201,-0.9478624634294525,-0.5645760872114727,0.4444444444444444
L,2,IFLY10,H0,e000,LS,hold_2024_2025,4.0,24,0.009591236791178218,0.12509326346491614,-0.8955403450129338,-0.41305445897175935,0.5416666666666666
L,2,IFLY10,H0,e000,LS,ext_2026,4.0,9,-0.057934465187183024,-0.7067488956724749,-0.6583402438729864,-0.467627814084031,0.4444444444444444
L,2,IFLY10,H0,e000,LS,post_2021_2026,4.0,69,-0.021768195105071688,-0.3075514792449478,-0.9865184124818264,-0.5645760872114727,0.4782608695652174
L,2,IFLY10,H0,e000,LS,frozen_2024_2026,4.0,33,-0.008824863748374845,-0.11409081450397913,-0.8955403450129338,-0.467627814084031,0.5151515151515151
L,2,IFLY10,H0,e050,LS,pre_2019_2020,4.0,18,-0.07056807000004575,-0.9486025273813047,-0.8715854347318004,-0.5178297414199925,0.3888888888888889
L,2,IFLY10,H0,e050,LS,dev_2021_2023,4.0,36,-0.08197091036708339,-1.2508177188958265,-0.9889070409824243,-0.6337071677464858,0.3888888888888889
L,2,IFLY10,H0,e050,LS,hold_2024_2025,4.0,24,-0.04479771031398209,-0.5833655054599094,-0.9643042872488382,-0.4429780901211182,0.375
L,2,IFLY10,H0,e050,LS,ext_2026,4.0,9,-0.11181623570844443,-1.393691536760239,-0.7853085375391855,-0.5121087324283196,0.4444444444444444
L,2,IFLY10,H0,e050,LS,post_2021_2026,4.0,69,-0.07293397017574742,-1.0308328006918972,-0.9996200344526759,-0.6337071677464858,0.391304347826087
L,2,IFLY10,H0,e050,LS,frozen_2024_2026,4.0,33,-0.06307548996701727,-0.8194910789937574,-0.9801399321768272,-0.5121087324283196,0.3939393939393939
L,2,IFLY10,H0,e050,L,pre_2019_2020,2.0,18,-0.10553416072937886,-0.8086629633593838,-0.9935755858286212,-0.7393896112496965,0.5
L,2,IFLY10,H0,e050,L,dev_2021_2023,2.0,36,-0.06738756836303454,-0.7219360382628208,-0.9929235078641103,-0.6183577596841847,0.3333333333333333
L,2,IFLY10,H0,e050,L,hold_2024_2025,2.0,24,-0.10551449761619125,-0.7360371069168962,-0.9998501548540707,-0.8663725918983649,0.4583333333333333
L,2,IFLY10,H0,e050,L,ext_2026,2.0,9,-0.026208272818582148,-0.20872431713241765,-0.7949887192550525,-0.71409825468649,0.4444444444444444
L,2,IFLY10,H0,e050,L,post_2021_2026,2.0,69,-0.07527789651050831,-0.6516022382568949,-0.9999982995582806,-0.8663725918983649,0.391304347826087
L,2,IFLY10,H0,e050,L,frozen_2024_2026,2.0,33,-0.08388552721684331,-0.611480298787647,-0.999911089635545,-0.8663725918983649,0.45454545454545453
L,2,IFLY10,H0,e050,S,pre_2019_2020,2.0,18,-0.03560197927071271,-0.30556325385304567,-0.9392015501469704,-0.6967458010335916,0.5
L,2,IFLY10,H0,e050,S,dev_2021_2023,2.0,36,-0.09655425237113224,-1.2025722638049519,-0.9973811479635879,-0.7303492063492061,0.3611111111111111
L,2,IFLY10,H0,e050,S,hold_2024_2025,2.0,24,0.01591907698822709,0.27484234107880323,-0.698177459180063,-0.48677029565798596,0.5416666666666666
L,2,IFLY10,H0,e050,S,ext_2026,2.0,9,-0.19742419859830668,-2.080332625596055,-0.9434830700206553,-0.6412949570974805,0.3333333333333333
L,2,IFLY10,H0,e050,S,post_2021_2026,2.0,69,-0.07059004384098654,-0.9159383828909082,-0.9998674605955181,-0.7303492063492061,0.42028985507246375
L,2,IFLY10,H0,e050,S,frozen_2024_2026,2.0,33,-0.04226545271719122,-0.5731142189313996,-0.9503221883741096,-0.6412949570974805,0.48484848484848486
L,2,IFLY10,H0,e100,LS,pre_2019_2020,4.0,18,-0.13753990697964436,-1.8303133987771554,-0.9710637506071303,-0.6061058098088258,0.2777777777777778
L,2,IFLY10,H0,e100,LS,dev_2021_2023,4.0,36,-0.1303089052187896,-1.952424994077169,-0.9986079586523812,-0.7028382482814991,0.25
L,2,IFLY10,H0,e100,LS,hold_2024_2025,4.0,24,-0.0991866574191423,-1.2775502201934026,-0.9897387192095841,-0.5265476007252521,0.3333333333333333
L,2,IFLY10,H0,e100,LS,ext_2026,4.0,9,-0.16569800622970585,-2.1074678082860583,-0.8776026489455512,-0.5565896507726079,0.3333333333333333
L,2,IFLY10,H0,e100,LS,post_2021_2026,4.0,69,-0.12409974524642312,-1.7381114884280362,-0.9999952305864155,-0.7028382482814991,0.2898550724637681
L,2,IFLY10,H0,e100,LS,frozen_2024_2026,4.0,33,-0.11732611618565965,-1.5206098532418753,-0.9974809424353698,-0.5565896507726079,0.3333333333333333
L,2,IFLY10,H0,tick,LS,pre_2019_2020,4.0,18,-0.14074040451065867,-1.8711507014406121,-0.9731710819568739,-0.6084830657473087,0.2777777777777778
L,2,IFLY10,H0,tick,LS,dev_2021_2023,4.0,36,-0.13267646120903046,-1.9876035421848708,-0.9987528959191365,-0.7056158369324348,0.2222222222222222
L,2,IFLY10,H0,tick,LS,hold_2024_2025,4.0,24,-0.1017422313302095,-1.3096298726387705,-0.9903605096499933,-0.5302268530081313,0.3333333333333333
L,2,IFLY10,H0,tick,LS,ext_2026,4.0,9,-0.16802394504166127,-2.1419550888863954,-0.8807003779156144,-0.5578384198909996,0.3333333333333333
L,2,IFLY10,H0,tick,LS,post_2021_2026,4.0,69,-0.1265272704467402,-1.7721722550677745,-0.9999961426659337,-0.7056158369324348,0.2753623188405797
L,2,IFLY10,H0,tick,LS,frozen_2024_2026,4.0,33,-0.11981906234242361,-1.5531872757226497,-0.9977178190146934,-0.5578384198909996,0.3333333333333333
L,2,IFLY10,H1,e050,LS,pre_2019_2020,4.0,18,-0.062105441676084165,-1.0880811590044912,-0.8417037400849016,-0.32002146355581257,0.2777777777777778
L,2,IFLY10,H1,e050,LS,dev_2021_2023,4.0,36,-0.06423800776793,-1.5066815824269602,-0.9432598155597158,-0.3502358958935155,0.3611111111111111
L,2,IFLY10,H1,e050,LS,hold_2024_2025,4.0,24,-0.11853662685644384,-2.725514971144578,-0.9673422539089622,-0.4515245342746736,0.125
L,2,IFLY10,H1,e050,LS,ext_2026,4.0,9,-0.012612793672935215,-0.36675238496778917,-0.24359975033230763,-0.23126223402326648,0.4444444444444444
L,2,IFLY10,H1,e050,LS,post_2021_2026,4.0,69,-0.07639076039502242,-1.7915325515049345,-0.9983125945292091,-0.4515245342746736,0.2898550724637681
L,2,IFLY10,H1,e050,LS,frozen_2024_2026,4.0,33,-0.08964830871548692,-2.0862864618443946,-0.9713865705688389,-0.4515245342746736,0.21212121212121213
L,2,IFLY10,H1,e050,L,pre_2019_2020,2.0,18,-0.07221236768102514,-0.692965541690734,-0.9543480321989535,-0.5436952221673866,0.2222222222222222
L,2,IFLY10,H1,e050,L,dev_2021_2023,2.0,36,-0.027611489170354362,-0.4281936683455435,-0.8641898279888938,-0.43504770924921576,0.4444444444444444
L,2,IFLY10,H1,e050,L,hold_2024_2025,2.0,24,-0.13816709866818042,-1.867873728865966,-0.9895571098916685,-0.5791618957378958,0.16666666666666666
L,2,IFLY10,H1,e050,L,ext_2026,2.0,9,0.05084308753494574,0.6776815032578759,-0.322395382948405,-0.32239538294840503,0.4444444444444444
L,2,IFLY10,H1,e050,L,post_2021_2026,2.0,69,-0.055832408555863425,-0.7885537257229374,-0.9986835355874004,-0.5791618957378958,0.34782608695652173
L,2,IFLY10,H1,e050,L,frozen_2024_2026,2.0,33,-0.08661886606732785,-1.1230422058773053,-0.9910398478030915,-0.5791618957378958,0.24242424242424243
L,2,IFLY10,H1,e050,S,pre_2019_2020,2.0,18,-0.05199851567114319,-0.8587168103816041,-0.8073616448566102,-0.4161230818450801,0.2777777777777778
L,2,IFLY10,H1,e050,S,dev_2021_2023,2.0,36,-0.10086452636550561,-2.476013850562929,-0.9881816801497911,-0.5368382616985908,0.19444444444444445
L,2,IFLY10,H1,e050,S,hold_2024_2025,2.0,24,-0.09890615504470722,-2.1359445625400886,-0.9625640618518536,-0.5768934949664087,0.20833333333333334
L,2,IFLY10,H1,e050,S,ext_2026,2.0,9,-0.07606867488081617,-1.8537323802724333,-0.5878447966392134,-0.2692977168152239,0.3333333333333333
L,2,IFLY10,H1,e050,S,post_2021_2026,2.0,69,-0.09694911223418144,-2.2959209031332204,-0.9997145434808605,-0.5768934949664087,0.21739130434782608
L,2,IFLY10,H1,e050,S,frozen_2024_2026,2.0,33,-0.09267775136364602,-2.0875193874386295,-0.9769624425346171,-0.5768934949664087,0.24242424242424243
L,2,IFLY10,H2_15,e050,LS,pre_2019_2020,4.0,18,-0.06829275732083048,-1.2297172456525345,-0.8476872852587942,-0.2944017880443449,0.2777777777777778
L,2,IFLY10,H2_15,e050,LS,dev_2021_2023,4.0,36,-0.06799741607459833,-1.5213233033343532,-0.9515998144743014,-0.4068414847509425,0.3055555555555556
L,2,IFLY10,H2_15,e050,LS,hold_2024_2025,4.0,24,-0.10349865771391453,-2.4976050409662465,-0.9484191019082776,-0.3265605219816074,0.16666666666666666
L,2,IFLY10,H2_15,e050,LS,ext_2026,4.0,9,-0.028667415607639895,-0.7021614591583971,-0.4054073384023098,-0.2736526936959709,0.3333333333333333
L,2,IFLY10,H2_15,e050,LS,post_2021_2026,4.0,69,-0.07521567397519201,-1.7464171264207942,-0.9981411374811135,-0.4068414847509425,0.2608695652173913
L,2,IFLY10,H2_15,e050,LS,frozen_2024_2026,4.0,33,-0.08309013713947598,-1.9882752355421347,-0.9615938968271219,-0.3265605219816074,0.21212121212121213
L,2,IFLY10,H2_15,e050,L,pre_2019_2020,2.0,18,-0.08781972022542744,-0.8379694129057519,-0.9620713081892176,-0.5616988470083322,0.2777777777777778
L,2,IFLY10,H2_15,e050,L,dev_2021_2023,2.0,36,-0.040109709103751716,-0.6113565498680237,-0.9134541305785162,-0.43360566305357157,0.3888888888888889
L,2,IFLY10,H2_15,e050,L,hold_2024_2025,2.0,24,-0.12921912077394757,-1.605301591634809,-0.9899418037554364,-0.5510654200165601,0.25
L,2,IFLY10,H2_15,e050,L,ext_2026,2.0,9,0.021337265919977637,0.25791784867455864,-0.41695336224685475,-0.41695336224685475,0.4444444444444444
L,2,IFLY10,H2_15,e050,L,post_2021_2026,2.0,69,-0.06308946424681165,-0.8551569333062922,-0.9992000679591125,-0.5510654200165601,0.34782608695652173
L,2,IFLY10,H2_15,e050,L,frozen_2024_2026,2.0,33,-0.08815828803924068,-1.072669459406724,-0.9919137699333387,-0.5510654200165601,0.30303030303030304
L,2,IFLY10,H2_15,e050,S,pre_2019_2020,2.0,18,-0.04876579441623352,-0.719311774475198,-0.8199253123727127,-0.43272213352712846,0.3333333333333333
L,2,IFLY10,H2_15,e050,S,dev_2021_2023,2.0,36,-0.09588512304544498,-2.1159183191624873,-0.9875114010278202,-0.48328986737009805,0.2222222222222222
L,2,IFLY10,H2_15,e050,S,hold_2024_2025,2.0,24,-0.07777819465388153,-1.8498123334378536,-0.9311206979216426,-0.5722677271309239,0.25
L,2,IFLY10,H2_15,e050,S,ext_2026,2.0,9,-0.07867209713525744,-1.8415180997060774,-0.6090966458123199,-0.30802563115414827,0.4444444444444444
L,2,IFLY10,H2_15,e050,S,post_2021_2026,2.0,69,-0.08734188370357235,-2.016321342466722,-0.9994216191631873,-0.5722677271309239,0.2608695652173913
L,2,IFLY10,H2_15,e050,S,frozen_2024_2026,2.0,33,-0.07802198623971131,-1.8774728195087083,-0.9572777385839972,-0.5722677271309239,0.30303030303030304
L,2,IFLY10,H2_25,e050,LS,pre_2019_2020,4.0,18,-0.10100682183701147,-2.129011975738282,-0.8933691839832528,-0.3338483197600509,0.2777777777777778
L,2,IFLY10,H2_25,e050,LS,dev_2021_2023,4.0,36,-0.0605984996548116,-1.2709905125454155,-0.9413178741948381,-0.4370488053921491,0.3333333333333333
L,2,IFLY10,H2_25,e050,LS,hold_2024_2025,4.0,24,-0.0990990240531015,-2.1651749726073066,-0.9556877347325249,-0.34361461987267705,0.20833333333333334
L,2,IFLY10,H2_25,e050,LS,ext_2026,4.0,9,-0.017005609914177888,-0.3840437270695137,-0.3449162757463551,-0.2721928452455092,0.6666666666666666
L,2,IFLY10,H2_25,e050,LS,post_2021_2026,4.0,69,-0.06830395730543845,-1.466683172241283,-0.9973678135099286,-0.4370488053921491,0.3333333333333333
L,2,IFLY10,H2_25,e050,LS,frozen_2024_2026,4.0,33,-0.07670991110612235,-1.6696848185352793,-0.9586467606888519,-0.34361461987267705,0.3333333333333333
L,2,IFLY10,H2_25,e050,L,pre_2019_2020,2.0,18,-0.11827334157622449,-1.3921706025935852,-0.9648327018192364,-0.6240048293484801,0.2222222222222222
L,2,IFLY10,H2_25,e050,L,dev_2021_2023,2.0,36,-0.036464415038716703,-0.49374610897171295,-0.9324683545366085,-0.5101748127904446,0.4166666666666667
L,2,IFLY10,H2_25,e050,L,hold_2024_2025,2.0,24,-0.12474324937932056,-1.4002711904934482,-0.9931949310302044,-0.5825784520777469,0.2916666666666667
L,2,IFLY10,H2_25,e050,L,ext_2026,2.0,9,0.04737553862286408,0.5765444000499607,-0.39324225120189393,-0.39324225120189393,0.5555555555555556
L,2,IFLY10,H2_25,e050,L,post_2021_2026,2.0,69,-0.05623445041872056,-0.6943236863170267,-0.9994195904122398,-0.5825784520777469,0.391304347826087
L,2,IFLY10,H2_25,e050,L,frozen_2024_2026,2.0,33,-0.07780176174236111,-0.8754979897512231,-0.9939980094840903,-0.5825784520777469,0.36363636363636365
L,2,IFLY10,H2_25,e050,S,pre_2019_2020,2.0,18,-0.08374030209779845,-1.3977110914855941,-0.8677894215408368,-0.39259922223039956,0.3333333333333333
L,2,IFLY10,H2_25,e050,S,dev_2021_2023,2.0,36,-0.08473258427090649,-1.9400196468510145,-0.9799746420930954,-0.40304548553748476,0.2222222222222222
L,2,IFLY10,H2_25,e050,S,hold_2024_2025,2.0,24,-0.07345479872688244,-1.5698276356014986,-0.9332052938166892,-0.6306770744454899,0.3333333333333333
L,2,IFLY10,H2_25,e050,S,ext_2026,2.0,9,-0.08138675845121984,-2.1069793730849624,-0.6198224367317391,-0.30560679058825074,0.3333333333333333
L,2,IFLY10,H2_25,e050,S,post_2021_2026,2.0,69,-0.08037346419215638,-1.843795803319554,-0.9990848287264334,-0.6306770744454899,0.2753623188405797
L,2,IFLY10,H2_25,e050,S,frozen_2024_2026,2.0,33,-0.07561806046988355,-1.713396184646327,-0.9577350852467575,-0.6306770744454899,0.3333333333333333
L,2,IFLY15,H0,e000,LS,pre_2019_2020,4.0,18,0.03205206266031501,0.3845265862898756,-0.7008394629185926,-0.6407729339477726,0.5555555555555556
L,2,IFLY15,H0,e000,LS,dev_2021_2023,4.0,36,-0.014430757040215816,-0.18015962993450552,-0.972495293378702,-0.8534113671686121,0.5
L,2,IFLY15,H0,e000,LS,hold_2024_2025,4.0,24,0.0031929659393938486,0.043430221590540906,-0.9085497699670743,-0.43424381768089604,0.4583333333333333
L,2,IFLY15,H0,e000,LS,ext_2026,4.0,9,-0.09850419423489826,-1.0935644597193135,-0.7805327629815975,-0.5818679892151841,0.4444444444444444
L,2,IFLY15,H0,e000,LS,post_2021_2026,4.0,69,-0.01926686694226669,-0.24527928315809597,-0.9950914281897928,-0.8534113671686121,0.4782608695652174
L,2,IFLY15,H0,e000,LS,frozen_2024_2026,4.0,33,-0.024542623199049454,-0.31450314985650796,-0.9085497699670743,-0.5818679892151841,0.45454545454545453
L,2,IFLY15,H0,e050,LS,pre_2019_2020,4.0,18,-0.046390556773732806,-0.5538733096769055,-0.8994844028829324,-0.6859019662058371,0.4444444444444444
L,2,IFLY15,H0,e050,LS,dev_2021_2023,4.0,36,-0.08849570974062024,-1.0617499126512921,-1.0018564896661584,-1.0476032002835671,0.3611111111111111
L,2,IFLY15,H0,e050,LS,hold_2024_2025,4.0,24,-0.06372575285124955,-0.8374663569242643,-0.9766151777375799,-0.567158903227666,0.375
L,2,IFLY15,H0,e050,LS,ext_2026,4.0,9,-0.16732673369734627,-1.8175539871841575,-0.9052269404011156,-0.6705803815036204,0.4444444444444444
L,2,IFLY15,H0,e050,LS,post_2021_2026,4.0,69,-0.09016238003432511,-1.108346326248838,-1.0018564896661584,-1.0476032002835671,0.37681159420289856
L,2,IFLY15,H0,e050,LS,frozen_2024_2026,4.0,33,-0.09198056580927592,-1.1440950050774048,-0.9930455533004792,-0.6705803815036204,0.3939393939393939
L,2,IFLY15,H0,e050,L,pre_2019_2020,2.0,18,-0.054487372242340126,-0.43773401323527733,-0.9807485237682396,-0.7264439324116745,0.5
L,2,IFLY15,H0,e050,L,dev_2021_2023,2.0,36,-0.03091637295975807,-0.3064718062204702,-0.9867461600625099,-0.5665225737100739,0.4444444444444444
L,2,IFLY15,H0,e050,L,hold_2024_2025,2.0,24,-0.11491997359074528,-0.9058129753905673,-0.9996209661473949,-0.8491956574206561,0.4583333333333333
L,2,IFLY15,H0,e050,L,ext_2026,2.0,9,-0.08802079782380189,-0.7855823837545833,-0.8817400539754503,-0.6816551643075843,0.4444444444444444
L,2,IFLY15,H0,e050,L,post_2021_2026,2.0,69,-0.0675834199006289,-0.60965569585271,-0.9999940450650656,-0.8491956574206561,0.4492753623188406
L,2,IFLY15,H0,e050,L,frozen_2024_2026,2.0,33,-0.10758383474521527,-0.8867406360889637,-0.9998027921468639,-0.8491956574206561,0.45454545454545453
L,2,IFLY15,H0,e050,S,pre_2019_2020,2.0,18,-0.03829374130512553,-0.2848849669222196,-0.9759610155837937,-0.7413821499264069,0.5
L,2,IFLY15,H0,e050,S,dev_2021_2023,2.0,36,-0.1460750465214824,-1.217809417149234,-1.0017076083971237,-1.6002370689655165,0.3611111111111111
L,2,IFLY15,H0,e050,S,hold_2024_2025,2.0,24,-0.012531532111753821,-0.1833636594284471,-0.8803672780678833,-0.46497615118857394,0.4583333333333333
L,2,IFLY15,H0,e050,S,ext_2026,2.0,9,-0.24663266957089058,-1.994945129992784,-0.9792491258588032,-0.6879235073204616,0.2222222222222222
L,2,IFLY15,H0,e050,S,post_2021_2026,2.0,69,-0.11274134016802134,-1.0593872506405277,-1.0017076083971237,-1.6002370689655165,0.37681159420289856
L,2,IFLY15,H0,e050,S,frozen_2024_2026,2.0,33,-0.0763772968733366,-0.847996574162773,-0.9922303409025158,-0.6879235073204616,0.3939393939393939
L,2,IFLY15,H0,e100,LS,pre_2019_2020,4.0,18,-0.12483317620778053,-1.4618010310138474,-0.9764738914609098,-0.7310309984639016,0.3333333333333333
L,2,IFLY15,H0,e100,LS,dev_2021_2023,4.0,36,-0.1625606624410246,-1.8409348877496339,-1.0009094523809723,-1.2417950333985233,0.2222222222222222
L,2,IFLY15,H0,e100,LS,hold_2024_2025,4.0,24,-0.1306444716418929,-1.6427320215794727,-0.9963825314730422,-0.7201530096517543,0.2916666666666667
L,2,IFLY15,H0,e100,LS,ext_2026,4.0,9,-0.2361492731597943,-2.506218266940167,-0.9655900615508889,-0.759292773792057,0.3333333333333333
L,2,IFLY15,H0,e100,LS,post_2021_2026,4.0,69,-0.16105789312638355,-1.8867592803314248,-1.0009094523809723,-1.2417950333985233,0.2608695652173913
L,2,IFLY15,H0,e100,LS,frozen_2024_2026,4.0,33,-0.15941850841950234,-1.9115272086223953,-0.9996990479169029,-0.759292773792057,0.30303030303030304
L,2,IFLY15,H0,tick,LS,pre_2019_2020,4.0,18,-0.12897143651807866,-1.5080353737041647,-0.978574928828788,-0.7381366820276497,0.3333333333333333
L,2,IFLY15,H0,tick,LS,dev_2021_2023,4.0,36,-0.16599354900189728,-1.87666635476014,-1.000838805569895,-1.2483787976666356,0.2222222222222222
L,2,IFLY15,H0,tick,LS,hold_2024_2025,4.0,24,-0.13417858738440458,-1.6860517891568338,-0.9967224436704091,-0.7243784578880796,0.2916666666666667
L,2,IFLY15,H0,tick,LS,ext_2026,4.0,9,-0.23920649657280624,-2.543211429110804,-0.9670176848637526,-0.7616892256886363,0.3333333333333333
L,2,IFLY15,H0,tick,LS,post_2021_2026,4.0,69,-0.1644769902963662,-1.9252594017682865,-1.000838805569895,-1.2483787976666356,0.2608695652173913
L,2,IFLY15,H0,tick,LS,frozen_2024_2026,4.0,33,-0.16282256261760503,-1.9528505945480026,-0.9997426336190248,-0.7616892256886363,0.30303030303030304
L,2,IFLY15,H1,e050,LS,pre_2019_2020,4.0,18,-0.05178358748331533,-0.8793685157126923,-0.8337874447426259,-0.24300539769968826,0.2777777777777778
L,2,IFLY15,H1,e050,LS,dev_2021_2023,4.0,36,-0.09884742946333878,-1.9553224727315968,-0.9882427493332843,-0.47555854965542743,0.2777777777777778
L,2,IFLY15,H1,e050,LS,hold_2024_2025,4.0,24,-0.13806755057749406,-2.9846306450495685,-0.9830429883628536,-0.5236887586094974,0.16666666666666666
L,2,IFLY15,H1,e050,LS,ext_2026,4.0,9,-0.06288634054408308,-1.662320626904841,-0.5123688849816245,-0.25752340161777176,0.3333333333333333
L,2,IFLY15,H1,e050,LS,post_2021_2026,4.0,69,-0.10779863390488119,-2.2674162431373293,-0.9998889153191065,-0.5236887586094974,0.2463768115942029
L,2,IFLY15,H1,e050,LS,frozen_2024_2026,4.0,33,-0.11756358420474562,-2.6339337261135696,-0.9905518148721636,-0.5236887586094974,0.21212121212121213
L,2,IFLY15,H1,e050,L,pre_2019_2020,2.0,18,-0.048526251862820204,-0.514594352941091,-0.9195625216806937,-0.5323210028766737,0.2777777777777778
L,2,IFLY15,H1,e050,L,dev_2021_2023,2.0,36,-0.03266035623136917,-0.5235580713953311,-0.8788258101292514,-0.40669297425436196,0.3888888888888889
L,2,IFLY15,H1,e050,L,hold_2024_2025,2.0,24,-0.1400618291802911,-2.0636078475304687,-0.9886780830837139,-0.5815757500768152,0.20833333333333334
L,2,IFLY15,H1,e050,L,ext_2026,2.0,9,0.024704821809470756,0.3051672234494648,-0.4316836073959087,-0.3501020397033887,0.4444444444444444
L,2,IFLY15,H1,e050,L,post_2021_2026,2.0,69,-0.0625349757734933,-0.9188170182487378,-0.9987980633545245,-0.5815757500768152,0.3333333333333333
L,2,IFLY15,H1,e050,L,frozen_2024_2026,2.0,33,-0.09512546981944696,-1.2930326635564997,-0.9905812970686334,-0.5815757500768152,0.2727272727272727
L,2,IFLY15,H1,e050,S,pre_2019_2020,2.0,18,-0.05504092310381045,-0.7856431114804011,-0.8524440405949942,-0.34601094860184267,0.2777777777777778
L,2,IFLY15,H1,e050,S,dev_2021_2023,2.0,36,-0.1650345026953084,-2.395410483828077,-0.9999177048129745,-0.9250211149674439,0.25
L,2,IFLY15,H1,e050,S,hold_2024_2025,2.0,24,-0.136073271974697,-2.573700153569925,-0.9885651601940114,-0.6267401247713092,0.20833333333333334
L,2,IFLY15,H1,e050,S,ext_2026,2.0,9,-0.1504775028976369,-3.1042947620082697,-0.8046420100244527,-0.37540027574036394,0.3333333333333333
L,2,IFLY15,H1,e050,S,post_2021_2026,2.0,69,-0.15306229203626903,-2.5231781418262003,-0.9999997390448526,-0.9250211149674439,0.2463768115942029
L,2,IFLY15,H1,e050,S,frozen_2024_2026,2.0,33,-0.1400016985900443,-2.745608408871939,-0.9968588559757496,-0.6267401247713092,0.24242424242424243
L,2,IFLY15,H2_15,e050,LS,pre_2019_2020,4.0,18,-0.06539706504582153,-1.2563359425274292,-0.8381231363592778,-0.2731891317210329,0.2777777777777778
L,2,IFLY15,H2_15,e050,LS,dev_2021_2023,4.0,36,-0.09295408790134081,-1.7984437684843808,-0.9860084743241481,-0.566437207488145,0.3333333333333333
L,2,IFLY15,H2_15,e050,LS,hold_2024_2025,4.0,24,-0.1278216551040887,-2.7339563855279616,-0.9771444041905767,-0.4375139358517677,0.20833333333333334
L,2,IFLY15,H2_15,e050,LS,ext_2026,4.0,9,-0.0583620190546391,-1.276709756681135,-0.5513217489947795,-0.22021955086961434,0.3333333333333333
L,2,IFLY15,H2_15,e050,LS,post_2021_2026,4.0,69,-0.1005699283831616,-2.0510670083694387,-0.9998214171937265,-0.566437207488145,0.2898550724637681
L,2,IFLY15,H2_15,e050,LS,frozen_2024_2026,4.0,33,-0.10887811799969334,-2.3341878732767545,-0.9872363593212958,-0.4375139358517677,0.24242424242424243
L,2,IFLY15,H2_15,e050,L,pre_2019_2020,2.0,18,-0.06826942679505134,-0.8306430922233997,-0.9178566688660766,-0.5393325834164522,0.2777777777777778
L,2,IFLY15,H2_15,e050,L,dev_2021_2023,2.0,36,-0.041260300746723357,-0.6631256944379481,-0.9111875888289936,-0.39134290885116696,0.4444444444444444
L,2,IFLY15,H2_15,e050,L,hold_2024_2025,2.0,24,-0.1274365761039257,-1.798341533537234,-0.9855547962427172,-0.6022712577824149,0.25
L,2,IFLY15,H2_15,e050,L,ext_2026,2.0,9,0.027189405830575466,0.2895048227177372,-0.5231139247903656,-0.3962062014532005,0.4444444444444444
L,2,IFLY15,H2_15,e050,L,post_2021_2026,2.0,69,-0.0623064347956678,-0.8845597928863742,-0.9989837841762806,-0.6022712577824149,0.37681159420289856
L,2,IFLY15,H2_15,e050,L,frozen_2024_2026,2.0,33,-0.08526585375815268,-1.0809673597374259,-0.9888545066858806,-0.6022712577824149,0.30303030303030304
L,2,IFLY15,H2_15,e050,S,pre_2019_2020,2.0,18,-0.06252470329659172,-0.7902191722083188,-0.8855268437488137,-0.40220822165694303,0.2777777777777778
L,2,IFLY15,H2_15,e050,S,dev_2021_2023,2.0,36,-0.1446478750559583,-1.9224941756865928,-0.9999986081012016,-0.9994418273631096,0.2777777777777778
L,2,IFLY15,H2_15,e050,S,hold_2024_2025,2.0,24,-0.12820673410425162,-2.230776651442905,-0.9877088744681173,-0.5626267014675201,0.20833333333333334
L,2,IFLY15,H2_15,e050,S,ext_2026,2.0,9,-0.14391344393985367,-3.3671766421441873,-0.7814851976417043,-0.36384358039436737,0.2222222222222222
L,2,IFLY15,H2_15,e050,S,post_2021_2026,2.0,69,-0.13883342197065537,-2.1293683036607276,-0.99999999345531,-0.9994418273631096,0.2463768115942029
L,2,IFLY15,H2_15,e050,S,frozen_2024_2026,2.0,33,-0.13249038224123402,-2.488364094203569,-0.9958476859119902,-0.5626267014675201,0.21212121212121213
L,2,IFLY15,H2_25,e050,LS,pre_2019_2020,4.0,18,-0.0480487738859487,-0.8273098497391812,-0.8031724714050412,-0.4192859127690029,0.3888888888888889
L,2,IFLY15,H2_25,e050,LS,dev_2021_2023,4.0,36,-0.09374212697741083,-1.6893033633658314,-0.9876294353589258,-0.5306223041389989,0.3611111111111111
L,2,IFLY15,H2_25,e050,LS,hold_2024_2025,4.0,24,-0.1445332928431291,-3.4193369755177976,-0.9859188510752429,-0.4752066418668295,0.20833333333333334
L,2,IFLY15,H2_25,e050,LS,ext_2026,4.0,9,-0.09324905382130806,-2.338781066493903,-0.6397069261493016,-0.280723268055128,0.3333333333333333
L,2,IFLY15,H2_25,e050,LS,post_2021_2026,4.0,69,-0.11134430556251683,-2.260609609759432,-0.9999236245715902,-0.5306223041389989,0.30434782608695654
L,2,IFLY15,H2_25,e050,LS,frozen_2024_2026,4.0,33,-0.1305466822008143,-3.141881367866301,-0.9938260353811025,-0.4752066418668295,0.24242424242424243
L,2,IFLY15,H2_25,e050,L,pre_2019_2020,2.0,18,-0.0679812575520382,-0.8105690994552625,-0.9233884857906093,-0.5892525615740793,0.3333333333333333
L,2,IFLY15,H2_25,e050,L,dev_2021_2023,2.0,36,-0.048105417172612915,-0.6762948259447755,-0.9547341155495993,-0.5541752360932802,0.3888888888888889
L,2,IFLY15,H2_25,e050,L,hold_2024_2025,2.0,24,-0.18219327063697974,-2.6356927764291216,-0.9973512322191004,-0.5263459408295301,0.20833333333333334
L,2,IFLY15,H2_25,e050,L,ext_2026,2.0,9,0.015985001471115014,0.17682261027447585,-0.4923052254026318,-0.3937403727829627,0.4444444444444444
L,2,IFLY15,H2_25,e050,L,post_2021_2026,2.0,69,-0.08638505072842816,-1.1510778317577532,-0.9999001688725908,-0.5541752360932802,0.3333333333333333
L,2,IFLY15,H2_25,e050,L,frozen_2024_2026,2.0,33,-0.1281446509711357,-1.634443456441534,-0.9977945614313897,-0.5263459408295301,0.2727272727272727
L,2,IFLY15,H2_25,e050,S,pre_2019_2020,2.0,18,-0.02811629021985916,-0.35806599233683356,-0.7799492828574159,-0.3979743679770078,0.3888888888888889
L,2,IFLY15,H2_25,e050,S,dev_2021_2023,2.0,36,-0.13937883678220872,-1.751014817234273,-1.000002204013451,-1.0004589701681206,0.2777777777777778
L,2,IFLY15,H2_25,e050,S,hold_2024_2025,2.0,24,-0.10687331504927848,-2.2284093558941804,-0.9739964698634235,-0.4240673429041289,0.25
L,2,IFLY15,H2_25,e050,S,ext_2026,2.0,9,-0.20248310911373113,-3.4519544061650462,-0.9019915884547697,-0.4745914054689538,0.3333333333333333
L,2,IFLY15,H2_25,e050,S,post_2021_2026,2.0,69,-0.13630356039660546,-2.027812029982487,-1.000002204013451,-1.0004589701681206,0.2753623188405797
L,2,IFLY15,H2_25,e050,S,frozen_2024_2026,2.0,33,-0.13294871343049283,-2.5733202062393903,-0.9956266055276117,-0.4745914054689538,0.2727272727272727
L,2,SSPREAD,H0,e000,LS,pre_2019_2020,4.0,18,-0.13562952707346737,-1.385390025443928,-0.9792600068504089,-0.49659789802193766,0.2222222222222222
L,2,SSPREAD,H0,e000,LS,dev_2021_2023,4.0,36,-0.1095727896777587,-0.9613606361871335,-0.9998260132748374,-0.7553623691372384,0.4166666666666667
L,2,SSPREAD,H0,e000,LS,hold_2024_2025,4.0,24,0.013809738036462673,0.11049717376254822,-0.9812908748049112,-0.6129025226529503,0.5416666666666666
L,2,SSPREAD,H0,e000,LS,ext_2026,4.0,9,0.0016549543155199606,0.0151341041971938,-0.582338130095505,-0.582338130095505,0.5555555555555556
L,2,SSPREAD,H0,e000,LS,post_2021_2026,4.0,69,-0.05214916125629752,-0.4458388111431521,-0.9999905770856058,-0.7553623691372384,0.4782608695652174
L,2,SSPREAD,H0,e000,LS,frozen_2024_2026,4.0,33,0.010494797021660115,0.08801284776392751,-0.9812908748049112,-0.6129025226529503,0.5454545454545454
L,2,SSPREAD,H0,e050,LS,pre_2019_2020,4.0,18,-0.23493575306971812,-2.5518120592185993,-0.9981322705682342,-0.5964437444944077,0.2222222222222222
L,2,SSPREAD,H0,e050,LS,dev_2021_2023,4.0,36,-0.1876617467754815,-1.6563765594381155,-0.9999964063398206,-0.8334243390252245,0.3333333333333333
L,2,SSPREAD,H0,e050,LS,hold_2024_2025,4.0,24,-0.07645053817499757,-0.6307746894738538,-0.9974310876204912,-0.7110319442320049,0.4166666666666667
L,2,SSPREAD,H0,e050,LS,ext_2026,4.0,9,-0.08134834939268203,-0.7898463595469579,-0.7837321102546452,-0.6522724847994569,0.5555555555555556
L,2,SSPREAD,H0,e050,LS,post_2021_2026,4.0,69,-0.13511262238625238,-1.1814655957946638,-0.999999990918845,-0.8334243390252245,0.391304347826087
L,2,SSPREAD,H0,e050,LS,frozen_2024_2026,4.0,33,-0.0777863048707297,-0.6767739565999833,-0.9984818495274489,-0.7110319442320049,0.45454545454545453
L,2,SSPREAD,H0,e050,L,pre_2019_2020,2.0,18,-0.3550908390759483,-1.5780847053994926,-1.013642120765832,-1.305661866359447,0.2222222222222222
L,2,SSPREAD,H0,e050,L,dev_2021_2023,2.0,36,-0.24677284335426444,-1.162196794216324,-1.1264298246811881,-1.1242509803921568,0.3611111111111111
L,2,SSPREAD,H0,e050,L,hold_2024_2025,2.0,24,-0.11484153997463593,-0.5172627549968567,-1.0298429487179486,-1.060886824324324,0.4166666666666667
L,2,SSPREAD,H0,e050,L,ext_2026,2.0,9,0.05729778378621829,0.28591055171312296,-0.9889054320306541,-0.9682715605360793,0.5555555555555556
L,2,SSPREAD,H0,e050,L,post_2021_2026,2.0,69,-0.16122230820389594,-0.7556912895790078,-1.1264298246811881,-1.1242509803921568,0.4057971014492754
L,2,SSPREAD,H0,e050,L,frozen_2024_2026,2.0,33,-0.06789445167622114,-0.31664851371685054,-1.0298429487179486,-1.060886824324324,0.45454545454545453
L,2,SSPREAD,H0,e050,S,pre_2019_2020,2.0,18,-0.11478066706348786,-1.1255617351513343,-0.9902346868854295,-0.9066107231768779,0.4444444444444444
L,2,SSPREAD,H0,e050,S,dev_2021_2023,2.0,36,-0.12855065019669862,-1.632476081153054,-0.9993132346087868,-0.7902624884366328,0.3333333333333333
L,2,SSPREAD,H0,e050,S,hold_2024_2025,2.0,24,-0.038059536375359256,-0.6854862170686492,-0.9076678104929875,-0.5760256177325582,0.375
L,2,SSPREAD,H0,e050,S,ext_2026,2.0,9,-0.21999448257158238,-2.9400355538599445,-0.9376746054228062,-0.6058696950419982,0.2222222222222222
L,2,SSPREAD,H0,e050,S,post_2021_2026,2.0,69,-0.10900293656860889,-1.5125019130038544,-0.9999904651545858,-0.7902624884366328,0.3333333333333333
L,2,SSPREAD,H0,e050,S,frozen_2024_2026,2.0,33,-0.08767815806523829,-1.3561900411403986,-0.9861162989046478,-0.6058696950419982,0.3333333333333333
L,2,SSPREAD,H0,e100,LS,pre_2019_2020,4.0,18,-0.33424197906596886,-3.7743166794192375,-0.9998977095499663,-0.7233484450858746,0.16666666666666666
L,2,SSPREAD,H0,e100,LS,dev_2021_2023,4.0,36,-0.2657507038732044,-2.320868044275336,-0.9999999869364347,-0.9114863089132103,0.3055555555555556
L,2,SSPREAD,H0,e100,LS,hold_2024_2025,4.0,24,-0.16671081438645782,-1.3609204931729715,-0.9998553921184966,-0.8091613658110597,0.375
L,2,SSPREAD,H0,e100,LS,ext_2026,4.0,9,-0.164351653100884,-1.688969997444334,-0.9168645518403541,-0.7222068395034087,0.5555555555555556
L,2,SSPREAD,H0,e100,LS,post_2021_2026,4.0,69,-0.21807608351620725,-1.9018779533738026,-0.9999999999995315,-0.9114863089132103,0.36231884057971014
L,2,SSPREAD,H0,e100,LS,frozen_2024_2026,4.0,33,-0.16606740676311949,-1.448020461292904,-0.9999731105095524,-0.8091613658110597,0.42424242424242425
L,2,SSPREAD,H0,tick,LS,pre_2019_2020,4.0,18,-0.3412608002087698,-3.8372553280361514,-0.9999202570587774,-0.7303011060907221,0.16666666666666666
L,2,SSPREAD,H0,tick,LS,dev_2021_2023,4.0,36,-0.2715013545618794,-2.368801657674657,-0.999999991791851,-0.9159074301637254,0.2777777777777778
L,2,SSPREAD,H0,tick,LS,hold_2024_2025,4.0,24,-0.17274775037825774,-1.4094032907359344,-0.9998855054751606,-0.8171958488661075,0.375
L,2,SSPREAD,H0,tick,LS,ext_2026,4.0,9,-0.1693110126099699,-1.7461364521375387,-0.9215332476768706,-0.7248477523253545,0.5555555555555556
L,2,SSPREAD,H0,tick,LS,post_2021_2026,4.0,69,-0.22382309980863152,-1.9511838124847891,-0.9999999999997843,-0.9159074301637254,0.34782608695652173
L,2,SSPREAD,H0,tick,LS,frozen_2024_2026,4.0,33,-0.1718104582596338,-1.4983501964295807,-0.9999800768475973,-0.8171958488661075,0.42424242424242425
L,2,SSPREAD,H1,e050,LS,pre_2019_2020,4.0,18,-0.1309215197281715,-1.3584328205269833,-0.9824768461697163,-0.6198853013519907,0.2222222222222222
L,2,SSPREAD,H1,e050,LS,dev_2021_2023,4.0,36,-0.15583442016912322,-2.3013428194427865,-0.999490153472898,-0.5874237428327718,0.25
L,2,SSPREAD,H1,e050,LS,hold_2024_2025,4.0,24,-0.14472624676193366,-2.0000515735601576,-0.9912289721005544,-0.5243701608330491,0.20833333333333334
L,2,SSPREAD,H1,e050,LS,ext_2026,4.0,9,-0.004193303201107741,-0.057751394930583275,-0.34189764543374956,-0.3351277256059262,0.5555555555555556
L,2,SSPREAD,H1,e050,LS,post_2021_2026,4.0,69,-0.1321914315534031,-1.8767371194034892,-0.9999969835694489,-0.5874237428327718,0.2753623188405797
L,2,SSPREAD,H1,e050,LS,frozen_2024_2026,4.0,33,-0.10639908033625385,-1.44547955059255,-0.9940836499009782,-0.5243701608330491,0.30303030303030304
L,2,SSPREAD,H1,e050,L,pre_2019_2020,2.0,18,-0.18004097060905747,-0.9823321119327618,-0.9996856217431643,-0.7869956075241128,0.16666666666666666
L,2,SSPREAD,H1,e050,L,dev_2021_2023,2.0,36,-0.1802460709152374,-1.4762441414170961,-1.0000004514080179,-1.0006599861822258,0.3611111111111111
L,2,SSPREAD,H1,e050,L,hold_2024_2025,2.0,24,-0.18493720655655985,-1.2300542829992023,-0.9999675154902647,-0.9014939091955062,0.3333333333333333
L,2,SSPREAD,H1,e050,L,ext_2026,2.0,9,0.06758241297550986,0.44811264147988134,-0.6420119682539033,-0.6420119682539033,0.5555555555555556
L,2,SSPREAD,H1,e050,L,post_2021_2026,2.0,69,-0.1495523158482086,-1.096770795762424,-1.0000004514080179,-1.0006599861822258,0.37681159420289856
L,2,SSPREAD,H1,e050,L,frozen_2024_2026,2.0,33,-0.11606821941144989,-0.7649912998061107,-0.9999883709342976,-0.9014939091955062,0.3939393939393939
L,2,SSPREAD,H1,e050,S,pre_2019_2020,2.0,18,-0.08180206884728553,-1.6406242378432272,-0.8715010812219524,-0.4527749951798685,0.2777777777777778
L,2,SSPREAD,H1,e050,S,dev_2021_2023,2.0,36,-0.13142276942300912,-3.4991879187337114,-0.9958999284574909,-0.4137480193413679,0.1388888888888889
L,2,SSPREAD,H1,e050,S,hold_2024_2025,2.0,24,-0.10451528696730746,-2.176480991018972,-0.9705937649898877,-0.6598698382034228,0.20833333333333334
L,2,SSPREAD,H1,e050,S,ext_2026,2.0,9,-0.07596901937772532,-3.3750871117995915,-0.5325919896311786,-0.18527821822040433,0.2222222222222222
L,2,SSPREAD,H1,e050,S,post_2021_2026,2.0,69,-0.11483054725859759,-2.872973377299374,-0.9999194216015639,-0.6598698382034228,0.17391304347826086
L,2,SSPREAD,H1,e050,S,frozen_2024_2026,2.0,33,-0.09672994126105779,-2.281244256222425,-0.9803470750203579,-0.6598698382034228,0.21212121212121213
L,2,SSPREAD,H2_15,e050,LS,pre_2019_2020,4.0,18,-0.15404647394065488,-1.7597340674585469,-0.983723914298301,-0.5623466693389118,0.2222222222222222
L,2,SSPREAD,H2_15,e050,LS,dev_2021_2023,4.0,36,-0.13849430837486892,-1.7334994828575208,-0.9994031768449921,-0.6765846652937053,0.3055555555555556
L,2,SSPREAD,H2_15,e050,LS,hold_2024_2025,4.0,24,-0.1477947274346549,-2.138818185473839,-0.9912990474438298,-0.5799785515334556,0.16666666666666666
L,2,SSPREAD,H2_15,e050,LS,ext_2026,4.0,9,-0.030697525797950764,-0.35596310162363703,-0.56217097601249,-0.45234003579340926,0.4444444444444444
L,2,SSPREAD,H2_15,e050,LS,post_2021_2026,4.0,69,-0.12766878684215302,-1.6626553055967594,-0.9999973365449247,-0.6765846652937053,0.2753623188405797
L,2,SSPREAD,H2_15,e050,LS,frozen_2024_2026,4.0,33,-0.11585912698828106,-1.558709245686513,-0.9955372792544237,-0.5799785515334556,0.24242424242424243
L,2,SSPREAD,H2_15,e050,L,pre_2019_2020,2.0,18,-0.2051859943417681,-1.2423777158458318,-0.9997191974044212,-0.7218894312837596,0.2222222222222222
L,2,SSPREAD,H2_15,e050,L,dev_2021_2023,2.0,36,-0.14846420405237193,-1.0244318017437335,-1.030751999917256,-1.109980898456848,0.3888888888888889
L,2,SSPREAD,H2_15,e050,L,hold_2024_2025,2.0,24,-0.21179469062328518,-1.5116739224991014,-0.9999822063085015,-0.9132678459380414,0.2916666666666667
L,2,SSPREAD,H2_15,e050,L,ext_2026,2.0,9,0.024909743466958862,0.14579787617163412,-0.7159458651228215,-0.6958936117168638,0.3333333333333333
L,2,SSPREAD,H2_15,e050,L,post_2021_2026,2.0,69,-0.14787820622668993,-1.0124530290650828,-1.030751999917256,-1.109980898456848,0.34782608695652173
L,2,SSPREAD,H2_15,e050,L,frozen_2024_2026,2.0,33,-0.14723893587140044,-0.9846296361552607,-0.9999940340413882,-0.9132678459380414,0.30303030303030304
L,2,SSPREAD,H2_15,e050,S,pre_2019_2020,2.0,18,-0.10290695353954171,-2.114197730354551,-0.9107724202909933,-0.5162251824148415,0.2777777777777778
L,2,SSPREAD,H2_15,e050,S,dev_2021_2023,2.0,36,-0.128524412697366,-2.9256532264890116,-0.9960802763860901,-0.46119218299562553,0.16666666666666666
L,2,SSPREAD,H2_15,e050,S,hold_2024_2025,2.0,24,-0.08379476424602461,-1.8586149455777026,-0.9484712648617913,-0.46783124309994806,0.3333333333333333
L,2,SSPREAD,H2_15,e050,S,ext_2026,2.0,9,-0.08630479506286039,-2.5115505629482007,-0.6059843451111611,-0.26083124088130955,0.3333333333333333
L,2,SSPREAD,H2_15,e050,S,post_2021_2026,2.0,69,-0.10745936745761608,-2.4911751940268485,-0.9998694162717942,-0.46783124309994806,0.2463768115942029
L,2,SSPREAD,H2_15,e050,S,frozen_2024_2026,2.0,33,-0.08447931810516163,-2.0158424120735434,-0.9666854755415945,-0.46783124309994806,0.3333333333333333
L,2,SSPREAD,H2_25,e050,LS,pre_2019_2020,4.0,18,-0.104543707738676,-1.032694602562458,-0.9650232484323102,-0.5842076922741957,0.3333333333333333
L,2,SSPREAD,H2_25,e050,LS,dev_2021_2023,4.0,36,-0.13167052889608136,-1.5809264902265994,-0.9994382490370509,-0.734033053648092,0.3055555555555556
L,2,SSPREAD,H2_25,e050,LS,hold_2024_2025,4.0,24,-0.18198408255922272,-2.3467088090620756,-0.9985247748584243,-0.663206117725504,0.16666666666666666
L,2,SSPREAD,H2_25,e050,LS,ext_2026,4.0,9,-0.1748288669525886,-2.486808893726029,-0.8789971528230607,-0.5335469469214604,0.2222222222222222
L,2,SSPREAD,H2_25,e050,LS,post_2021_2026,4.0,69,-0.15480024382976187,-1.9603342295276776,-0.9999998610683025,-0.734033053648092,0.2463768115942029
L,2,SSPREAD,H2_25,e050,LS,frozen_2024_2026,4.0,33,-0.18003266012104974,-2.4146658027781123,-0.9998214935576424,-0.663206117725504,0.18181818181818182
L,2,SSPREAD,H2_25,e050,L,pre_2019_2020,2.0,18,-0.1391516404605624,-0.7145067320910675,-0.9998793120183241,-0.9563212669683256,0.2222222222222222
L,2,SSPREAD,H2_25,e050,L,dev_2021_2023,2.0,36,-0.11414764647476813,-0.7458622816577144,-1.3439283257773509,-1.218927923708482,0.4722222222222222
L,2,SSPREAD,H2_25,e050,L,hold_2024_2025,2.0,24,-0.25883377009995684,-1.756809647901143,-1.121025069223271,-1.1176394910505207,0.2916666666666667
L,2,SSPREAD,H2_25,e050,L,ext_2026,2.0,9,-0.24894325958558866,-1.9050044141989226,-0.9895522167281725,-0.8387232841580494,0.3333333333333333
L,2,SSPREAD,H2_25,e050,L,post_2021_2026,2.0,69,-0.18205529118494082,-1.2321186133277897,-1.3439283257773509,-1.218927923708482,0.391304347826087
L,2,SSPREAD,H2_25,e050,L,frozen_2024_2026,2.0,33,-0.2561363581414928,-1.816956900426993,-1.121025069223271,-1.1176394910505207,0.30303030303030304
L,2,SSPREAD,H2_25,e050,S,pre_2019_2020,2.0,18,-0.06993577501678964,-1.2328759586685734,-0.8177728486364515,-0.4141492218651318,0.3888888888888889
L,2,SSPREAD,H2_25,e050,S,dev_2021_2023,2.0,36,-0.1491934113173946,-3.281688919906179,-0.9984703387253934,-0.4726526178016422,0.08333333333333333
L,2,SSPREAD,H2_25,e050,S,hold_2024_2025,2.0,24,-0.1051343950184885,-2.333695311919774,-0.9645616533704424,-0.5477733287514599,0.20833333333333334
L,2,SSPREAD,H2_25,e050,S,ext_2026,2.0,9,-0.10071447431958848,-2.5247573636873537,-0.6833566940071513,-0.2983691117191103,0.4444444444444444
L,2,SSPREAD,H2_25,e050,S,post_2021_2026,2.0,69,-0.12754519647458296,-2.865733706825266,-0.9999773127719049,-0.5477733287514599,0.17391304347826086
L,2,SSPREAD,H2_25,e050,S,frozen_2024_2026,2.0,33,-0.10392896210060669,-2.411808760350612,-0.9851684628017368,-0.5477733287514599,0.2727272727272727
L,1,STRADDLE,H0,e000,LS,pre_2019_2020,2.0,18,0.16592023588045873,0.8751453172130464,-3.0298706811879246,-1.730698240640374,0.6666666666666666
L,1,STRADDLE,H0,e000,LS,dev_2021_2023,2.0,36,-0.07982085844695379,-0.4585150803459402,-1.3385135487274717,-2.164430921794005,0.4722222222222222
L,1,STRADDLE,H0,e000,LS,hold_2024_2025,2.0,24,0.07875515689991473,0.4714553756161944,-0.9421808124409164,-0.5839415158667716,0.375
L,1,STRADDLE,H0,e000,LS,ext_2026,2.0,9,0.12330497475189578,0.6966103913075501,-0.7588348038403436,-0.681998882084184,0.5555555555555556
L,1,STRADDLE,H0,e000,LS,post_2021_2026,2.0,69,0.001830690351806951,0.01068518537682832,-1.3385135487274717,-2.164430921794005,0.4492753623188406
L,1,STRADDLE,H0,e000,LS,frozen_2024_2026,2.0,33,0.0909051072231823,0.5440086505305544,-0.9531575162206078,-0.681998882084184,0.42424242424242425
L,1,STRADDLE,H0,e050,LS,pre_2019_2020,2.0,18,0.11287024291523379,0.5920645966373869,-2.9409473176907905,-1.7713521637621952,0.6111111111111112
L,1,STRADDLE,H0,e050,LS,dev_2021_2023,2.0,36,-0.13880532348750596,-0.7681065595585508,-1.1021079773703386,-2.213309668695064,0.4444444444444444
L,1,STRADDLE,H0,e050,LS,hold_2024_2025,2.0,24,0.031183565106592814,0.18781995639990023,-0.9708858785453383,-0.6064467610805141,0.3333333333333333
L,1,STRADDLE,H0,e050,LS,ext_2026,2.0,9,0.08442953826802692,0.47900678667056973,-0.8090740239229748,-0.7223835909400214,0.5555555555555556
L,1,STRADDLE,H0,e050,LS,post_2021_2026,2.0,69,-0.0505611628779673,-0.28937858756871965,-1.1021079773703386,-2.213309668695064,0.42028985507246375
L,1,STRADDLE,H0,e050,LS,frozen_2024_2026,2.0,33,0.045705194150620285,0.27497354809321695,-0.9854891469571929,-0.7223835909400214,0.3939393939393939
L,1,STRADDLE,H0,e050,L,pre_2019_2020,1.0,18,0.22119340257197861,0.8482799954790109,-0.9809309416393561,-0.8983445945945944,0.5555555555555556
L,1,STRADDLE,H0,e050,L,dev_2021_2023,1.0,36,-0.06757296013580764,-0.3195343068219274,-0.999999118491853,-0.9123478260869565,0.3333333333333333
L,1,STRADDLE,H0,e050,L,hold_2024_2025,1.0,24,-0.19769334107179404,-0.6256677557005923,-0.9999999998978939,-0.9821333333333334,0.25
L,1,STRADDLE,H0,e050,L,ext_2026,1.0,9,0.20665627798835146,0.6839831695521028,-0.723849824993038,-0.7001298701298702,0.4444444444444444
L,1,STRADDLE,H0,e050,L,post_2021_2026,1.0,69,-0.07706319201039087,-0.2937018677097502,-0.9999999999999999,-0.9821333333333334,0.3188405797101449
L,1,STRADDLE,H0,e050,L,frozen_2024_2026,1.0,33,-0.08741617223720892,-0.2801466638087881,-0.9999999999718034,-0.9821333333333334,0.30303030303030304
L,1,STRADDLE,H0,e050,S,pre_2019_2020,1.0,18,0.004547083258488948,0.014718092202580427,-1.0554610840532719,-3.1614804469273756,0.6111111111111112
L,1,STRADDLE,H0,e050,S,dev_2021_2023,1.0,36,-0.21003768683920424,-0.6425862203996848,-1.8267998511130163,-4.206274509803921,0.5
L,1,STRADDLE,H0,e050,S,hold_2024_2025,1.0,24,0.26006047128497967,2.2570707992969474,-0.6860478845059794,-0.6860478845059794,0.7083333333333334
L,1,STRADDLE,H0,e050,S,ext_2026,1.0,9,-0.03779720145229767,-0.1831690695197312,-1.014497137124211,-1.0386071428571428,0.5555555555555556
L,1,STRADDLE,H0,e050,S,post_2021_2026,1.0,69,-0.024059133745543766,-0.09199711180437682,-11.495361940517876,-4.206274509803921,0.5797101449275363
L,1,STRADDLE,H0,e050,S,frozen_2024_2026,1.0,33,0.1788265605384495,1.2139700915809,-1.014497137124211,-1.0386071428571428,0.6666666666666666
L,1,STRADDLE,H0,e100,LS,pre_2019_2020,2.0,18,0.05982024995000891,0.31094444381840836,-2.844465339632432,-1.812006086884016,0.6111111111111112
L,1,STRADDLE,H0,e100,LS,dev_2021_2023,2.0,36,-0.19778978852805823,-1.048598523439723,-1.024896555102156,-2.2621884155961234,0.4444444444444444
L,1,STRADDLE,H0,e100,LS,hold_2024_2025,2.0,24,-0.01638802668672909,-0.0989873031446257,-0.9864222717058929,-0.6289520062942564,0.3333333333333333
L,1,STRADDLE,H0,e100,LS,ext_2026,2.0,9,0.04555410178415793,0.2594995402724406,-0.8530357273046347,-0.7627682997958589,0.5555555555555556
L,1,STRADDLE,H0,e100,LS,post_2021_2026,2.0,69,-0.10295301610774164,-0.5749040860403479,-1.024896555102156,-2.2621884155961234,0.42028985507246375
L,1,STRADDLE,H0,e100,LS,frozen_2024_2026,2.0,33,0.0005052810780582792,0.003048635681843224,-0.9959948525049779,-0.7627682997958589,0.3939393939393939
L,1,STRADDLE,H0,tick,LS,pre_2019_2020,2.0,18,0.0560685868679561,0.291373503927418,-2.8277951698178283,-1.8128632535645794,0.6111111111111112
L,1,STRADDLE,H0,tick,LS,dev_2021_2023,2.0,36,-0.20103981722520092,-1.0652218685434167,-1.023396653808879,-2.265794455713319,0.4166666666666667
L,1,STRADDLE,H0,tick,LS,hold_2024_2025,2.0,24,-0.020410470546794433,-0.12329644922729867,-0.987472532533929,-0.6305150799895095,0.3333333333333333
L,1,STRADDLE,H0,tick,LS,ext_2026,2.0,9,0.04347320208724039,0.247677676672175,-0.855150122184772,-0.7649603868960824,0.5555555555555556
L,1,STRADDLE,H0,tick,LS,post_2021_2026,2.0,69,-0.1063192158615237,-0.5935352734500738,-1.023396653808879,-2.265794455713319,0.4057971014492754
L,1,STRADDLE,H0,tick,LS,frozen_2024_2026,2.0,33,-0.002987650737512213,-0.018026740751400212,-0.9964260937816888,-0.7649603868960824,0.3939393939393939
L,1,STRADDLE,H1,e050,LS,pre_2019_2020,2.0,18,0.03793997338320403,0.27334290542286926,-0.7651747652954191,-0.4967826318482949,0.5
L,1,STRADDLE,H1,e050,LS,dev_2021_2023,2.0,36,-0.11281143487595274,-1.1350589842000374,-1.0017492727394728,-1.0178047340229097,0.3611111111111111
L,1,STRADDLE,H1,e050,LS,hold_2024_2025,2.0,24,-0.08368538491400568,-0.7778681983876815,-0.9948971497227482,-0.8510351064310032,0.2916666666666667
L,1,STRADDLE,H1,e050,LS,ext_2026,2.0,9,-0.017758070001766976,-0.4069681431128772,-0.44891366996275006,-0.179131825572633,0.3333333333333333
L,1,STRADDLE,H1,e050,LS,post_2021_2026,2.0,69,-0.0902823699055991,-0.9359468702288609,-1.0017492727394728,-1.0178047340229097,0.3333333333333333
L,1,STRADDLE,H1,e050,LS,frozen_2024_2026,2.0,33,-0.06570520811975877,-0.6976909535531425,-0.9948971497227482,-0.8510351064310032,0.30303030303030304
L,1,STRADDLE,H1,e050,L,pre_2019_2020,1.0,18,0.1314354970496296,0.5786296626464084,-0.833511471214967,-0.6268532932213137,0.3888888888888889
L,1,STRADDLE,H1,e050,L,dev_2021_2023,1.0,36,-0.05265699939829621,-0.4725275481130013,-0.9918856727804415,-0.6663498615988237,0.3333333333333333
L,1,STRADDLE,H1,e050,L,hold_2024_2025,1.0,24,-0.11372221720293402,-0.6005823847487479,-0.9998873830795861,-0.9640289448042151,0.25
L,1,STRADDLE,H1,e050,L,ext_2026,1.0,9,-0.04610095173953601,-0.6681816056023376,-0.6863019432993067,-0.4130576489764434,0.4444444444444444
L,1,STRADDLE,H1,e050,L,post_2021_2026,1.0,69,-0.07304193850528846,-0.5277665661636393,-0.9999995923481524,-0.9640289448042151,0.3188405797101449
L,1,STRADDLE,H1,e050,L,frozen_2024_2026,1.0,33,-0.09528005389473458,-0.5794425852173636,-0.9999646722909146,-0.9640289448042151,0.30303030303030304
L,1,STRADDLE,H1,e050,S,pre_2019_2020,1.0,18,-0.05555555028322149,-0.43723694884608516,-0.9736038005457919,-0.7304376503715326,0.5
L,1,STRADDLE,H1,e050,S,dev_2021_2023,1.0,36,-0.17296587035360922,-1.1916879016041382,-1.0068133049168977,-1.6917326866689038,0.4166666666666667
L,1,STRADDLE,H1,e050,S,hold_2024_2025,1.0,24,-0.05364855262507734,-0.46854494664126445,-1.0002193069560776,-1.1370312457952176,0.5
L,1,STRADDLE,H1,e050,S,ext_2026,1.0,9,0.010584811736002071,0.24067134221569997,-0.37284089889613004,-0.24309429955297482,0.5555555555555556
L,1,STRADDLE,H1,e050,S,post_2021_2026,1.0,69,-0.10752280130590972,-0.8518213829536991,-1.0068133049168977,-1.6917326866689038,0.463768115942029
L,1,STRADDLE,H1,e050,S,frozen_2024_2026,1.0,33,-0.03613036234478295,-0.36172086844623125,-1.0002360151286578,-1.1370312457952176,0.5151515151515151
L,1,STRADDLE,H2_15,e050,LS,pre_2019_2020,2.0,18,0.03423895140903821,0.23882555254212404,-0.7765969503269141,-0.52226306341658,0.5
L,1,STRADDLE,H2_15,e050,LS,dev_2021_2023,2.0,36,-0.11870798906511422,-1.1893658288112252,-0.9999923312513491,-0.9894121572742838,0.3611111111111111
L,1,STRADDLE,H2_15,e050,LS,hold_2024_2025,2.0,24,-0.07960532980009244,-0.7239772413486241,-0.9949686158807338,-0.8320751497416126,0.25
L,1,STRADDLE,H2_15,e050,LS,ext_2026,2.0,9,-0.02884751636413532,-0.6180465479383561,-0.4897689159096723,-0.23709389546225962,0.3333333333333333
L,1,STRADDLE,H2_15,e050,LS,post_2021_2026,2.0,69,-0.09338613288150069,-0.955472377859322,-0.9999999209089001,-0.9894121572742838,0.3188405797101449
L,1,STRADDLE,H2_15,e050,LS,frozen_2024_2026,2.0,33,-0.06576228977210415,-0.6827160222236409,-0.9949686158807338,-0.8320751497416126,0.2727272727272727
L,1,STRADDLE,H2_15,e050,L,pre_2019_2020,1.0,18,0.12553908620258422,0.5367754979166536,-0.8796380322483062,-0.6647992527377302,0.4444444444444444
L,1,STRADDLE,H2_15,e050,L,dev_2021_2023,1.0,36,-0.06372145424595897,-0.5557791200486656,-0.9961429733848998,-0.6861465512356869,0.3055555555555556
L,1,STRADDLE,H2_15,e050,L,hold_2024_2025,1.0,24,-0.12815955359331146,-0.680767958922915,-1.0000433239811424,-1.0096158874782053,0.20833333333333334
L,1,STRADDLE,H2_15,e050,L,ext_2026,1.0,9,-0.03503436350829039,-0.47391519867799303,-0.6539680976128555,-0.38973403496535103,0.4444444444444444
L,1,STRADDLE,H2_15,e050,L,post_2021_2026,1.0,69,-0.08239291174882048,-0.5900596235316639,-1.0000002595711417,-1.0096158874782053,0.2898550724637681
L,1,STRADDLE,H2_15,e050,L,frozen_2024_2026,1.0,33,-0.10276177447921479,-0.6255370800604096,-1.0000433239811424,-1.0096158874782053,0.2727272727272727
L,1,STRADDLE,H2_15,e050,S,pre_2019_2020,1.0,18,-0.057061183384507864,-0.4198059923110949,-0.9853880455809128,-0.7769134664472611,0.4444444444444444
L,1,STRADDLE,H2_15,e050,S,dev_2021_2023,1.0,36,-0.17369452388426948,-1.170551084358491,-1.0257394173782397,-1.6229554513870472,0.4444444444444444
L,1,STRADDLE,H2_15,e050,S,hold_2024_2025,1.0,24,-0.031051106006873424,-0.2772096856480099,-1.0012806255738518,-1.073763781457049,0.5833333333333334
L,1,STRADDLE,H2_15,e050,S,ext_2026,1.0,9,-0.022660669219980292,-0.42094509391135576,-0.5245660174390943,-0.3102952912707453,0.5555555555555556
L,1,STRADDLE,H2_15,e050,S,post_2021_2026,1.0,69,-0.10437935401418096,-0.8160199578855043,-1.0257394173782397,-1.6229554513870472,0.5072463768115942
L,1,STRADDLE,H2_15,e050,S,frozen_2024_2026,1.0,33,-0.02876280506499347,-0.29138495662241587,-1.001307986889996,-1.073763781457049,0.5757575757575758
L,1,STRADDLE,H2_25,e050,LS,pre_2019_2020,2.0,18,-0.01604500917759988,-0.1230029241286012,-0.8850813353642148,-0.7878132166143514,0.5
L,1,STRADDLE,H2_25,e050,LS,dev_2021_2023,2.0,36,-0.13288043837061678,-1.2768860426460784,-0.9999996150558955,-0.9869973541090891,0.3611111111111111
L,1,STRADDLE,H2_25,e050,LS,hold_2024_2025,2.0,24,-0.1140584674050305,-1.0707474771217402,-0.9990722615058605,-0.9554347666483018,0.2916666666666667
L,1,STRADDLE,H2_25,e050,LS,ext_2026,2.0,9,0.033238799229651145,0.5974123757732235,-0.3242843113327497,-0.18171821989413714,0.4444444444444444
L,1,STRADDLE,H2_25,e050,LS,post_2021_2026,2.0,69,-0.10466593921733443,-1.045419302985585,-0.9999999989902755,-0.9869973541090891,0.34782608695652173
L,1,STRADDLE,H2_25,e050,LS,frozen_2024_2026,2.0,33,-0.07388648559557187,-0.7661928716356253,-0.9990722615058605,-0.9554347666483018,0.3333333333333333
L,1,STRADDLE,H2_25,e050,L,pre_2019_2020,1.0,18,0.11852534924601447,0.5927035707445519,-0.8823207115201688,-0.668127216219011,0.4444444444444444
L,1,STRADDLE,H2_25,e050,L,dev_2021_2023,1.0,36,-0.09226647091438332,-0.8311372397493126,-0.9993621286925765,-0.7159875382611858,0.3611111111111111
L,1,STRADDLE,H2_25,e050,L,hold_2024_2025,1.0,24,-0.15741074369965474,-0.8587679020450628,-1.000148911838156,-1.0526334424658905,0.25
L,1,STRADDLE,H2_25,e050,L,ext_2026,1.0,9,0.025684803925027987,0.24756720733015705,-0.6404022582611295,-0.4358509369832925,0.3333333333333333
L,1,STRADDLE,H2_25,e050,L,post_2021_2026,1.0,69,-0.09954039951281539,-0.7174868592402949,-1.0000002129020993,-1.0526334424658905,0.3188405797101449
L,1,STRADDLE,H2_25,e050,L,frozen_2024_2026,1.0,33,-0.10747559434746856,-0.6491516925001267,-1.000148911838156,-1.0526334424658905,0.2727272727272727
L,1,STRADDLE,H2_25,e050,S,pre_2019_2020,1.0,18,-0.15061536760121422,-0.9995420157269341,-1.1479332359883607,-1.1479332359883607,0.4444444444444444
L,1,STRADDLE,H2_25,e050,S,dev_2021_2023,1.0,36,-0.17349440582685022,-1.0500552279032882,-1.020882801760697,-1.7217597584784101,0.4444444444444444
L,1,STRADDLE,H2_25,e050,S,hold_2024_2025,1.0,24,-0.07070619111040628,-0.5442474927317922,-1.1535968095432219,-1.3422309729993995,0.5
L,1,STRADDLE,H2_25,e050,S,ext_2026,1.0,9,0.04079279453427427,0.6741723726704477,-0.49450205318614393,-0.3503154003521352,0.7777777777777778
L,1,STRADDLE,H2_25,e050,S,post_2021_2026,1.0,69,-0.10979147892185345,-0.7637588070319365,-1.020882801760697,-1.7217597584784101,0.5072463768115942
L,1,STRADDLE,H2_25,e050,S,frozen_2024_2026,1.0,33,-0.04029737684367522,-0.3499715894066997,-1.1535968095432219,-1.3422309729993995,0.5757575757575758
L,1,STRANGLE25,H0,e000,LS,pre_2019_2020,2.0,18,0.14723088148301425,0.41666167369168755,-13.557123484839545,-3.714888152444076,0.7222222222222222
L,1,STRANGLE25,H0,e000,LS,dev_2021_2023,2.0,36,-0.2341346444507203,-0.4992306149387137,-2.180798000236356,-6.048125000000001,0.4722222222222222
L,1,STRANGLE25,H0,e000,LS,hold_2024_2025,2.0,24,0.4273815053023972,1.198423525321465,-0.9946894124776375,-0.9664134495641343,0.7083333333333334
L,1,STRANGLE25,H0,e000,LS,ext_2026,2.0,9,0.3779104017206907,1.1003552283421936,-1.5523963792693132,-1.2739164212076586,0.5555555555555556
L,1,STRANGLE25,H0,e000,LS,post_2021_2026,2.0,69,0.07578989192054807,0.1791448421299033,-2.180798000236356,-6.048125000000001,0.5652173913043478
L,1,STRANGLE25,H0,e000,LS,frozen_2024_2026,2.0,33,0.41388938614375,1.1901478760262763,-1.1039564030168727,-1.2739164212076586,0.6666666666666666
L,1,STRANGLE25,H0,e050,LS,pre_2019_2020,2.0,18,0.055399085121971,0.15683559512609935,-1.0656636749095665,-3.805355959285123,0.6666666666666666
L,1,STRANGLE25,H0,e050,LS,dev_2021_2023,2.0,36,-0.37490725633315847,-0.7700426649159372,-2.224286838301139,-6.19482638888889,0.3888888888888889
L,1,STRANGLE25,H0,e050,LS,hold_2024_2025,2.0,24,0.2831679953040503,0.8050516114057136,-1.0789619110105522,-1.0780261519302614,0.3333333333333333
L,1,STRANGLE25,H0,e050,LS,ext_2026,2.0,9,0.3009070694768531,0.8784840873994089,-1.1334238941744594,-1.3278919366715756,0.4444444444444444
L,1,STRANGLE25,H0,e050,LS,post_2021_2026,2.0,69,-0.05786182196238877,-0.13382991211627765,-2.8087492155968086,-6.19482638888889,0.37681159420289856
L,1,STRANGLE25,H0,e050,LS,frozen_2024_2026,2.0,33,0.2880059246239056,0.8374919747608865,-1.0789619110105522,-1.3278919366715756,0.36363636363636365
L,1,STRANGLE25,H0,e050,L,pre_2019_2020,1.0,18,0.22721086092692694,0.40419067814951587,-0.9999999999457617,-0.9914,0.3333333333333333
L,1,STRANGLE25,H0,e050,L,dev_2021_2023,1.0,36,-0.17059970070353325,-0.32889683818277515,-1.0,-1.0022222222222223,0.2222222222222222
L,1,STRANGLE25,H0,e050,L,hold_2024_2025,1.0,24,-0.006466215373564214,-0.009652194924166791,-1.0,-0.9945378151260507,0.25
L,1,STRANGLE25,H0,e050,L,ext_2026,1.0,9,0.5832333055920381,0.911666504330775,-0.9999999746245181,-0.9969871794871793,0.4444444444444444
L,1,STRANGLE25,H0,e050,L,post_2021_2026,1.0,69,-0.015183748463252092,-0.025908851728822638,-1.0,-1.0022222222222223,0.2608695652173913
L,1,STRANGLE25,H0,e050,L,frozen_2024_2026,1.0,33,0.15436092670796375,0.2351748572052058,-1.0,-0.9969871794871793,0.30303030303030304
L,1,STRANGLE25,H0,e050,S,pre_2019_2020,1.0,18,-0.11641269068298483,-0.1969085916605544,-112.11694435725241,-6.684577464788733,0.7222222222222222
L,1,STRANGLE25,H0,e050,S,dev_2021_2023,1.0,36,-0.5792148119627838,-0.6851283031853189,-275.61748298431377,-11.621041666666668,0.6666666666666666
L,1,STRANGLE25,H0,e050,S,hold_2024_2025,1.0,24,0.5728022059816648,2.8508046301002024,-92.98680412636352,-1.6845454545454543,0.875
L,1,STRANGLE25,H0,e050,S,ext_2026,1.0,9,0.01858083336166811,0.05627119754323471,-1.0929220023035895,-1.66275,0.5555555555555556
L,1,STRANGLE25,H0,e050,S,post_2021_2026,1.0,69,-0.1005398954615254,-0.15551589636774452,-275.61748298431377,-11.621041666666668,0.7246376811594203
L,1,STRANGLE25,H0,e050,S,frozen_2024_2026,1.0,33,0.42165092253984754,1.7001093141756005,-147.34947225164228,-1.6845454545454543,0.7878787878787878
L,1,STRANGLE25,H0,e100,LS,pre_2019_2020,2.0,18,-0.036432711239072275,-0.10285722726415862,-1.3335509328446755,-3.8958237661261683,0.5555555555555556
L,1,STRANGLE25,H0,e100,LS,dev_2021_2023,2.0,36,-0.5156798682155969,-1.008024578286951,-1.977833328911383,-6.341527777777779,0.2777777777777778
L,1,STRANGLE25,H0,e100,LS,hold_2024_2025,2.0,24,0.13895448530570345,0.378700400258407,-1.5496340441804022,-1.660621848739496,0.25
L,1,STRANGLE25,H0,e100,LS,ext_2026,2.0,9,0.22390373723301524,0.654784546512502,-1.1664905459555976,-1.3818674521354932,0.4444444444444444
L,1,STRANGLE25,H0,e100,LS,post_2021_2026,2.0,69,-0.19151353584532557,-0.4242794443523212,-1.977833328911383,-6.341527777777779,0.2898550724637681
L,1,STRANGLE25,H0,e100,LS,frozen_2024_2026,2.0,33,0.1621224631040612,0.4565047503144356,-1.5496340441804022,-1.660621848739496,0.30303030303030304
L,1,STRANGLE25,H0,tick,LS,pre_2019_2020,2.0,18,-0.046554340029708575,-0.13138437819451698,-1.2694355125453782,-3.8980725529648477,0.5
L,1,STRANGLE25,H0,tick,LS,dev_2021_2023,2.0,36,-0.5250033200182754,-1.0257841362864388,-1.876969352212593,-6.351250000000001,0.2777777777777778
L,1,STRANGLE25,H0,tick,LS,hold_2024_2025,2.0,24,0.12637808558544264,0.3437214844674225,-1.523430289455118,-1.7090252100840337,0.25
L,1,STRANGLE25,H0,tick,LS,ext_2026,2.0,9,0.21741154534019075,0.6355628862142114,-1.1852374714081522,-1.3871620029455078,0.4444444444444444
L,1,STRANGLE25,H0,tick,LS,post_2021_2026,2.0,69,-0.20159915302239967,-0.44631415718921813,-1.876969352212593,-6.351250000000001,0.2898550724637681
L,1,STRANGLE25,H0,tick,LS,frozen_2024_2026,2.0,33,0.15120539279128306,0.4250293941536924,-1.523430289455118,-1.7090252100840337,0.30303030303030304
L,1,STRANGLE25,H1,e050,LS,pre_2019_2020,2.0,18,0.06784621816064337,0.23941444922539348,-4.30266639250119,-1.446691425003943,0.3888888888888889
L,1,STRANGLE25,H1,e050,LS,dev_2021_2023,2.0,36,-0.2942302297137364,-1.3957556859439042,-1.010620328368409,-2.4256057706313303,0.2777777777777778
L,1,STRANGLE25,H1,e050,LS,hold_2024_2025,2.0,24,-0.04934726900670411,-0.23584378175246454,-1.0264783561487327,-1.568292316999028,0.4583333333333333
L,1,STRANGLE25,H1,e050,LS,ext_2026,2.0,9,-0.016199407318787756,-0.14646286098377925,-0.7772161862460003,-0.4678286640105119,0.3333333333333333
L,1,STRANGLE25,H1,e050,LS,post_2021_2026,2.0,69,-0.17278865785107964,-0.8587099798030545,-1.010620328368409,-2.4256057706313303,0.34782608695652173
L,1,STRANGLE25,H1,e050,LS,frozen_2024_2026,2.0,33,-0.04030694309181782,-0.2168668997047001,-1.0264783561487327,-1.568292316999028,0.42424242424242425
L,1,STRANGLE25,H1,e050,L,pre_2019_2020,1.0,18,0.3044293353329233,0.6737969436442555,-1.0005976271404333,-1.0459924566959522,0.5
L,1,STRANGLE25,H1,e050,L,dev_2021_2023,1.0,36,-0.19243078057259927,-0.966259708532674,-0.9999999981887812,-0.928590803988473,0.3611111111111111
L,1,STRANGLE25,H1,e050,L,hold_2024_2025,1.0,24,0.026172257324285037,0.07261619827730292,-1.0152346385774778,-1.1398528609702385,0.25
L,1,STRANGLE25,H1,e050,L,ext_2026,1.0,9,-0.07609757359365879,-0.44935744498746644,-0.99383597766571,-0.9694607665555987,0.3333333333333333
L,1,STRANGLE25,H1,e050,L,post_2021_2026,1.0,69,-0.10122104474164727,-0.38653053450733943,-1.0000000000399716,-1.1398528609702385,0.3188405797101449
L,1,STRANGLE25,H1,e050,L,frozen_2024_2026,1.0,33,-0.0017195147442451229,-0.005418250451996384,-1.0152346385774778,-1.1398528609702385,0.2727272727272727
L,1,STRANGLE25,H1,e050,S,pre_2019_2020,1.0,18,-0.16873689901163658,-0.6917946811704031,-2.3775810257308105,-2.2231276964221305,0.5555555555555556
L,1,STRANGLE25,H1,e050,S,dev_2021_2023,1.0,36,-0.3960296788548733,-1.1870857989047832,-1.016684176090229,-4.091929807186973,0.5
L,1,STRANGLE25,H1,e050,S,hold_2024_2025,1.0,24,-0.12486679533769328,-0.4678156488807061,-1.3214679543406203,-2.4254373940855567,0.5833333333333334
L,1,STRANGLE25,H1,e050,S,ext_2026,1.0,9,0.04369875895608325,0.6074465290719732,-0.34975058836489326,-0.21955995192246505,0.4444444444444444
L,1,STRANGLE25,H1,e050,S,post_2021_2026,1.0,69,-0.24435627096051196,-0.8413974554899861,-1.016684176090229,-4.091929807186973,0.5217391304347826
L,1,STRANGLE25,H1,e050,S,frozen_2024_2026,1.0,33,-0.07889437143939058,-0.3427460486196911,-1.3214679543406203,-2.4254373940855567,0.5454545454545454
L,1,STRANGLE25,H2_15,e050,LS,pre_2019_2020,2.0,18,-0.0019106090306512545,-0.006200565213193452,-3.3358480344634183,-1.7934572674808298,0.4444444444444444
L,1,STRANGLE25,H2_15,e050,LS,dev_2021_2023,2.0,36,-0.2860282198742199,-1.2848992323277573,-1.0067374717345468,-2.729866597573686,0.3333333333333333
L,1,STRANGLE25,H2_15,e050,LS,hold_2024_2025,2.0,24,-0.06428585958873877,-0.2968397985784518,-1.0375108815311123,-1.6003159704977472,0.375
L,1,STRANGLE25,H2_15,e050,LS,ext_2026,2.0,9,0.08670649970990355,0.6442327848822668,-0.6826208122684125,-0.4615247102668041,0.4444444444444444
L,1,STRANGLE25,H2_15,e050,LS,post_2021_2026,2.0,69,-0.1602828702639495,-0.7543908330036984,-1.0067374717345468,-2.729866597573686,0.36231884057971014
L,1,STRANGLE25,H2_15,e050,LS,frozen_2024_2026,2.0,33,-0.02310612523456358,-0.11756506413751253,-1.0375108815311123,-1.6003159704977472,0.3939393939393939
L,1,STRANGLE25,H2_15,e050,L,pre_2019_2020,1.0,18,0.24454666831510505,0.5205009256113502,-1.0142027992697118,-1.1688429469676014,0.4444444444444444
L,1,STRANGLE25,H2_15,e050,L,dev_2021_2023,1.0,36,-0.25147306544306935,-1.3787750072632086,-1.1434089788075348,-1.1434089788075348,0.3333333333333333
L,1,STRANGLE25,H2_15,e050,L,hold_2024_2025,1.0,24,-0.0024811779258105036,-0.007172078279395819,-1.0026593143176494,-1.0997160834246449,0.2916666666666667
L,1,STRANGLE25,H2_15,e050,L,ext_2026,1.0,9,-0.012379802559127394,-0.06288882477306938,-1.0509431308606807,-1.0631757822590437,0.4444444444444444
L,1,STRANGLE25,H2_15,e050,L,post_2021_2026,1.0,69,-0.1336811137565521,-0.530739626729399,-1.1434089788075348,-1.1434089788075348,0.3333333333333333
L,1,STRANGLE25,H2_15,e050,L,frozen_2024_2026,1.0,33,-0.005180802825805978,-0.016746265005083687,-1.0026593143176494,-1.0997160834246449,0.3333333333333333
L,1,STRANGLE25,H2_15,e050,S,pre_2019_2020,1.0,18,-0.2483678863764075,-0.8274626141113978,-2.8723392196744517,-2.8282964662588292,0.5555555555555556
L,1,STRANGLE25,H2_15,e050,S,dev_2021_2023,1.0,36,-0.32058337430537054,-0.88622181264603,-1.129428685922836,-4.446962560416801,0.5555555555555556
L,1,STRANGLE25,H2_15,e050,S,hold_2024_2025,1.0,24,-0.12609054125166697,-0.45630676859063635,-1.1810818452395435,-2.4028456248148826,0.5416666666666666
L,1,STRANGLE25,H2_15,e050,S,ext_2026,1.0,9,0.1857928019789345,1.5769834222653472,-0.42647780803618607,-0.3975341885308955,0.6666666666666666
L,1,STRANGLE25,H2_15,e050,S,post_2021_2026,1.0,69,-0.18688462677134693,-0.5993037526650988,-1.129428685922836,-4.446962560416801,0.5652173913043478
L,1,STRANGLE25,H2_15,e050,S,frozen_2024_2026,1.0,33,-0.041031447643321124,-0.1674961790341658,-1.1810818452395435,-2.4028456248148826,0.5757575757575758
L,1,STRANGLE25,H2_25,e050,LS,pre_2019_2020,2.0,18,0.06633224062344477,0.2080893155311362,-7.464948673735274,-1.8787394517211407,0.3333333333333333
L,1,STRANGLE25,H2_25,e050,LS,dev_2021_2023,2.0,36,-0.3004146411534809,-1.1035954654597933,-1.0013641218237013,-3.1504909985219003,0.3611111111111111
L,1,STRANGLE25,H2_25,e050,LS,hold_2024_2025,2.0,24,0.01588321500356042,0.07081776496256972,-1.0143521262991435,-1.3982328400251438,0.5
L,1,STRANGLE25,H2_25,e050,LS,ext_2026,2.0,9,0.21037803994659887,1.4560583083077545,-0.46482823138325724,-0.38960261278743114,0.5555555555555556
L,1,STRANGLE25,H2_25,e050,LS,post_2021_2026,2.0,69,-0.12377286321623876,-0.5019984180074117,-1.0013641218237013,-3.1504909985219003,0.43478260869565216
L,1,STRANGLE25,H2_25,e050,LS,frozen_2024_2026,2.0,33,0.06892725816984363,0.33625489834884337,-1.0143521262991435,-1.3982328400251438,0.5151515151515151
L,1,STRANGLE25,H2_25,e050,L,pre_2019_2020,1.0,18,0.3177848124911504,0.6237312396393808,-1.0119004296820968,-1.254771318195868,0.3888888888888889
L,1,STRANGLE25,H2_25,e050,L,dev_2021_2023,1.0,36,-0.2632162613903033,-1.2456666156386427,-1.1434089788075348,-1.1948239497995956,0.25
L,1,STRANGLE25,H2_25,e050,L,hold_2024_2025,1.0,24,-0.014024531491418394,-0.04045077904007902,-1.0002273567032882,-1.053117565215393,0.2916666666666667
L,1,STRANGLE25,H2_25,e050,L,ext_2026,1.0,9,0.027321993498161484,0.11767150158653154,-0.9904666895129511,-0.9527612770318374,0.3333333333333333
L,1,STRANGLE25,H2_25,e050,L,post_2021_2026,1.0,69,-0.138644582961761,-0.5187662974128575,-1.1434089788075348,-1.1948239497995956,0.2753623188405797
L,1,STRANGLE25,H2_25,e050,L,frozen_2024_2026,1.0,33,-0.0027482064942602395,-0.008694746304465695,-1.0002273567032882,-1.053117565215393,0.30303030303030304
L,1,STRANGLE25,H2_25,e050,S,pre_2019_2020,1.0,18,-0.18512033124426097,-0.6347725489776104,-8.011847920523554,-2.8282964662588292,0.5
L,1,STRANGLE25,H2_25,e050,S,dev_2021_2023,1.0,36,-0.33761302091665857,-0.763637127810205,-2.6912987975841216,-5.431636892702345,0.5555555555555556
L,1,STRANGLE25,H2_25,e050,S,hold_2024_2025,1.0,24,0.04579096149853923,0.15815505693863077,-1.5174787456916217,-2.1331636688659517,0.625
L,1,STRANGLE25,H2_25,e050,S,ext_2026,1.0,9,0.3934340863950363,2.73079559189005,-0.13005683742227514,-0.13005683742227514,0.6666666666666666
L,1,STRANGLE25,H2_25,e050,S,post_2021_2026,1.0,69,-0.10890114347071649,-0.29400919557064725,-2.6912987975841216,-5.431636892702345,0.5942028985507246
L,1,STRANGLE25,H2_25,e050,S,frozen_2024_2026,1.0,33,0.1406027228339475,0.5411750483527337,-1.5174787456916217,-2.1331636688659517,0.6363636363636364
L,1,IFLY10,H0,e000,LS,pre_2019_2020,2.0,18,0.13178465972157996,1.1812008521358495,-0.7641536872741768,-0.695255399206226,0.7222222222222222
L,1,IFLY10,H0,e000,LS,dev_2021_2023,2.0,36,-0.07142778901435223,-0.8884878352039451,-0.9893291553097465,-0.5983571428571428,0.3888888888888889
L,1,IFLY10,H0,e000,LS,hold_2024_2025,2.0,24,-0.03822599123540896,-0.40817970406320353,-0.9654050653477261,-0.6088429353073704,0.4166666666666667
L,1,IFLY10,H0,e000,LS,ext_2026,2.0,9,0.07820984957441038,0.4778203307728349,-0.7506456404886365,-0.6579661217161217,0.5555555555555556
L,1,IFLY10,H0,e000,LS,post_2021_2026,2.0,69,-0.04036138475357683,-0.41102477252127173,-0.9996580310709551,-0.6579661217161217,0.42028985507246375
L,1,IFLY10,H0,e000,LS,frozen_2024_2026,2.0,33,-0.00647076192364004,-0.05625139794089911,-0.981021419935857,-0.6579661217161217,0.45454545454545453
L,1,IFLY10,H0,e050,LS,pre_2019_2020,2.0,18,0.06901429216175285,0.6125571839563401,-0.8476463183970219,-0.7793425596618739,0.6111111111111112
L,1,IFLY10,H0,e050,LS,dev_2021_2023,2.0,36,-0.12409444859197286,-1.515421425213188,-0.999029564124722,-0.6450833333333335,0.3333333333333333
L,1,IFLY10,H0,e050,LS,hold_2024_2025,2.0,24,-0.08943861770601073,-0.9281475182147172,-0.9889112721376788,-0.6399253988689135,0.375
L,1,IFLY10,H0,e050,LS,ext_2026,2.0,9,0.022162394732451834,0.13775558708053162,-0.8188667199666102,-0.717099555849556,0.5555555555555556
L,1,IFLY10,H0,e050,LS,post_2021_2026,2.0,69,-0.09296326698062629,-0.9378017222470694,-0.9999955013103682,-0.717099555849556,0.37681159420289856
L,1,IFLY10,H0,e050,LS,frozen_2024_2026,2.0,33,-0.059001977950066405,-0.5105159457637134,-0.9966870050784743,-0.717099555849556,0.42424242424242425
L,1,IFLY10,H0,e050,L,pre_2019_2020,1.0,18,0.1284666198256079,0.7630761145091078,-0.9712029730558669,-0.8897709923664121,0.6111111111111112
L,1,IFLY10,H0,e050,L,dev_2021_2023,1.0,36,-0.11979008586743253,-0.8521714942105113,-1.000063476171326,-1.014230769230769,0.3611111111111111
L,1,IFLY10,H0,e050,L,hold_2024_2025,1.0,24,-0.22879114900328393,-1.2075144033792566,-1.0008472346189645,-1.0098092643051773,0.3333333333333333
L,1,IFLY10,H0,e050,L,ext_2026,1.0,9,0.19029265042021537,0.8646830490678054,-0.699161805833035,-0.6587394957983195,0.5555555555555556
L,1,IFLY10,H0,e050,L,post_2021_2026,1.0,69,-0.11725792483368766,-0.683623961578987,-1.000063476171326,-1.014230769230769,0.37681159420289856
L,1,IFLY10,H0,e050,L,frozen_2024_2026,1.0,33,-0.11449556734232957,-0.5661113584655341,-1.0008472346189645,-1.0098092643051773,0.3939393939393939
L,1,IFLY10,H0,e050,S,pre_2019_2020,1.0,18,0.009561964497897825,0.06275548773667028,-1.0195966670238095,-1.0301793721973107,0.4444444444444444
L,1,IFLY10,H0,e050,S,dev_2021_2023,1.0,36,-0.12839881131651318,-1.193275469805123,-1.046825946339701,-1.154018691588785,0.3888888888888889
L,1,IFLY10,H0,e050,S,hold_2024_2025,1.0,24,0.04991391359126248,0.7665714011091669,-0.6690944280072398,-0.4133333333333334,0.5833333333333334
L,1,IFLY10,H0,e050,S,ext_2026,1.0,9,-0.14596786095531172,-0.892090561789597,-0.9921968773461867,-0.9067945205479453,0.4444444444444444
L,1,IFLY10,H0,e050,S,post_2021_2026,1.0,69,-0.06866860912756492,-0.6494365414394841,-1.046825946339701,-1.154018691588785,0.463768115942029
L,1,IFLY10,H0,e050,S,frozen_2024_2026,1.0,33,-0.0035083885578032067,-0.03441155427655202,-0.9938974307751363,-0.9067945205479453,0.5454545454545454
L,1,IFLY10,H0,e100,LS,pre_2019_2020,2.0,18,0.006243924601925868,0.05454023765679399,-0.9337219108246513,-0.8634297201175198,0.5555555555555556
L,1,IFLY10,H0,e100,LS,dev_2021_2023,2.0,36,-0.1767611081695935,-2.0657077523641147,-0.999944597528918,-0.767767393561786,0.3055555555555556
L,1,IFLY10,H0,e100,LS,hold_2024_2025,2.0,24,-0.14065124417661248,-1.4072822836393066,-0.9976445185503128,-0.673078941333323,0.3333333333333333
L,1,IFLY10,H0,e100,LS,ext_2026,2.0,9,-0.03388506010950675,-0.21417274193258135,-0.8786656856369627,-0.7762329899829901,0.4444444444444444
L,1,IFLY10,H0,e100,LS,post_2021_2026,2.0,69,-0.14556514920767574,-1.436146022510588,-0.9999999730068697,-0.7762329899829901,0.3333333333333333
L,1,IFLY10,H0,e100,LS,frozen_2024_2026,2.0,33,-0.11153319397649275,-0.9552719204119782,-0.9995947715177274,-0.7762329899829901,0.36363636363636365
L,1,IFLY10,H0,tick,LS,pre_2019_2020,2.0,18,0.003054511808004511,0.02666218462069513,-0.9380223339099044,-0.8666254316787796,0.5555555555555556
L,1,IFLY10,H0,tick,LS,dev_2021_2023,2.0,36,-0.17917431356005747,-2.0896061201179688,-0.9999515824929381,-0.7726395554432937,0.3055555555555556
L,1,IFLY10,H0,tick,LS,hold_2024_2025,2.0,24,-0.14305376621432417,-1.430654320288664,-0.9978106752634146,-0.6772302704971878,0.3333333333333333
L,1,IFLY10,H0,tick,LS,ext_2026,2.0,9,-0.03592201865094227,-0.2271688525747654,-0.8807252853469892,-0.778307267057267,0.4444444444444444
L,1,IFLY10,H0,tick,LS,post_2021_2026,2.0,69,-0.1479255629733961,-1.4582652819290607,-0.999999978784387,-0.778307267057267,0.3333333333333333
L,1,IFLY10,H0,tick,LS,frozen_2024_2026,2.0,33,-0.11383601687885636,-0.9749475969700533,-0.9996315403345494,-0.778307267057267,0.36363636363636365
L,1,IFLY10,H1,e050,LS,pre_2019_2020,2.0,18,0.0017082025436870472,0.018655464577913245,-0.7766450424840886,-0.32215406247308537,0.3888888888888889
L,1,IFLY10,H1,e050,LS,dev_2021_2023,2.0,36,-0.09482737379992974,-1.4638089169309327,-0.993554815889326,-0.5732810393060245,0.2777777777777778
L,1,IFLY10,H1,e050,LS,hold_2024_2025,2.0,24,-0.0852298591304892,-1.2454608469848796,-0.9600015502552501,-0.5269256995551215,0.20833333333333334
L,1,IFLY10,H1,e050,LS,ext_2026,2.0,9,-0.04265966357269971,-1.0202511909101544,-0.4552897079427032,-0.21487177249443518,0.2222222222222222
L,1,IFLY10,H1,e050,LS,post_2021_2026,2.0,69,-0.08468462388526823,-1.3434078800443747,-0.9997334631510677,-0.5732810393060245,0.2463768115942029
L,1,IFLY10,H1,e050,LS,frozen_2024_2026,2.0,33,-0.07361980579654662,-1.1889838929705616,-0.9702898248631862,-0.5269256995551215,0.21212121212121213
L,1,IFLY10,H1,e050,L,pre_2019_2020,1.0,18,0.028826340412747557,0.1617204631307525,-0.940958323227726,-0.6017989305676834,0.2222222222222222
L,1,IFLY10,H1,e050,L,dev_2021_2023,1.0,36,-0.045889130991048604,-0.4905581819024095,-0.9820111166458301,-0.6550785153418047,0.3333333333333333
L,1,IFLY10,H1,e050,L,hold_2024_2025,1.0,24,-0.09757867269683941,-0.8149571516624159,-0.9917123394877293,-0.6157071789850503,0.25
L,1,IFLY10,H1,e050,L,ext_2026,1.0,9,0.006029361974257919,0.12822009012542782,-0.3089664716605153,-0.19476124714868007,0.4444444444444444
L,1,IFLY10,H1,e050,L,post_2021_2026,1.0,69,-0.0570961246758489,-0.5793976647483665,-0.9998243117342228,-0.6550785153418047,0.3188405797101449
L,1,IFLY10,H1,e050,L,frozen_2024_2026,1.0,33,-0.06932193596835833,-0.6597581314324631,-0.9933465183458973,-0.6157071789850503,0.30303030303030304
L,1,IFLY10,H1,e050,S,pre_2019_2020,1.0,18,-0.025409935325373483,-0.3403977305744703,-0.7734314348127913,-0.4966051021143186,0.4444444444444444
L,1,IFLY10,H1,e050,S,dev_2021_2023,1.0,36,-0.14376561660881088,-2.2219384130718773,-0.9996006334127646,-0.8839837899115786,0.1388888888888889
L,1,IFLY10,H1,e050,S,hold_2024_2025,1.0,24,-0.072881045564139,-1.6711385186405192,-0.9135473833149488,-0.46379994754048376,0.25
L,1,IFLY10,H1,e050,S,ext_2026,1.0,9,-0.09134868911965735,-1.8059571913107615,-0.6622206043744553,-0.3762738346474751,0.3333333333333333
L,1,IFLY10,H1,e050,S,post_2021_2026,1.0,69,-0.11227312309468761,-1.9867983888793377,-0.9999787222186529,-0.8839837899115786,0.2028985507246377
L,1,IFLY10,H1,e050,S,frozen_2024_2026,1.0,33,-0.07791767562473492,-1.7368782341945765,-0.9603195126206996,-0.46379994754048376,0.2727272727272727
L,1,IFLY10,H2_15,e050,LS,pre_2019_2020,2.0,18,-0.0007954575210787983,-0.00899574312665812,-0.7357227724425536,-0.2907852031793488,0.4444444444444444
L,1,IFLY10,H2_15,e050,LS,dev_2021_2023,2.0,36,-0.1066858797555115,-1.6702027404117912,-0.9956971243434606,-0.5706661363667889,0.25
L,1,IFLY10,H2_15,e050,LS,hold_2024_2025,2.0,24,-0.08781964504230888,-1.1670377562536391,-0.9579106817351652,-0.5717525166183179,0.20833333333333334
L,1,IFLY10,H2_15,e050,LS,ext_2026,2.0,9,-0.04900060601013317,-1.2817748459681455,-0.4393503004123426,-0.2432560452905909,0.3333333333333333
L,1,IFLY10,H2_15,e050,LS,post_2021_2026,2.0,69,-0.0925995450189134,-1.4258440932476435,-0.9998654444295099,-0.5717525166183179,0.2463768115942029
L,1,IFLY10,H2_15,e050,LS,frozen_2024_2026,2.0,33,-0.07723263439717007,-1.1563356918972068,-0.9756535304746381,-0.5717525166183179,0.24242424242424243
L,1,IFLY10,H2_15,e050,L,pre_2019_2020,1.0,18,0.03369700217614711,0.1914297595712943,-0.9016802711553769,-0.5947796399225159,0.2777777777777778
L,1,IFLY10,H2_15,e050,L,dev_2021_2023,1.0,36,-0.0754060233841011,-0.8550401558314236,-0.9934399316223308,-0.6654864619587288,0.3888888888888889
L,1,IFLY10,H2_15,e050,L,hold_2024_2025,1.0,24,-0.11730591188130922,-0.8780513427732382,-0.9972229366325158,-0.6539653732322419,0.2916666666666667
L,1,IFLY10,H2_15,e050,L,ext_2026,1.0,9,-0.017363724890575364,-0.3588959807949991,-0.3898610304528479,-0.2611876548425634,0.3333333333333333
L,1,IFLY10,H2_15,e050,L,post_2021_2026,1.0,69,-0.08240916305788754,-0.8080841307274345,-0.99998594361459,-0.6654864619587288,0.34782608695652173
L,1,IFLY10,H2_15,e050,L,frozen_2024_2026,1.0,33,-0.09004895179292724,-0.7726181731242233,-0.998305605418596,-0.6539653732322419,0.30303030303030304
L,1,IFLY10,H2_15,e050,S,pre_2019_2020,1.0,18,-0.0352879172183047,-0.44659760431701034,-0.8298315670232389,-0.5432557370415644,0.3888888888888889
L,1,IFLY10,H2_15,e050,S,dev_2021_2023,1.0,36,-0.13796573612692187,-1.9691701874089529,-0.9994898476737044,-0.7950330713354874,0.19444444444444445
L,1,IFLY10,H2_15,e050,S,hold_2024_2025,1.0,24,-0.058333378203308535,-1.281442268498878,-0.8840367685142074,-0.5039645689001344,0.2916666666666667
L,1,IFLY10,H2_15,e050,S,ext_2026,1.0,9,-0.08063748712969097,-1.824711931638662,-0.6013991646907104,-0.30832927499812773,0.4444444444444444
L,1,IFLY10,H2_15,e050,S,post_2021_2026,1.0,69,-0.10278992697993929,-1.719054697552364,-0.9999551076934236,-0.7950330713354874,0.2608695652173913
L,1,IFLY10,H2_15,e050,S,frozen_2024_2026,1.0,33,-0.06441631700141284,-1.4454170264841735,-0.9371769402754402,-0.5039645689001344,0.3333333333333333
L,1,IFLY10,H2_25,e050,LS,pre_2019_2020,2.0,18,-0.07066477635174753,-0.923779664395302,-0.8511945404110836,-0.3373821161133269,0.2777777777777778
L,1,IFLY10,H2_25,e050,LS,dev_2021_2023,2.0,36,-0.10222895481451719,-1.606882959143112,-0.9952293747280425,-0.5610119383365022,0.2777777777777778
L,1,IFLY10,H2_25,e050,LS,hold_2024_2025,2.0,24,-0.09085684406974148,-1.1543299490969923,-0.9678284159561458,-0.5903482911540587,0.2916666666666667
L,1,IFLY10,H2_25,e050,LS,ext_2026,2.0,9,0.004071680146911072,0.07948622435296594,-0.36040944597519753,-0.19666987848472892,0.5555555555555556
L,1,IFLY10,H2_25,e050,LS,post_2021_2026,2.0,69,-0.08440813782136543,-1.246026632998725,-0.9998456744211791,-0.5903482911540587,0.3188405797101449
L,1,IFLY10,H2_25,e050,LS,frozen_2024_2026,2.0,33,-0.06496724655610897,-0.8955758531138812,-0.976385974398536,-0.5903482911540587,0.36363636363636365
L,1,IFLY10,H2_25,e050,L,pre_2019_2020,1.0,18,-0.039671031767577636,-0.28609600365603766,-0.954248669453173,-0.7054904671592425,0.3333333333333333
L,1,IFLY10,H2_25,e050,L,dev_2021_2023,1.0,36,-0.0834341859796418,-0.9236225716561244,-0.997164395050705,-0.6898405043207803,0.3611111111111111
L,1,IFLY10,H2_25,e050,L,hold_2024_2025,1.0,24,-0.12307563152319462,-0.8479356233174977,-0.9980904480370726,-0.6868673984187904,0.25
L,1,IFLY10,H2_25,e050,L,ext_2026,1.0,9,0.06529214587576056,0.8441751895484847,-0.3740284028952886,-0.25544053246933235,0.4444444444444444
L,1,IFLY10,H2_25,e050,L,post_2021_2026,1.0,69,-0.07782342810060769,-0.7012186989954339,-0.9999943102315697,-0.6898405043207803,0.3333333333333333
L,1,IFLY10,H2_25,e050,L,frozen_2024_2026,1.0,33,-0.07170260132347957,-0.5460482032461094,-0.9988046747080118,-0.6868673984187904,0.30303030303030304
L,1,IFLY10,H2_25,e050,S,pre_2019_2020,1.0,18,-0.10165852093591743,-1.3403023655306683,-0.9349301845999467,-0.6007116776075663,0.3333333333333333
L,1,IFLY10,H2_25,e050,S,dev_2021_2023,1.0,36,-0.12102372364939251,-1.7614726859830636,-0.9986225381597382,-0.6797412625133097,0.25
L,1,IFLY10,H2_25,e050,S,hold_2024_2025,1.0,24,-0.05863805661628831,-1.2644352025145253,-0.8848288315981397,-0.5129214638014249,0.4166666666666667
L,1,IFLY10,H2_25,e050,S,ext_2026,1.0,9,-0.0571487855819384,-1.2813553518212288,-0.5274234337314586,-0.2699570133741313,0.3333333333333333
L,1,IFLY10,H2_25,e050,S,post_2021_2026,1.0,69,-0.09099284754212314,-1.5437320173632638,-0.9998637716847991,-0.6797412625133097,0.3188405797101449
L,1,IFLY10,H2_25,e050,S,frozen_2024_2026,1.0,33,-0.05823189178873834,-1.288297279062347,-0.9330133713395314,-0.5129214638014249,0.3939393939393939
L,1,IFLY15,H0,e000,LS,pre_2019_2020,2.0,18,0.18709314611265118,1.412464927755646,-0.8584654377880183,-0.8584654377880183,0.7777777777777778
L,1,IFLY15,H0,e000,LS,dev_2021_2023,2.0,36,-0.023272813618683625,-0.2185472101430736,-0.9889296432878639,-0.7759992474001096,0.4166666666666667
L,1,IFLY15,H0,e000,LS,hold_2024_2025,2.0,24,-0.0765498852046233,-0.8394159894275343,-0.9793287602864343,-0.6485899471393616,0.375
L,1,IFLY15,H0,e000,LS,ext_2026,2.0,9,-0.0006153591411711431,-0.004218361523918635,-0.8149486219966762,-0.6519475105217183,0.4444444444444444
L,1,IFLY15,H0,e000,LS,post_2021_2026,2.0,69,-0.038848648803682766,-0.3667296149266669,-0.9998491409750859,-0.7759992474001096,0.4057971014492754
L,1,IFLY15,H0,e000,LS,frozen_2024_2026,2.0,33,-0.05584046900549999,-0.5230934051410395,-0.9939131464833307,-0.6519475105217183,0.3939393939393939
L,1,IFLY15,H0,e050,LS,pre_2019_2020,2.0,18,0.11407345959129568,0.8526721018057801,-0.9065299539170506,-0.9065299539170506,0.7777777777777778
L,1,IFLY15,H0,e050,LS,dev_2021_2023,2.0,36,-0.10784394332426842,-0.9252530750111809,-1.0003245976109056,-1.1178164340448817,0.3888888888888889
L,1,IFLY15,H0,e050,LS,hold_2024_2025,2.0,24,-0.13811967569304087,-1.509460098255695,-0.9959092070963929,-0.6910741169658368,0.2916666666666667
L,1,IFLY15,H0,e050,LS,ext_2026,2.0,9,-0.0730261738548787,-0.5046580352437744,-0.8986722427713845,-0.7484296831573096,0.4444444444444444
L,1,IFLY15,H0,e050,LS,post_2021_2026,2.0,69,-0.11383318465218192,-1.025351185815054,-1.0003245976109056,-1.1178164340448817,0.36231884057971014
L,1,IFLY15,H0,e050,LS,frozen_2024_2026,2.0,33,-0.12036690246445117,-1.1310677831853433,-0.9994483626441308,-0.7484296831573096,0.3333333333333333
L,1,IFLY15,H0,e050,L,pre_2019_2020,1.0,18,0.15677352563042957,0.987952432691713,-0.9660156229014882,-0.8857377049180324,0.6111111111111112
L,1,IFLY15,H0,e050,L,dev_2021_2023,1.0,36,-0.026540722286480127,-0.19645343522604508,-0.9992628384946924,-0.7287323943661972,0.4722222222222222
L,1,IFLY15,H0,e050,L,hold_2024_2025,1.0,24,-0.27357729543725545,-1.6482247788384785,-0.9999999859437557,-0.9790909090909091,0.2916666666666667
L,1,IFLY15,H0,e050,L,ext_2026,1.0,9,0.05699184618092539,0.3594528153765401,-0.6229783824272266,-0.6189572192513371,0.5555555555555556
L,1,IFLY15,H0,e050,L,post_2021_2026,1.0,69,-0.10157093445187082,-0.6687777756674824,-0.9999999999888264,-0.9790909090909091,0.42028985507246375
L,1,IFLY15,H0,e050,L,frozen_2024_2026,1.0,33,-0.18342207499593344,-1.09715354599464,-0.9999999947004921,-0.9790909090909091,0.36363636363636365
L,1,IFLY15,H0,e050,S,pre_2019_2020,1.0,18,0.07137339355216178,0.3778770992902985,-1.072073153181181,-1.0319999999999996,0.4444444444444444
L,1,IFLY15,H0,e050,S,dev_2021_2023,1.0,36,-0.1891471643620567,-0.9151984532199485,-1.014853490491866,-2.1117241379310334,0.4166666666666667
L,1,IFLY15,H0,e050,S,hold_2024_2025,1.0,24,-0.002662055948826241,-0.027070865121898536,-0.9478083331149963,-0.7196666666666669,0.4583333333333333
L,1,IFLY15,H0,e050,S,ext_2026,1.0,9,-0.20304419389068273,-1.0912564909396374,-1.0000975865319626,-1.0082062455156469,0.4444444444444444
L,1,IFLY15,H0,e050,S,post_2021_2026,1.0,69,-0.12609543485249297,-0.72779880149501,-1.014853490491866,-2.1117241379310334,0.43478260869565216
L,1,IFLY15,H0,e050,S,frozen_2024_2026,1.0,33,-0.05731172993296892,-0.4490405697512405,-1.0000074468041926,-1.0082062455156469,0.45454545454545453
L,1,IFLY15,H0,e100,LS,pre_2019_2020,2.0,18,0.041053773069940264,0.3025194386356546,-0.9823538534635,-0.9545944700460829,0.6111111111111112
L,1,IFLY15,H0,e100,LS,dev_2021_2023,2.0,36,-0.19241507302985317,-1.4674324032212605,-1.0001564490446,-1.459633620689655,0.3055555555555556
L,1,IFLY15,H0,e100,LS,hold_2024_2025,2.0,24,-0.19968946618145833,-2.162351919417237,-0.9993802790455181,-0.7335582867923118,0.25
L,1,IFLY15,H0,e100,LS,ext_2026,2.0,9,-0.14543698856858625,-1.0115285069905189,-0.9642488513408687,-0.8449118557929008,0.4444444444444444
L,1,IFLY15,H0,e100,LS,post_2021_2026,2.0,69,-0.18881772050068102,-1.5850281319959922,-1.0001564490446,-1.459633620689655,0.30434782608695654
L,1,IFLY15,H0,e100,LS,frozen_2024_2026,2.0,33,-0.18489333592340232,-1.7356517757309808,-0.9999750975271681,-0.8449118557929008,0.30303030303030304
L,1,IFLY15,H0,tick,LS,pre_2019_2020,2.0,18,0.0365551054127437,0.2689915372296618,-0.9873608924731689,-0.9650552995391704,0.5555555555555556
L,1,IFLY15,H0,tick,LS,dev_2021_2023,2.0,36,-0.19579983111198132,-1.4914421775544153,-1.0001464248801952,-1.4640739600437875,0.3055555555555556
L,1,IFLY15,H0,tick,LS,hold_2024_2025,2.0,24,-0.20337082300217998,-2.2030601599425212,-0.9994500769751957,-0.7354186824065599,0.25
L,1,IFLY15,H0,tick,LS,ext_2026,2.0,9,-0.14789902663728446,-1.0295921593552844,-0.9657106696177129,-0.8477308822361629,0.4444444444444444
L,1,IFLY15,H0,tick,LS,post_2021_2026,2.0,69,-0.19218528857709,-1.6123967698245685,-1.0001464248801952,-1.4640739600437875,0.30434782608695654
L,1,IFLY15,H0,tick,LS,frozen_2024_2026,2.0,33,-0.18824215126629937,-1.7680114582930628,-0.9999789427540666,-0.8477308822361629,0.30303030303030304
L,1,IFLY15,H1,e050,LS,pre_2019_2020,2.0,18,0.00979222212855349,0.11074498624498907,-0.7566207902636515,-0.3713246997210936,0.4444444444444444
L,1,IFLY15,H1,e050,LS,dev_2021_2023,2.0,36,-0.1442179671319253,-1.6961282048532065,-0.9999699392075254,-0.9664426799381833,0.3055555555555556
L,1,IFLY15,H1,e050,LS,hold_2024_2025,2.0,24,-0.13063948094568578,-1.9317422720957083,-0.9855793725491954,-0.5078532993603233,0.20833333333333334
L,1,IFLY15,H1,e050,LS,ext_2026,2.0,9,-0.09178528710593088,-2.8972194241826106,-0.6039003385963547,-0.27492588356572994,0.1111111111111111
L,1,IFLY15,H1,e050,LS,post_2021_2026,2.0,69,-0.13265597019419056,-1.8034462542608172,-0.9999996975604636,-0.9664426799381833,0.2463768115942029
L,1,IFLY15,H1,e050,LS,frozen_2024_2026,2.0,33,-0.1200428826257526,-2.0108326376932344,-0.994094437171962,-0.5078532993603233,0.18181818181818182
L,1,IFLY15,H1,e050,L,pre_2019_2020,1.0,18,0.033627248530108886,0.2103935740976174,-0.9159157419501261,-0.5854078278359072,0.3333333333333333
L,1,IFLY15,H1,e050,L,dev_2021_2023,1.0,36,-0.0531317989946839,-0.6055524083741602,-0.9851449523204899,-0.6293501674850857,0.3611111111111111
L,1,IFLY15,H1,e050,L,hold_2024_2025,1.0,24,-0.13795162932155025,-1.2200349568728792,-0.997298088991089,-0.7309680151675594,0.20833333333333334
L,1,IFLY15,H1,e050,L,ext_2026,1.0,9,-0.05925020345932213,-2.456609903682542,-0.4407143574904697,-0.17441845825013816,0.2222222222222222
L,1,IFLY15,H1,e050,L,post_2021_2026,1.0,69,-0.08343240142985107,-0.9055005696704965,-0.9999654915834527,-0.7309680151675594,0.2898550724637681
L,1,IFLY15,H1,e050,L,frozen_2024_2026,1.0,33,-0.11648760408639712,-1.198904160463333,-0.9984888599653776,-0.7309680151675594,0.21212121212121213
L,1,IFLY15,H1,e050,S,pre_2019_2020,1.0,18,-0.0140428042730019,-0.15120509112422986,-0.8306145759625401,-0.5741229300496508,0.4444444444444444
L,1,IFLY15,H1,e050,S,dev_2021_2023,1.0,36,-0.23530413526916671,-1.8386762899215496,-1.0116521176906235,-1.7650370275442333,0.25
L,1,IFLY15,H1,e050,S,hold_2024_2025,1.0,24,-0.12332733256982127,-1.985631298014393,-0.9860269786976268,-0.6012315844685266,0.25
L,1,IFLY15,H1,e050,S,ext_2026,1.0,9,-0.12432037075253964,-2.225043394265573,-0.7594912558433207,-0.5073894866557369,0.2222222222222222
L,1,IFLY15,H1,e050,S,post_2021_2026,1.0,69,-0.18187953895853,-1.7864867053866844,-1.0116521176906235,-1.7650370275442333,0.2463768115942029
L,1,IFLY15,H1,e050,S,frozen_2024_2026,1.0,33,-0.12359816116510808,-2.073506129567183,-0.9953250535312654,-0.6012315844685266,0.24242424242424243
L,1,IFLY15,H2_15,e050,LS,pre_2019_2020,2.0,18,-0.004311617534030022,-0.0568578405561308,-0.6953238744259252,-0.43059426196960443,0.3333333333333333
L,1,IFLY15,H2_15,e050,LS,dev_2021_2023,2.0,36,-0.13664814441263923,-1.584664117065463,-1.0002620499303554,-1.0414412231594072,0.3611111111111111
L,1,IFLY15,H2_15,e050,LS,hold_2024_2025,2.0,24,-0.1361696430701191,-1.9054556491275585,-0.9905355750771319,-0.5905923233627,0.20833333333333334
L,1,IFLY15,H2_15,e050,LS,ext_2026,2.0,9,-0.05348446667223657,-1.5831714922826827,-0.4226709207863494,-0.15094431100499273,0.1111111111111111
L,1,IFLY15,H2_15,e050,LS,post_2021_2026,2.0,69,-0.12563427293605794,-1.6561024275472345,-1.0002620499303554,-1.0414412231594072,0.2753623188405797
L,1,IFLY15,H2_15,e050,LS,frozen_2024_2026,2.0,33,-0.11361914041615113,-1.7804153167458407,-0.9939213557336248,-0.5905923233627,0.18181818181818182
L,1,IFLY15,H2_15,e050,L,pre_2019_2020,1.0,18,0.021004217731004048,0.15564406881948953,-0.8547726960827178,-0.5878224859306233,0.2777777777777778
L,1,IFLY15,H2_15,e050,L,dev_2021_2023,1.0,36,-0.06787159170335358,-0.7836609217229169,-0.9898382260556325,-0.6332260617078941,0.3333333333333333
L,1,IFLY15,H2_15,e050,L,hold_2024_2025,1.0,24,-0.12810936869023098,-1.0716904899943775,-0.9975089063440409,-0.7216591233121242,0.2916666666666667
L,1,IFLY15,H2_15,e050,L,ext_2026,1.0,9,-0.03629336420997214,-0.72520385990643,-0.4349000729921477,-0.26244253844566734,0.3333333333333333
L,1,IFLY15,H2_15,e050,L,post_2021_2026,1.0,69,-0.08470496272139164,-0.8888038101314685,-0.9999801600078451,-0.7216591233121242,0.3188405797101449
L,1,IFLY15,H2_15,e050,L,frozen_2024_2026,1.0,33,-0.10306864019561492,-0.9809141326114582,-0.9985922831568478,-0.7216591233121242,0.30303030303030304
L,1,IFLY15,H2_15,e050,S,pre_2019_2020,1.0,18,-0.029627452799064084,-0.3087726756382814,-0.8988230334228458,-0.7489272668644971,0.4444444444444444
L,1,IFLY15,H2_15,e050,S,dev_2021_2023,1.0,36,-0.20542469712192485,-1.5052964693491244,-1.0101429135947524,-1.805853619098015,0.25
L,1,IFLY15,H2_15,e050,S,hold_2024_2025,1.0,24,-0.14422991745000718,-1.892522257373956,-0.9961477317785931,-0.7676444309532744,0.2916666666666667
L,1,IFLY15,H2_15,e050,S,ext_2026,1.0,9,-0.07067556913450099,-1.492284679324834,-0.5442970529491673,-0.3189368431087671,0.4444444444444444
L,1,IFLY15,H2_15,e050,S,post_2021_2026,1.0,69,-0.16656358315072428,-1.520719916462832,-1.0101429135947524,-1.805853619098015,0.2898550724637681
L,1,IFLY15,H2_15,e050,S,frozen_2024_2026,1.0,33,-0.1241696406366873,-1.7871226950790797,-0.9975120181145656,-0.7676444309532744,0.3333333333333333
L,1,IFLY15,H2_25,e050,LS,pre_2019_2020,2.0,18,-0.021662350085465937,-0.30989930424375417,-0.7431382047946182,-0.5373572802122579,0.3888888888888889
L,1,IFLY15,H2_25,e050,LS,dev_2021_2023,2.0,36,-0.1319095508743409,-1.4881110885518722,-1.000198422505169,-1.0338525484598249,0.3055555555555556
L,1,IFLY15,H2_25,e050,LS,hold_2024_2025,2.0,24,-0.1478135157041443,-2.4343558972400774,-0.9902069725116779,-0.602840662760332,0.2916666666666667
L,1,IFLY15,H2_25,e050,LS,ext_2026,2.0,9,-0.0672548369965402,-1.6645527720215059,-0.5378744645284984,-0.27712647143510033,0.2222222222222222
L,1,IFLY15,H2_25,e050,LS,post_2021_2026,2.0,69,-0.1290081411789072,-1.733848118211604,-1.000198422505169,-1.0338525484598249,0.2898550724637681
L,1,IFLY15,H2_25,e050,LS,frozen_2024_2026,2.0,33,-0.1258429669657068,-2.2355721027294346,-0.995474391928072,-0.602840662760332,0.2727272727272727
L,1,IFLY15,H2_25,e050,L,pre_2019_2020,1.0,18,-0.025659036098609787,-0.21229439975856312,-0.9395974457407695,-0.6754138961412517,0.3888888888888889
L,1,IFLY15,H2_25,e050,L,dev_2021_2023,1.0,36,-0.0770160671916619,-0.8893166664312528,-0.993974689092791,-0.7538109967748919,0.3333333333333333
L,1,IFLY15,H2_25,e050,L,hold_2024_2025,1.0,24,-0.18890820712513892,-1.8451783828387402,-0.999450792141953,-0.7575113419312494,0.2916666666666667
L,1,IFLY15,H2_25,e050,L,ext_2026,1.0,9,-0.014354643456910697,-0.4339416007216096,-0.26289941923928883,-0.15422019606154033,0.3333333333333333
L,1,IFLY15,H2_25,e050,L,post_2021_2026,1.0,69,-0.10776184320312113,-1.2150515603311391,-0.9999973418290219,-0.7575113419312494,0.3188405797101449
L,1,IFLY15,H2_25,e050,L,frozen_2024_2026,1.0,33,-0.1413026897610767,-1.5485259064816441,-0.9995951785688753,-0.7575113419312494,0.30303030303030304
L,1,IFLY15,H2_25,e050,S,pre_2019_2020,1.0,18,-0.01766566407232207,-0.19165170998426512,-0.8285692718784832,-0.6210791091577538,0.5555555555555556
L,1,IFLY15,H2_25,e050,S,dev_2021_2023,1.0,36,-0.18680303455701983,-1.2740750383285777,-1.005118063072129,-1.87214073183863,0.2777777777777778
L,1,IFLY15,H2_25,e050,S,hold_2024_2025,1.0,24,-0.10671882428314967,-1.5311233363532337,-0.9846299604796295,-0.5458926301688946,0.3333333333333333
L,1,IFLY15,H2_25,e050,S,ext_2026,1.0,9,-0.12015503053616973,-1.9150752334364138,-0.7707667053832399,-0.4984062539014692,0.3333333333333333
L,1,IFLY15,H2_25,e050,S,post_2021_2026,1.0,69,-0.15025443915469325,-1.3030875259491492,-1.005118063072129,-1.87214073183863,0.30434782608695654
L,1,IFLY15,H2_25,e050,S,frozen_2024_2026,1.0,33,-0.11038324417033696,-1.649362486045746,-0.9941253668011353,-0.5458926301688946,0.3333333333333333
L,1,SSPREAD,H0,e000,LS,pre_2019_2020,2.0,18,0.08255833385441533,0.5483767379470087,-0.7966461773191746,-0.5899760429574555,0.5555555555555556
L,1,SSPREAD,H0,e000,LS,dev_2021_2023,2.0,36,-0.16345298101631991,-1.1119109359748445,-0.9999962165212484,-0.7195807453416149,0.2777777777777778
L,1,SSPREAD,H0,e000,LS,hold_2024_2025,2.0,24,-0.045319261494070916,-0.24286840914299834,-0.9989434964471838,-0.7553938584779706,0.2916666666666667
L,1,SSPREAD,H0,e000,LS,ext_2026,2.0,9,0.2555239052621104,0.9582736439026104,-0.8644456918788371,-0.8644456918788371,0.5555555555555556
L,1,SSPREAD,H0,e000,LS,post_2021_2026,2.0,69,-0.06771383253748149,-0.373680536133415,-0.9999999936127223,-0.8644456918788371,0.3188405797101449
L,1,SSPREAD,H0,e000,LS,frozen_2024_2026,2.0,33,0.03672887489397852,0.1744158001707473,-0.9992016713544175,-0.8644456918788371,0.36363636363636365
L,1,SSPREAD,H0,e050,LS,pre_2019_2020,2.0,18,-0.012414186388842717,-0.0842972513954861,-0.9552419022676012,-0.6386022536561975,0.5
L,1,SSPREAD,H0,e050,LS,dev_2021_2023,2.0,36,-0.24029682492031595,-1.6225452569568999,-0.9999999815771302,-0.8950150312650311,0.2777777777777778
L,1,SSPREAD,H0,e050,LS,hold_2024_2025,2.0,24,-0.14393568884328867,-0.7488781013955026,-0.999991191448574,-0.9535414039512402,0.2916666666666667
L,1,SSPREAD,H0,e050,LS,ext_2026,2.0,9,0.15910984722744992,0.6162105656956418,-0.958900283206411,-0.923309884609276,0.5555555555555556
L,1,SSPREAD,H0,e050,LS,post_2021_2026,2.0,69,-0.15468338556990222,-0.8509819992821064,-0.9999999999999547,-0.9535414039512402,0.3188405797101449
L,1,SSPREAD,H0,e050,LS,frozen_2024_2026,2.0,33,-0.061286906278541796,-0.28960249045793907,-0.9999987874848618,-0.9535414039512402,0.36363636363636365
L,1,SSPREAD,H0,e050,L,pre_2019_2020,1.0,18,-0.008442221623982742,-0.028571582689646966,-1.0823134068114595,-1.0586451612903225,0.5
L,1,SSPREAD,H0,e050,L,dev_2021_2023,1.0,36,-0.3708765353432279,-1.2601815264642335,-1.0035999999999996,-1.3613333333333335,0.2777777777777778
L,1,SSPREAD,H0,e050,L,hold_2024_2025,1.0,24,-0.3146386371794678,-0.8390041338038553,-1.000287109375,-1.7128205128205132,0.2916666666666667
L,1,SSPREAD,H0,e050,L,ext_2026,1.0,9,0.5420038816669895,1.225028966438432,-1.0025549017259208,-1.0008152173913043,0.5555555555555556
L,1,SSPREAD,H0,e050,L,post_2021_2026,1.0,69,-0.2322441685458047,-0.6626401543648872,-1.0035999999999996,-1.7128205128205132,0.3188405797101449
L,1,SSPREAD,H0,e050,L,frozen_2024_2026,1.0,33,-0.08100885931225216,-0.20094018118585427,-1.000287109375,-1.7128205128205132,0.36363636363636365
L,1,SSPREAD,H0,e050,S,pre_2019_2020,1.0,18,-0.016386151153702688,-0.14575117514091912,-1.0919989940226384,-1.0970465116279071,0.6111111111111112
L,1,SSPREAD,H0,e050,S,dev_2021_2023,1.0,36,-0.1097171144974039,-0.9551873737625888,-1.0042341128306418,-1.6571739130434784,0.4166666666666667
L,1,SSPREAD,H0,e050,S,hold_2024_2025,1.0,24,0.02676725949289041,0.4698432178890774,-0.7520781994703307,-0.5949933244325767,0.5416666666666666
L,1,SSPREAD,H0,e050,S,ext_2026,1.0,9,-0.22378418721208979,-1.5990997258428836,-0.9942735911982427,-0.8618410041841005,0.4444444444444444
L,1,SSPREAD,H0,e050,S,post_2021_2026,1.0,69,-0.0771226025939997,-0.7423073365312178,-1.0042341128306418,-1.6571739130434784,0.463768115942029
L,1,SSPREAD,H0,e050,S,frozen_2024_2026,1.0,33,-0.04156495324483147,-0.45626407367225486,-0.996361695945367,-0.8618410041841005,0.5151515151515151
L,1,SSPREAD,H0,e100,LS,pre_2019_2020,2.0,18,-0.10738670663210087,-0.740171603388828,-0.9945003089732848,-0.7477781324820427,0.4444444444444444
L,1,SSPREAD,H0,e100,LS,dev_2021_2023,2.0,36,-0.3171406688243119,-2.069585978631443,-1.0021801742426955,-1.1768343917928674,0.2777777777777778
L,1,SSPREAD,H0,e100,LS,hold_2024_2025,2.0,24,-0.24255211619250638,-1.1602159006483643,-1.0422497441478158,-1.8237074401008826,0.2916666666666667
L,1,SSPREAD,H0,e100,LS,ext_2026,2.0,9,0.06269578919278944,0.2501975510962855,-0.9973594172939244,-0.9821740773397153,0.5555555555555556
L,1,SSPREAD,H0,e100,LS,post_2021_2026,2.0,69,-0.24165293860232284,-1.2820288804081033,-1.0021801742426955,-1.8237074401008826,0.3188405797101449
L,1,SSPREAD,H0,e100,LS,frozen_2024_2026,2.0,33,-0.15930268745106207,-0.7218728688895676,-1.0422497441478158,-1.8237074401008826,0.36363636363636365
L,1,SSPREAD,H0,tick,LS,pre_2019_2020,2.0,18,-0.11354359076205214,-0.781543324135326,-0.9953641015617687,-0.7546097366320825,0.4444444444444444
L,1,SSPREAD,H0,tick,LS,dev_2021_2023,2.0,36,-0.3231877589344402,-2.1076877307959543,-1.0022993173558694,-1.186800195407914,0.2777777777777778
L,1,SSPREAD,H0,tick,LS,hold_2024_2025,2.0,24,-0.24825640768697124,-1.1852800501163985,-1.040275378144466,-1.8404511699593666,0.2916666666666667
L,1,SSPREAD,H0,tick,LS,ext_2026,2.0,9,0.05843765651589593,0.23327526665726223,-0.9979977655159116,-0.9851598876213739,0.5555555555555556
L,1,SSPREAD,H0,tick,LS,post_2021_2026,2.0,69,-0.24734745213745069,-1.3107900772140786,-1.0022993173558694,-1.8404511699593666,0.3188405797101449
L,1,SSPREAD,H0,tick,LS,frozen_2024_2026,2.0,33,-0.1646125719952802,-0.7449905894717972,-1.040275378144466,-1.8404511699593666,0.36363636363636365
L,1,SSPREAD,H1,e050,LS,pre_2019_2020,2.0,18,-0.0007579700036613765,-0.004113156644385631,-0.9745534810032576,-0.5383399620167011,0.3333333333333333
L,1,SSPREAD,H1,e050,LS,dev_2021_2023,2.0,36,-0.19081999618732173,-2.0027893042312965,-0.9999730825369952,-0.6830022865701859,0.19444444444444445
L,1,SSPREAD,H1,e050,LS,hold_2024_2025,2.0,24,-0.1107744618645165,-0.9105792325754788,-0.9986272990717517,-0.712453944661957,0.2916666666666667
L,1,SSPREAD,H1,e050,LS,ext_2026,2.0,9,-0.032731675843972734,-0.45872962835070236,-0.6241239069370665,-0.3611477330950913,0.3333333333333333
L,1,SSPREAD,H1,e050,LS,post_2021_2026,2.0,69,-0.14235785550851793,-1.386466777309508,-0.9999999582492218,-0.712453944661957,0.2463768115942029
L,1,SSPREAD,H1,e050,LS,frozen_2024_2026,2.0,33,-0.08949006567709547,-0.8164632719483269,-0.9986272990717517,-0.712453944661957,0.30303030303030304
L,1,SSPREAD,H1,e050,L,pre_2019_2020,1.0,18,0.046738237315107095,0.13466115075214385,-1.0006285846691296,-1.034818382765554,0.3333333333333333
L,1,SSPREAD,H1,e050,L,dev_2021_2023,1.0,36,-0.24039559753300985,-1.4264200770596984,-0.99999999920676,-0.8738135254997107,0.3055555555555556
L,1,SSPREAD,H1,e050,L,hold_2024_2025,1.0,24,-0.15104152618415373,-0.6416019374848582,-1.0316647755155153,-1.2363157777589768,0.2916666666666667
L,1,SSPREAD,H1,e050,L,ext_2026,1.0,9,0.03944967660313656,0.3400855060520796,-0.6596374341382157,-0.3948216828242539,0.4444444444444444
L,1,SSPREAD,H1,e050,L,post_2021_2026,1.0,69,-0.1728143630460843,-0.9151538975829407,-1.0000000000351388,-1.2363157777589768,0.3188405797101449
L,1,SSPREAD,H1,e050,L,frozen_2024_2026,1.0,33,-0.0990893799694382,-0.4733855610277231,-1.0316647755155153,-1.2363157777589768,0.3333333333333333
L,1,SSPREAD,H1,e050,S,pre_2019_2020,1.0,18,-0.048254177322429884,-0.8110166794700108,-0.794914785654432,-0.4387594912653807,0.4444444444444444
L,1,SSPREAD,H1,e050,S,dev_2021_2023,1.0,36,-0.14124439484163365,-2.452635508796968,-0.9990533906936578,-0.7894751908320484,0.1111111111111111
L,1,SSPREAD,H1,e050,S,hold_2024_2025,1.0,24,-0.07050739754487928,-1.3289669636740458,-0.9340873223599997,-0.39752050459309135,0.2916666666666667
L,1,SSPREAD,H1,e050,S,ext_2026,1.0,9,-0.10491302829108201,-2.41802422583728,-0.7126342099473211,-0.3274737833659287,0.2222222222222222
L,1,SSPREAD,H1,e050,S,post_2021_2026,1.0,69,-0.11190134797095146,-2.053512073106942,-0.9999688033976883,-0.7894751908320484,0.18840579710144928
L,1,SSPREAD,H1,e050,S,frozen_2024_2026,1.0,33,-0.07989075138475274,-1.5933876363863042,-0.9696034085156736,-0.39752050459309135,0.2727272727272727
L,1,SSPREAD,H2_15,e050,LS,pre_2019_2020,2.0,18,-0.05675041804059693,-0.3413088587836022,-0.983869696887906,-0.6830546847284624,0.2222222222222222
L,1,SSPREAD,H2_15,e050,LS,dev_2021_2023,2.0,36,-0.1878041679534462,-1.9739659313194569,-0.9999750962458883,-0.7570647023293663,0.2222222222222222
L,1,SSPREAD,H2_15,e050,LS,hold_2024_2025,2.0,24,-0.1524622355415014,-1.3247910235396245,-0.998251503084794,-0.6831006422716863,0.25
L,1,SSPREAD,H2_15,e050,LS,ext_2026,2.0,9,-0.006492541484708607,-0.07714468772376044,-0.5964874611236184,-0.4703904658066933,0.5555555555555556
L,1,SSPREAD,H2_15,e050,LS,post_2021_2026,2.0,69,-0.15186197931423873,-1.499105050118912,-0.9999999786763384,-0.7570647023293663,0.2753623188405797
L,1,SSPREAD,H2_15,e050,LS,frozen_2024_2026,2.0,33,-0.1126523189805579,-1.043555834680396,-0.9991437571416726,-0.6831006422716863,0.3333333333333333
L,1,SSPREAD,H2_15,e050,L,pre_2019_2020,1.0,18,-0.025417477567517728,-0.08276956543990878,-1.1112563210966915,-1.0128483099395094,0.2222222222222222
L,1,SSPREAD,H2_15,e050,L,dev_2021_2023,1.0,36,-0.25078900948901267,-1.464678747440174,-1.1929538866326503,-1.1929538866326503,0.2777777777777778
L,1,SSPREAD,H2_15,e050,L,hold_2024_2025,1.0,24,-0.25332495815638273,-1.1145128153991415,-1.03105067090455,-1.1932130236336098,0.2916666666666667
L,1,SSPREAD,H2_15,e050,L,ext_2026,1.0,9,0.08399414891328638,0.70359553385562,-0.6284341678045302,-0.5677205942965006,0.6666666666666666
L,1,SSPREAD,H2_15,e050,L,post_2021_2026,1.0,69,-0.20800371010345023,-1.106735333046655,-1.1929538866326503,-1.1932130236336098,0.3333333333333333
L,1,SSPREAD,H2_15,e050,L,frozen_2024_2026,1.0,33,-0.16132883804647297,-0.7813142057170468,-1.03105067090455,-1.1932130236336098,0.3939393939393939
L,1,SSPREAD,H2_15,e050,S,pre_2019_2020,1.0,18,-0.08808335851367614,-1.589095570557736,-0.8801909021507324,-0.45132679956619154,0.3333333333333333
L,1,SSPREAD,H2_15,e050,S,dev_2021_2023,1.0,36,-0.1248193264178797,-1.894792183240418,-0.9990775507824315,-0.8875978578891072,0.19444444444444445
L,1,SSPREAD,H2_15,e050,S,hold_2024_2025,1.0,24,-0.05159951292662002,-0.9263378627959094,-0.9168265104636921,-0.47935218843084626,0.4166666666666667
L,1,SSPREAD,H2_15,e050,S,ext_2026,1.0,9,-0.09697923188270359,-1.493279670393403,-0.7656012061999683,-0.373060337316886,0.3333333333333333
L,1,SSPREAD,H2_15,e050,S,post_2021_2026,1.0,69,-0.09572024852502731,-1.5379110739529873,-0.9999646587327106,-0.8875978578891072,0.2898550724637681
L,1,SSPREAD,H2_15,e050,S,frozen_2024_2026,1.0,33,-0.06397579991464282,-1.1103737355997065,-0.9663627753588051,-0.47935218843084626,0.3939393939393939
L,1,SSPREAD,H2_25,e050,LS,pre_2019_2020,2.0,18,0.03120737756771602,0.160820635355938,-0.9121880797944716,-0.5916522281730104,0.3333333333333333
L,1,SSPREAD,H2_25,e050,LS,dev_2021_2023,2.0,36,-0.1924598123198855,-1.7778122592192005,-0.9999924537190409,-0.768673071865897,0.2222222222222222
L,1,SSPREAD,H2_25,e050,LS,hold_2024_2025,2.0,24,-0.18543466733317904,-1.6049426546785908,-0.9997179649860396,-0.7992324791546472,0.25
L,1,SSPREAD,H2_25,e050,LS,ext_2026,2.0,9,-0.16133633970576455,-1.3947982111104158,-0.9347530356226508,-0.7064402330178332,0.3333333333333333
L,1,SSPREAD,H2_25,e050,LS,post_2021_2026,2.0,69,-0.18595670024440664,-1.6884265204200148,-0.9999999997752927,-0.7992324791546472,0.2463768115942029
L,1,SSPREAD,H2_25,e050,LS,frozen_2024_2026,2.0,33,-0.178862396162066,-1.5717711775562397,-0.9999740041630821,-0.7992324791546472,0.2727272727272727
L,1,SSPREAD,H2_25,e050,L,pre_2019_2020,1.0,18,0.11098789920966852,0.2988349437150946,-1.000311972418684,-1.147965401537684,0.2777777777777778
L,1,SSPREAD,H2_25,e050,L,dev_2021_2023,1.0,36,-0.24785286153751768,-1.2898949023885382,-1.1929538866326503,-1.1929538866326503,0.2777777777777778
L,1,SSPREAD,H2_25,e050,L,hold_2024_2025,1.0,24,-0.29443349819022274,-1.3783943824093974,-1.1207811067851747,-1.2252238805970148,0.2916666666666667
L,1,SSPREAD,H2_25,e050,L,ext_2026,1.0,9,-0.16914189315015069,-0.9164144850871486,-0.9994996030298747,-0.9881798715203425,0.4444444444444444
L,1,SSPREAD,H2_25,e050,L,post_2021_2026,1.0,69,-0.25378817406184556,-1.292191833971623,-1.1929538866326503,-1.2252238805970148,0.30434782608695654
L,1,SSPREAD,H2_25,e050,L,frozen_2024_2026,1.0,33,-0.2602630604520213,-1.2763691207269152,-1.1207811067851747,-1.2252238805970148,0.3333333333333333
L,1,SSPREAD,H2_25,e050,S,pre_2019_2020,1.0,18,-0.04857314407423652,-0.767438825212404,-0.7707416857186234,-0.4597664015367989,0.4444444444444444
L,1,SSPREAD,H2_25,e050,S,dev_2021_2023,1.0,36,-0.13706676310225324,-1.9859922418907494,-0.9996998629547188,-0.9300273005434335,0.2222222222222222
L,1,SSPREAD,H2_25,e050,S,hold_2024_2025,1.0,24,-0.07643583647613539,-1.6062626382040626,-0.9305257774138603,-0.39657998820532225,0.375
L,1,SSPREAD,H2_25,e050,S,ext_2026,1.0,9,-0.15353078626137848,-2.464040200023619,-0.8569817018721541,-0.4898615981111383,0.3333333333333333
L,1,SSPREAD,H2_25,e050,S,post_2021_2026,1.0,69,-0.11812522642696771,-1.927656324858869,-0.9999957150734141,-0.9300273005434335,0.2898550724637681
L,1,SSPREAD,H2_25,e050,S,frozen_2024_2026,1.0,33,-0.09746173187211077,-1.8758368580377296,-0.9870421908136198,-0.4898615981111383,0.36363636363636365
Ltight,10,STRADDLE,H0,e000,LS,pre_2019_2020,19.885057471264368,18,-0.036337282739585836,-0.38684275761961195,-1.1045536910410585,-1.093116208853782,0.5
Ltight,10,STRADDLE,H0,e000,LS,dev_2021_2023,19.885057471264368,36,0.02026229468917658,0.4091537782297386,-0.5939821162809968,-0.2308171455689585,0.4166666666666667
Ltight,10,STRADDLE,H0,e000,LS,hold_2024_2025,19.885057471264368,24,0.031099529786895248,0.4838552185288295,-0.6382061522293678,-0.4075494905544109,0.5
Ltight,10,STRADDLE,H0,e000,LS,ext_2026,19.885057471264368,9,-0.0038730129819997453,-0.04442080637788254,-0.48553164821381656,-0.2785246240226339,0.3333333333333333
Ltight,10,STRADDLE,H0,e000,LS,post_2021_2026,19.885057471264368,69,0.02088368415736007,0.3498239543764977,-0.6382061522293678,-0.4075494905544109,0.43478260869565216
Ltight,10,STRADDLE,H0,e000,LS,frozen_2024_2026,19.885057471264368,33,0.02156156357719661,0.3083169708830645,-0.6382061522293678,-0.4075494905544109,0.45454545454545453
Ltight,10,STRADDLE,H0,e050,LS,pre_2019_2020,19.885057471264368,18,-0.06370760511395951,-0.64784081118214,-1.1826471154198324,-1.1923606377686546,0.3888888888888889
Ltight,10,STRADDLE,H0,e050,LS,dev_2021_2023,19.885057471264368,36,-0.0009278107239932754,-0.018879286908671643,-0.7203335208198098,-0.2504114409918376,0.3888888888888889
Ltight,10,STRADDLE,H0,e050,LS,hold_2024_2025,19.885057471264368,24,-0.0007156791026853975,-0.011064388837426218,-0.798290164227666,-0.4394060848697272,0.2916666666666667
Ltight,10,STRADDLE,H0,e050,LS,ext_2026,19.885057471264368,9,-0.031214649285693025,-0.35845236568748956,-0.5594783294377101,-0.3094361353532882,0.3333333333333333
Ltight,10,STRADDLE,H0,e050,LS,post_2021_2026,19.885057471264368,69,-0.004804483015933979,-0.08053193478391713,-0.8793984572442558,-0.4394060848697272,0.34782608695652173
Ltight,10,STRADDLE,H0,e050,LS,frozen_2024_2026,19.885057471264368,33,-0.009033580061687477,-0.12880371355597417,-0.798290164227666,-0.4394060848697272,0.30303030303030304
Ltight,10,STRADDLE,H0,e050,L,pre_2019_2020,10.0,18,0.1689486788790434,0.7622267568336327,-0.8029448338291868,-0.5746950459952106,0.4444444444444444
Ltight,10,STRADDLE,H0,e050,L,dev_2021_2023,10.0,36,-0.04931347514624834,-0.5244734556974632,-0.9910930626844052,-0.5832171871865189,0.2777777777777778
Ltight,10,STRADDLE,H0,e050,L,hold_2024_2025,10.0,24,0.07440359450852589,0.6520945483160284,-0.8018752758386564,-0.3525009615223521,0.4583333333333333
Ltight,10,STRADDLE,H0,e050,L,ext_2026,10.0,9,-0.012452184480578943,-0.0835449256409022,-0.8186984259949235,-0.5466890617512907,0.3333333333333333
Ltight,10,STRADDLE,H0,e050,L,post_2021_2026,10.0,69,-0.0014734564838482587,-0.013541963850686617,-0.9940735073892163,-0.5832171871865189,0.34782608695652173
Ltight,10,STRADDLE,H0,e050,L,frozen_2024_2026,10.0,33,0.050715654784224566,0.41354648601110894,-0.8186984259949235,-0.5466890617512907,0.42424242424242425
Ltight,10,STRADDLE,H0,e050,S,pre_2019_2020,9.885057471264368,18,-0.3185961396118657,-0.8749162613082958,-2.2113636304717765,-5.2329841573085085,0.3333333333333333
Ltight,10,STRADDLE,H0,e050,S,dev_2021_2023,9.885057471264368,36,0.04745785369826179,0.5314835649923239,-0.9792876831858953,-0.9245677998895315,0.6944444444444444
Ltight,10,STRADDLE,H0,e050,S,hold_2024_2025,9.885057471264368,24,-0.0727420452139892,-1.072261442244644,-0.9463438665764321,-0.6166000932436877,0.375
Ltight,10,STRADDLE,H0,e050,S,ext_2026,9.885057471264368,9,-0.049977114090807045,-0.7413049081225511,-0.6684366560241114,-0.45235893737596644,0.4444444444444444
Ltight,10,STRADDLE,H0,e050,S,post_2021_2026,9.885057471264368,69,-0.007059715635008406,-0.08774348527391647,-0.9980942465561562,-0.9245677998895315,0.5507246376811594
Ltight,10,STRADDLE,H0,e050,S,frozen_2024_2026,9.885057471264368,33,-0.06653342763493951,-0.9970439016072873,-0.9780592348886316,-0.6166000932436877,0.3939393939393939
Ltight,10,STRADDLE,H0,e100,LS,pre_2019_2020,19.885057471264368,18,-0.09107792748833315,-0.8855423123435291,-1.2260631955754127,-1.291605066683528,0.3888888888888889
Ltight,10,STRADDLE,H0,e100,LS,dev_2021_2023,19.885057471264368,36,-0.022117916137163116,-0.4531406544293614,-0.8507228351266295,-0.27364421720751286,0.3611111111111111
Ltight,10,STRADDLE,H0,e100,LS,hold_2024_2025,19.885057471264368,24,-0.032530887992266014,-0.4990245715014768,-0.8924600883602548,-0.47126267918504344,0.25
Ltight,10,STRADDLE,H0,e100,LS,ext_2026,19.885057471264368,9,-0.058556285589386275,-0.6731250550635378,-0.6247631658906957,-0.34034764668394235,0.3333333333333333
Ltight,10,STRADDLE,H0,e100,LS,post_2021_2026,19.885057471264368,69,-0.030492650189228015,-0.510640404075785,-0.9724378972371118,-0.47126267918504344,0.3188405797101449
Ltight,10,STRADDLE,H0,e100,LS,frozen_2024_2026,19.885057471264368,33,-0.03962872370057154,-0.5628130121158307,-0.8987566530526894,-0.47126267918504344,0.2727272727272727
Ltight,10,STRADDLE,H0,tick,LS,pre_2019_2020,19.885057471264368,18,-0.0943786175119878,-0.9173927139688806,-1.2207248732109657,-1.2941891822410727,0.3333333333333333
Ltight,10,STRADDLE,H0,tick,LS,dev_2021_2023,19.885057471264368,36,-0.02488346105917558,-0.5095950617608039,-0.864171674003344,-0.27714057880724596,0.3611111111111111
Ltight,10,STRADDLE,H0,tick,LS,hold_2024_2025,19.885057471264368,24,-0.035441977969167864,-0.5430753337222454,-0.8985143464518499,-0.47530097699591456,0.25
Ltight,10,STRADDLE,H0,tick,LS,ext_2026,19.885057471264368,9,-0.06088622461340439,-0.7000732125362484,-0.629356119170229,-0.34294905738517495,0.3333333333333333
Ltight,10,STRADDLE,H0,tick,LS,post_2021_2026,19.885057471264368,69,-0.03325200131755057,-0.5565745337352238,-0.9775897379505318,-0.47530097699591456,0.3188405797101449
Ltight,10,STRADDLE,H0,tick,LS,frozen_2024_2026,19.885057471264368,33,-0.04238131796305056,-0.6015773860146255,-0.9085368806740582,-0.47530097699591456,0.2727272727272727
Ltight,10,STRADDLE,H1,e050,LS,pre_2019_2020,19.885057471264368,18,-0.027035045579027858,-0.8399462795604615,-0.5135083974042784,-0.3261289765926062,0.4444444444444444
Ltight,10,STRADDLE,H1,e050,LS,dev_2021_2023,19.885057471264368,36,-0.03909409637890122,-1.4021178126971268,-0.799936773544668,-0.25639796412808347,0.2777777777777778
Ltight,10,STRADDLE,H1,e050,LS,hold_2024_2025,19.885057471264368,24,-0.03255617901640765,-1.2923883858452618,-0.635991972595719,-0.23168014089313,0.2916666666666667
Ltight,10,STRADDLE,H1,e050,LS,ext_2026,19.885057471264368,9,-0.037777521742378056,-2.2188122605635163,-0.3262349869053466,-0.1240130472363705,0.2222222222222222
Ltight,10,STRADDLE,H1,e050,LS,post_2021_2026,19.885057471264368,69,-0.03664831103935696,-1.4378525726185267,-0.9445301655693263,-0.25639796412808347,0.2753623188405797
Ltight,10,STRADDLE,H1,e050,LS,frozen_2024_2026,19.885057471264368,33,-0.03398018157803595,-1.4773511127736032,-0.7227384791624445,-0.23168014089313,0.2727272727272727
Ltight,10,STRADDLE,H1,e050,L,pre_2019_2020,10.0,18,-0.01729376243778842,-0.36847387780199625,-0.542674932472569,-0.23841057167350535,0.3888888888888889
Ltight,10,STRADDLE,H1,e050,L,dev_2021_2023,10.0,36,-0.04006814293160404,-0.8913672033499378,-0.8645182171298773,-0.26734297600061596,0.3333333333333333
Ltight,10,STRADDLE,H1,e050,L,hold_2024_2025,10.0,24,0.005051038011605623,0.07767127468627967,-0.6336865258733698,-0.3013323271545506,0.5
Ltight,10,STRADDLE,H1,e050,L,ext_2026,10.0,9,-0.01464295627811442,-0.40795733771698134,-0.2776114830732417,-0.22131717936186082,0.3333333333333333
Ltight,10,STRADDLE,H1,e050,L,post_2021_2026,10.0,69,-0.02105818608351073,-0.40841991385188353,-0.9449644632618251,-0.3013323271545506,0.391304347826087
Ltight,10,STRADDLE,H1,e050,L,frozen_2024_2026,10.0,33,-0.000320051340136209,-0.0055145973526608974,-0.6336865258733698,-0.3013323271545506,0.45454545454545453
Ltight,10,STRADDLE,H1,e050,S,pre_2019_2020,9.885057471264368,18,-0.03164802833953476,-0.43444985246559037,-0.8862457839256875,-0.8049337231186374,0.5
Ltight,10,STRADDLE,H1,e050,S,dev_2021_2023,9.885057471264368,36,-0.03812004982619841,-0.6685006559833394,-0.9172969251442463,-0.6159854625992709,0.4722222222222222
Ltight,10,STRADDLE,H1,e050,S,hold_2024_2025,9.885057471264368,24,-0.06513683787898443,-1.2255886777819653,-0.9089461669459942,-0.6163347130639316,0.3333333333333333
Ltight,10,STRADDLE,H1,e050,S,ext_2026,9.885057471264368,9,-0.0609120872066417,-2.450424815517125,-0.5216730079409245,-0.15989831854017472,0.2222222222222222
Ltight,10,STRADDLE,H1,e050,S,post_2021_2026,9.885057471264368,69,-0.05049006793766006,-0.9688173762559813,-0.9955095505262945,-0.6163347130639316,0.391304347826087
Ltight,10,STRADDLE,H1,e050,S,frozen_2024_2026,9.885057471264368,33,-0.06398463315016367,-1.368833007642106,-0.9457039598402177,-0.6163347130639316,0.30303030303030304
Ltight,10,STRADDLE,H2_15,e050,LS,pre_2019_2020,19.885057471264368,18,-0.029914433153074165,-0.9093248231237112,-0.5501655859380097,-0.36149546289048046,0.4444444444444444
Ltight,10,STRADDLE,H2_15,e050,LS,dev_2021_2023,19.885057471264368,36,-0.03621973983195702,-1.2599072312480206,-0.7799073047250472,-0.27393357720614103,0.3055555555555556
Ltight,10,STRADDLE,H2_15,e050,LS,hold_2024_2025,19.885057471264368,24,-0.030034011955104228,-1.1219530368416402,-0.621325518423564,-0.23267018851953533,0.375
Ltight,10,STRADDLE,H2_15,e050,LS,ext_2026,19.885057471264368,9,-0.02956589931547965,-1.378514405816944,-0.2737449110538913,-0.15332286594215216,0.3333333333333333
Ltight,10,STRADDLE,H2_15,e050,LS,post_2021_2026,19.885057471264368,69,-0.03320029006829378,-1.2349746352893791,-0.9307413555479602,-0.27393357720614103,0.3333333333333333
Ltight,10,STRADDLE,H2_15,e050,LS,frozen_2024_2026,19.885057471264368,33,-0.029906344871570244,-1.1914395415986585,-0.6853205674749093,-0.23267018851953533,0.36363636363636365
Ltight,10,STRADDLE,H2_15,e050,L,pre_2019_2020,10.0,18,-0.013632715874619773,-0.28075087388468906,-0.5643812390823251,-0.23812858879916576,0.3888888888888889
Ltight,10,STRADDLE,H2_15,e050,L,dev_2021_2023,10.0,36,-0.04482363049586204,-1.031079376284407,-0.8909949862205,-0.2749537648599831,0.3055555555555556
Ltight,10,STRADDLE,H2_15,e050,L,hold_2024_2025,10.0,24,0.01251299391427261,0.19865643056747656,-0.607735615190867,-0.2566493452637727,0.5
Ltight,10,STRADDLE,H2_15,e050,L,ext_2026,10.0,9,0.0029743225509860313,0.0719014697213472,-0.21818241186033105,-0.18321541560267787,0.4444444444444444
Ltight,10,STRADDLE,H2_15,e050,L,post_2021_2026,10.0,69,-0.01864594117318285,-0.3670963831651344,-0.9495087491547495,-0.2749537648599831,0.391304347826087
Ltight,10,STRADDLE,H2_15,e050,L,frozen_2024_2026,10.0,33,0.009911538087921728,0.17303676681692554,-0.607735615190867,-0.2566493452637727,0.48484848484848486
Ltight,10,STRADDLE,H2_15,e050,S,pre_2019_2020,9.885057471264368,18,-0.04152434757358273,-0.5063298789827306,-0.9783889916630886,-0.9630739661101707,0.5
Ltight,10,STRADDLE,H2_15,e050,S,dev_2021_2023,9.885057471264368,36,-0.027615849168051983,-0.47525446886128686,-0.8918440592328507,-0.575415582726012,0.5
Ltight,10,STRADDLE,H2_15,e050,S,hold_2024_2025,9.885057471264368,24,-0.06814976433477674,-1.308805156849299,-0.9093852331969499,-0.5939941279970263,0.3333333333333333
Ltight,10,STRADDLE,H2_15,e050,S,ext_2026,9.885057471264368,9,-0.06210612118194531,-2.1882701114039134,-0.5401328823784286,-0.17162401705560557,0.3333333333333333
Ltight,10,STRADDLE,H2_15,e050,S,post_2021_2026,9.885057471264368,69,-0.04621333340176843,-0.8761837056903218,-0.9946359352735686,-0.5939941279970263,0.42028985507246375
Ltight,10,STRADDLE,H2_15,e050,S,frozen_2024_2026,9.885057471264368,33,-0.06650149802036817,-1.4339580119985809,-0.9504043449820315,-0.5939941279970263,0.3333333333333333
Ltight,10,STRADDLE,H2_25,e050,LS,pre_2019_2020,19.885057471264368,18,-0.04327969695136405,-0.9432701491124268,-0.7211447121839025,-0.589281383514307,0.4444444444444444
Ltight,10,STRADDLE,H2_25,e050,LS,dev_2021_2023,19.885057471264368,36,-0.03291055874537232,-1.0981029012492571,-0.7835076258273774,-0.2778798997081115,0.25
Ltight,10,STRADDLE,H2_25,e050,LS,hold_2024_2025,19.885057471264368,24,-0.02461395253296393,-0.8346065031703491,-0.6612464277963801,-0.2196447795044567,0.375
Ltight,10,STRADDLE,H2_25,e050,LS,ext_2026,19.885057471264368,9,-0.033152198764339655,-1.2736479867566877,-0.3127513545760031,-0.1542070053195116,0.4444444444444444
Ltight,10,STRADDLE,H2_25,e050,LS,post_2021_2026,19.885057471264368,69,-0.0300563009348347,-1.0385568792767639,-0.9178206198305151,-0.2778798997081115,0.3188405797101449
Ltight,10,STRADDLE,H2_25,e050,LS,frozen_2024_2026,19.885057471264368,33,-0.02694256514152095,-0.9550956486811435,-0.6659355735460386,-0.2196447795044567,0.3939393939393939
Ltight,10,STRADDLE,H2_25,e050,L,pre_2019_2020,10.0,18,-0.007400856995739018,-0.14680549977816273,-0.5532027364077896,-0.24022474647350628,0.4444444444444444
Ltight,10,STRADDLE,H2_25,e050,L,dev_2021_2023,10.0,36,-0.04689421869864492,-0.9299729772549652,-0.924927955677833,-0.3594379178543885,0.25
Ltight,10,STRADDLE,H2_25,e050,L,hold_2024_2025,10.0,24,0.01311278313793436,0.21264773157895994,-0.6615659685668446,-0.28424724552968883,0.4583333333333333
Ltight,10,STRADDLE,H2_25,e050,L,ext_2026,10.0,9,-0.01149877453378566,-0.2608071673691967,-0.2730969263224571,-0.21317592953928774,0.4444444444444444
Ltight,10,STRADDLE,H2_25,e050,L,post_2021_2026,10.0,69,-0.021405420994853094,-0.39828840529140164,-0.9645699531116696,-0.3594379178543885,0.34782608695652173
Ltight,10,STRADDLE,H2_25,e050,L,frozen_2024_2026,10.0,33,0.00640054013655617,0.11263164709714323,-0.6615659685668446,-0.28424724552968883,0.45454545454545453
Ltight,10,STRADDLE,H2_25,e050,S,pre_2019_2020,9.885057471264368,18,-0.07467337438775276,-0.7090498751598393,-1.3648556596048367,-1.3795197694319876,0.4444444444444444
Ltight,10,STRADDLE,H2_25,e050,S,dev_2021_2023,9.885057471264368,36,-0.018926898792099703,-0.3294075843397118,-0.8373626484005823,-0.5245373684360546,0.5555555555555556
Ltight,10,STRADDLE,H2_25,e050,S,hold_2024_2025,9.885057471264368,24,-0.05867103645565589,-1.1008697281767186,-0.907807399807773,-0.604123522076917,0.4166666666666667
Ltight,10,STRADDLE,H2_25,e050,S,ext_2026,9.885057471264368,9,-0.05480562299489363,-2.390195899169216,-0.46609139660112986,-0.18197511948989448,0.2222222222222222
Ltight,10,STRADDLE,H2_25,e050,S,post_2021_2026,9.885057471264368,69,-0.037430780266744526,-0.713323479851126,-0.9871675114093099,-0.604123522076917,0.463768115942029
Ltight,10,STRADDLE,H2_25,e050,S,frozen_2024_2026,9.885057471264368,33,-0.05761683278453891,-1.2359424593846853,-0.9281407357390081,-0.604123522076917,0.36363636363636365
Ltight,10,STRANGLE25,H0,e000,LS,pre_2019_2020,19.885057471264368,18,-0.1890249548863649,-0.7431323933622012,-3.1025416489657607,-3.4759873023097674,0.4444444444444444
Ltight,10,STRANGLE25,H0,e000,LS,dev_2021_2023,19.885057471264368,36,0.013688603716171631,0.13040089871074684,-0.963188352641639,-0.6064209704699868,0.3888888888888889
Ltight,10,STRANGLE25,H0,e000,LS,hold_2024_2025,19.885057471264368,24,0.12421641967001885,0.8872507630541082,-0.9229130937837643,-0.8881316591104786,0.625
Ltight,10,STRANGLE25,H0,e000,LS,ext_2026,19.885057471264368,9,0.03943287438200814,0.22633392297126909,-0.6410231851220431,-0.46517617982047677,0.2222222222222222
Ltight,10,STRANGLE25,H0,e000,LS,post_2021_2026,19.885057471264368,69,0.05549100978696673,0.43744974936047665,-0.9826994569132085,-0.8881316591104786,0.4492753623188406
Ltight,10,STRANGLE25,H0,e000,LS,frozen_2024_2026,19.885057471264368,33,0.10109363459147049,0.6847104963993508,-0.9229130937837643,-0.8881316591104786,0.5151515151515151
Ltight,10,STRANGLE25,H0,e050,LS,pre_2019_2020,19.885057471264368,18,-0.23507995141554325,-0.870999101779368,-2.823684693167211,-3.753209482889666,0.3888888888888889
Ltight,10,STRANGLE25,H0,e050,LS,dev_2021_2023,19.885057471264368,36,-0.024987641944553926,-0.23965631377516766,-0.9896628444222375,-0.6663272674992424,0.3611111111111111
Ltight,10,STRANGLE25,H0,e050,LS,hold_2024_2025,19.885057471264368,24,0.06824218234569414,0.48336529345904305,-0.9868474087052741,-0.9475212408420542,0.5
Ltight,10,STRANGLE25,H0,e050,LS,ext_2026,19.885057471264368,9,-0.00544725107398259,-0.03130981598932729,-0.7276064066624233,-0.514556564959434,0.2222222222222222
Ltight,10,STRANGLE25,H0,e050,LS,post_2021_2026,19.885057471264368,69,0.009988869661259054,0.07883453034841759,-0.9994325865718681,-0.9475212408420542,0.391304347826087
Ltight,10,STRANGLE25,H0,e050,LS,frozen_2024_2026,19.885057471264368,33,0.04814506414032776,0.32469735162197066,-0.9868474087052741,-0.9475212408420542,0.42424242424242425
Ltight,10,STRANGLE25,H0,e050,L,pre_2019_2020,10.0,18,0.2767472849972473,0.5442503675798743,-0.9978123762052906,-0.8738151281789233,0.4444444444444444
Ltight,10,STRANGLE25,H0,e050,L,dev_2021_2023,10.0,36,-0.1357295063015124,-0.7054646840410423,-0.9999999686821377,-0.8939889858392238,0.25
Ltight,10,STRANGLE25,H0,e050,L,hold_2024_2025,10.0,24,0.14746462253928821,0.6659381816226537,-0.9678143094505784,-0.6828074659465664,0.4583333333333333
Ltight,10,STRANGLE25,H0,e050,L,ext_2026,10.0,9,0.05234308968605275,0.18267878335952767,-0.9601036335164198,-0.7846302901679792,0.3333333333333333
Ltight,10,STRANGLE25,H0,e050,L,post_2021_2026,10.0,69,-0.012695992445464557,-0.05870864165780149,-0.9999999959322612,-0.8939889858392238,0.3333333333333333
Ltight,10,STRANGLE25,H0,e050,L,frozen_2024_2026,10.0,33,0.12152238630658761,0.5138781214910967,-0.9866140217675147,-0.7846302901679792,0.42424242424242425
Ltight,10,STRANGLE25,H0,e050,S,pre_2019_2020,9.885057471264368,18,-0.7714173836601904,-0.7815092165372234,-3.9975998526131598,-14.34607145303858,0.3888888888888889
Ltight,10,STRANGLE25,H0,e050,S,dev_2021_2023,9.885057471264368,36,0.08575422241240453,0.45928356565525835,-1.1540248216614888,-2.2073654877398132,0.6111111111111112
Ltight,10,STRANGLE25,H0,e050,S,hold_2024_2025,9.885057471264368,24,-0.002279599876847995,-0.014265858049603479,-2.5134271437670144,-1.5611206494829182,0.5
Ltight,10,STRANGLE25,H0,e050,S,ext_2026,9.885057471264368,9,-0.06323759183401786,-0.5341643354004338,-0.8510641206753314,-0.6563420861632241,0.5555555555555556
Ltight,10,STRANGLE25,H0,e050,S,post_2021_2026,9.885057471264368,69,0.035700047584000714,0.21150640374826427,-1.1540248216614888,-2.2073654877398132,0.5652173913043478
Ltight,10,STRANGLE25,H0,e050,S,frozen_2024_2026,9.885057471264368,33,-0.018904506774257968,-0.127687040602545,-2.5134271437670144,-1.5611206494829182,0.5151515151515151
Ltight,10,STRANGLE25,H0,e100,LS,pre_2019_2020,19.885057471264368,18,-0.28113494794472144,-0.9844488792452464,-2.5399510845352418,-4.030431663469562,0.3888888888888889
Ltight,10,STRANGLE25,H0,e100,LS,dev_2021_2023,19.885057471264368,36,-0.0636638876052795,-0.6137126418113513,-0.9975255470531736,-0.7262335645284983,0.3333333333333333
Ltight,10,STRANGLE25,H0,e100,LS,hold_2024_2025,19.885057471264368,24,0.012267945021369428,0.08511720793994118,-1.0075038754772976,-1.0069108225736296,0.5
Ltight,10,STRANGLE25,H0,e100,LS,ext_2026,19.885057471264368,9,-0.050327376529973385,-0.28959867701007913,-0.8324436731321462,-0.5639369500983908,0.2222222222222222
Ltight,10,STRANGLE25,H0,e100,LS,post_2021_2026,19.885057471264368,69,-0.03551327046444863,-0.2788237155886146,-1.0000556880162943,-1.0069108225736296,0.37681159420289856
Ltight,10,STRANGLE25,H0,e100,LS,frozen_2024_2026,19.885057471264368,33,-0.004803506310814978,-0.03198937004281152,-1.0075038754772976,-1.0069108225736296,0.42424242424242425
Ltight,10,STRANGLE25,H0,tick,LS,pre_2019_2020,19.885057471264368,18,-0.29017380323805475,-1.016003113713902,-2.410064643079252,-4.0382354579648325,0.3888888888888889
Ltight,10,STRANGLE25,H0,tick,LS,dev_2021_2023,19.885057471264368,36,-0.07125246591839124,-0.6870232101330861,-0.9981958115021377,-0.7342153224529577,0.3333333333333333
Ltight,10,STRANGLE25,H0,tick,LS,hold_2024_2025,19.885057471264368,24,0.0040273608677404244,0.027899076029373172,-1.0156593637578784,-1.0145234286151612,0.5
Ltight,10,STRANGLE25,H0,tick,LS,ext_2026,19.885057471264368,9,-0.05682036478871001,-0.3268980144022294,-0.8459180961128451,-0.5741227482651812,0.2222222222222222
Ltight,10,STRANGLE25,H0,tick,LS,post_2021_2026,19.885057471264368,69,-0.043185730367169634,-0.33886808430921206,-1.0000815924930995,-1.0145234286151612,0.37681159420289856
Ltight,10,STRANGLE25,H0,tick,LS,frozen_2024_2026,19.885057471264368,33,-0.012567473402200604,-0.08360928336174057,-1.0156593637578784,-1.0145234286151612,0.42424242424242425
Ltight,10,STRANGLE25,H1,e050,LS,pre_2019_2020,19.885057471264368,18,-0.08655700906319347,-0.9884502162168285,-1.0839443457663618,-1.0997844014623233,0.4444444444444444
Ltight,10,STRANGLE25,H1,e050,LS,dev_2021_2023,19.885057471264368,36,-0.05446523837003844,-0.9316239403727502,-0.9726583369616226,-0.870984029557569,0.3888888888888889
Ltight,10,STRANGLE25,H1,e050,LS,hold_2024_2025,19.885057471264368,24,-0.037425287297101206,-0.8678792562063398,-0.7809130156941321,-0.3356567527992353,0.3333333333333333
Ltight,10,STRANGLE25,H1,e050,LS,ext_2026,19.885057471264368,9,-0.03355565205986456,-0.7547926978338935,-0.4105020392223371,-0.2551756795556516,0.4444444444444444
Ltight,10,STRANGLE25,H1,e050,LS,post_2021_2026,19.885057471264368,69,-0.04581096152160281,-0.8936748252747616,-0.9950375832799891,-0.870984029557569,0.37681159420289856
Ltight,10,STRANGLE25,H1,e050,LS,frozen_2024_2026,19.885057471264368,33,-0.036369932232400315,-0.8499782808744216,-0.8185034789930112,-0.3356567527992353,0.36363636363636365
Ltight,10,STRANGLE25,H1,e050,L,pre_2019_2020,10.0,18,-0.030653331369101096,-0.3020924168058861,-0.8592533913632092,-0.44301055413562346,0.3333333333333333
Ltight,10,STRANGLE25,H1,e050,L,dev_2021_2023,10.0,36,-0.07792587712859722,-0.911578158175886,-0.990802754860214,-0.5253747662223611,0.3611111111111111
Ltight,10,STRANGLE25,H1,e050,L,hold_2024_2025,10.0,24,0.02920077237026387,0.21916141550126944,-0.8763277571018407,-0.565450481884571,0.5
Ltight,10,STRANGLE25,H1,e050,L,ext_2026,10.0,9,0.022370881801270885,0.2878997456041216,-0.30991558384903206,-0.2741412210059713,0.4444444444444444
Ltight,10,STRANGLE25,H1,e050,L,post_2021_2026,10.0,69,-0.027582247877271437,-0.26651922790471627,-0.9988625560650785,-0.565450481884571,0.42028985507246375
Ltight,10,STRANGLE25,H1,e050,L,frozen_2024_2026,10.0,33,0.027338074942356693,0.22885345138212168,-0.8763277571018407,-0.565450481884571,0.48484848484848486
Ltight,10,STRANGLE25,H1,e050,S,pre_2019_2020,9.885057471264368,18,-0.12974288913113632,-0.6063143803792119,-2.85135288365598,-2.854635251532432,0.5555555555555556
Ltight,10,STRANGLE25,H1,e050,S,dev_2021_2023,9.885057471264368,36,-0.031004599611479666,-0.28969098243275665,-1.3173983404051515,-1.2199824363556788,0.6111111111111112
Ltight,10,STRANGLE25,H1,e050,S,hold_2024_2025,9.885057471264368,24,-0.09373994522986358,-0.7932302264612433,-1.0371771395174447,-1.4304077625176306,0.5
Ltight,10,STRANGLE25,H1,e050,S,ext_2026,9.885057471264368,9,-0.089482185921,-2.0397158555275956,-0.6881488781444407,-0.3054132889952963,0.1111111111111111
Ltight,10,STRANGLE25,H1,e050,S,post_2021_2026,9.885057471264368,69,-0.06045310064955063,-0.5783487437789214,-1.3173983404051515,-1.4304077625176306,0.5072463768115942
Ltight,10,STRANGLE25,H1,e050,S,frozen_2024_2026,9.885057471264368,33,-0.09257873814562806,-0.902658571299656,-1.0371771395174447,-1.4304077625176306,0.3939393939393939
Ltight,10,STRANGLE25,H2_15,e050,LS,pre_2019_2020,19.885057471264368,18,-0.0835036622278465,-0.876890422737111,-1.220272160543718,-1.2096329443024103,0.4444444444444444
Ltight,10,STRANGLE25,H2_15,e050,LS,dev_2021_2023,19.885057471264368,36,-0.05022279947520815,-0.8280682577155418,-0.9649412450545205,-0.8481068808077689,0.3888888888888889
Ltight,10,STRANGLE25,H2_15,e050,LS,hold_2024_2025,19.885057471264368,24,-0.026325782179693506,-0.5798462378943028,-0.7506255771224344,-0.33511030514101653,0.375
Ltight,10,STRANGLE25,H2_15,e050,LS,ext_2026,19.885057471264368,9,-0.003221450859819047,-0.056784454461041384,-0.31672375209319636,-0.2565610516869995,0.4444444444444444
Ltight,10,STRANGLE25,H2_15,e050,LS,post_2021_2026,19.885057471264368,69,-0.03578018277041318,-0.6540500087697381,-0.9911973873347488,-0.8481068808077689,0.391304347826087
Ltight,10,STRANGLE25,H2_15,e050,LS,frozen_2024_2026,19.885057471264368,33,-0.020024600910636837,-0.4179735065217943,-0.7506255771224344,-0.33511030514101653,0.3939393939393939
Ltight,10,STRANGLE25,H2_15,e050,L,pre_2019_2020,10.0,18,0.0004268817158369122,0.003603561311758345,-0.8400316993945438,-0.43397389759301924,0.3888888888888889
Ltight,10,STRANGLE25,H2_15,e050,L,dev_2021_2023,10.0,36,-0.08031365947319398,-0.894074063987878,-0.9935184236133484,-0.5358166101244183,0.3333333333333333
Ltight,10,STRANGLE25,H2_15,e050,L,hold_2024_2025,10.0,24,0.049865717214643966,0.4144959691764245,-0.7835715384159141,-0.560423334681184,0.4583333333333333
Ltight,10,STRANGLE25,H2_15,e050,L,ext_2026,10.0,9,0.0664213199135864,0.6894931407575997,-0.29964973734412725,-0.2645061215108907,0.3333333333333333
Ltight,10,STRANGLE25,H2_15,e050,L,post_2021_2026,10.0,69,-0.015894531140018136,-0.1549274748882822,-0.9984411752348366,-0.560423334681184,0.37681159420289856
Ltight,10,STRANGLE25,H2_15,e050,L,frozen_2024_2026,10.0,33,0.05438088158708281,0.48203452689622295,-0.7835715384159141,-0.560423334681184,0.42424242424242425
Ltight,10,STRANGLE25,H2_15,e050,S,pre_2019_2020,9.885057471264368,18,-0.15496801419327544,-0.6283905125562494,-4.643138418330481,-3.357025314344665,0.5
Ltight,10,STRANGLE25,H2_15,e050,S,dev_2021_2023,9.885057471264368,36,-0.02013193947722229,-0.18751955151376784,-1.3539576116935952,-1.2269384088476967,0.5555555555555556
Ltight,10,STRANGLE25,H2_15,e050,S,hold_2024_2025,9.885057471264368,24,-0.09288160482747804,-0.779072690652299,-1.0517596347908702,-1.4652462597102984,0.5
Ltight,10,STRANGLE25,H2_15,e050,S,ext_2026,9.885057471264368,9,-0.0728642216332245,-1.7404251832324797,-0.6328758655362483,-0.2486159818631085,0.2222222222222222
Ltight,10,STRANGLE25,H2_15,e050,S,post_2021_2026,9.885057471264368,69,-0.05231429466287677,-0.49778039567578125,-1.3539576116935952,-1.4652462597102984,0.4927536231884058
Ltight,10,STRANGLE25,H2_15,e050,S,frozen_2024_2026,9.885057471264368,33,-0.08742231850177254,-0.8466868712897304,-1.0517596347908702,-1.4652462597102984,0.42424242424242425
Ltight,10,STRANGLE25,H2_25,e050,LS,pre_2019_2020,19.885057471264368,18,-0.11728610764125429,-1.350113967225006,-1.048625095952983,-1.071506558359978,0.4444444444444444
Ltight,10,STRANGLE25,H2_25,e050,LS,dev_2021_2023,19.885057471264368,36,-0.03696405624118253,-0.6199941183878925,-0.9243417873345415,-0.7588700176218293,0.4166666666666667
Ltight,10,STRANGLE25,H2_25,e050,LS,hold_2024_2025,19.885057471264368,24,-0.012252603559023842,-0.23999335162959912,-0.7186059723782499,-0.2903429032923124,0.4583333333333333
Ltight,10,STRANGLE25,H2_25,e050,LS,ext_2026,19.885057471264368,9,-0.0034828548477238864,-0.06362808560439656,-0.34190356235094044,-0.31044909211390465,0.4444444444444444
Ltight,10,STRANGLE25,H2_25,e050,LS,post_2021_2026,19.885057471264368,69,-0.02400165512650229,-0.4324959888624632,-0.9769177221297166,-0.7588700176218293,0.43478260869565216
Ltight,10,STRANGLE25,H2_25,e050,LS,frozen_2024_2026,19.885057471264368,33,-0.009860853910487492,-0.19250855984157758,-0.7186059723782499,-0.31044909211390465,0.45454545454545453
Ltight,10,STRANGLE25,H2_25,e050,L,pre_2019_2020,10.0,18,-0.03313947663528809,-0.2670347565817694,-0.9320011118610378,-0.45322836310769565,0.3888888888888889
Ltight,10,STRANGLE25,H2_25,e050,L,dev_2021_2023,10.0,36,-0.06446428108638547,-0.7052747803382992,-0.9910627944718041,-0.5806299890571012,0.3888888888888889
Ltight,10,STRANGLE25,H2_25,e050,L,hold_2024_2025,10.0,24,0.03742395596605127,0.34371050578559437,-0.8715955685432581,-0.6316906920792996,0.5833333333333334
Ltight,10,STRANGLE25,H2_25,e050,L,ext_2026,10.0,9,0.02742886009166272,0.32012712466072685,-0.41849873498195855,-0.41849873498195855,0.4444444444444444
Ltight,10,STRANGLE25,H2_25,e050,L,post_2021_2026,10.0,69,-0.017038832392749014,-0.17591092759004687,-0.9984334767904465,-0.6316906920792996,0.463768115942029
Ltight,10,STRANGLE25,H2_25,e050,L,frozen_2024_2026,10.0,33,0.03469802072758166,0.3409305655138621,-0.8715955685432581,-0.6316906920792996,0.5454545454545454
Ltight,10,STRANGLE25,H2_25,e050,S,pre_2019_2020,9.885057471264368,18,-0.189912719804075,-0.8292938731440833,-2.883683607454179,-3.1247978786776276,0.3333333333333333
Ltight,10,STRANGLE25,H2_25,e050,S,dev_2021_2023,9.885057471264368,36,-0.009463831395979571,-0.097494741622002,-1.2865749580975867,-1.1683399725460457,0.5833333333333334
Ltight,10,STRANGLE25,H2_25,e050,S,hold_2024_2025,9.885057471264368,24,-0.05437074634916978,-0.4865700762784226,-1.0029380185681744,-1.027385027903818,0.5416666666666666
Ltight,10,STRANGLE25,H2_25,e050,S,ext_2026,9.885057471264368,9,-0.034394569787110515,-0.6427232212937567,-0.5241475035492453,-0.24776093832840657,0.2222222222222222
Ltight,10,STRANGLE25,H2_25,e050,S,post_2021_2026,9.885057471264368,69,-0.028335463343758468,-0.29154233131831453,-1.2865749580975867,-1.1683399725460457,0.5217391304347826
Ltight,10,STRANGLE25,H2_25,e050,S,frozen_2024_2026,9.885057471264368,33,-0.04892269819588089,-0.49680166617898586,-1.0029380185681744,-1.027385027903818,0.45454545454545453
Ltight,10,IFLY10,H0,e000,LS,pre_2019_2020,19.885057471264368,18,0.021902533996248794,0.4387871730125831,-0.3714068511184818,-0.3399041096212583,0.5
Ltight,10,IFLY10,H0,e000,LS,dev_2021_2023,19.885057471264368,36,-0.002031636092142869,-0.05784944810698191,-0.555781685465381,-0.19771768968284728,0.4166666666666667
Ltight,10,IFLY10,H0,e000,LS,hold_2024_2025,19.885057471264368,24,-0.00396191470388516,-0.09831329986902762,-0.6609503564518928,-0.26796829090405216,0.375
Ltight,10,IFLY10,H0,e000,LS,ext_2026,19.885057471264368,9,-0.02772117850201307,-0.4018422516895272,-0.5141472036183751,-0.3361727110469814,0.3333333333333333
Ltight,10,IFLY10,H0,e000,LS,post_2021_2026,19.885057471264368,69,-0.0060538472279493445,-0.14471401608038473,-0.7859816892419403,-0.3361727110469814,0.391304347826087
Ltight,10,IFLY10,H0,e000,LS,frozen_2024_2026,19.885057471264368,33,-0.010441713921556411,-0.2146388287402493,-0.6609503564518928,-0.3361727110469814,0.36363636363636365
Ltight,10,IFLY10,H0,e050,LS,pre_2019_2020,19.885057471264368,18,-0.016500039691648784,-0.31577565235872745,-0.6617038697737321,-0.3746193470446613,0.3888888888888889
Ltight,10,IFLY10,H0,e050,LS,dev_2021_2023,19.885057471264368,36,-0.028102415684145392,-0.8118140171859037,-0.7569896089617104,-0.21905945309389363,0.3611111111111111
Ltight,10,IFLY10,H0,e050,LS,hold_2024_2025,19.885057471264368,24,-0.042844965280769136,-1.048004909110645,-0.8296378953050877,-0.3036371172238215,0.25
Ltight,10,IFLY10,H0,e050,LS,ext_2026,19.885057471264368,9,-0.06459179300980329,-0.936150767267473,-0.618793310001136,-0.38604150651148217,0.3333333333333333
Ltight,10,IFLY10,H0,e050,LS,post_2021_2026,19.885057471264368,69,-0.037989743021100336,-0.9068378944158997,-0.9678747741721475,-0.38604150651148217,0.3188405797101449
Ltight,10,IFLY10,H0,e050,LS,frozen_2024_2026,19.885057471264368,33,-0.04877591829777845,-0.9957352527777144,-0.8836018695843446,-0.38604150651148217,0.2727272727272727
Ltight,10,IFLY10,H0,e050,L,pre_2019_2020,10.0,18,0.05953916221294913,0.5763974996950375,-0.693639398811958,-0.5387166576962252,0.5
Ltight,10,IFLY10,H0,e050,L,dev_2021_2023,10.0,36,-0.04547593149050276,-0.6690102519621689,-0.961822184925266,-0.538671601626536,0.3888888888888889
Ltight,10,IFLY10,H0,e050,L,hold_2024_2025,10.0,24,0.004255147290036991,0.056729445081069155,-0.8340295270851423,-0.33242600674259615,0.4583333333333333
Ltight,10,IFLY10,H0,e050,L,ext_2026,10.0,9,-0.029033287040024853,-0.26734053758883186,-0.7236913764297654,-0.4640679614145761,0.3333333333333333
Ltight,10,IFLY10,H0,e050,L,post_2021_2026,10.0,69,-0.02603347220373095,-0.34444412731593294,-0.985891127119273,-0.538671601626536,0.4057971014492754
Ltight,10,IFLY10,H0,e050,L,frozen_2024_2026,10.0,33,-0.004823516618161698,-0.0576059735901322,-0.8340295270851423,-0.4640679614145761,0.42424242424242425
Ltight,10,IFLY10,H0,e050,S,pre_2019_2020,9.885057471264368,18,-0.11019245209294577,-1.1898844917269393,-1.0130223966639607,-1.0525631351001814,0.3888888888888889
Ltight,10,IFLY10,H0,e050,S,dev_2021_2023,9.885057471264368,36,-0.010728899877788042,-0.2069542141987463,-0.8115863393238602,-0.5647266688368691,0.6388888888888888
Ltight,10,IFLY10,H0,e050,S,hold_2024_2025,9.885057471264368,24,-0.0872695411099197,-2.1487258315580133,-0.9266854794841042,-0.3353401295524111,0.3333333333333333
Ltight,10,IFLY10,H0,e050,S,ext_2026,9.885057471264368,9,-0.10015029897958168,-1.5558039512959454,-0.7735675547429496,-0.5071300338879237,0.4444444444444444
Ltight,10,IFLY10,H0,e050,S,post_2021_2026,9.885057471264368,69,-0.049015392363111275,-0.9677505990225088,-0.9963872842602531,-0.5647266688368691,0.5072463768115942
Ltight,10,IFLY10,H0,e050,S,frozen_2024_2026,9.885057471264368,33,-0.09078247507437297,-1.924854216446981,-0.9808256167478394,-0.5071300338879237,0.36363636363636365
Ltight,10,IFLY10,H0,e100,LS,pre_2019_2020,19.885057471264368,18,-0.05490261337954627,-0.9819927261040646,-0.8294260641308647,-0.4093345844680642,0.2777777777777778
Ltight,10,IFLY10,H0,e100,LS,dev_2021_2023,19.885057471264368,36,-0.05417319527614788,-1.5832775642992194,-0.9051785826497106,-0.26051490275178224,0.3333333333333333
Ltight,10,IFLY10,H0,e100,LS,hold_2024_2025,19.885057471264368,24,-0.08172801585765302,-1.9578155009916742,-0.9222561073243951,-0.33930594354359084,0.20833333333333334
Ltight,10,IFLY10,H0,e100,LS,ext_2026,19.885057471264368,9,-0.10146240751759349,-1.4684173965770764,-0.7196994287734091,-0.43591030197598285,0.3333333333333333
Ltight,10,IFLY10,H0,e100,LS,post_2021_2026,19.885057471264368,69,-0.06992563881425129,-1.6575424208844225,-0.9971002851366249,-0.43591030197598285,0.2898550724637681
Ltight,10,IFLY10,H0,e100,LS,frozen_2024_2026,19.885057471264368,33,-0.08711012267400042,-1.7589165282072359,-0.9717995144532551,-0.43591030197598285,0.24242424242424243
Ltight,10,IFLY10,H0,tick,LS,pre_2019_2020,19.885057471264368,18,-0.05819628752436894,-1.039349013100094,-0.8383807451966604,-0.41231070478622794,0.2777777777777778
Ltight,10,IFLY10,H0,tick,LS,dev_2021_2023,19.885057471264368,36,-0.05670079378055683,-1.6572391051379118,-0.9137576367998991,-0.2630814063337899,0.3333333333333333
Ltight,10,IFLY10,H0,tick,LS,hold_2024_2025,19.885057471264368,24,-0.08408059104585587,-2.0110591905407613,-0.9258504135874295,-0.34274012614676574,0.20833333333333334
Ltight,10,IFLY10,H0,tick,LS,ext_2026,19.885057471264368,9,-0.10359391598900768,-1.5000064854299326,-0.7243762210244632,-0.4383869943884899,0.3333333333333333
Ltight,10,IFLY10,H0,tick,LS,post_2021_2026,19.885057471264368,69,-0.07234069572611096,-1.7143992528366294,-0.9975886357389548,-0.4383869943884899,0.2898550724637681
Ltight,10,IFLY10,H0,tick,LS,frozen_2024_2026,19.885057471264368,33,-0.08940240693944274,-1.8042629377663912,-0.9741390810215782,-0.4383869943884899,0.24242424242424243
Ltight,10,IFLY10,H1,e050,LS,pre_2019_2020,19.885057471264368,18,-0.038675443754113886,-1.58438219743203,-0.5607756673639106,-0.22281809188252652,0.3333333333333333
Ltight,10,IFLY10,H1,e050,LS,dev_2021_2023,19.885057471264368,36,-0.05195811573998596,-2.168679257332799,-0.8720702079140097,-0.31158440782650854,0.16666666666666666
Ltight,10,IFLY10,H1,e050,LS,hold_2024_2025,19.885057471264368,24,-0.0547075175972769,-2.4458321622442956,-0.7597214550865963,-0.20590141240777732,0.16666666666666666
Ltight,10,IFLY10,H1,e050,LS,ext_2026,19.885057471264368,9,-0.04833218507846909,-3.4849500618557556,-0.36622654572879054,-0.12878237269050158,0.1111111111111111
Ltight,10,IFLY10,H1,e050,LS,post_2021_2026,19.885057471264368,69,-0.052441481951889295,-2.3747819252515403,-0.9805185744982134,-0.31158440782650854,0.15942028985507245
Ltight,10,IFLY10,H1,e050,LS,frozen_2024_2026,19.885057471264368,33,-0.05296879054669295,-2.6211319332423506,-0.8477178366029722,-0.20590141240777732,0.15151515151515152
Ltight,10,IFLY10,H1,e050,L,pre_2019_2020,10.0,18,-0.05654010785798311,-1.2226062990781907,-0.7575015233985204,-0.40144928538659536,0.2777777777777778
Ltight,10,IFLY10,H1,e050,L,dev_2021_2023,10.0,36,-0.041600591697239245,-1.1148114887553229,-0.8382017878374931,-0.2612698257824838,0.3055555555555556
Ltight,10,IFLY10,H1,e050,L,hold_2024_2025,10.0,24,-0.03134445830846338,-0.6421354945966651,-0.690815402013917,-0.26729900556275676,0.3333333333333333
Ltight,10,IFLY10,H1,e050,L,ext_2026,10.0,9,-0.030810177804309433,-1.1614749163459301,-0.3552043189608757,-0.20295833860047585,0.2222222222222222
Ltight,10,IFLY10,H1,e050,L,post_2021_2026,10.0,69,-0.03662579566293506,-0.9134465771375689,-0.960494197456418,-0.26729900556275676,0.30434782608695654
Ltight,10,IFLY10,H1,e050,L,frozen_2024_2026,10.0,33,-0.03119874544369411,-0.7179274616102352,-0.77510578217013,-0.26729900556275676,0.30303030303030304
Ltight,10,IFLY10,H1,e050,S,pre_2019_2020,9.885057471264368,18,-0.016754175951566194,-0.441397982204724,-0.5523872994049657,-0.2300770334705268,0.4444444444444444
Ltight,10,IFLY10,H1,e050,S,dev_2021_2023,9.885057471264368,36,-0.06231563978273266,-1.5263460099876252,-0.9534393381791569,-0.6564277636649876,0.3333333333333333
Ltight,10,IFLY10,H1,e050,S,hold_2024_2025,9.885057471264368,24,-0.07481958353435796,-2.582393305801295,-0.879230556594919,-0.27065487046426207,0.16666666666666666
Ltight,10,IFLY10,H1,e050,S,ext_2026,9.885057471264368,9,-0.06585419235262874,-3.1057969668102077,-0.5057307726034412,-0.16007084044776504,0.1111111111111111
Ltight,10,IFLY10,H1,e050,S,post_2021_2026,9.885057471264368,69,-0.06712638794458876,-1.9397776327753193,-0.9968962348270065,-0.6564277636649876,0.2463768115942029
Ltight,10,IFLY10,H1,e050,S,frozen_2024_2026,9.885057471264368,33,-0.07237447684843182,-2.7026655922793226,-0.9333393244078826,-0.27065487046426207,0.15151515151515152
Ltight,10,IFLY10,H2_15,e050,LS,pre_2019_2020,19.885057471264368,18,-0.03606119383192058,-1.372543819667378,-0.5638531081397902,-0.21867508370430527,0.3333333333333333
Ltight,10,IFLY10,H2_15,e050,LS,dev_2021_2023,19.885057471264368,36,-0.04519263700753709,-1.96109277169487,-0.8322011264124929,-0.2713262707667005,0.19444444444444445
Ltight,10,IFLY10,H2_15,e050,LS,hold_2024_2025,19.885057471264368,24,-0.05411295542995485,-2.3338692021997343,-0.7571496086635472,-0.1886476445263705,0.25
Ltight,10,IFLY10,H2_15,e050,LS,ext_2026,19.885057471264368,9,-0.0533052441145555,-3.5057076465395984,-0.39686072327136335,-0.1394455794585804,0.1111111111111111
Ltight,10,IFLY10,H2_15,e050,LS,post_2021_2026,19.885057471264368,69,-0.04935352260320654,-2.2434105420170383,-0.9754220611339529,-0.2713262707667005,0.2028985507246377
Ltight,10,IFLY10,H2_15,e050,LS,frozen_2024_2026,19.885057471264368,33,-0.053892670525755026,-2.5570498914031465,-0.8535273906160655,-0.1886476445263705,0.21212121212121213
Ltight,10,IFLY10,H2_15,e050,L,pre_2019_2020,10.0,18,-0.049890471891455374,-0.984905194162837,-0.7813668871484032,-0.38692562897926586,0.3333333333333333
Ltight,10,IFLY10,H2_15,e050,L,dev_2021_2023,10.0,36,-0.03341454943892623,-0.913169663638386,-0.7768104127267602,-0.2707028068366163,0.3055555555555556
Ltight,10,IFLY10,H2_15,e050,L,hold_2024_2025,10.0,24,-0.024555931781585258,-0.486618969235023,-0.6648957519481864,-0.2582646891071227,0.375
Ltight,10,IFLY10,H2_15,e050,L,ext_2026,10.0,9,-0.04341140551421412,-1.61161126490392,-0.37180239529047276,-0.20298488179631136,0.4444444444444444
Ltight,10,IFLY10,H2_15,e050,L,post_2021_2026,10.0,69,-0.03163722887227997,-0.7814696729765277,-0.9436831608621559,-0.2707028068366163,0.34782608695652173
Ltight,10,IFLY10,H2_15,e050,L,frozen_2024_2026,10.0,33,-0.029698333708665862,-0.6611532670812403,-0.7838665717575688,-0.2582646891071227,0.3939393939393939
Ltight,10,IFLY10,H2_15,e050,S,pre_2019_2020,9.885057471264368,18,-0.018741904489270503,-0.4368770325140778,-0.5951481818058876,-0.279452232274254,0.4444444444444444
Ltight,10,IFLY10,H2_15,e050,S,dev_2021_2023,9.885057471264368,36,-0.05697072457614795,-1.467310490600949,-0.9373808154449723,-0.5953448912318263,0.3888888888888889
Ltight,10,IFLY10,H2_15,e050,S,hold_2024_2025,9.885057471264368,24,-0.08039949666094152,-2.64354843883625,-0.8976639883749266,-0.2724533621394524,0.16666666666666666
Ltight,10,IFLY10,H2_15,e050,S,ext_2026,9.885057471264368,9,-0.06319908271489688,-2.849897760971996,-0.509916954540294,-0.1596516340880431,0.2222222222222222
Ltight,10,IFLY10,H2_15,e050,S,post_2021_2026,9.885057471264368,69,-0.06593225723243468,-1.9388315253683344,-0.9964806331455759,-0.5953448912318263,0.2898550724637681
Ltight,10,IFLY10,H2_15,e050,S,frozen_2024_2026,9.885057471264368,33,-0.07570847467565661,-2.6888008139593933,-0.9437973062180097,-0.2724533621394524,0.18181818181818182
Ltight,10,IFLY10,H2_25,e050,LS,pre_2019_2020,19.885057471264368,18,-0.03967553226015566,-1.507559470836848,-0.5862458016006444,-0.24726639068897427,0.3333333333333333
Ltight,10,IFLY10,H2_25,e050,LS,dev_2021_2023,19.885057471264368,36,-0.05007656552072455,-2.0424732263621723,-0.8635655677931641,-0.3039381212815802,0.2222222222222222
Ltight,10,IFLY10,H2_25,e050,LS,hold_2024_2025,19.885057471264368,24,-0.04902526547246544,-2.2363727377926166,-0.7211356322981372,-0.17005219340728858,0.125
Ltight,10,IFLY10,H2_25,e050,LS,ext_2026,19.885057471264368,9,-0.056682676029974774,-2.8723555431397045,-0.42116718169820133,-0.16496112936194027,0.2222222222222222
Ltight,10,IFLY10,H2_25,e050,LS,post_2021_2026,19.885057471264368,69,-0.05057256252688445,-2.221498781726658,-0.9779773204451956,-0.3039381212815802,0.18840579710144928
Ltight,10,IFLY10,H2_25,e050,LS,frozen_2024_2026,19.885057471264368,33,-0.05111365016996798,-2.4263984198025152,-0.8385841521191817,-0.17005219340728858,0.15151515151515152
Ltight,10,IFLY10,H2_25,e050,L,pre_2019_2020,10.0,18,-0.04796457947550325,-1.0559882505998293,-0.7343645235808164,-0.32777458834985806,0.3888888888888889
Ltight,10,IFLY10,H2_25,e050,L,dev_2021_2023,10.0,36,-0.04230656202899231,-1.2415278285436304,-0.8360237705664564,-0.2773128946319062,0.3055555555555556
Ltight,10,IFLY10,H2_25,e050,L,hold_2024_2025,10.0,24,-0.01777740644568999,-0.38568244634167176,-0.6666454808642845,-0.2399456188675564,0.375
Ltight,10,IFLY10,H2_25,e050,L,ext_2026,10.0,9,-0.038822862621345974,-1.2649966266004178,-0.39151076857852085,-0.18897714927669226,0.4444444444444444
Ltight,10,IFLY10,H2_25,e050,L,post_2021_2026,10.0,69,-0.03332028625119415,-0.8786476082267981,-0.9463970263035197,-0.2773128946319062,0.34782608695652173
Ltight,10,IFLY10,H2_25,e050,L,frozen_2024_2026,10.0,33,-0.023517076311777987,-0.5589685658891704,-0.7285136534253837,-0.2399456188675564,0.3939393939393939
Ltight,10,IFLY10,H2_25,e050,S,pre_2019_2020,9.885057471264368,18,-0.03279278448165656,-0.7571220191034317,-0.6099689934178336,-0.2777469291157779,0.4444444444444444
Ltight,10,IFLY10,H2_25,e050,S,dev_2021_2023,9.885057471264368,36,-0.0578465690124568,-1.3455521170406588,-0.954310886668385,-0.6878981648691926,0.4166666666666667
Ltight,10,IFLY10,H2_25,e050,S,hold_2024_2025,9.885057471264368,24,-0.07834490757207434,-2.524303666388125,-0.8910170052284058,-0.296386768890971,0.20833333333333334
Ltight,10,IFLY10,H2_25,e050,S,ext_2026,9.885057471264368,9,-0.07454248943860359,-3.256849279410428,-0.5444813699981492,-0.20442447205702297,0.2222222222222222
Ltight,10,IFLY10,H2_25,e050,S,post_2021_2026,9.885057471264368,69,-0.0671541546539951,-1.8298522068158891,-0.9974990786662833,-0.6878981648691926,0.3188405797101449
Ltight,10,IFLY10,H2_25,e050,S,frozen_2024_2026,9.885057471264368,33,-0.07730788444476412,-2.6938908411869806,-0.945262204683973,-0.296386768890971,0.21212121212121213
Ltight,10,IFLY15,H0,e000,LS,pre_2019_2020,19.885057471264368,18,0.0028058202577924307,0.055852591467400875,-0.5660747747781181,-0.3499780254412964,0.5
Ltight,10,IFLY15,H0,e000,LS,dev_2021_2023,19.885057471264368,36,-0.003416944313877795,-0.0935974813610027,-0.6128129723874924,-0.20781069146030484,0.4722222222222222
Ltight,10,IFLY15,H0,e000,LS,hold_2024_2025,19.885057471264368,24,-0.016354061454094303,-0.3922789934832312,-0.7532427122249372,-0.30543849452849225,0.375
Ltight,10,IFLY15,H0,e000,LS,ext_2026,19.885057471264368,9,-0.03438652270322588,-0.596129755156007,-0.4543854439859656,-0.29465486946876257,0.3333333333333333
Ltight,10,IFLY15,H0,e000,LS,post_2021_2026,19.885057471264368,69,-0.011956321369955026,-0.2921721011328417,-0.8472252573864076,-0.30543849452849225,0.42028985507246375
Ltight,10,IFLY15,H0,e000,LS,frozen_2024_2026,19.885057471264368,33,-0.021272005431130187,-0.46568205691862896,-0.7532427122249372,-0.30543849452849225,0.36363636363636365
Ltight,10,IFLY15,H0,e050,LS,pre_2019_2020,19.885057471264368,18,-0.05013065268507531,-0.8781403941713337,-0.8273922405653809,-0.4657316466828057,0.3333333333333333
Ltight,10,IFLY15,H0,e050,LS,dev_2021_2023,19.885057471264368,36,-0.04162092203070603,-1.1463957974501382,-0.8570139508791091,-0.278216984351321,0.4166666666666667
Ltight,10,IFLY15,H0,e050,LS,hold_2024_2025,19.885057471264368,24,-0.07169026217925915,-1.6770421008144059,-0.9095650414335981,-0.3544199960418925,0.25
Ltight,10,IFLY15,H0,e050,LS,ext_2026,19.885057471264368,9,-0.08470234486833464,-1.4434655064941526,-0.6312297689614064,-0.36557866501241515,0.3333333333333333
Ltight,10,IFLY15,H0,e050,LS,post_2021_2026,19.885057471264368,69,-0.057699138974241275,-1.388494062591309,-0.9926154379639974,-0.36557866501241515,0.34782608695652173
Ltight,10,IFLY15,H0,e050,LS,frozen_2024_2026,19.885057471264368,33,-0.07523901200355246,-1.6124942224880077,-0.9538549090508562,-0.36557866501241515,0.2727272727272727
Ltight,10,IFLY15,H0,e050,L,pre_2019_2020,10.0,18,0.052784181604442794,0.5794290533149273,-0.6341781939197809,-0.5029550507953857,0.5
Ltight,10,IFLY15,H0,e050,L,dev_2021_2023,10.0,36,-0.03844652108715954,-0.632758479432331,-0.9371620607121939,-0.5328573723207103,0.3611111111111111
Ltight,10,IFLY15,H0,e050,L,hold_2024_2025,10.0,24,0.004147091254554397,0.061206008477222476,-0.7992989096843621,-0.3242865773133391,0.4166666666666667
Ltight,10,IFLY15,H0,e050,L,ext_2026,10.0,9,-0.053242023617824444,-0.5491933129348796,-0.7495660542378343,-0.4289692172773905,0.4444444444444444
Ltight,10,IFLY15,H0,e050,L,post_2021_2026,10.0,69,-0.025561199733171853,-0.37686129382566413,-0.9765115578501616,-0.5328573723207103,0.391304347826087
Ltight,10,IFLY15,H0,e050,L,frozen_2024_2026,10.0,33,-0.011504485528821646,-0.1523073887611394,-0.8103502714131479,-0.4289692172773905,0.42424242424242425
Ltight,10,IFLY15,H0,e050,S,pre_2019_2020,9.885057471264368,18,-0.17175215540094568,-1.480468423858183,-1.029377745757299,-1.3261213876226994,0.3888888888888889
Ltight,10,IFLY15,H0,e050,S,dev_2021_2023,9.885057471264368,36,-0.044795322974252524,-0.7265300978893238,-0.9619756234366996,-0.7276254660200995,0.4722222222222222
Ltight,10,IFLY15,H0,e050,S,hold_2024_2025,9.885057471264368,24,-0.14526277645596022,-2.689289125420307,-0.9883545496466646,-0.4031933741090059,0.20833333333333334
Ltight,10,IFLY15,H0,e050,S,ext_2026,9.885057471264368,9,-0.11616266611884475,-1.9009018257335792,-0.8045642357104141,-0.43999877386341757,0.3333333333333333
Ltight,10,IFLY15,H0,e050,S,post_2021_2026,9.885057471264368,69,-0.08904930807370637,-1.490314486275392,-0.9999001007246797,-0.7276254660200995,0.36231884057971014
Ltight,10,IFLY15,H0,e050,S,frozen_2024_2026,9.885057471264368,33,-0.13732638272765604,-2.4885962809776854,-0.9973727570482593,-0.43999877386341757,0.24242424242424243
Ltight,10,IFLY15,H0,e100,LS,pre_2019_2020,19.885057471264368,18,-0.10306712562794292,-1.5495810316114902,-0.9506196197063148,-0.7180401920153672,0.3333333333333333
Ltight,10,IFLY15,H0,e100,LS,dev_2021_2023,19.885057471264368,36,-0.0798248997475342,-2.187620860937065,-0.9652087175045673,-0.35134000276049937,0.3055555555555556
Ltight,10,IFLY15,H0,e100,LS,hold_2024_2025,19.885057471264368,24,-0.12702646290442393,-2.8668283034024244,-0.973437182261818,-0.4034014975552925,0.20833333333333334
Ltight,10,IFLY15,H0,e100,LS,ext_2026,19.885057471264368,9,-0.13501816703344333,-2.2554341895805567,-0.7852515594032533,-0.43650246055606756,0.3333333333333333
Ltight,10,IFLY15,H0,e100,LS,post_2021_2026,19.885057471264368,69,-0.1034419565785275,-2.4227603616345452,-0.9997957202858722,-0.43650246055606756,0.2753623188405797
Ltight,10,IFLY15,H0,e100,LS,frozen_2024_2026,19.885057471264368,33,-0.1292060185759747,-2.6893916560579645,-0.9942956763128697,-0.43650246055606756,0.24242424242424243
Ltight,10,IFLY15,H0,tick,LS,pre_2019_2020,19.885057471264368,18,-0.10729070588571063,-1.6111108225117603,-0.9543325988184477,-0.7211945655571494,0.3333333333333333
Ltight,10,IFLY15,H0,tick,LS,dev_2021_2023,19.885057471264368,36,-0.08312997562801258,-2.2751050144905425,-0.9694195261661542,-0.35536241183752215,0.3055555555555556
Ltight,10,IFLY15,H0,tick,LS,hold_2024_2025,19.885057471264368,24,-0.13044992381344478,-2.9383348732254144,-0.975941199273869,-0.4078689771647541,0.20833333333333334
Ltight,10,IFLY15,H0,tick,LS,ext_2026,19.885057471264368,9,-0.13794645332789465,-2.3031700005432763,-0.7921295018220673,-0.4400473058537927,0.3333333333333333
Ltight,10,IFLY15,H0,tick,LS,post_2021_2026,19.885057471264368,69,-0.10673906339249536,-2.496695293614095,-0.9998432197735361,-0.4400473058537927,0.2753623188405797
Ltight,10,IFLY15,H0,tick,LS,frozen_2024_2026,19.885057471264368,33,-0.1324944318628402,-2.7540698126812355,-0.9949988851074956,-0.4400473058537927,0.24242424242424243
Ltight,10,IFLY15,H1,e050,LS,pre_2019_2020,19.885057471264368,18,-0.056230950936166875,-2.026627477123777,-0.6790188979820492,-0.30140242339056605,0.3333333333333333
Ltight,10,IFLY15,H1,e050,LS,dev_2021_2023,19.885057471264368,36,-0.07308811276564214,-2.7528489048645506,-0.946088220100326,-0.4083738049629903,0.1388888888888889
Ltight,10,IFLY15,H1,e050,LS,hold_2024_2025,19.885057471264368,24,-0.07990803949479548,-2.8998212129995014,-0.8802573936875125,-0.24530046077636736,0.16666666666666666
Ltight,10,IFLY15,H1,e050,LS,ext_2026,19.885057471264368,9,-0.07491967959662975,-4.468315685770921,-0.5117845717296642,-0.17588412474176157,0.0
Ltight,10,IFLY15,H1,e050,LS,post_2021_2026,19.885057471264368,69,-0.0756991612146069,-2.961075629629766,-0.9968483072211898,-0.4083738049629903,0.13043478260869565
Ltight,10,IFLY15,H1,e050,LS,frozen_2024_2026,19.885057471264368,33,-0.07854757770438664,-3.163528025939784,-0.9415398121769427,-0.24530046077636736,0.12121212121212122
Ltight,10,IFLY15,H1,e050,L,pre_2019_2020,10.0,18,-0.058224671944492976,-1.3610128472812932,-0.7467207307845212,-0.4049474626479162,0.2777777777777778
Ltight,10,IFLY15,H1,e050,L,dev_2021_2023,10.0,36,-0.04318223978757783,-1.2255598173809739,-0.8581526394293189,-0.28310423733571055,0.3055555555555556
Ltight,10,IFLY15,H1,e050,L,hold_2024_2025,10.0,24,-0.03752952294313755,-0.8256839715528098,-0.7279720524432322,-0.24603533195904154,0.3333333333333333
Ltight,10,IFLY15,H1,e050,L,ext_2026,10.0,9,-0.04219998236690596,-1.6624215688414525,-0.422754668568728,-0.20557227371326764,0.3333333333333333
Ltight,10,IFLY15,H1,e050,L,post_2021_2026,10.0,69,-0.041087956873771835,-1.0926089820579061,-0.9693749057837061,-0.28310423733571055,0.3188405797101449
Ltight,10,IFLY15,H1,e050,L,frozen_2024_2026,10.0,33,-0.0388032846041653,-0.9563252372143642,-0.8135636828772197,-0.24603533195904154,0.3333333333333333
Ltight,10,IFLY15,H1,e050,S,pre_2019_2020,9.885057471264368,18,-0.05105561809011434,-1.0458390668292301,-0.7835391702392092,-0.3235507909348252,0.3888888888888889
Ltight,10,IFLY15,H1,e050,S,dev_2021_2023,9.885057471264368,36,-0.10299398574370645,-1.9791904228274375,-0.9949278095403273,-0.8300762866013699,0.25
Ltight,10,IFLY15,H1,e050,S,hold_2024_2025,9.885057471264368,24,-0.11881257212394493,-2.8110433202777885,-0.9697494332019975,-0.3848778541998015,0.16666666666666666
Ltight,10,IFLY15,H1,e050,S,ext_2026,9.885057471264368,9,-0.10763937682635354,-2.8856607261956144,-0.7011778455861679,-0.3053710092063586,0.1111111111111111
Ltight,10,IFLY15,H1,e050,S,post_2021_2026,9.885057471264368,69,-0.10910202332152598,-2.3441404257791203,-0.9999469166235062,-0.8300762866013699,0.2028985507246377
Ltight,10,IFLY15,H1,e050,S,frozen_2024_2026,9.885057471264368,33,-0.11576533704278363,-2.863877651317997,-0.9895344275977329,-0.3848778541998015,0.15151515151515152
Ltight,10,IFLY15,H2_15,e050,LS,pre_2019_2020,19.885057471264368,18,-0.055428261952408735,-1.7710551663885308,-0.6814231511819538,-0.2738453982588335,0.3888888888888889
Ltight,10,IFLY15,H2_15,e050,LS,dev_2021_2023,19.885057471264368,36,-0.07203191785138757,-2.7818667830986903,-0.943087310708413,-0.37856114857265216,0.16666666666666666
Ltight,10,IFLY15,H2_15,e050,LS,hold_2024_2025,19.885057471264368,24,-0.07435963091876173,-2.595688831873089,-0.8631828104010214,-0.2760050216687027,0.16666666666666666
Ltight,10,IFLY15,H2_15,e050,LS,ext_2026,19.885057471264368,9,-0.07448456779813141,-3.3027759184740098,-0.5161768343721354,-0.20219831653145537,0.1111111111111111
Ltight,10,IFLY15,H2_15,e050,LS,post_2021_2026,19.885057471264368,69,-0.07316146804178864,-2.8002124916341544,-0.996232645991095,-0.37856114857265216,0.15942028985507245
Ltight,10,IFLY15,H2_15,e050,LS,frozen_2024_2026,19.885057471264368,33,-0.07439370461313528,-2.778270024110768,-0.9338046742159144,-0.2760050216687027,0.15151515151515152
Ltight,10,IFLY15,H2_15,e050,L,pre_2019_2020,10.0,18,-0.051194515843804474,-1.0781217274511237,-0.7459988071929725,-0.4599302036773055,0.3333333333333333
Ltight,10,IFLY15,H2_15,e050,L,dev_2021_2023,10.0,36,-0.04901757619698499,-1.4757473295626153,-0.8846796891649782,-0.2930092508780108,0.3055555555555556
Ltight,10,IFLY15,H2_15,e050,L,hold_2024_2025,10.0,24,-0.027634492923956474,-0.6567325963072722,-0.6701659903757808,-0.22455752785013133,0.375
Ltight,10,IFLY15,H2_15,e050,L,ext_2026,10.0,9,-0.036823595513870565,-1.282806767185132,-0.3660577061551138,-0.19951190221925766,0.4444444444444444
Ltight,10,IFLY15,H2_15,e050,L,post_2021_2026,10.0,69,-0.03998946279552536,-1.1213011492297056,-0.9650758297841873,-0.2930092508780108,0.34782608695652173
Ltight,10,IFLY15,H2_15,e050,L,frozen_2024_2026,10.0,33,-0.03014061181211486,-0.7834480085600187,-0.7394777520007194,-0.22455752785013133,0.3939393939393939
Ltight,10,IFLY15,H2_15,e050,S,pre_2019_2020,9.885057471264368,18,-0.06050070476354536,-1.1373218204997144,-0.7898690113673009,-0.4130963013990018,0.3888888888888889
Ltight,10,IFLY15,H2_15,e050,S,dev_2021_2023,9.885057471264368,36,-0.09504625950579013,-1.8701964204289796,-0.9924498598841053,-0.7861009509505381,0.2777777777777778
Ltight,10,IFLY15,H2_15,e050,S,hold_2024_2025,9.885057471264368,24,-0.11861821602478435,-2.642953827333449,-0.9697812451941737,-0.3928533999736315,0.20833333333333334
Ltight,10,IFLY15,H2_15,e050,S,ext_2026,9.885057471264368,9,-0.11214554008239225,-2.718971123728307,-0.7311710440390202,-0.3125178413610163,0.1111111111111111
Ltight,10,IFLY15,H2_15,e050,S,post_2021_2026,9.885057471264368,69,-0.10547554184847537,-2.237981737585878,-0.9999320989451403,-0.7861009509505381,0.2318840579710145
Ltight,10,IFLY15,H2_15,e050,S,frozen_2024_2026,9.885057471264368,33,-0.11685294076776834,-2.699474277968926,-0.9910066497022127,-0.3928533999736315,0.18181818181818182
Ltight,10,IFLY15,H2_25,e050,LS,pre_2019_2020,19.885057471264368,18,-0.053247171633210494,-1.5293422254770466,-0.7336091710994069,-0.3695666695066956,0.3333333333333333
Ltight,10,IFLY15,H2_25,e050,LS,dev_2021_2023,19.885057471264368,36,-0.06070833884080641,-2.097074916424066,-0.9158293756281444,-0.4131102866384044,0.19444444444444445
Ltight,10,IFLY15,H2_25,e050,LS,hold_2024_2025,19.885057471264368,24,-0.07396660530747932,-2.519594366190615,-0.8623242978990855,-0.2702380866607287,0.20833333333333334
Ltight,10,IFLY15,H2_25,e050,LS,ext_2026,19.885057471264368,9,-0.08246730323353096,-3.2127223229212336,-0.5567630022289352,-0.22958436336740945,0.2222222222222222
Ltight,10,IFLY15,H2_25,e050,LS,post_2021_2026,19.885057471264368,69,-0.0681580355760915,-2.400677878762055,-0.9948636589462715,-0.4131102866384044,0.2028985507246377
Ltight,10,IFLY15,H2_25,e050,LS,frozen_2024_2026,19.885057471264368,33,-0.07628497746912977,-2.722069206023362,-0.9389770351347672,-0.2702380866607287,0.21212121212121213
Ltight,10,IFLY15,H2_25,e050,L,pre_2019_2020,10.0,18,-0.041230352112562305,-0.8013293581352092,-0.7981703461608476,-0.4275011952638307,0.3888888888888889
Ltight,10,IFLY15,H2_25,e050,L,dev_2021_2023,10.0,36,-0.03314231133037654,-0.9790270783432353,-0.7682860287949755,-0.2980805622166224,0.2777777777777778
Ltight,10,IFLY15,H2_25,e050,L,hold_2024_2025,10.0,24,-0.020922129332741485,-0.533727524260445,-0.6400216491436066,-0.2422937818364234,0.3333333333333333
Ltight,10,IFLY15,H2_25,e050,L,ext_2026,10.0,9,-0.05083488398179194,-1.2545160887512978,-0.5160050210421416,-0.2452890764907755,0.3333333333333333
Ltight,10,IFLY15,H2_25,e050,L,post_2021_2026,10.0,69,-0.03119954011181854,-0.8619154182941605,-0.9355569309918819,-0.2980805622166224,0.30434782608695654
Ltight,10,IFLY15,H2_25,e050,L,frozen_2024_2026,10.0,33,-0.029080153327937064,-0.743397375030476,-0.7504968883032761,-0.2452890764907755,0.3333333333333333
Ltight,10,IFLY15,H2_25,e050,S,pre_2019_2020,9.885057471264368,18,-0.0661482839794934,-1.0498449967070957,-0.8616308878446041,-0.4431905066187409,0.3888888888888889
Ltight,10,IFLY15,H2_25,e050,S,dev_2021_2023,9.885057471264368,36,-0.08827436635123626,-1.59334473349353,-0.9947395087274697,-0.8949000415721651,0.3888888888888889
Ltight,10,IFLY15,H2_25,e050,S,hold_2024_2025,9.885057471264368,24,-0.12424073490500832,-2.6506182881786335,-0.9757509209871313,-0.39804420777681415,0.16666666666666666
Ltight,10,IFLY15,H2_25,e050,S,ext_2026,9.885057471264368,9,-0.11409972248526995,-3.1339177156275015,-0.7148230798830125,-0.2734061428586424,0.1111111111111111
Ltight,10,IFLY15,H2_25,e050,S,post_2021_2026,9.885057471264368,69,-0.10415293230046574,-2.0818254483158616,-0.999958410169714,-0.8949000415721651,0.2753623188405797
Ltight,10,IFLY15,H2_25,e050,S,frozen_2024_2026,9.885057471264368,33,-0.12147500424507969,-2.7778902548729767,-0.9920939265685722,-0.39804420777681415,0.15151515151515152
Ltight,10,SSPREAD,H0,e000,LS,pre_2019_2020,19.885057471264368,18,0.029531842542612707,0.3441717898184114,-0.6888148659836058,-0.48142921711269465,0.4444444444444444
Ltight,10,SSPREAD,H0,e000,LS,dev_2021_2023,19.885057471264368,36,-0.0501786519197907,-0.7447760077443689,-0.9689080816347859,-0.3320244206662649,0.25
Ltight,10,SSPREAD,H0,e000,LS,hold_2024_2025,19.885057471264368,24,0.005760686624741701,0.07884514954089242,-0.7483320408514132,-0.39012520542165685,0.4166666666666667
Ltight,10,SSPREAD,H0,e000,LS,ext_2026,19.885057471264368,9,-0.0007505573129884535,-0.006693117183287902,-0.6274931825629932,-0.36904093656704207,0.3333333333333333
Ltight,10,SSPREAD,H0,e000,LS,post_2021_2026,19.885057471264368,69,-0.024274347912109577,-0.32198408537781964,-0.983468601217739,-0.39012520542165685,0.3188405797101449
Ltight,10,SSPREAD,H0,e000,LS,frozen_2024_2026,19.885057471264368,33,0.003984892823542565,0.04769212906152108,-0.7483320408514132,-0.39012520542165685,0.3939393939393939
Ltight,10,SSPREAD,H0,e050,LS,pre_2019_2020,19.885057471264368,18,-0.03601528222886503,-0.44929400029791294,-0.880567157187683,-0.5349034247681033,0.4444444444444444
Ltight,10,SSPREAD,H0,e050,LS,dev_2021_2023,19.885057471264368,36,-0.09089464277657562,-1.3864338797734224,-0.9925185713567719,-0.3639416789755993,0.19444444444444445
Ltight,10,SSPREAD,H0,e050,LS,hold_2024_2025,19.885057471264368,24,-0.054159664205474745,-0.7501836439228157,-0.9173074709280177,-0.4371057657890862,0.375
Ltight,10,SSPREAD,H0,e050,LS,ext_2026,19.885057471264368,9,-0.06182365585667266,-0.5588308311340803,-0.7526893841940123,-0.4689744278116782,0.3333333333333333
Ltight,10,SSPREAD,H0,e050,LS,post_2021_2026,19.885057471264368,69,-0.07432539106664013,-1.0076329858905426,-0.9995196283671706,-0.4689744278116782,0.2753623188405797
Ltight,10,SSPREAD,H0,e050,LS,frozen_2024_2026,19.885057471264368,33,-0.056249843746710534,-0.6817786385478478,-0.9614148574868308,-0.4689744278116782,0.36363636363636365
Ltight,10,SSPREAD,H0,e050,L,pre_2019_2020,10.0,18,-0.009215841598389618,-0.04940583349572283,-0.998344824336859,-0.8788797787129757,0.4444444444444444
Ltight,10,SSPREAD,H0,e050,L,dev_2021_2023,10.0,36,-0.16091799975302334,-1.1132256367258635,-0.9999987086253758,-0.848967890948917,0.25
Ltight,10,SSPREAD,H0,e050,L,hold_2024_2025,10.0,24,-0.04253889718654699,-0.31074819109753765,-0.9895423189551878,-0.6636391911758281,0.3333333333333333
Ltight,10,SSPREAD,H0,e050,L,ext_2026,10.0,9,-0.018795363618628054,-0.09342686855816118,-0.9227692829817649,-0.6579339892602725,0.3333333333333333
Ltight,10,SSPREAD,H0,e050,L,post_2021_2026,10.0,69,-0.10120492458193653,-0.6794266744140904,-0.9999999857201617,-0.848967890948917,0.2898550724637681
Ltight,10,SSPREAD,H0,e050,L,frozen_2024_2026,10.0,33,-0.03606338803166001,-0.2347695019810547,-0.9974830254420125,-0.6636391911758281,0.3333333333333333
Ltight,10,SSPREAD,H0,e050,S,pre_2019_2020,9.885057471264368,18,-0.07667845825460409,-0.9005296885400556,-1.0487266195631497,-1.0800268693940613,0.3888888888888889
Ltight,10,SSPREAD,H0,e050,S,dev_2021_2023,9.885057471264368,36,-0.02087128580012795,-0.49588406317273287,-0.7968789028131149,-0.4937050688780807,0.5277777777777778
Ltight,10,SSPREAD,H0,e050,S,hold_2024_2025,9.885057471264368,24,-0.06265616811534641,-1.4449904203939528,-0.8619468718450213,-0.3296790587354438,0.4166666666666667
Ltight,10,SSPREAD,H0,e050,S,ext_2026,9.885057471264368,9,-0.10485194809471728,-2.0669340577984756,-0.720639220664319,-0.4198878391935386,0.3333333333333333
Ltight,10,SSPREAD,H0,e050,S,post_2021_2026,9.885057471264368,69,-0.0463591573394982,-1.05670797226624,-0.9911724236630547,-0.4937050688780807,0.463768115942029
Ltight,10,SSPREAD,H0,e050,S,frozen_2024_2026,9.885057471264368,33,-0.07416410810972028,-1.648066030505845,-0.956540327621294,-0.4198878391935386,0.3939393939393939
Ltight,10,SSPREAD,H0,e100,LS,pre_2019_2020,19.885057471264368,18,-0.10156240700034275,-1.274529501588101,-0.9647537605402349,-0.5883776324235118,0.3888888888888889
Ltight,10,SSPREAD,H0,e100,LS,dev_2021_2023,19.885057471264368,36,-0.13161063363336054,-2.0583651047652807,-0.9983189097022387,-0.3958589372849339,0.19444444444444445
Ltight,10,SSPREAD,H0,e100,LS,hold_2024_2025,19.885057471264368,24,-0.11408001503569115,-1.5743393071944547,-0.9795852337346954,-0.4840863261565157,0.25
Ltight,10,SSPREAD,H0,e100,LS,ext_2026,19.885057471264368,9,-0.12289675440035684,-1.1218670244169384,-0.8469321317541564,-0.5689079190563145,0.3333333333333333
Ltight,10,SSPREAD,H0,e100,LS,post_2021_2026,19.885057471264368,69,-0.12437643422117071,-1.7088433607406899,-0.9999917306614848,-0.5689079190563145,0.2318840579710145
Ltight,10,SSPREAD,H0,e100,LS,frozen_2024_2026,19.885057471264368,33,-0.11648458031696361,-1.4151422208058562,-0.996334926385647,-0.5689079190563145,0.2727272727272727
Ltight,10,SSPREAD,H0,tick,LS,pre_2019_2020,19.885057471264368,18,-0.10947366219969557,-1.3706155877596993,-0.969984017047582,-0.5947794827829151,0.3888888888888889
Ltight,10,SSPREAD,H0,tick,LS,dev_2021_2023,19.885057471264368,36,-0.13764257006279607,-2.154696698154893,-0.998683519339449,-0.4010104034840186,0.19444444444444445
Ltight,10,SSPREAD,H0,tick,LS,hold_2024_2025,19.885057471264368,24,-0.11946592419824571,-1.646122047171756,-0.9822900522956095,-0.4920964051230918,0.25
Ltight,10,SSPREAD,H0,tick,LS,ext_2026,19.885057471264368,9,-0.12779337637137353,-1.1673043735515327,-0.8555810497110619,-0.5745529286071178,0.3333333333333333
Ltight,10,SSPREAD,H0,tick,LS,post_2021_2026,19.885057471264368,69,-0.1300355810197234,-1.7865520128972168,-0.999994888510704,-0.5745529286071178,0.2318840579710145
Ltight,10,SSPREAD,H0,tick,LS,frozen_2024_2026,19.885057471264368,33,-0.12173704751818964,-1.478109227155208,-0.9970536778011748,-0.5745529286071178,0.2727272727272727
Ltight,10,SSPREAD,H1,e050,LS,pre_2019_2020,19.885057471264368,18,-0.10843786450580323,-2.2470492059491116,-0.9138041512490929,-0.5917447214475156,0.3333333333333333
Ltight,10,SSPREAD,H1,e050,LS,dev_2021_2023,19.885057471264368,36,-0.07026174235153243,-1.853923253208146,-0.9510675615352177,-0.33216280049710795,0.2777777777777778
Ltight,10,SSPREAD,H1,e050,LS,hold_2024_2025,19.885057471264368,24,-0.08535135892558332,-2.544687626403201,-0.9022050059330704,-0.2894152278972398,0.25
Ltight,10,SSPREAD,H1,e050,LS,ext_2026,19.885057471264368,9,-0.048932913645090476,-1.5462100843488154,-0.40862557013664036,-0.20355343301222967,0.4444444444444444
Ltight,10,SSPREAD,H1,e050,LS,post_2021_2026,19.885057471264368,69,-0.07272828350253596,-2.0580305167512263,-0.997167633226888,-0.33216280049710795,0.2898550724637681
Ltight,10,SSPREAD,H1,e050,LS,frozen_2024_2026,19.885057471264368,33,-0.0754190556672671,-2.2932484661534676,-0.9421167866966098,-0.2894152278972398,0.30303030303030304
Ltight,10,SSPREAD,H1,e050,L,pre_2019_2020,10.0,18,-0.18114018768140583,-1.958987861735157,-1.0253532807886037,-1.0414011182229472,0.2222222222222222
Ltight,10,SSPREAD,H1,e050,L,dev_2021_2023,10.0,36,-0.09141092131029693,-1.2159734828095736,-0.9933915685825142,-0.5249768586982814,0.3611111111111111
Ltight,10,SSPREAD,H1,e050,L,hold_2024_2025,10.0,24,-0.0911364933109816,-1.2063577410912876,-0.9627034381765794,-0.5260256025298135,0.4166666666666667
Ltight,10,SSPREAD,H1,e050,L,ext_2026,10.0,9,-0.02647226867169326,-0.4481799939102775,-0.4263717676281652,-0.3133273966054866,0.4444444444444444
Ltight,10,SSPREAD,H1,e050,L,post_2021_2026,10.0,69,-0.0828452090533259,-1.139049055631302,-0.9998457142153918,-0.5260256025298135,0.391304347826087
Ltight,10,SSPREAD,H1,e050,L,frozen_2024_2026,10.0,33,-0.07350079568208477,-1.0347488830471958,-0.9766531912247821,-0.5260256025298135,0.42424242424242425
Ltight,10,SSPREAD,H1,e050,S,pre_2019_2020,9.885057471264368,18,-0.026288134939240704,-0.8174336755071995,-0.49811930655546355,-0.18012220188800115,0.2777777777777778
Ltight,10,SSPREAD,H1,e050,S,dev_2021_2023,9.885057471264368,36,-0.04911256339276792,-2.0821786425247586,-0.8577005909451285,-0.29347297698677516,0.2777777777777778
Ltight,10,SSPREAD,H1,e050,S,hold_2024_2025,9.885057471264368,24,-0.07489941736104395,-3.105992375152555,-0.871848354760952,-0.2022661794316054,0.25
Ltight,10,SSPREAD,H1,e050,S,ext_2026,9.885057471264368,9,-0.07139355861848769,-6.932728060270737,-0.4895697989993061,-0.11610502460207614,0.0
Ltight,10,SSPREAD,H1,e050,S,post_2021_2026,9.885057471264368,69,-0.06098812067204477,-2.7042380526222054,-0.9897936825469507,-0.29347297698677516,0.2318840579710145
Ltight,10,SSPREAD,H1,e050,S,frozen_2024_2026,9.885057471264368,33,-0.07394327406761951,-3.5065035333098526,-0.928760745335041,-0.2022661794316054,0.18181818181818182
Ltight,10,SSPREAD,H2_15,e050,LS,pre_2019_2020,19.885057471264368,18,-0.10412805391473662,-2.1561531051870015,-0.9135503285710411,-0.4981590614680541,0.2222222222222222
Ltight,10,SSPREAD,H2_15,e050,LS,dev_2021_2023,19.885057471264368,36,-0.05693789797442591,-1.5137172386666855,-0.915451020849408,-0.28401816471792457,0.3333333333333333
Ltight,10,SSPREAD,H2_15,e050,LS,hold_2024_2025,19.885057471264368,24,-0.08109491174585144,-2.4069925162213686,-0.8910508720461424,-0.3424743175372031,0.25
Ltight,10,SSPREAD,H2_15,e050,LS,ext_2026,19.885057471264368,9,-0.07163399517737358,-1.8814365971686045,-0.5262660435860523,-0.2137697911523136,0.2222222222222222
Ltight,10,SSPREAD,H2_15,e050,LS,post_2021_2026,19.885057471264368,69,-0.06725721979095838,-1.8702361711103463,-0.9956361818728033,-0.3424743175372031,0.2898550724637681
Ltight,10,SSPREAD,H2_15,e050,LS,frozen_2024_2026,19.885057471264368,33,-0.07851466177263021,-2.2858489383019034,-0.9483870985665697,-0.3424743175372031,0.24242424242424243
Ltight,10,SSPREAD,H2_15,e050,L,pre_2019_2020,10.0,18,-0.16060613340009655,-1.8122049578553854,-0.990952050921585,-0.6700851969966684,0.2777777777777778
Ltight,10,SSPREAD,H2_15,e050,L,dev_2021_2023,10.0,36,-0.074321260303518,-1.0164794626166422,-0.9861383655111258,-0.5191585033698018,0.3333333333333333
Ltight,10,SSPREAD,H2_15,e050,L,hold_2024_2025,10.0,24,-0.08280555269968298,-1.1381296428870884,-0.9515534947597785,-0.5905206741808287,0.375
Ltight,10,SSPREAD,H2_15,e050,L,ext_2026,10.0,9,-0.0636514788123216,-0.9192061528156906,-0.569918516866083,-0.3542019857270517,0.3333333333333333
Ltight,10,SSPREAD,H2_15,e050,L,post_2021_2026,10.0,69,-0.07588060789898454,-1.0615711586562644,-0.9997104297167826,-0.5905206741808287,0.34782608695652173
Ltight,10,SSPREAD,H2_15,e050,L,frozen_2024_2026,10.0,33,-0.07758171436676625,-1.0961140686189554,-0.9791099467057945,-0.5905206741808287,0.36363636363636365
Ltight,10,SSPREAD,H2_15,e050,S,pre_2019_2020,9.885057471264368,18,-0.03640652798853443,-0.9240855185617468,-0.5969905830718858,-0.32623292593944003,0.3333333333333333
Ltight,10,SSPREAD,H2_15,e050,S,dev_2021_2023,9.885057471264368,36,-0.0395545356453338,-1.6474160613654483,-0.7963341642764505,-0.2991369999430414,0.3888888888888889
Ltight,10,SSPREAD,H2_15,e050,S,hold_2024_2025,9.885057471264368,24,-0.07536728419800406,-2.8707428829018276,-0.8761700116205318,-0.23929841443534333,0.25
Ltight,10,SSPREAD,H2_15,e050,S,ext_2026,9.885057471264368,9,-0.07961651154242554,-4.520494709436969,-0.5346045011643374,-0.19890740113188027,0.0
Ltight,10,SSPREAD,H2_15,e050,S,post_2021_2026,9.885057471264368,69,-0.0572366189545789,-2.3458274833713046,-0.9870809495492125,-0.2991369999430414,0.2898550724637681
Ltight,10,SSPREAD,H2_15,e050,S,frozen_2024_2026,9.885057471264368,33,-0.07652616438284629,-3.196214433121356,-0.9372014402973018,-0.23929841443534333,0.18181818181818182
Ltight,10,SSPREAD,H2_25,e050,LS,pre_2019_2020,19.885057471264368,18,-0.09221849859333177,-1.6885631631941307,-0.9016976997178854,-0.468591943950178,0.2777777777777778
Ltight,10,SSPREAD,H2_25,e050,LS,dev_2021_2023,19.885057471264368,36,-0.05289612419751593,-1.1947160485190198,-0.9100106749979888,-0.35459743980917113,0.3333333333333333
Ltight,10,SSPREAD,H2_25,e050,LS,hold_2024_2025,19.885057471264368,24,-0.09514238146728964,-2.483334492621908,-0.9288670448250029,-0.31426357570193253,0.20833333333333334
Ltight,10,SSPREAD,H2_25,e050,LS,ext_2026,19.885057471264368,9,-0.09721749506417829,-2.0134260600283596,-0.6539529304218762,-0.3223554261964928,0.3333333333333333
Ltight,10,SSPREAD,H2_25,e050,LS,post_2021_2026,19.885057471264368,69,-0.07337152292613232,-1.7205959683569556,-0.9977691423372234,-0.35459743980917113,0.2898550724637681
Ltight,10,SSPREAD,H2_25,e050,LS,frozen_2024_2026,19.885057471264368,33,-0.09570832153916836,-2.364840311376431,-0.9752097522375371,-0.3223554261964928,0.24242424242424243
Ltight,10,SSPREAD,H2_25,e050,L,pre_2019_2020,10.0,18,-0.13964807581172176,-1.2285594270513773,-0.9961990615747617,-0.8060963268858441,0.3888888888888889
Ltight,10,SSPREAD,H2_25,e050,L,dev_2021_2023,10.0,36,-0.06259785164325377,-0.7495209931827496,-0.9850008673186865,-0.6691813004520841,0.3888888888888889
Ltight,10,SSPREAD,H2_25,e050,L,hold_2024_2025,10.0,24,-0.10909723762224299,-1.418617490390415,-0.9786593523621182,-0.5716703789649651,0.2916666666666667
Ltight,10,SSPREAD,H2_25,e050,L,ext_2026,10.0,9,-0.11169930108209458,-1.2334823251013678,-0.8070885281846779,-0.5550002561776524,0.3333333333333333
Ltight,10,SSPREAD,H2_25,e050,L,post_2021_2026,10.0,69,-0.08517608799753362,-1.048257837388487,-0.9999335831474857,-0.6691813004520841,0.34782608695652173
Ltight,10,SSPREAD,H2_25,e050,L,frozen_2024_2026,10.0,33,-0.10980689129311162,-1.3833209341993,-0.9955719537972296,-0.5716703789649651,0.30303030303030304
Ltight,10,SSPREAD,H2_25,e050,S,pre_2019_2020,9.885057471264368,18,-0.03686775319098126,-1.061673384381037,-0.5957413020228058,-0.199095835946011,0.3333333333333333
Ltight,10,SSPREAD,H2_25,e050,S,dev_2021_2023,9.885057471264368,36,-0.043194396751778066,-1.6691453164290249,-0.8256159837009699,-0.25486204915576816,0.3333333333333333
Ltight,10,SSPREAD,H2_25,e050,S,hold_2024_2025,9.885057471264368,24,-0.07983849394861316,-2.459725963129226,-0.8931478002148965,-0.2848625590115017,0.20833333333333334
Ltight,10,SSPREAD,H2_25,e050,S,ext_2026,9.885057471264368,9,-0.08273568904626201,-4.809695450425412,-0.5497130316979928,-0.15699208077655172,0.1111111111111111
Ltight,10,SSPREAD,H2_25,e050,S,post_2021_2026,9.885057471264368,69,-0.06109772955430557,-2.208301445967758,-0.9909998041889817,-0.2848625590115017,0.2608695652173913
Ltight,10,SSPREAD,H2_25,e050,S,frozen_2024_2026,9.885057471264368,33,-0.08062863806615378,-2.796385537381762,-0.948388642479796,-0.2848625590115017,0.18181818181818182
Ltight,5,STRADDLE,H0,e000,LS,pre_2019_2020,10.0,18,-0.08565703770864722,-0.7327648737648673,-1.1431276343392485,-1.2863006723072552,0.4444444444444444
Ltight,5,STRADDLE,H0,e000,LS,dev_2021_2023,10.0,36,-0.0004374228128734296,-0.006148583274929839,-0.9077134853133404,-0.5009174851511501,0.5277777777777778
Ltight,5,STRADDLE,H0,e000,LS,hold_2024_2025,10.0,24,0.05264064474247892,0.577758980275588,-0.7735473474798338,-0.46613149582957086,0.5
Ltight,5,STRADDLE,H0,e000,LS,ext_2026,10.0,9,-0.08290881946101772,-0.9790451606586911,-0.6932732928510196,-0.4706491292836934,0.4444444444444444
Ltight,5,STRADDLE,H0,e000,LS,post_2021_2026,10.0,69,0.007267375034882478,0.09077573893682513,-0.953279469128657,-0.5009174851511501,0.5072463768115942
Ltight,5,STRADDLE,H0,e000,LS,frozen_2024_2026,10.0,33,0.0156726090506162,0.17443534484197207,-0.7735473474798338,-0.4706491292836934,0.48484848484848486
Ltight,5,STRADDLE,H0,e050,LS,pre_2019_2020,10.0,18,-0.11335743060666115,-0.9465925433316299,-1.1522027343130143,-1.3698662168668156,0.3888888888888889
Ltight,5,STRADDLE,H0,e050,LS,dev_2021_2023,10.0,36,-0.022502331387254423,-0.31548521738062174,-0.9527906378856374,-0.5191230498870975,0.4722222222222222
Ltight,5,STRADDLE,H0,e050,LS,hold_2024_2025,10.0,24,0.021767678383147845,0.23714183744642756,-0.8737538655477479,-0.48844984890053045,0.4583333333333333
Ltight,5,STRADDLE,H0,e050,LS,ext_2026,10.0,9,-0.1103078092996618,-1.3056536959973517,-0.7719720253435247,-0.4940017220630152,0.3333333333333333
Ltight,5,STRADDLE,H0,e050,LS,post_2021_2026,10.0,69,-0.0185569555426459,-0.2310702653471467,-0.9881883541036547,-0.5191230498870975,0.4492753623188406
Ltight,5,STRADDLE,H0,e050,LS,frozen_2024_2026,10.0,33,-0.01425290916670933,-0.15799785820934975,-0.8737538655477479,-0.4940017220630152,0.42424242424242425
Ltight,5,STRADDLE,H0,e050,L,pre_2019_2020,5.0,18,0.06931063476617054,0.35829387232512744,-0.884128860242269,-0.6082423939180454,0.3888888888888889
Ltight,5,STRADDLE,H0,e050,L,dev_2021_2023,5.0,36,-0.09329371087660035,-0.866310151054116,-0.9993747066809955,-0.606890539186393,0.3333333333333333
Ltight,5,STRADDLE,H0,e050,L,hold_2024_2025,5.0,24,0.13162243580612631,0.8893114463852635,-0.9424916359336629,-0.47343907487936754,0.4583333333333333
Ltight,5,STRADDLE,H0,e050,L,ext_2026,5.0,9,-0.14396870424654232,-0.9461034730277531,-0.9499765080290361,-0.7203570122114231,0.3333333333333333
Ltight,5,STRADDLE,H0,e050,L,post_2021_2026,5.0,69,-0.021671789426513925,-0.16531777211964568,-0.9998262309594922,-0.7203570122114231,0.37681159420289856
Ltight,5,STRADDLE,H0,e050,L,frozen_2024_2026,5.0,33,0.05646121579176214,0.37369342932497585,-0.9499765080290361,-0.7203570122114231,0.42424242424242425
Ltight,5,STRADDLE,H0,e050,S,pre_2019_2020,5.0,18,-0.2960254959794927,-0.8851602218578822,-2.5824913823309665,-4.730657970192103,0.5
Ltight,5,STRADDLE,H0,e050,S,dev_2021_2023,5.0,36,0.048289048102091496,0.4045918966776516,-0.9762091904252297,-0.849087043278933,0.6111111111111112
Ltight,5,STRADDLE,H0,e050,S,hold_2024_2025,5.0,24,-0.08808707903983067,-0.8689101374415956,-0.9918461589298865,-0.8175455871133124,0.4166666666666667
Ltight,5,STRADDLE,H0,e050,S,ext_2026,5.0,9,-0.07664691435278127,-1.0507722281705099,-0.7286462363947486,-0.5658538867570992,0.2222222222222222
Ltight,5,STRADDLE,H0,e050,S,post_2021_2026,5.0,69,-0.01544212165877789,-0.14209728473856764,-0.999931181541974,-0.849087043278933,0.4927536231884058
Ltight,5,STRADDLE,H0,e050,S,frozen_2024_2026,5.0,33,-0.08496703412518085,-0.9099412221429777,-0.9972093033496623,-0.8175455871133124,0.36363636363636365
Ltight,5,STRADDLE,H0,e100,LS,pre_2019_2020,10.0,18,-0.14105782350467497,-1.1492995947996072,-1.1480486490273443,-1.4534317614263756,0.3888888888888889
Ltight,5,STRADDLE,H0,e100,LS,dev_2021_2023,10.0,36,-0.04456723996163539,-0.6226257692218621,-0.9764495599012747,-0.5373286146230448,0.4166666666666667
Ltight,5,STRADDLE,H0,e100,LS,hold_2024_2025,10.0,24,-0.00910528797618323,-0.09835648789397489,-0.9316646416377091,-0.5107682019714901,0.4166666666666667
Ltight,5,STRADDLE,H0,e100,LS,ext_2026,10.0,9,-0.1377067991383059,-1.6332034186464555,-0.8323686834251851,-0.517354314842337,0.2222222222222222
Ltight,5,STRADDLE,H0,e100,LS,post_2021_2026,10.0,69,-0.04438128612017427,-0.5502748121341312,-0.9980964851607685,-0.5373286146230448,0.391304347826087
Ltight,5,STRADDLE,H0,e100,LS,frozen_2024_2026,10.0,33,-0.044178427384034866,-0.4873067378574224,-0.9538519490679895,-0.517354314842337,0.36363636363636365
Ltight,5,STRADDLE,H0,tick,LS,pre_2019_2020,10.0,18,-0.1446857111843343,-1.1794769865923087,-1.1433674514534589,-1.455917438770958,0.3888888888888889
Ltight,5,STRADDLE,H0,tick,LS,dev_2021_2023,10.0,36,-0.047219678188154285,-0.659379797099056,-0.9784387542226957,-0.5397515939512467,0.4166666666666667
Ltight,5,STRADDLE,H0,tick,LS,hold_2024_2025,10.0,24,-0.012230464160669613,-0.1320003209179605,-0.9356013452182662,-0.5134553460385198,0.375
Ltight,5,STRADDLE,H0,tick,LS,ext_2026,10.0,9,-0.140083776015759,-1.6602359166439984,-0.8369559939950931,-0.5186473288168388,0.2222222222222222
Ltight,5,STRADDLE,H0,tick,LS,post_2021_2026,10.0,69,-0.047162225199586315,-0.5844371175568529,-0.9984572194790141,-0.5397515939512467,0.37681159420289856
Ltight,5,STRADDLE,H0,tick,LS,frozen_2024_2026,10.0,33,-0.04709954921205762,-0.5192146435180935,-0.958743416106038,-0.5186473288168388,0.3333333333333333
Ltight,5,STRADDLE,H1,e050,LS,pre_2019_2020,10.0,18,-0.0001407433624851764,-0.0035723365363596682,-0.3281462187175894,-0.24369609087713737,0.3888888888888889
Ltight,5,STRADDLE,H1,e050,LS,dev_2021_2023,10.0,36,-0.06590392821082963,-1.6436208856191328,-0.9455942146445776,-0.502606882038536,0.3888888888888889
Ltight,5,STRADDLE,H1,e050,LS,hold_2024_2025,10.0,24,-0.00454628054342653,-0.1280537447405998,-0.5997862584691267,-0.2595431863785352,0.4583333333333333
Ltight,5,STRADDLE,H1,e050,LS,ext_2026,10.0,9,-0.027912618046798857,-0.9471379774740905,-0.3366300383037779,-0.17038972692197657,0.4444444444444444
Ltight,5,STRADDLE,H1,e050,LS,post_2021_2026,10.0,69,-0.03960674943555498,-1.0495031022705061,-0.9782260570819808,-0.502606882038536,0.42028985507246375
Ltight,5,STRADDLE,H1,e050,LS,frozen_2024_2026,10.0,33,-0.01091891804434626,-0.3244756691405682,-0.5997862584691267,-0.2595431863785352,0.45454545454545453
Ltight,5,STRADDLE,H1,e050,L,pre_2019_2020,5.0,18,0.02543459129865676,0.36197245355607843,-0.5125735275942668,-0.2660158482611638,0.4444444444444444
Ltight,5,STRADDLE,H1,e050,L,dev_2021_2023,5.0,36,-0.06558278665351899,-1.571791660208131,-0.9543655339458111,-0.36861238482486725,0.25
Ltight,5,STRADDLE,H1,e050,L,hold_2024_2025,5.0,24,0.03324126379508815,0.3858851633154939,-0.7122033632231667,-0.2568722486315639,0.375
Ltight,5,STRADDLE,H1,e050,L,ext_2026,5.0,9,-0.0375540276960484,-0.6348054649758128,-0.47699204548108276,-0.2767150698500367,0.4444444444444444
Ltight,5,STRADDLE,H1,e050,L,post_2021_2026,5.0,69,-0.027553278807376874,-0.43612817986522906,-0.9834185170688554,-0.36861238482486725,0.3188405797101449
Ltight,5,STRADDLE,H1,e050,L,frozen_2024_2026,5.0,33,0.013933457024778176,0.17562992659267485,-0.7122033632231667,-0.2767150698500367,0.3939393939393939
Ltight,5,STRADDLE,H1,e050,S,pre_2019_2020,5.0,18,-0.0257160780236271,-0.4609505877322531,-0.7765778033271364,-0.5840584738179285,0.5
Ltight,5,STRADDLE,H1,e050,S,dev_2021_2023,5.0,36,-0.0662250697681403,-0.8314445203371736,-0.9942360190923382,-0.7847366183914237,0.4166666666666667
Ltight,5,STRADDLE,H1,e050,S,hold_2024_2025,5.0,24,-0.04233382488194123,-0.5875680222714227,-0.9165245415376098,-0.7353485661378338,0.4583333333333333
Ltight,5,STRADDLE,H1,e050,S,ext_2026,5.0,9,-0.018271208397549282,-0.5902025726627264,-0.32916018175372663,-0.1987494555461864,0.5555555555555556
Ltight,5,STRADDLE,H1,e050,S,post_2021_2026,5.0,69,-0.05166022006373309,-0.7192965579409022,-0.999543047895634,-0.7847366183914237,0.4492753623188406
Ltight,5,STRADDLE,H1,e050,S,frozen_2024_2026,5.0,33,-0.0357712931134707,-0.5669733152972878,-0.9305364199607552,-0.7353485661378338,0.48484848484848486
Ltight,5,STRADDLE,H2_15,e050,LS,pre_2019_2020,10.0,18,-0.005823036193772827,-0.14132678723738573,-0.36372999106740256,-0.35018637965105565,0.3888888888888889
Ltight,5,STRADDLE,H2_15,e050,LS,dev_2021_2023,10.0,36,-0.06460746836063182,-1.5216803515680426,-0.946266239106647,-0.526417158543989,0.3888888888888889
Ltight,5,STRADDLE,H2_15,e050,LS,hold_2024_2025,10.0,24,-0.0032420117789874353,-0.08977493221749316,-0.6227699782399665,-0.2660501040345244,0.5
Ltight,5,STRADDLE,H2_15,e050,LS,ext_2026,10.0,9,-0.021762073184092012,-0.6197450426486909,-0.3018990663150999,-0.2026542408879038,0.4444444444444444
Ltight,5,STRADDLE,H2_15,e050,LS,post_2021_2026,10.0,69,-0.03767443191790249,-0.9467017024249623,-0.979730012208952,-0.526417158543989,0.43478260869565216
Ltight,5,STRADDLE,H2_15,e050,LS,frozen_2024_2026,10.0,33,-0.008292937616743228,-0.23442434296218187,-0.6227699782399665,-0.2660501040345244,0.48484848484848486
Ltight,5,STRADDLE,H2_15,e050,L,pre_2019_2020,5.0,18,0.025003481064378313,0.3542054784778615,-0.5014346825357665,-0.2861257930231934,0.3888888888888889
Ltight,5,STRADDLE,H2_15,e050,L,dev_2021_2023,5.0,36,-0.07226082710819998,-1.720231124109443,-0.9663697703970159,-0.37541132953600903,0.3055555555555556
Ltight,5,STRADDLE,H2_15,e050,L,hold_2024_2025,5.0,24,0.03870907256653865,0.47146010685246925,-0.7031861949365923,-0.2187230495455244,0.375
Ltight,5,STRADDLE,H2_15,e050,L,ext_2026,5.0,9,-0.020954099997723366,-0.31741429030085794,-0.4079779404540992,-0.3073850847622056,0.4444444444444444
Ltight,5,STRADDLE,H2_15,e050,L,post_2021_2026,5.0,69,-0.02697041933735915,-0.43083527531264476,-0.9869858603316992,-0.37541132953600903,0.34782608695652173
Ltight,5,STRADDLE,H2_15,e050,L,frozen_2024_2026,5.0,33,0.022437298230830835,0.2897755921672356,-0.7031861949365923,-0.3073850847622056,0.3939393939393939
Ltight,5,STRADDLE,H2_15,e050,S,pre_2019_2020,5.0,18,-0.036649553451923965,-0.5222851393376473,-0.9103072001639501,-0.8446331791471714,0.4444444444444444
Ltight,5,STRADDLE,H2_15,e050,S,dev_2021_2023,5.0,36,-0.05695410961306367,-0.6912560196808968,-0.9936623062025023,-0.8186280610244132,0.5
Ltight,5,STRADDLE,H2_15,e050,S,hold_2024_2025,5.0,24,-0.04519309612451353,-0.6289571996349599,-0.9155702774520488,-0.7273498788638679,0.4583333333333333
Ltight,5,STRADDLE,H2_15,e050,S,ext_2026,5.0,9,-0.02257004637046064,-0.649082637731227,-0.3730817608921876,-0.1900313562285006,0.5555555555555556
Ltight,5,STRADDLE,H2_15,e050,S,post_2021_2026,5.0,69,-0.048378444498445826,-0.6587429673082783,-0.9995605394306905,-0.8186280610244132,0.4927536231884058
Ltight,5,STRADDLE,H2_15,e050,S,frozen_2024_2026,5.0,33,-0.03902317346431729,-0.6153279268209112,-0.9362437451314323,-0.7273498788638679,0.48484848484848486
Ltight,5,STRADDLE,H2_25,e050,LS,pre_2019_2020,10.0,18,-0.009835492392589731,-0.24094374893338133,-0.4215653246567901,-0.35961830013287105,0.3888888888888889
Ltight,5,STRADDLE,H2_25,e050,LS,dev_2021_2023,10.0,36,-0.06263987078396535,-1.41244185680911,-0.9592695444209549,-0.5406248388179682,0.3611111111111111
Ltight,5,STRADDLE,H2_25,e050,LS,hold_2024_2025,10.0,24,0.002631763514682262,0.06588004658302236,-0.6626373224211045,-0.2387334616584098,0.5416666666666666
Ltight,5,STRADDLE,H2_25,e050,LS,ext_2026,10.0,9,-0.032589100430979547,-0.9094878538748091,-0.3816240542975371,-0.18439868663150763,0.4444444444444444
Ltight,5,STRADDLE,H2_25,e050,LS,post_2021_2026,10.0,69,-0.036017027938394126,-0.8540511810847514,-0.9811221905220613,-0.5406248388179682,0.43478260869565216
Ltight,5,STRADDLE,H2_25,e050,LS,frozen_2024_2026,10.0,33,-0.006973926652316416,-0.1807216784504869,-0.6626373224211045,-0.2387334616584098,0.5151515151515151
Ltight,5,STRADDLE,H2_25,e050,L,pre_2019_2020,5.0,18,0.04448527997202355,0.6162887729838054,-0.49285151386740345,-0.2914422455032154,0.5
Ltight,5,STRADDLE,H2_25,e050,L,dev_2021_2023,5.0,36,-0.07690206594336642,-1.5947418550485872,-0.9814302967118157,-0.3865098670897398,0.2777777777777778
Ltight,5,STRADDLE,H2_25,e050,L,hold_2024_2025,5.0,24,0.04361868523257697,0.5244428487619636,-0.7432468382992697,-0.26089666990071125,0.375
Ltight,5,STRADDLE,H2_25,e050,L,ext_2026,5.0,9,-0.04914610553302061,-0.7537388281474459,-0.5602394236471016,-0.34507577898657116,0.4444444444444444
Ltight,5,STRADDLE,H2_25,e050,L,post_2021_2026,5.0,69,-0.03136146200255839,-0.4784169024977646,-0.9917512302148029,-0.3865098670897398,0.3333333333333333
Ltight,5,STRADDLE,H2_25,e050,L,frozen_2024_2026,5.0,33,0.018319196841959446,0.23300208023603314,-0.7432468382992697,-0.34507577898657116,0.3939393939393939
Ltight,5,STRADDLE,H2_25,e050,S,pre_2019_2020,5.0,18,-0.06415626475720301,-0.8706158136949635,-0.9770331297057381,-0.9617279760813713,0.5
Ltight,5,STRADDLE,H2_25,e050,S,dev_2021_2023,5.0,36,-0.04837767562456432,-0.5848768330186311,-0.9891303163064726,-0.7906560284187799,0.4722222222222222
Ltight,5,STRADDLE,H2_25,e050,S,hold_2024_2025,5.0,24,-0.03835515820321245,-0.5207895831338524,-0.9278583400955434,-0.7607724183293649,0.5
Ltight,5,STRADDLE,H2_25,e050,S,ext_2026,5.0,9,-0.016032095328938498,-0.5043823833456041,-0.33428673716330004,-0.19492271380987253,0.5555555555555556
Ltight,5,STRADDLE,H2_25,e050,S,post_2021_2026,5.0,69,-0.040672593874229876,-0.549209700802345,-0.9991148877527203,-0.7906560284187799,0.4927536231884058
Ltight,5,STRADDLE,H2_25,e050,S,frozen_2024_2026,5.0,33,-0.032267050146592285,-0.5003031441297031,-0.9278583400955434,-0.7607724183293649,0.5151515151515151
Ltight,5,STRANGLE25,H0,e000,LS,pre_2019_2020,10.0,18,-0.357914326570886,-1.0411069814166118,-1.29997912617192,-4.681765734641703,0.3888888888888889
Ltight,5,STRANGLE25,H0,e000,LS,dev_2021_2023,10.0,36,-0.02290888635543399,-0.14515387003672922,-2.1831441444977724,-1.521906651491321,0.5
Ltight,5,STRANGLE25,H0,e000,LS,hold_2024_2025,10.0,24,0.19475061387578443,0.960098168365336,-0.9866973000743563,-0.9340061246341038,0.5833333333333334
Ltight,5,STRANGLE25,H0,e000,LS,ext_2026,10.0,9,-0.12366035120689951,-0.6567300529595209,-1.1810432050070006,-1.1060426414053155,0.4444444444444444
Ltight,5,STRANGLE25,H0,e000,LS,post_2021_2026,10.0,69,0.03965727048349432,0.2214030519162614,-2.1831441444977724,-1.521906651491321,0.5217391304347826
Ltight,5,STRANGLE25,H0,e000,LS,frozen_2024_2026,10.0,33,0.10791125976232517,0.5384421109540709,-1.0530106884750392,-1.1060426414053155,0.5454545454545454
Ltight,5,STRANGLE25,H0,e050,LS,pre_2019_2020,10.0,18,-0.4025694646530106,-1.1340638380739445,-1.2088563559323524,-4.8987864436249025,0.3333333333333333
Ltight,5,STRANGLE25,H0,e050,LS,dev_2021_2023,10.0,36,-0.06461329459743181,-0.40753956065833147,-2.032142749346988,-1.6175934899410915,0.4444444444444444
Ltight,5,STRANGLE25,H0,e050,LS,hold_2024_2025,10.0,24,0.13143228261267212,0.6263306749247198,-0.9999181331604595,-0.996402149814031,0.5833333333333334
Ltight,5,STRANGLE25,H0,e050,LS,ext_2026,10.0,9,-0.16923415691762234,-0.9028003931599677,-1.194300257542059,-1.1412682229308773,0.3333333333333333
Ltight,5,STRANGLE25,H0,e050,LS,post_2021_2026,10.0,69,-0.010069728044377025,-0.05546091508076281,-2.032142749346988,-1.6175934899410915,0.4782608695652174
Ltight,5,STRANGLE25,H0,e050,LS,frozen_2024_2026,10.0,33,0.04943234455895544,0.24127468482231731,-1.0003268096923859,-1.1412682229308773,0.5151515151515151
Ltight,5,STRANGLE25,H0,e050,L,pre_2019_2020,5.0,18,0.028034170763498553,0.0723557829370511,-0.9999021772861711,-0.9540781418733626,0.3333333333333333
Ltight,5,STRANGLE25,H0,e050,L,dev_2021_2023,5.0,36,-0.1993417717503909,-0.8446643397845882,-0.999999999998544,-0.9656405793291201,0.2777777777777778
Ltight,5,STRANGLE25,H0,e050,L,hold_2024_2025,5.0,24,0.2734504208600501,0.9006140567676052,-0.9964788767839242,-0.7319866090255271,0.4583333333333333
Ltight,5,STRANGLE25,H0,e050,L,ext_2026,5.0,9,-0.1440851016113331,-0.5245321999566095,-0.9998264584901501,-0.980785141177182,0.3333333333333333
Ltight,5,STRANGLE25,H0,e050,L,post_2021_2026,5.0,69,-0.027684921693838623,-0.10257707927885204,-0.9999999999999982,-0.980785141177182,0.34782608695652173
Ltight,5,STRANGLE25,H0,e050,L,frozen_2024_2026,5.0,33,0.1595770965496729,0.5376393337461192,-0.9999214460960952,-0.980785141177182,0.42424242424242425
Ltight,5,STRANGLE25,H0,e050,S,pre_2019_2020,5.0,18,-0.8331731000695196,-0.8282158706620515,-1.0829499711826422,-14.506878588667188,0.6111111111111112
Ltight,5,STRANGLE25,H0,e050,S,dev_2021_2023,5.0,36,0.07011518255552723,0.26836169199586446,-1.705573979320365,-2.572728525641025,0.6666666666666666
Ltight,5,STRANGLE25,H0,e050,S,hold_2024_2025,5.0,24,-0.01058585563470583,-0.04567625337353829,-4.348469506108683,-1.829854394124394,0.5833333333333334
Ltight,5,STRANGLE25,H0,e050,S,ext_2026,5.0,9,-0.19438321222391158,-1.0208030882483692,-1.741878043760666,-1.741878043760666,0.3333333333333333
Ltight,5,STRANGLE25,H0,e050,S,post_2021_2026,5.0,69,0.0075454656050845965,0.03127682225843528,-1.705573979320365,-2.572728525641025,0.5942028985507246
Ltight,5,STRANGLE25,H0,e050,S,frozen_2024_2026,5.0,33,-0.06071240743176195,-0.27640439818880674,-4.348469506108683,-1.829854394124394,0.5151515151515151
Ltight,5,STRANGLE25,H0,e100,LS,pre_2019_2020,10.0,18,-0.447224602735135,-1.2209947050746088,-1.1195800673443959,-5.115807152608099,0.3333333333333333
Ltight,5,STRANGLE25,H0,e100,LS,dev_2021_2023,10.0,36,-0.10631770283942958,-0.6666585722824123,-1.7500616416869479,-1.7132803283908626,0.3888888888888889
Ltight,5,STRANGLE25,H0,e100,LS,hold_2024_2025,10.0,24,0.06811395134955982,0.3087437352391135,-1.0208102806488504,-1.2332585002578098,0.5416666666666666
Ltight,5,STRANGLE25,H0,e100,LS,ext_2026,10.0,9,-0.21480796262834514,-1.1506903015284458,-1.2185758545849377,-1.1764938044564388,0.3333333333333333
Ltight,5,STRANGLE25,H0,e100,LS,post_2021_2026,10.0,69,-0.05979672657224835,-0.32195945281642746,-1.7500616416869479,-1.7132803283908626,0.43478260869565216
Ltight,5,STRANGLE25,H0,e100,LS,frozen_2024_2026,10.0,33,-0.009046570644414265,-0.04261789526209018,-1.0208102806488504,-1.2332585002578098,0.48484848484848486
Ltight,5,STRANGLE25,H0,tick,LS,pre_2019_2020,10.0,18,-0.4572710018383963,-1.2490941275254095,-1.0889815455596874,-5.123648314589101,0.2777777777777778
Ltight,5,STRANGLE25,H0,tick,LS,dev_2021_2023,10.0,36,-0.11383735515594669,-0.7136282230741426,-1.6791683186192634,-1.7206363675969307,0.3888888888888889
Ltight,5,STRANGLE25,H0,tick,LS,hold_2024_2025,10.0,24,0.05924873355024898,0.2680884812242682,-1.017967620376641,-1.2494997196460251,0.5416666666666666
Ltight,5,STRANGLE25,H0,tick,LS,ext_2026,10.0,9,-0.22150103545109479,-1.1847686647553721,-1.2299837069181843,-1.186550320617816,0.3333333333333333
Ltight,5,STRANGLE25,H0,tick,LS,post_2021_2026,10.0,69,-0.06767658694881099,-0.364048809674358,-1.6791683186192634,-1.7206363675969307,0.43478260869565216
Ltight,5,STRANGLE25,H0,tick,LS,frozen_2024_2026,10.0,33,-0.017319385268299306,-0.08147467154959052,-1.017967620376641,-1.2494997196460251,0.48484848484848486
Ltight,5,STRANGLE25,H1,e050,LS,pre_2019_2020,10.0,18,-0.0336119083910747,-0.3792745200954197,-0.8411049569968101,-0.7222724137746124,0.3333333333333333
Ltight,5,STRANGLE25,H1,e050,LS,dev_2021_2023,10.0,36,-0.10907980220928241,-1.1857473644406737,-1.5315324328952418,-1.6656910533729476,0.3333333333333333
Ltight,5,STRANGLE25,H1,e050,LS,hold_2024_2025,10.0,24,0.012350874108957993,0.19936714393665894,-0.7666119337297833,-0.48078891719811034,0.5
Ltight,5,STRANGLE25,H1,e050,LS,ext_2026,10.0,9,-0.06683153938701988,-0.9656492073692393,-0.6961202752909679,-0.4241669818096804,0.4444444444444444
Ltight,5,STRANGLE25,H1,e050,LS,post_2021_2026,10.0,69,-0.06133240225220804,-0.7620276349465838,-1.5315324328952418,-1.6656910533729476,0.4057971014492754
Ltight,5,STRANGLE25,H1,e050,LS,frozen_2024_2026,10.0,33,-0.009244329571763247,-0.14503166875390452,-0.7666119337297833,-0.48078891719811034,0.48484848484848486
Ltight,5,STRANGLE25,H1,e050,L,pre_2019_2020,5.0,18,0.04106068968454732,0.30245442749025536,-0.809006265475192,-0.42090421282393997,0.3333333333333333
Ltight,5,STRANGLE25,H1,e050,L,dev_2021_2023,5.0,36,-0.15898650438245057,-2.035219710207546,-0.9997177736156891,-0.618848058384214,0.2777777777777778
Ltight,5,STRANGLE25,H1,e050,L,hold_2024_2025,5.0,24,0.0955032801795192,0.5617440118425843,-0.8588343176053338,-0.5214775931970206,0.4166666666666667
Ltight,5,STRANGLE25,H1,e050,L,ext_2026,5.0,9,-0.0637350372873607,-0.6491266688251459,-0.7162672869804396,-0.49858138500667815,0.5555555555555556
Ltight,5,STRANGLE25,H1,e050,L,post_2021_2026,5.0,69,-0.05804421404414502,-0.47088117611605534,-0.999960159319869,-0.618848058384214,0.36231884057971014
Ltight,5,STRANGLE25,H1,e050,L,frozen_2024_2026,5.0,33,0.05207464814309742,0.33885387643302073,-0.8588343176053338,-0.5214775931970206,0.45454545454545453
Ltight,5,STRANGLE25,H1,e050,S,pre_2019_2020,5.0,18,-0.10828450646669674,-0.6817875746220775,-2.202848434986455,-2.0792158584592313,0.4444444444444444
Ltight,5,STRANGLE25,H1,e050,S,dev_2021_2023,5.0,36,-0.05917310003611425,-0.3456696278113208,-4.864889636069856,-2.722141135092816,0.5555555555555556
Ltight,5,STRANGLE25,H1,e050,S,hold_2024_2025,5.0,24,-0.07080153196160319,-0.47145802346583243,-1.0158200359140261,-1.5741770263419634,0.5416666666666666
Ltight,5,STRANGLE25,H1,e050,S,ext_2026,5.0,9,-0.06992804148667911,-0.7377422950704104,-0.8010395950002158,-0.5626592395576869,0.3333333333333333
Ltight,5,STRANGLE25,H1,e050,S,post_2021_2026,5.0,69,-0.06462059046027102,-0.4191303508338103,-4.864889636069856,-2.722141135092816,0.5217391304347826
Ltight,5,STRANGLE25,H1,e050,S,frozen_2024_2026,5.0,33,-0.07056330728662391,-0.5194109991083392,-1.0158200359140261,-1.5741770263419634,0.48484848484848486
Ltight,5,STRANGLE25,H2_15,e050,LS,pre_2019_2020,10.0,18,-0.03352897044781151,-0.34015912392696745,-1.0137250675860119,-1.0097940362034454,0.5
Ltight,5,STRANGLE25,H2_15,e050,LS,dev_2021_2023,10.0,36,-0.09932315493443174,-1.0438343125347787,-1.4578813081481306,-1.6504201657608832,0.3611111111111111
Ltight,5,STRANGLE25,H2_15,e050,LS,hold_2024_2025,10.0,24,0.019610972651108147,0.28765932587120696,-0.7872244027402974,-0.5263773292168539,0.5416666666666666
Ltight,5,STRANGLE25,H2_15,e050,LS,ext_2026,10.0,9,-0.04850768541919914,-0.5889138780511003,-0.6928793218104049,-0.4923873783161835,0.5555555555555556
Ltight,5,STRANGLE25,H2_15,e050,LS,post_2021_2026,10.0,69,-0.05132665801138753,-0.6015557654019359,-1.4578813081481306,-1.6504201657608832,0.4492753623188406
Ltight,5,STRANGLE25,H2_15,e050,LS,frozen_2024_2026,10.0,33,0.001033156813751618,0.01444476408909737,-0.7872244027402974,-0.5263773292168539,0.5454545454545454
Ltight,5,STRANGLE25,H2_15,e050,L,pre_2019_2020,5.0,18,0.06638846469360542,0.46380264207988015,-0.7958790049026162,-0.46550469735012745,0.3333333333333333
Ltight,5,STRANGLE25,H2_15,e050,L,dev_2021_2023,5.0,36,-0.15724120862307858,-1.8230485504918215,-0.9998293816421351,-0.687408912502024,0.2777777777777778
Ltight,5,STRANGLE25,H2_15,e050,L,hold_2024_2025,5.0,24,0.11969557991807145,0.7669878120580699,-0.7800828338004366,-0.4533000948306074,0.4583333333333333
Ltight,5,STRANGLE25,H2_15,e050,L,ext_2026,5.0,9,-0.04344899511575446,-0.3688263504350049,-0.7242932781126585,-0.5622934213636763,0.4444444444444444
Ltight,5,STRANGLE25,H2_15,e050,L,post_2021_2026,5.0,69,-0.046072906499114545,-0.37552317111838723,-0.9999515297111058,-0.687408912502024,0.36231884057971014
Ltight,5,STRANGLE25,H2_15,e050,L,frozen_2024_2026,5.0,33,0.07520160490884618,0.5137328774244332,-0.8200579091908631,-0.5622934213636763,0.45454545454545453
Ltight,5,STRANGLE25,H2_15,e050,S,pre_2019_2020,5.0,18,-0.13344640558922835,-0.6644366908853688,-3.9484950825183076,-2.7116482537463797,0.4444444444444444
Ltight,5,STRANGLE25,H2_15,e050,S,dev_2021_2023,5.0,36,-0.04140510124578491,-0.24382229525609775,-5.171074920477096,-2.6976982242502974,0.5833333333333334
Ltight,5,STRANGLE25,H2_15,e050,S,hold_2024_2025,5.0,24,-0.08047363461585517,-0.500083485743166,-1.0002718569642728,-1.8493050482233362,0.5416666666666666
Ltight,5,STRANGLE25,H2_15,e050,S,ext_2026,5.0,9,-0.05356637572264379,-0.5107962318977931,-0.7957573913294009,-0.5385126201710762,0.4444444444444444
Ltight,5,STRANGLE25,H2_15,e050,S,post_2021_2026,5.0,69,-0.056580409523660495,-0.35840165212775305,-5.171074920477096,-2.6976982242502974,0.5507246376811594
Ltight,5,STRANGLE25,H2_15,e050,S,frozen_2024_2026,5.0,33,-0.07313529128134297,-0.5002466990790224,-1.0002718569642728,-1.8493050482233362,0.5151515151515151
Ltight,5,STRANGLE25,H2_25,e050,LS,pre_2019_2020,10.0,18,-0.0836140577625218,-0.8284427151174554,-0.9783463688692285,-0.9198607625990709,0.3888888888888889
Ltight,5,STRANGLE25,H2_25,e050,LS,dev_2021_2023,10.0,36,-0.1164404732485744,-1.2150297648963948,-1.4535884462975355,-1.6434745515635538,0.4166666666666667
Ltight,5,STRANGLE25,H2_25,e050,LS,hold_2024_2025,10.0,24,0.062244830406247176,0.7845757726046871,-0.756703901323519,-0.5027105524269829,0.5416666666666666
Ltight,5,STRANGLE25,H2_25,e050,LS,ext_2026,10.0,9,-0.10004369368364358,-1.0171261926185724,-0.846696869286562,-0.6306058270955134,0.5555555555555556
Ltight,5,STRANGLE25,H2_25,e050,LS,post_2021_2026,10.0,69,-0.052150352903645475,-0.5627870103198682,-1.4535884462975355,-1.6434745515635538,0.4782608695652174
Ltight,5,STRANGLE25,H2_25,e050,LS,frozen_2024_2026,10.0,33,0.017984323836276985,0.20918390668165318,-0.8466968692865621,-0.6306058270955134,0.5454545454545454
Ltight,5,STRANGLE25,H2_25,e050,L,pre_2019_2020,5.0,18,0.06199055041662945,0.39006696239921634,-0.8244012531564724,-0.4163726959885704,0.3333333333333333
Ltight,5,STRANGLE25,H2_25,e050,L,dev_2021_2023,5.0,36,-0.17560041979240312,-2.0270128390630857,-0.9999568364718283,-0.7813387227225826,0.19444444444444445
Ltight,5,STRANGLE25,H2_25,e050,L,hold_2024_2025,5.0,24,0.1505271715784284,0.8768039353168201,-0.8934722854894248,-0.5085020984203691,0.5
Ltight,5,STRANGLE25,H2_25,e050,L,ext_2026,5.0,9,-0.11148661739684924,-0.8296929402355139,-0.9049857044455969,-0.6325035061168435,0.4444444444444444
Ltight,5,STRANGLE25,H2_25,e050,L,post_2021_2026,5.0,69,-0.05380206595965035,-0.4024178722106803,-0.9999919566448375,-0.7813387227225826,0.3333333333333333
Ltight,5,STRANGLE25,H2_25,e050,L,frozen_2024_2026,5.0,33,0.07906886549426174,0.48237999426485995,-0.9186752826843537,-0.6325035061168435,0.48484848484848486
Ltight,5,STRANGLE25,H2_25,e050,S,pre_2019_2020,5.0,18,-0.2292186659416731,-1.2048746289736136,-1.544982309889313,-2.6452450481084218,0.3888888888888889
Ltight,5,STRANGLE25,H2_25,e050,S,dev_2021_2023,5.0,36,-0.05728052670474569,-0.33743010281258023,-6.191274476140227,-2.618870048779784,0.5555555555555556
Ltight,5,STRANGLE25,H2_25,e050,S,hold_2024_2025,5.0,24,-0.026037510765933993,-0.18195842346029154,-1.016177988621381,-1.1424347304291174,0.5416666666666666
Ltight,5,STRANGLE25,H2_25,e050,S,ext_2026,5.0,9,-0.08860076997043792,-0.8596586836851674,-0.8533468608265863,-0.6328853486207661,0.4444444444444444
Ltight,5,STRANGLE25,H2_25,e050,S,post_2021_2026,5.0,69,-0.05049863984764062,-0.3326645387197296,-6.191274476140227,-2.618870048779784,0.5362318840579711
Ltight,5,STRANGLE25,H2_25,e050,S,frozen_2024_2026,5.0,33,-0.043100217821707795,-0.326369177408998,-1.016177988621381,-1.1424347304291174,0.5151515151515151
Ltight,5,IFLY10,H0,e000,LS,pre_2019_2020,10.0,18,0.001212953006142947,0.01963502598591897,-0.5853160893976601,-0.22871414838891324,0.3888888888888889
Ltight,5,IFLY10,H0,e000,LS,dev_2021_2023,10.0,36,-0.014841367390193773,-0.29963320553601136,-0.8867669748452224,-0.41788344139067773,0.5277777777777778
Ltight,5,IFLY10,H0,e000,LS,hold_2024_2025,10.0,24,-0.005291724153580404,-0.12328447883951534,-0.7192480299366448,-0.2197954220229,0.375
Ltight,5,IFLY10,H0,e000,LS,ext_2026,10.0,9,-0.09974331399455089,-1.5316650682220954,-0.6912073724742221,-0.33821347464196966,0.2222222222222222
Ltight,5,IFLY10,H0,e000,LS,post_2021_2026,10.0,69,-0.022593919299766133,-0.45535727942772575,-0.9592648775026377,-0.41788344139067773,0.43478260869565216
Ltight,5,IFLY10,H0,e000,LS,frozen_2024_2026,10.0,33,-0.03105124865566326,-0.6165465108110426,-0.8154588565852895,-0.33821347464196966,0.3333333333333333
Ltight,5,IFLY10,H0,e050,LS,pre_2019_2020,10.0,18,-0.03925417461541852,-0.6208163154145261,-0.7840267435240533,-0.2590284601218338,0.3888888888888889
Ltight,5,IFLY10,H0,e050,LS,dev_2021_2023,10.0,36,-0.04231927156344887,-0.8581695492191467,-0.9333659685673286,-0.4370158315766486,0.4444444444444444
Ltight,5,IFLY10,H0,e050,LS,hold_2024_2025,10.0,24,-0.04308253954155822,-0.9680171566713377,-0.8499960684413609,-0.30505881600601886,0.3333333333333333
Ltight,5,IFLY10,H0,e050,LS,ext_2026,10.0,9,-0.13703665976689824,-2.1012046844228314,-0.793383922496565,-0.38054751839576595,0.2222222222222222
Ltight,5,IFLY10,H0,e050,LS,post_2021_2026,10.0,69,-0.05493919801715422,-1.0971310959940108,-0.994917872814248,-0.4370158315766486,0.37681159420289856
Ltight,5,IFLY10,H0,e050,LS,frozen_2024_2026,10.0,33,-0.0687063905121055,-1.3378287677895095,-0.946426999743035,-0.38054751839576595,0.30303030303030304
Ltight,5,IFLY10,H0,e050,L,pre_2019_2020,5.0,18,0.032275986606775685,0.23744962273122575,-0.8442016114536272,-0.4714207451439135,0.3888888888888889
Ltight,5,IFLY10,H0,e050,L,dev_2021_2023,5.0,36,-0.07067814384422563,-0.8409265828976499,-0.9943690291462387,-0.5552733961879577,0.3333333333333333
Ltight,5,IFLY10,H0,e050,L,hold_2024_2025,5.0,24,-0.002800083117862747,-0.03560473250957465,-0.9453794347703459,-0.4199636471191036,0.375
Ltight,5,IFLY10,H0,e050,L,ext_2026,5.0,9,-0.14202540762598317,-1.2490097902709993,-0.8935981894052402,-0.530935073089055,0.2222222222222222
Ltight,5,IFLY10,H0,e050,L,post_2021_2026,5.0,69,-0.05637454843267646,-0.6543083427817142,-0.9993687177382046,-0.5552733961879577,0.3333333333333333
Ltight,5,IFLY10,H0,e050,L,frozen_2024_2026,5.0,33,-0.040770626165531954,-0.45559459417168185,-0.9678600129563255,-0.530935073089055,0.3333333333333333
Ltight,5,IFLY10,H0,e050,S,pre_2019_2020,5.0,18,-0.11078433583761271,-1.2729739699466067,-1.0199544186512406,-1.0492166530575413,0.5
Ltight,5,IFLY10,H0,e050,S,dev_2021_2023,5.0,36,-0.013960399282672136,-0.18518216395585155,-0.9677442814107912,-0.6817844260430184,0.5555555555555556
Ltight,5,IFLY10,H0,e050,S,hold_2024_2025,5.0,24,-0.0833649959652537,-1.5372755254997663,-0.9237450998560096,-0.366353400373092,0.3333333333333333
Ltight,5,IFLY10,H0,e050,S,ext_2026,5.0,9,-0.13204791190781337,-2.7661418248637077,-0.7792172962361129,-0.28395596926442923,0.2222222222222222
Ltight,5,IFLY10,H0,e050,S,post_2021_2026,5.0,69,-0.05350384760163197,-0.8111077484051301,-0.9994475025600543,-0.6817844260430184,0.43478260869565216
Ltight,5,IFLY10,H0,e050,S,frozen_2024_2026,5.0,33,-0.09664215485867905,-1.8517351492916316,-0.9828713337011034,-0.366353400373092,0.30303030303030304
Ltight,5,IFLY10,H0,e100,LS,pre_2019_2020,10.0,18,-0.07972130223697994,-1.2101562997027977,-0.8944254648813467,-0.3722513797414235,0.3888888888888889
Ltight,5,IFLY10,H0,e100,LS,dev_2021_2023,10.0,36,-0.06979717573670394,-1.4155234291108785,-0.9679433161532275,-0.4800000021781159,0.3888888888888889
Ltight,5,IFLY10,H0,e100,LS,hold_2024_2025,10.0,24,-0.08087335492953598,-1.7414778383337466,-0.9334341938607559,-0.39032220998913775,0.3333333333333333
Ltight,5,IFLY10,H0,e100,LS,ext_2026,10.0,9,-0.17433000553924566,-2.660222801622799,-0.8647693395607619,-0.42288156214956246,0.2222222222222222
Ltight,5,IFLY10,H0,e100,LS,post_2021_2026,10.0,69,-0.08728447673454226,-1.7169612906685177,-0.9995223919914141,-0.4800000021781159,0.34782608695652173
Ltight,5,IFLY10,H0,e100,LS,frozen_2024_2026,10.0,33,-0.10636153236854771,-2.0199635636794424,-0.9874393631957459,-0.42288156214956246,0.30303030303030304
Ltight,5,IFLY10,H0,tick,LS,pre_2019_2020,10.0,18,-0.0832988675792291,-1.264573611358762,-0.9007010593280491,-0.3745038549769409,0.3333333333333333
Ltight,5,IFLY10,H0,tick,LS,dev_2021_2023,10.0,36,-0.07218490044900144,-1.4628733159869018,-0.9706414560837427,-0.48252124461805773,0.3611111111111111
Ltight,5,IFLY10,H0,tick,LS,hold_2024_2025,10.0,24,-0.08335550839222476,-1.7926129092712484,-0.9367249912951533,-0.39282120785316516,0.3333333333333333
Ltight,5,IFLY10,H0,tick,LS,ext_2026,10.0,9,-0.17648371720035172,-2.6920877129625644,-0.8681142132499211,-0.4253547254690012,0.2222222222222222
Ltight,5,IFLY10,H0,tick,LS,post_2021_2026,10.0,69,-0.0896745227881248,-1.7627432046816809,-0.9996052003892199,-0.48252124461805773,0.3333333333333333
Ltight,5,IFLY10,H0,tick,LS,frozen_2024_2026,10.0,33,-0.1087541107944412,-2.064003911912909,-0.9885518007292379,-0.4253547254690012,0.30303030303030304
Ltight,5,IFLY10,H1,e050,LS,pre_2019_2020,10.0,18,-0.012119392398036175,-0.38166650654090484,-0.35272219948985584,-0.16910648111017496,0.3888888888888889
Ltight,5,IFLY10,H1,e050,LS,dev_2021_2023,10.0,36,-0.05800753361565812,-2.028278461662719,-0.9059009090262765,-0.38108906319719626,0.25
Ltight,5,IFLY10,H1,e050,LS,hold_2024_2025,10.0,24,-0.04416384985151257,-1.4560825348404767,-0.7069826741835816,-0.22646892755263734,0.25
Ltight,5,IFLY10,H1,e050,LS,ext_2026,10.0,9,-0.03785262967926357,-1.3872893586897932,-0.35702666681711626,-0.17975346525222335,0.4444444444444444
Ltight,5,IFLY10,H1,e050,LS,post_2021_2026,10.0,69,-0.050563438749469065,-1.7602148432988005,-0.9820922681308119,-0.38108906319719626,0.2753623188405797
Ltight,5,IFLY10,H1,e050,LS,frozen_2024_2026,10.0,33,-0.042442607986353756,-1.4574752213950295,-0.8096928282315843,-0.22646892755263734,0.30303030303030304
Ltight,5,IFLY10,H1,e050,L,pre_2019_2020,5.0,18,-0.01263237579333556,-0.17745818193517962,-0.7766756720039258,-0.48130433548175333,0.3888888888888889
Ltight,5,IFLY10,H1,e050,L,dev_2021_2023,5.0,36,-0.03867424212173884,-1.0089833392965406,-0.8570900302994784,-0.36119537573792176,0.3888888888888889
Ltight,5,IFLY10,H1,e050,L,hold_2024_2025,5.0,24,-0.022372001666405513,-0.33440190056217867,-0.7628769110339524,-0.3843201228196018,0.3333333333333333
Ltight,5,IFLY10,H1,e050,L,ext_2026,5.0,9,-0.04395174977931989,-0.8915979860314626,-0.4639913110954159,-0.26699091826964855,0.4444444444444444
Ltight,5,IFLY10,H1,e050,L,post_2021_2026,5.0,69,-0.033692268179568254,-0.6656434949421143,-0.9685971448671695,-0.3843201228196018,0.37681159420289856
Ltight,5,IFLY10,H1,e050,L,frozen_2024_2026,5.0,33,-0.028257387515382162,-0.45645107899255016,-0.8173344981666236,-0.3843201228196018,0.36363636363636365
Ltight,5,IFLY10,H1,e050,S,pre_2019_2020,5.0,18,-0.011606409002736802,-0.2939351789131587,-0.5969751795092416,-0.24489347474159087,0.3888888888888889
Ltight,5,IFLY10,H1,e050,S,dev_2021_2023,5.0,36,-0.07734082510957738,-1.455421681978146,-0.9874091864115334,-0.8076268148150263,0.3333333333333333
Ltight,5,IFLY10,H1,e050,S,hold_2024_2025,5.0,24,-0.06595569803661962,-1.5816944921952982,-0.8592253746385806,-0.34452315909238723,0.2916666666666667
Ltight,5,IFLY10,H1,e050,S,ext_2026,5.0,9,-0.03175350957920724,-1.1944997372281907,-0.3680280589867043,-0.1562578554847922,0.4444444444444444
Ltight,5,IFLY10,H1,e050,S,post_2021_2026,5.0,69,-0.06743460931936988,-1.456652594254332,-0.998835641876097,-0.8076268148150263,0.3333333333333333
Ltight,5,IFLY10,H1,e050,S,frozen_2024_2026,5.0,33,-0.056627828457325335,-1.4889713905437536,-0.9088107641128609,-0.34452315909238723,0.3333333333333333
Ltight,5,IFLY10,H2_15,e050,LS,pre_2019_2020,10.0,18,-0.011298942856461165,-0.35351992258455206,-0.33286928525835524,-0.13148854881774824,0.3888888888888889
Ltight,5,IFLY10,H2_15,e050,LS,dev_2021_2023,10.0,36,-0.05303364476737412,-1.9272119192574628,-0.8836738595747196,-0.34540485907139434,0.3333333333333333
Ltight,5,IFLY10,H2_15,e050,LS,hold_2024_2025,10.0,24,-0.04259543863226656,-1.44362205634809,-0.7027884826175587,-0.20117047614775938,0.25
Ltight,5,IFLY10,H2_15,e050,LS,ext_2026,10.0,9,-0.04705440334152221,-1.6544944872778926,-0.4144357075128575,-0.20982970359729175,0.3333333333333333
Ltight,5,IFLY10,H2_15,e050,LS,post_2021_2026,10.0,69,-0.0486230633170082,-1.7394842069938266,-0.9788893961676421,-0.34540485907139434,0.30434782608695654
Ltight,5,IFLY10,H2_15,e050,LS,frozen_2024_2026,10.0,33,-0.043811519916609004,-1.5222827817509161,-0.8185222706162263,-0.20982970359729175,0.2727272727272727
Ltight,5,IFLY10,H2_15,e050,L,pre_2019_2020,5.0,18,-0.010536831806354315,-0.14540025227144887,-0.7688323521108711,-0.3951357042993199,0.4444444444444444
Ltight,5,IFLY10,H2_15,e050,L,dev_2021_2023,5.0,36,-0.03618386547184806,-0.9524101372337163,-0.8404555205081947,-0.364329020822823,0.3611111111111111
Ltight,5,IFLY10,H2_15,e050,L,hold_2024_2025,5.0,24,-0.008484306742628242,-0.12359460783094371,-0.7030021115763768,-0.36623759338541645,0.375
Ltight,5,IFLY10,H2_15,e050,L,ext_2026,5.0,9,-0.0632766253072191,-1.210797263038106,-0.554015917774048,-0.32431360622631483,0.3333333333333333
Ltight,5,IFLY10,H2_15,e050,L,post_2021_2026,5.0,69,-0.03008307458803739,-0.5804977271688242,-0.9606171388482017,-0.36623759338541645,0.36231884057971014
Ltight,5,IFLY10,H2_15,e050,L,frozen_2024_2026,5.0,33,-0.023427666351153023,-0.3649483586584709,-0.7935537722592707,-0.36623759338541645,0.36363636363636365
Ltight,5,IFLY10,H2_15,e050,S,pre_2019_2020,5.0,18,-0.012061053906568003,-0.28030252025432895,-0.5900385050276993,-0.26029210720035056,0.4444444444444444
Ltight,5,IFLY10,H2_15,e050,S,dev_2021_2023,5.0,36,-0.06988342406290018,-1.3671544457977127,-0.9801341438733484,-0.7529898494641845,0.3055555555555556
Ltight,5,IFLY10,H2_15,e050,S,hold_2024_2025,5.0,24,-0.07670657052190487,-1.726133228925122,-0.8993195288695985,-0.39100817724560427,0.2916666666666667
Ltight,5,IFLY10,H2_15,e050,S,ext_2026,5.0,9,-0.030832181375825336,-1.3456956125055102,-0.35172186984033726,-0.15334356345715472,0.4444444444444444
Ltight,5,IFLY10,H2_15,e050,S,post_2021_2026,5.0,69,-0.06716305204597903,-1.4683811401565687,-0.9986560520644429,-0.7529898494641845,0.3188405797101449
Ltight,5,IFLY10,H2_15,e050,S,frozen_2024_2026,5.0,33,-0.064195373482065,-1.6117113383138386,-0.9323488538833125,-0.39100817724560427,0.3333333333333333
Ltight,5,IFLY10,H2_25,e050,LS,pre_2019_2020,10.0,18,-0.024919167522153292,-0.7822789348148516,-0.4305998201636364,-0.21602191822889444,0.3888888888888889
Ltight,5,IFLY10,H2_25,e050,LS,dev_2021_2023,10.0,36,-0.059221206184110226,-1.9724215259723252,-0.9119492147334637,-0.36649451580487113,0.25
Ltight,5,IFLY10,H2_25,e050,LS,hold_2024_2025,10.0,24,-0.04106215402879185,-1.2702963215802667,-0.7310013290122087,-0.20665393251284692,0.2916666666666667
Ltight,5,IFLY10,H2_25,e050,LS,ext_2026,10.0,9,-0.051336252786162634,-1.6774250618202673,-0.42125802452880856,-0.2386653134070873,0.3333333333333333
Ltight,5,IFLY10,H2_25,e050,LS,post_2021_2026,10.0,69,-0.05187654194774546,-1.69797053624384,-0.9839875082090436,-0.36649451580487113,0.2753623188405797
Ltight,5,IFLY10,H2_25,e050,LS,frozen_2024_2026,10.0,33,-0.04386418096262024,-1.3962313099026518,-0.8181448156028891,-0.2386653134070873,0.30303030303030304
Ltight,5,IFLY10,H2_25,e050,L,pre_2019_2020,5.0,18,-0.011631571646356077,-0.18552472204340503,-0.6890278124146075,-0.30591659790313847,0.4444444444444444
Ltight,5,IFLY10,H2_25,e050,L,dev_2021_2023,5.0,36,-0.05445747906133292,-1.2750249204609398,-0.9346076643598253,-0.39504532392692004,0.3888888888888889
Ltight,5,IFLY10,H2_25,e050,L,hold_2024_2025,5.0,24,-0.015862625626518034,-0.24521679669017352,-0.7915410980375965,-0.3208863172175224,0.3333333333333333
Ltight,5,IFLY10,H2_25,e050,L,ext_2026,5.0,9,-0.06782547910817659,-1.2465963832530838,-0.5534840982584202,-0.37398820093329144,0.3333333333333333
Ltight,5,IFLY10,H2_25,e050,L,post_2021_2026,5.0,69,-0.04277683439446388,-0.8176844401648915,-0.9840866009262502,-0.39504532392692004,0.36231884057971014
Ltight,5,IFLY10,H2_25,e050,L,frozen_2024_2026,5.0,33,-0.03003431293969764,-0.48762211966659263,-0.8161426320000257,-0.37398820093329144,0.3333333333333333
Ltight,5,IFLY10,H2_25,e050,S,pre_2019_2020,5.0,18,-0.0382067633979505,-0.9035155309629096,-0.6231566879923838,-0.2526019959511463,0.3333333333333333
Ltight,5,IFLY10,H2_25,e050,S,dev_2021_2023,5.0,36,-0.06398493330688754,-1.1170213704192822,-0.9871348291542464,-0.838154988572008,0.3888888888888889
Ltight,5,IFLY10,H2_25,e050,S,hold_2024_2025,5.0,24,-0.06626168243106567,-1.4579743781408427,-0.8703541700417576,-0.3578416052812474,0.2916666666666667
Ltight,5,IFLY10,H2_25,e050,S,ext_2026,5.0,9,-0.034847026464148695,-1.5934293848160865,-0.3630588566590386,-0.13485586728754945,0.3333333333333333
Ltight,5,IFLY10,H2_25,e050,S,post_2021_2026,5.0,69,-0.06097624950102703,-1.2312796705558577,-0.9988611650426386,-0.838154988572008,0.34782608695652173
Ltight,5,IFLY10,H2_25,e050,S,frozen_2024_2026,5.0,33,-0.05769404898554285,-1.4329933401136559,-0.9145342366415665,-0.3578416052812474,0.30303030303030304
Ltight,5,IFLY15,H0,e000,LS,pre_2019_2020,10.0,18,-0.01821592548254352,-0.29450325584288783,-0.7277363100502977,-0.3243070090214385,0.4444444444444444
Ltight,5,IFLY15,H0,e000,LS,dev_2021_2023,10.0,36,-0.016804204717583916,-0.31949913978884176,-0.8958768456818537,-0.43124119174941145,0.5
Ltight,5,IFLY15,H0,e000,LS,hold_2024_2025,10.0,24,0.0013558365076542466,0.02569460446769438,-0.7714062504924855,-0.2960022380314264,0.4583333333333333
Ltight,5,IFLY15,H0,e000,LS,ext_2026,10.0,9,-0.10539204422307202,-1.8148320667698985,-0.703565163699192,-0.45492905650203597,0.3333333333333333
Ltight,5,IFLY15,H0,e000,LS,post_2021_2026,10.0,69,-0.022042604226912572,-0.4124405894178718,-0.9681792212644236,-0.45492905650203597,0.463768115942029
Ltight,5,IFLY15,H0,e000,LS,frozen_2024_2026,10.0,33,-0.02775722187345292,-0.5035439740624543,-0.8463133885203145,-0.45492905650203597,0.42424242424242425
Ltight,5,IFLY15,H0,e050,LS,pre_2019_2020,10.0,18,-0.06922047644033102,-1.0651704055522866,-0.8867123747773835,-0.37290260997987407,0.3888888888888889
Ltight,5,IFLY15,H0,e050,LS,dev_2021_2023,10.0,36,-0.0572458949607465,-1.0647351649014747,-0.9549875304375253,-0.4967953133673963,0.4166666666666667
Ltight,5,IFLY15,H0,e050,LS,hold_2024_2025,10.0,24,-0.05131609040500395,-0.9417612347207122,-0.89626249432829,-0.4121608044780585,0.375
Ltight,5,IFLY15,H0,e050,LS,ext_2026,10.0,9,-0.1551037107421641,-2.6763281837693498,-0.8272053223888165,-0.5010220496294406,0.2222222222222222
Ltight,5,IFLY15,H0,e050,LS,post_2021_2026,10.0,69,-0.0679474171737166,-1.2438178076579653,-0.9984737376399716,-0.5010220496294406,0.37681159420289856
Ltight,5,IFLY15,H0,e050,LS,frozen_2024_2026,10.0,33,-0.07962180504241126,-1.4170094469814503,-0.9705476032829606,-0.5010220496294406,0.3333333333333333
Ltight,5,IFLY15,H0,e050,L,pre_2019_2020,5.0,18,0.0273597184727483,0.22001627066509188,-0.8388695652816446,-0.5406637178508451,0.3888888888888889
Ltight,5,IFLY15,H0,e050,L,dev_2021_2023,5.0,36,-0.0653067786264162,-0.8893131711658786,-0.9873088739891996,-0.5174126706790517,0.3611111111111111
Ltight,5,IFLY15,H0,e050,L,hold_2024_2025,5.0,24,0.018815323209225302,0.2555733499607589,-0.9113159536248716,-0.4377997148073522,0.5833333333333334
Ltight,5,IFLY15,H0,e050,L,ext_2026,5.0,9,-0.1822768107884598,-1.6706472331251707,-0.9357105180675707,-0.6446212709165237,0.3333333333333333
Ltight,5,IFLY15,H0,e050,L,post_2021_2026,5.0,69,-0.05130387783515527,-0.6437273867045111,-0.998808101986164,-0.6446212709165237,0.43478260869565216
Ltight,5,IFLY15,H0,e050,L,frozen_2024_2026,5.0,33,-0.03602798606287062,-0.41433792861142327,-0.9660063067227543,-0.6446212709165237,0.5151515151515151
Ltight,5,IFLY15,H0,e050,S,pre_2019_2020,5.0,18,-0.1658006713534103,-1.5257171552903042,-1.011649062864215,-1.1303099368909895,0.3888888888888889
Ltight,5,IFLY15,H0,e050,S,dev_2021_2023,5.0,36,-0.049185011295076825,-0.5408607276295198,-0.9968207335791742,-0.8120675922759153,0.5
Ltight,5,IFLY15,H0,e050,S,hold_2024_2025,5.0,24,-0.12144750401923317,-1.7236277363094692,-0.9803367452098699,-0.48058987522734187,0.3333333333333333
Ltight,5,IFLY15,H0,e050,S,ext_2026,5.0,9,-0.12793061069586845,-2.532949556573482,-0.7549396786520457,-0.4146846110564287,0.1111111111111111
Ltight,5,IFLY15,H0,e050,S,post_2021_2026,5.0,69,-0.08459095651227791,-1.0613896551083473,-0.9999846801212363,-0.8120675922759153,0.391304347826087
Ltight,5,IFLY15,H0,e050,S,frozen_2024_2026,5.0,33,-0.12321562402195187,-1.8997210280596575,-0.9951813164623841,-0.48058987522734187,0.2727272727272727
Ltight,5,IFLY15,H0,e100,LS,pre_2019_2020,10.0,18,-0.12022502739811847,-1.732383601095799,-0.9580345649250203,-0.5117738994820168,0.3333333333333333
Ltight,5,IFLY15,H0,e100,LS,dev_2021_2023,10.0,36,-0.09768758520390902,-1.758012005760916,-0.9903985990128858,-0.619316357547298,0.3611111111111111
Ltight,5,IFLY15,H0,e100,LS,hold_2024_2025,10.0,24,-0.10398801731766207,-1.8324987992266255,-0.9667871394604219,-0.5283193709246904,0.3333333333333333
Ltight,5,IFLY15,H0,e100,LS,ext_2026,10.0,9,-0.20481537726125623,-3.5219036022960815,-0.9031475123502344,-0.5471150427568452,0.1111111111111111
Ltight,5,IFLY15,H0,e100,LS,post_2021_2026,10.0,69,-0.11385223012052058,-2.018338434494729,-0.9999630831409205,-0.619316357547298,0.3188405797101449
Ltight,5,IFLY15,H0,e100,LS,frozen_2024_2026,10.0,33,-0.13148638821136957,-2.2774294647793125,-0.9961550549623951,-0.5471150427568452,0.2727272727272727
Ltight,5,IFLY15,H0,tick,LS,pre_2019_2020,10.0,18,-0.12480968024684473,-1.7979532748320317,-0.9614783342180488,-0.5142282907635654,0.2777777777777778
Ltight,5,IFLY15,H0,tick,LS,dev_2021_2023,10.0,36,-0.1008636358193735,-1.813341616560604,-0.9916302734166578,-0.6231174613546387,0.3611111111111111
Ltight,5,IFLY15,H0,tick,LS,hold_2024_2025,10.0,24,-0.10755497924595007,-1.8940458587863833,-0.9691859938843583,-0.5321545150282065,0.2916666666666667
Ltight,5,IFLY15,H0,tick,LS,ext_2026,10.0,9,-0.20789304839101383,-3.57359525166278,-0.9066325151334536,-0.548660898986933,0.1111111111111111
Ltight,5,IFLY15,H0,tick,LS,post_2021_2026,10.0,69,-0.11715141778144017,-2.0753369847801473,-0.9999719812982041,-0.6231174613546387,0.30434782608695654
Ltight,5,IFLY15,H0,tick,LS,frozen_2024_2026,10.0,33,-0.1349199071946038,-2.3361612995403007,-0.9966523754967536,-0.548660898986933,0.24242424242424243
Ltight,5,IFLY15,H1,e050,LS,pre_2019_2020,10.0,18,-0.034333342411586185,-1.1842232908991979,-0.519540321478914,-0.19687514432940592,0.3888888888888889
Ltight,5,IFLY15,H1,e050,LS,dev_2021_2023,10.0,36,-0.07909033371453045,-2.4762378362804722,-0.9609660060408052,-0.42319391578782495,0.2777777777777778
Ltight,5,IFLY15,H1,e050,LS,hold_2024_2025,10.0,24,-0.0629006470814155,-1.6884542449145261,-0.8284614560083439,-0.2800837839357285,0.20833333333333334
Ltight,5,IFLY15,H1,e050,LS,ext_2026,10.0,9,-0.06003894927255525,-2.3930843424292103,-0.46117082977230384,-0.19128658971097415,0.3333333333333333
Ltight,5,IFLY15,H1,e050,LS,post_2021_2026,10.0,69,-0.07097417517579804,-2.1650182136672105,-0.996392089057804,-0.42319391578782495,0.2608695652173913
Ltight,5,IFLY15,H1,e050,LS,frozen_2024_2026,10.0,33,-0.06212018404263543,-1.8278627279478894,-0.9075700286789088,-0.2800837839357285,0.24242424242424243
Ltight,5,IFLY15,H1,e050,L,pre_2019_2020,5.0,18,-0.026423980736079305,-0.39142287805693204,-0.8037342793030177,-0.5217930698614142,0.3333333333333333
Ltight,5,IFLY15,H1,e050,L,dev_2021_2023,5.0,36,-0.04067219634389923,-1.046753166208907,-0.8829447634856038,-0.379295482496227,0.4444444444444444
Ltight,5,IFLY15,H1,e050,L,hold_2024_2025,5.0,24,-0.026891766618170315,-0.404977137896607,-0.7774168453680077,-0.4000581015893075,0.3333333333333333
Ltight,5,IFLY15,H1,e050,L,ext_2026,5.0,9,-0.04545947026000081,-0.9745134873486005,-0.4889813652806616,-0.29448728976275307,0.4444444444444444
Ltight,5,IFLY15,H1,e050,L,post_2021_2026,5.0,69,-0.03650343042835459,-0.7258900118131251,-0.974637351088707,-0.4000581015893075,0.4057971014492754
Ltight,5,IFLY15,H1,e050,L,frozen_2024_2026,5.0,33,-0.03195568579321499,-0.5239948862933158,-0.8379619506868242,-0.4000581015893075,0.36363636363636365
Ltight,5,IFLY15,H1,e050,S,pre_2019_2020,5.0,18,-0.042242704087093075,-0.8168880340608439,-0.79556278325959,-0.3307165158326067,0.3888888888888889
Ltight,5,IFLY15,H1,e050,S,dev_2021_2023,5.0,36,-0.11750847108516164,-1.8824613182213714,-0.9982933204576111,-0.8515381817876797,0.3055555555555556
Ltight,5,IFLY15,H1,e050,S,hold_2024_2025,5.0,24,-0.09890952754466069,-1.7267136419822462,-0.9541630627537838,-0.49707178678947966,0.25
Ltight,5,IFLY15,H1,e050,S,ext_2026,5.0,9,-0.07461842828510967,-1.7994437071610243,-0.6144498795503657,-0.274649117943765,0.2222222222222222
Ltight,5,IFLY15,H1,e050,S,post_2021_2026,5.0,69,-0.1054449199232415,-1.8256601656200573,-0.9999690033192655,-0.8515381817876797,0.2753623188405797
Ltight,5,IFLY15,H1,e050,S,frozen_2024_2026,5.0,33,-0.09228468229205586,-1.7445386169559585,-0.9818380194028177,-0.49707178678947966,0.24242424242424243
Ltight,5,IFLY15,H2_15,e050,LS,pre_2019_2020,10.0,18,-0.040793091876433936,-1.2825220462221845,-0.5770504264620246,-0.20151893935138618,0.3888888888888889
Ltight,5,IFLY15,H2_15,e050,LS,dev_2021_2023,10.0,36,-0.07695113993222062,-2.282790132133236,-0.9585028832541954,-0.3895897226212851,0.3055555555555556
Ltight,5,IFLY15,H2_15,e050,LS,hold_2024_2025,10.0,24,-0.05246436671426668,-1.4149948607710814,-0.7971752610206859,-0.26049810068213236,0.2916666666666667
Ltight,5,IFLY15,H2_15,e050,LS,ext_2026,10.0,9,-0.062996713157702,-2.0537037688326127,-0.47211838748699264,-0.23460322282526497,0.2222222222222222
Ltight,5,IFLY15,H2_15,e050,LS,post_2021_2026,10.0,69,-0.06661385879886464,-1.9463955849615817,-0.9950794365280177,-0.3895897226212851,0.2898550724637681
Ltight,5,IFLY15,H2_15,e050,LS,frozen_2024_2026,10.0,33,-0.05533682483520358,-1.5809127372444236,-0.8814239673053956,-0.26049810068213236,0.2727272727272727
Ltight,5,IFLY15,H2_15,e050,L,pre_2019_2020,5.0,18,-0.01465162862471878,-0.22466960345324719,-0.7394042774865772,-0.45965506518556626,0.3888888888888889
Ltight,5,IFLY15,H2_15,e050,L,dev_2021_2023,5.0,36,-0.051252339433643865,-1.270385186859391,-0.9263293455483373,-0.3844131135828343,0.3888888888888889
Ltight,5,IFLY15,H2_15,e050,L,hold_2024_2025,5.0,24,-0.011035377534026987,-0.1682668817023959,-0.7694677897158484,-0.41746896706139847,0.375
Ltight,5,IFLY15,H2_15,e050,L,ext_2026,5.0,9,-0.045974783676395625,-0.8784062607903658,-0.48179866640320423,-0.31738547993534627,0.4444444444444444
Ltight,5,IFLY15,H2_15,e050,L,post_2021_2026,5.0,69,-0.03657545410891866,-0.7112471622841268,-0.9766893718041049,-0.41746896706139847,0.391304347826087
Ltight,5,IFLY15,H2_15,e050,L,frozen_2024_2026,5.0,33,-0.020564306481945703,-0.3337268508049518,-0.7694677897158484,-0.41746896706139847,0.3939393939393939
Ltight,5,IFLY15,H2_15,e050,S,pre_2019_2020,5.0,18,-0.0669345551281491,-1.2099709669619756,-0.8262632612252108,-0.4310192766538493,0.3333333333333333
Ltight,5,IFLY15,H2_15,e050,S,dev_2021_2023,5.0,36,-0.10264994043079737,-1.637252791698533,-0.9971456790400238,-0.8326725398228904,0.3055555555555556
Ltight,5,IFLY15,H2_15,e050,S,hold_2024_2025,5.0,24,-0.09389335589450633,-1.4896540896862287,-0.9526792929248442,-0.5185248884156957,0.20833333333333334
Ltight,5,IFLY15,H2_15,e050,S,ext_2026,5.0,9,-0.08001864263900836,-2.0619358180937235,-0.6188626912262996,-0.3191086081055404,0.2222222222222222
Ltight,5,IFLY15,H2_15,e050,S,post_2021_2026,5.0,69,-0.09665226348881063,-1.622399794896037,-0.9999485203607285,-0.8326725398228904,0.2608695652173913
Ltight,5,IFLY15,H2_15,e050,S,frozen_2024_2026,5.0,33,-0.09010934318846144,-1.5842210760426427,-0.9819643130561065,-0.5185248884156957,0.21212121212121213
Ltight,5,IFLY15,H2_25,e050,LS,pre_2019_2020,10.0,18,-0.04278682270856968,-1.096808879157211,-0.6902100814769527,-0.26063754026781294,0.3888888888888889
Ltight,5,IFLY15,H2_25,e050,LS,dev_2021_2023,10.0,36,-0.07027894453247667,-2.0074649070693242,-0.9477873291087746,-0.422222082334622,0.2777777777777778
Ltight,5,IFLY15,H2_25,e050,LS,hold_2024_2025,10.0,24,-0.05594358902556762,-1.4274108579577802,-0.8078717492743601,-0.25341846909768395,0.25
Ltight,5,IFLY15,H2_25,e050,LS,ext_2026,10.0,9,-0.07591944159770136,-2.4585288649371333,-0.535072301871411,-0.25500702655725915,0.2222222222222222
Ltight,5,IFLY15,H2_25,e050,LS,post_2021_2026,10.0,69,-0.06602845092988545,-1.8546821175643375,-0.9951138990346219,-0.422222082334622,0.2608695652173913
Ltight,5,IFLY15,H2_25,e050,LS,frozen_2024_2026,10.0,33,-0.06139154881796773,-1.6713462204085208,-0.9064192487766557,-0.25500702655725915,0.24242424242424243
Ltight,5,IFLY15,H2_25,e050,L,pre_2019_2020,5.0,18,-0.014242631244399197,-0.21650200149403506,-0.764993678932454,-0.3756139622106126,0.4444444444444444
Ltight,5,IFLY15,H2_25,e050,L,dev_2021_2023,5.0,36,-0.04707593919103256,-1.1608167316327718,-0.8976980269312688,-0.42806962762119527,0.3888888888888889
Ltight,5,IFLY15,H2_25,e050,L,hold_2024_2025,5.0,24,-0.014499568461535724,-0.2610628451426619,-0.631444960908397,-0.3376514501878452,0.4583333333333333
Ltight,5,IFLY15,H2_25,e050,L,ext_2026,5.0,9,-0.05757845364568188,-0.8625369139784983,-0.6203976176381243,-0.418218105337429,0.5555555555555556
Ltight,5,IFLY15,H2_25,e050,L,post_2021_2026,5.0,69,-0.03711492082268357,-0.7516508293228018,-0.976842597762563,-0.42806962762119527,0.43478260869565216
Ltight,5,IFLY15,H2_25,e050,L,frozen_2024_2026,5.0,33,-0.02624835532993922,-0.45263543108926324,-0.8028118858392104,-0.418218105337429,0.48484848484848486
Ltight,5,IFLY15,H2_25,e050,S,pre_2019_2020,5.0,18,-0.07133101417274015,-1.0911886906720496,-0.8913156981218968,-0.43633320414490895,0.3333333333333333
Ltight,5,IFLY15,H2_25,e050,S,dev_2021_2023,5.0,36,-0.09348194987392079,-1.4073486633141243,-0.9980784718681174,-0.9066695053692243,0.3055555555555556
Ltight,5,IFLY15,H2_25,e050,S,hold_2024_2025,5.0,24,-0.09738760958959951,-1.552877254408229,-0.9564999072423559,-0.4546412219041066,0.3333333333333333
Ltight,5,IFLY15,H2_25,e050,S,ext_2026,5.0,9,-0.0942604295497209,-2.8283480741838063,-0.628284811384838,-0.2600189162611254,0.2222222222222222
Ltight,5,IFLY15,H2_25,e050,S,post_2021_2026,5.0,69,-0.09494198103708731,-1.5540843600845682,-0.999966882592156,-0.9066695053692243,0.30434782608695654
Ltight,5,IFLY15,H2_25,e050,S,frozen_2024_2026,5.0,33,-0.09653474230599625,-1.7324902941084859,-0.9827650673990059,-0.4546412219041066,0.30303030303030304
Ltight,5,SSPREAD,H0,e000,LS,pre_2019_2020,10.0,18,-0.041165311724439074,-0.40882856563548725,-0.8789487886458708,-0.4106906194217144,0.2777777777777778
Ltight,5,SSPREAD,H0,e000,LS,dev_2021_2023,10.0,36,-0.07612129749827755,-0.9552217956862844,-0.9945027529621283,-0.5010997342828556,0.2777777777777778
Ltight,5,SSPREAD,H0,e000,LS,hold_2024_2025,10.0,24,-0.004434100150304712,-0.06461902916620707,-0.8239925557757982,-0.35028912464224937,0.3333333333333333
Ltight,5,SSPREAD,H0,e000,LS,ext_2026,10.0,9,-0.1137918626194853,-0.9783648546187151,-0.830020550135778,-0.4286872554116809,0.2222222222222222
Ltight,5,SSPREAD,H0,e000,LS,post_2021_2026,10.0,69,-0.05610017213218366,-0.6912996458659886,-0.9988463589213101,-0.5010997342828556,0.2898550724637681
Ltight,5,SSPREAD,H0,e000,LS,frozen_2024_2026,10.0,33,-0.034258944460081237,-0.4103517486343835,-0.9216854768255274,-0.4286872554116809,0.30303030303030304
Ltight,5,SSPREAD,H0,e050,LS,pre_2019_2020,10.0,18,-0.11016734852029247,-1.1580558319444103,-0.9635395368094368,-0.4980222683798564,0.2777777777777778
Ltight,5,SSPREAD,H0,e050,LS,dev_2021_2023,10.0,36,-0.11872892520871041,-1.5347717244533758,-0.9988505881146327,-0.5245923484056787,0.25
Ltight,5,SSPREAD,H0,e050,LS,hold_2024_2025,10.0,24,-0.06383348257014326,-0.8941725493711163,-0.9501002069165008,-0.39002894966816815,0.2916666666666667
Ltight,5,SSPREAD,H0,e050,LS,ext_2026,10.0,9,-0.17611078591763019,-1.5369072208801633,-0.9175938275259266,-0.4781177734331138,0.2222222222222222
Ltight,5,SSPREAD,H0,e050,LS,post_2021_2026,10.0,69,-0.10711944873124182,-1.3325245172301041,-0.9999806387215925,-0.5245923484056787,0.2608695652173913
Ltight,5,SSPREAD,H0,e050,LS,frozen_2024_2026,10.0,33,-0.09445456530127605,-1.1162293453780952,-0.9920244191750915,-0.4781177734331138,0.2727272727272727
Ltight,5,SSPREAD,H0,e050,L,pre_2019_2020,5.0,18,-0.13074017718372768,-0.6279170360555059,-1.0003787256751522,-1.037847420333812,0.3333333333333333
Ltight,5,SSPREAD,H0,e050,L,dev_2021_2023,5.0,36,-0.20984718560435234,-1.2530420417992927,-0.9999999994417088,-0.9551409371520407,0.25
Ltight,5,SSPREAD,H0,e050,L,hold_2024_2025,5.0,24,-0.06316385790899427,-0.48494842733865473,-0.9955132773120683,-0.6371235891612672,0.2916666666666667
Ltight,5,SSPREAD,H0,e050,L,ext_2026,5.0,9,-0.2016658527203098,-0.9677095108453818,-0.9937469454274239,-0.8487148573913117,0.2222222222222222
Ltight,5,SSPREAD,H0,e050,L,post_2021_2026,5.0,69,-0.15775976733413533,-0.9843270623498729,-0.9999999999995816,-0.9551409371520407,0.2608695652173913
Ltight,5,SSPREAD,H0,e050,L,frozen_2024_2026,5.0,33,-0.10093712922117125,-0.6601644025898219,-0.9999061592817254,-0.8487148573913117,0.2727272727272727
Ltight,5,SSPREAD,H0,e050,S,pre_2019_2020,5.0,18,-0.08959451985685722,-1.0819484628557559,-1.0565527831689683,-1.0956150524680581,0.3333333333333333
Ltight,5,SSPREAD,H0,e050,S,dev_2021_2023,5.0,36,-0.02761066481306855,-0.4288210213975466,-0.9554908211261305,-0.5801510042466587,0.5833333333333334
Ltight,5,SSPREAD,H0,e050,S,hold_2024_2025,5.0,24,-0.06450310723129225,-1.1258111425616486,-0.9027174835184846,-0.3968852295662856,0.4583333333333333
Ltight,5,SSPREAD,H0,e050,S,ext_2026,5.0,9,-0.15055571911495058,-3.3299099808013386,-0.8005058227783651,-0.3931409920906842,0.3333333333333333
Ltight,5,SSPREAD,H0,e050,S,post_2021_2026,5.0,69,-0.056479130128348355,-0.9385943550751137,-0.9989550358833126,-0.5801510042466587,0.5072463768115942
Ltight,5,SSPREAD,H0,e050,S,frozen_2024_2026,5.0,33,-0.08797200138138088,-1.6070217777151696,-0.9765225029280213,-0.3968852295662856,0.42424242424242425
Ltight,5,SSPREAD,H0,e100,LS,pre_2019_2020,10.0,18,-0.17916938531614585,-1.8939019530163403,-0.991142779156903,-0.5853539173379986,0.2222222222222222
Ltight,5,SSPREAD,H0,e100,LS,dev_2021_2023,10.0,36,-0.16133655291914328,-2.1413367241681485,-0.999780650576702,-0.5480849625285019,0.19444444444444445
Ltight,5,SSPREAD,H0,e100,LS,hold_2024_2025,10.0,24,-0.12323286498998175,-1.6187675151907386,-0.9896539081309917,-0.5352876998530316,0.25
Ltight,5,SSPREAD,H0,e100,LS,ext_2026,10.0,9,-0.23842970921577514,-2.0980170527549213,-0.9632654637309602,-0.5367465886046572,0.2222222222222222
Ltight,5,SSPREAD,H0,e100,LS,post_2021_2026,10.0,69,-0.15813872533029993,-1.9601323430488968,-0.9999997862979222,-0.5480849625285019,0.21739130434782608
Ltight,5,SSPREAD,H0,e100,LS,frozen_2024_2026,10.0,33,-0.1546501861424709,-1.7715761707729507,-0.9994351469002036,-0.5367465886046572,0.24242424242424243
Ltight,5,SSPREAD,H0,tick,LS,pre_2019_2020,10.0,18,-0.18779139239454573,-1.9867597891112432,-0.9926139473062204,-0.5884304698233097,0.2222222222222222
Ltight,5,SSPREAD,H0,tick,LS,dev_2021_2023,10.0,36,-0.1670639025660555,-2.2192718005588,-0.9998293689822788,-0.5538440369121321,0.19444444444444445
Ltight,5,SSPREAD,H0,tick,LS,hold_2024_2025,10.0,24,-0.12882249475643617,-1.6887524425970923,-0.9912349399378381,-0.5421955906755811,0.25
Ltight,5,SSPREAD,H0,tick,LS,ext_2026,10.0,9,-0.2435902100556919,-2.1415735686814834,-0.9658708436629647,-0.5422303799213459,0.2222222222222222
Ltight,5,SSPREAD,H0,tick,LS,post_2021_2026,10.0,69,-0.16374423560918397,-2.0288564197477132,-0.9999998719641433,-0.5538440369121321,0.21739130434782608
Ltight,5,SSPREAD,H0,tick,LS,frozen_2024_2026,10.0,33,-0.1601227807471423,-1.8317576993034534,-0.9995580977697128,-0.5422303799213459,0.24242424242424243
Ltight,5,SSPREAD,H1,e050,LS,pre_2019_2020,10.0,18,-0.06965102012034864,-1.0911101279303979,-0.8460374799351212,-0.5826742566657516,0.2777777777777778
Ltight,5,SSPREAD,H1,e050,LS,dev_2021_2023,10.0,36,-0.08697361685288608,-2.250082815528217,-0.9741444897542157,-0.39701102835572477,0.2222222222222222
Ltight,5,SSPREAD,H1,e050,LS,hold_2024_2025,10.0,24,-0.06186304362930795,-1.3409227057239743,-0.8454074198096666,-0.37120064234497163,0.25
Ltight,5,SSPREAD,H1,e050,LS,ext_2026,10.0,9,-0.08646406301949544,-1.7951399728894182,-0.6525379372038179,-0.2874942797491731,0.3333333333333333
Ltight,5,SSPREAD,H1,e050,LS,post_2021_2026,10.0,69,-0.07817304088380794,-1.8560858314264617,-0.9986111697984017,-0.39701102835572477,0.2463768115942029
Ltight,5,SSPREAD,H1,e050,LS,frozen_2024_2026,10.0,33,-0.06857241255390455,-1.489265247288275,-0.9462849431940826,-0.37120064234497163,0.2727272727272727
Ltight,5,SSPREAD,H1,e050,L,pre_2019_2020,5.0,18,-0.12145195491007689,-0.8898292756237949,-1.2737110900448865,-1.280548575531348,0.3333333333333333
Ltight,5,SSPREAD,H1,e050,L,dev_2021_2023,5.0,36,-0.11729090534685399,-1.467256734682093,-0.9983097568598279,-0.6596406191800068,0.3055555555555556
Ltight,5,SSPREAD,H1,e050,L,hold_2024_2025,5.0,24,-0.05562929204008976,-0.5489351058668006,-0.9408846026874815,-0.5120804954726024,0.3333333333333333
Ltight,5,SSPREAD,H1,e050,L,ext_2026,5.0,9,-0.10465803494061385,-1.2007738574326312,-0.8012633696491154,-0.5111366909988105,0.3333333333333333
Ltight,5,SSPREAD,H1,e050,L,post_2021_2026,5.0,69,-0.09419562196977424,-1.071725056269449,-0.9999801423561735,-0.6596406191800068,0.3188405797101449
Ltight,5,SSPREAD,H1,e050,L,frozen_2024_2026,5.0,33,-0.06900076737659631,-0.7146747745689909,-0.9882516051362563,-0.5120804954726024,0.3333333333333333
Ltight,5,SSPREAD,H1,e050,S,pre_2019_2020,5.0,18,-0.017850085330620408,-0.5490076249777501,-0.5403416007391372,-0.1724166947283834,0.2777777777777778
Ltight,5,SSPREAD,H1,e050,S,dev_2021_2023,5.0,36,-0.05665632835891818,-1.7675006899994448,-0.9180721339270049,-0.3217963922812156,0.3611111111111111
Ltight,5,SSPREAD,H1,e050,S,hold_2024_2025,5.0,24,-0.06809679521852613,-1.900068404139015,-0.8668106101048276,-0.36101851050963063,0.2916666666666667
Ltight,5,SSPREAD,H1,e050,S,ext_2026,5.0,9,-0.06827009109837706,-3.4094004381826943,-0.5150866422514124,-0.1824603724719935,0.1111111111111111
Ltight,5,SSPREAD,H1,e050,S,post_2021_2026,5.0,69,-0.06215045979784166,-1.9524715946151496,-0.9941340448726204,-0.36101851050963063,0.30434782608695654
Ltight,5,SSPREAD,H1,e050,S,frozen_2024_2026,5.0,33,-0.06814405773121275,-2.130089638361668,-0.9311119029679981,-0.36101851050963063,0.24242424242424243
Ltight,5,SSPREAD,H2_15,e050,LS,pre_2019_2020,10.0,18,-0.07990206269898854,-1.4167992650171717,-0.8501368158047445,-0.43948681429349523,0.3333333333333333
Ltight,5,SSPREAD,H2_15,e050,LS,dev_2021_2023,10.0,36,-0.08915709424092692,-2.3504369575366484,-0.9758820669548185,-0.3399948658357909,0.2777777777777778
Ltight,5,SSPREAD,H2_15,e050,LS,hold_2024_2025,10.0,24,-0.06628652270380235,-1.482399782663504,-0.8623860260019449,-0.4110254526032301,0.2916666666666667
Ltight,5,SSPREAD,H2_15,e050,LS,ext_2026,10.0,9,-0.1266185838770987,-1.9511503200606004,-0.7816060076978067,-0.39214694320251764,0.3333333333333333
Ltight,5,SSPREAD,H2_15,e050,LS,post_2021_2026,10.0,69,-0.08608839409360165,-1.953332423313648,-0.999270274025342,-0.4110254526032301,0.2898550724637681
Ltight,5,SSPREAD,H2_15,e050,LS,frozen_2024_2026,10.0,33,-0.08274072120561045,-1.637868784783864,-0.9697434281249971,-0.4110254526032301,0.30303030303030304
Ltight,5,SSPREAD,H2_15,e050,L,pre_2019_2020,5.0,18,-0.12438225682389706,-1.0793774202511284,-0.9894709358734559,-0.7668829368665762,0.4444444444444444
Ltight,5,SSPREAD,H2_15,e050,L,dev_2021_2023,5.0,36,-0.12751464555083325,-1.5906312696228173,-0.9990167632906229,-0.7028854647084878,0.3055555555555556
Ltight,5,SSPREAD,H2_15,e050,L,hold_2024_2025,5.0,24,-0.0602469537100739,-0.6155836287493186,-0.9512787018886244,-0.48328205216902137,0.2916666666666667
Ltight,5,SSPREAD,H2_15,e050,L,ext_2026,5.0,9,-0.17979309290882495,-1.461668762783058,-0.9456237503817434,-0.6650641476553476,0.3333333333333333
Ltight,5,SSPREAD,H2_15,e050,L,post_2021_2026,5.0,69,-0.11093611543552458,-1.2055702316372323,-0.9999970386255749,-0.7028854647084878,0.30434782608695654
Ltight,5,SSPREAD,H2_15,e050,L,frozen_2024_2026,5.0,33,-0.09285044621882417,-0.888909581515347,-0.9969881368373709,-0.6650641476553476,0.30303030303030304
Ltight,5,SSPREAD,H2_15,e050,S,pre_2019_2020,5.0,18,-0.03542186857408003,-1.0233653016304372,-0.5829376552892978,-0.18457604591556726,0.2222222222222222
Ltight,5,SSPREAD,H2_15,e050,S,dev_2021_2023,5.0,36,-0.0507995429310206,-1.456296858963896,-0.9117649637248629,-0.352685286648155,0.4722222222222222
Ltight,5,SSPREAD,H2_15,e050,S,hold_2024_2025,5.0,24,-0.07232609169753083,-1.8292898012052703,-0.8912640961833515,-0.38963411930710734,0.3333333333333333
Ltight,5,SSPREAD,H2_15,e050,S,ext_2026,5.0,9,-0.07344407484537252,-2.940015058483258,-0.5381790207020942,-0.2130881278761297,0.1111111111111111
Ltight,5,SSPREAD,H2_15,e050,S,post_2021_2026,5.0,69,-0.06124067275167875,-1.740156827782595,-0.9949014065405454,-0.38963411930710734,0.37681159420289856
Ltight,5,SSPREAD,H2_15,e050,S,frozen_2024_2026,5.0,33,-0.07263099619239674,-2.0304082082325046,-0.94450793522385,-0.38963411930710734,0.2727272727272727
Ltight,5,SSPREAD,H2_25,e050,LS,pre_2019_2020,10.0,18,-0.05824811203373639,-0.7836620190181623,-0.828165732397736,-0.5904013956036731,0.3888888888888889
Ltight,5,SSPREAD,H2_25,e050,LS,dev_2021_2023,10.0,36,-0.0791714241480217,-1.5754532752375288,-0.9721976681717646,-0.3534125431000294,0.3333333333333333
Ltight,5,SSPREAD,H2_25,e050,LS,hold_2024_2025,10.0,24,-0.06006266099108021,-1.1477007657921676,-0.896920747038756,-0.4396844644585519,0.375
Ltight,5,SSPREAD,H2_25,e050,LS,ext_2026,10.0,9,-0.20477934191205716,-3.1899346019589956,-0.9072614142390154,-0.499068618042305,0.2222222222222222
Ltight,5,SSPREAD,H2_25,e050,LS,post_2021_2026,10.0,69,-0.08890853928004669,-1.6544929155221564,-0.9996309928503416,-0.499068618042305,0.3333333333333333
Ltight,5,SSPREAD,H2_25,e050,LS,frozen_2024_2026,10.0,33,-0.09953084669680119,-1.7181649122513607,-0.9867274748054191,-0.499068618042305,0.3333333333333333
Ltight,5,SSPREAD,H2_25,e050,L,pre_2019_2020,5.0,18,-0.07626092056264495,-0.5110531095511509,-1.0524016849183921,-1.0993901943279742,0.3333333333333333
Ltight,5,SSPREAD,H2_25,e050,L,dev_2021_2023,5.0,36,-0.11070844435055477,-1.1579934512471375,-0.9990383861933542,-0.7229713984366951,0.3888888888888889
Ltight,5,SSPREAD,H2_25,e050,L,hold_2024_2025,5.0,24,-0.04550318752435938,-0.42545791022551627,-0.9930718587886654,-0.9256427797713626,0.4583333333333333
Ltight,5,SSPREAD,H2_25,e050,L,ext_2026,5.0,9,-0.32885479030042897,-2.8488771053875857,-0.9937652791585063,-0.7897921395415606,0.2222222222222222
Ltight,5,SSPREAD,H2_25,e050,L,post_2021_2026,5.0,69,-0.11648222623055735,-1.1214696078134945,-0.9999999003637682,-0.9256427797713626,0.391304347826087
Ltight,5,SSPREAD,H2_25,e050,L,frozen_2024_2026,5.0,33,-0.12278089737237836,-1.0801384605461912,-0.999899345652022,-0.9256427797713626,0.3939393939393939
Ltight,5,SSPREAD,H2_25,e050,S,pre_2019_2020,5.0,18,-0.04023530350482779,-1.2146326356525503,-0.5873165440706425,-0.24772935767561433,0.3333333333333333
Ltight,5,SSPREAD,H2_25,e050,S,dev_2021_2023,5.0,36,-0.047634403945488665,-1.2518433468523211,-0.9027274549226203,-0.35254569716485856,0.5
Ltight,5,SSPREAD,H2_25,e050,S,hold_2024_2025,5.0,24,-0.07462213445780101,-1.668433887661405,-0.8921292599466638,-0.39923550368378524,0.3333333333333333
Ltight,5,SSPREAD,H2_25,e050,S,ext_2026,5.0,9,-0.08070389352368539,-3.787986351957515,-0.5546197718856727,-0.20834509654304964,0.1111111111111111
Ltight,5,SSPREAD,H2_25,e050,S,post_2021_2026,5.0,69,-0.061334852329536026,-1.5874378335620722,-0.9952091414653178,-0.39923550368378524,0.391304347826087
Ltight,5,SSPREAD,H2_25,e050,S,frozen_2024_2026,5.0,33,-0.07628079602122402,-1.9363491566470252,-0.9507480910377009,-0.39923550368378524,0.2727272727272727
Ltight,3,STRADDLE,H0,e000,LS,pre_2019_2020,6.0,18,-0.08089941380599905,-0.8772529806262772,-0.9725485115866355,-0.770908215621124,0.3888888888888889
Ltight,3,STRADDLE,H0,e000,LS,dev_2021_2023,6.0,36,0.027815319036852193,0.3642646629948441,-0.8857204193743683,-0.41203160093107566,0.4444444444444444
Ltight,3,STRADDLE,H0,e000,LS,hold_2024_2025,6.0,24,-0.012017000162472632,-0.10042277011812066,-0.967785246934259,-0.560541553116119,0.375
Ltight,3,STRADDLE,H0,e000,LS,ext_2026,6.0,9,-0.16331031276320432,-1.567588733878439,-0.9215430882975544,-0.7560251842310332,0.3333333333333333
Ltight,3,STRADDLE,H0,e000,LS,post_2021_2026,6.0,69,-0.010968830919442068,-0.11287235079552754,-0.995482423935958,-0.7560251842310332,0.4057971014492754
Ltight,3,STRADDLE,H0,e000,LS,frozen_2024_2026,6.0,33,-0.05327881268994492,-0.4603338248883782,-0.9893158441203797,-0.7560251842310332,0.36363636363636365
Ltight,3,STRADDLE,H0,e050,LS,pre_2019_2020,6.0,18,-0.10853064737496228,-1.169280093343441,-0.9852838848005206,-0.7924299067656357,0.3333333333333333
Ltight,3,STRADDLE,H0,e050,LS,dev_2021_2023,6.0,36,0.006100909095618389,0.07988373509743366,-0.9260785401607572,-0.43596421393816653,0.4444444444444444
Ltight,3,STRADDLE,H0,e050,LS,hold_2024_2025,6.0,24,-0.041099515095664875,-0.3431766397086402,-0.9834458182702134,-0.573645631138814,0.3333333333333333
Ltight,3,STRADDLE,H0,e050,LS,ext_2026,6.0,9,-0.1904002444742342,-1.8232760470990237,-0.9469378295276238,-0.7833099495069972,0.3333333333333333
Ltight,3,STRADDLE,H0,e050,LS,post_2021_2026,6.0,69,-0.035947215001765245,-0.36923293937903123,-0.999209985206215,-0.7833099495069972,0.391304347826087
Ltight,3,STRADDLE,H0,e050,LS,frozen_2024_2026,6.0,33,-0.08181789583527468,-0.706398010144299,-0.9966435890382566,-0.7833099495069972,0.3333333333333333
Ltight,3,STRADDLE,H0,e050,L,pre_2019_2020,3.0,18,0.007339142461813414,0.039695491876474316,-0.9740673214274532,-0.6796015532676143,0.4444444444444444
Ltight,3,STRADDLE,H0,e050,L,dev_2021_2023,3.0,36,-0.08952920313694147,-0.7777138519249851,-0.9999133232657842,-0.9266083633111802,0.3888888888888889
Ltight,3,STRADDLE,H0,e050,L,hold_2024_2025,3.0,24,0.034479401873645,0.15624090693414747,-0.9995403032320783,-0.8276494434930828,0.2916666666666667
Ltight,3,STRADDLE,H0,e050,L,ext_2026,3.0,9,-0.23073911500013733,-1.260400068430892,-0.996462208040342,-0.8311693324453434,0.2222222222222222
Ltight,3,STRADDLE,H0,e050,L,post_2021_2026,3.0,69,-0.06481445946324128,-0.38833684398544244,-0.9999999725784389,-0.9266083633111802,0.3333333333333333
Ltight,3,STRADDLE,H0,e050,L,frozen_2024_2026,3.0,33,-0.037852920910113816,-0.17927760257034894,-0.9999475775349956,-0.8311693324453434,0.2727272727272727
Ltight,3,STRADDLE,H0,e050,S,pre_2019_2020,3.0,18,-0.22440043721173802,-1.0133277437972414,-2.0153316892428967,-2.7505812756973054,0.4444444444444444
Ltight,3,STRADDLE,H0,e050,S,dev_2021_2023,3.0,36,0.10173102132817824,0.7790160515077506,-0.9741620362263484,-0.8851315068761126,0.6944444444444444
Ltight,3,STRADDLE,H0,e050,S,hold_2024_2025,3.0,24,-0.11667843206497473,-0.8511412609915617,-1.0320865759644005,-1.3425997899159665,0.375
Ltight,3,STRADDLE,H0,e050,S,ext_2026,3.0,9,-0.15006137394833102,-1.2494357545849322,-0.9555083657762715,-0.8110271861417334,0.2222222222222222
Ltight,3,STRADDLE,H0,e050,S,post_2021_2026,3.0,69,-0.00707997054028922,-0.05287111238115014,-1.001906723714097,-1.3425997899159665,0.5217391304347826
Ltight,3,STRADDLE,H0,e050,S,frozen_2024_2026,3.0,33,-0.1257828707604355,-0.9609841300412738,-1.0320865759644005,-1.3425997899159665,0.3333333333333333
Ltight,3,STRADDLE,H0,e100,LS,pre_2019_2020,6.0,18,-0.1361618809439255,-1.4544099795225642,-0.9924829976752507,-0.8139515979101476,0.3333333333333333
Ltight,3,STRADDLE,H0,e100,LS,dev_2021_2023,6.0,36,-0.015613500845615382,-0.2041551941769301,-0.9530175754805474,-0.45989682694525724,0.4166666666666667
Ltight,3,STRADDLE,H0,e100,LS,hold_2024_2025,6.0,24,-0.07018203002885703,-0.5852993775763046,-0.9920565324395918,-0.5867497091615087,0.2916666666666667
Ltight,3,STRADDLE,H0,e100,LS,ext_2026,6.0,9,-0.21749017618526412,-2.0775411575260385,-0.9650871363159766,-0.8105947147829609,0.2222222222222222
Ltight,3,STRADDLE,H0,e100,LS,post_2021_2026,6.0,69,-0.060925599084088414,-0.6242167683947513,-0.999872527692008,-0.8105947147829609,0.34782608695652173
Ltight,3,STRADDLE,H0,e100,LS,frozen_2024_2026,6.0,33,-0.11035697898060443,-0.9517844669056725,-0.9990456086052983,-0.8105947147829609,0.2727272727272727
Ltight,3,STRADDLE,H0,tick,LS,pre_2019_2020,6.0,18,-0.13954631025621303,-1.4903074826996598,-0.9930486095077847,-0.8170493061234184,0.3333333333333333
Ltight,3,STRADDLE,H0,tick,LS,dev_2021_2023,6.0,36,-0.018302388652417827,-0.23934429879686284,-0.9557134321345931,-0.460655472030691,0.3888888888888889
Ltight,3,STRADDLE,H0,tick,LS,hold_2024_2025,6.0,24,-0.07336192793089742,-0.6112828044806727,-0.9927487474046276,-0.5900758558755707,0.2916666666666667
Ltight,3,STRADDLE,H0,tick,LS,ext_2026,6.0,9,-0.21982730186823568,-2.0995774641760687,-0.9662804401147987,-0.8120342976773051,0.2222222222222222
Ltight,3,STRADDLE,H0,tick,LS,post_2021_2026,6.0,69,-0.06373939099482176,-0.6527995831571586,-0.9998958965951443,-0.8120342976773051,0.3333333333333333
Ltight,3,STRADDLE,H0,tick,LS,frozen_2024_2026,6.0,33,-0.11330702991380787,-0.9766948466288999,-0.9991662814961153,-0.8120342976773051,0.2727272727272727
Ltight,3,STRADDLE,H1,e050,LS,pre_2019_2020,6.0,18,-0.003790620807470722,-0.07401193187408572,-0.42041556676266045,-0.2811016637183943,0.5
Ltight,3,STRADDLE,H1,e050,LS,dev_2021_2023,6.0,36,-0.0316328007770719,-0.8632959743600677,-0.8091735421918366,-0.37851681346316846,0.3055555555555556
Ltight,3,STRADDLE,H1,e050,LS,hold_2024_2025,6.0,24,-0.045631967945603834,-1.1017699127547025,-0.7773690701008927,-0.43903183191163,0.4166666666666667
Ltight,3,STRADDLE,H1,e050,LS,ext_2026,6.0,9,-0.06150138016039984,-1.9510272007839338,-0.5105883549829745,-0.24228877844221142,0.2222222222222222
Ltight,3,STRADDLE,H1,e050,LS,post_2021_2026,6.0,69,-0.04039797797264751,-1.0807373049226265,-0.9724343826939236,-0.43903183191163,0.3333333333333333
Ltight,3,STRADDLE,H1,e050,LS,frozen_2024_2026,6.0,33,-0.049959989458730016,-1.2961853077674352,-0.8798799718386876,-0.43903183191163,0.36363636363636365
Ltight,3,STRADDLE,H1,e050,L,pre_2019_2020,3.0,18,0.020545198238741385,0.22302594775839943,-0.6669087137522407,-0.30431699473232127,0.4444444444444444
Ltight,3,STRADDLE,H1,e050,L,dev_2021_2023,3.0,36,-0.058868935657111994,-1.0421496349125916,-0.9667316356822847,-0.5376387315836316,0.25
Ltight,3,STRADDLE,H1,e050,L,hold_2024_2025,3.0,24,-0.052428135375463224,-0.5787141013772887,-0.9382992695695117,-0.3179670066256883,0.2916666666666667
Ltight,3,STRADDLE,H1,e050,L,ext_2026,3.0,9,-0.09300105694165454,-1.4003747284551946,-0.6885540452268542,-0.3293834294133006,0.1111111111111111
Ltight,3,STRADDLE,H1,e050,L,post_2021_2026,3.0,69,-0.06108067311800057,-0.8680831234342085,-0.9981055566484165,-0.5376387315836316,0.2463768115942029
Ltight,3,STRADDLE,H1,e050,L,frozen_2024_2026,3.0,33,-0.06349347762078812,-0.7572881756697581,-0.9631373520175023,-0.3293834294133006,0.24242424242424243
Ltight,3,STRADDLE,H1,e050,S,pre_2019_2020,3.0,18,-0.028126439853682825,-0.42484401727808047,-0.8467297333648395,-0.5995371049211995,0.3888888888888889
Ltight,3,STRADDLE,H1,e050,S,dev_2021_2023,3.0,36,-0.004396665897031797,-0.06329597833674327,-0.9096047512681584,-0.7261828432835156,0.5
Ltight,3,STRADDLE,H1,e050,S,hold_2024_2025,3.0,24,-0.038835800515744416,-0.42563933206742127,-1.0077637868622842,-1.0182532890257843,0.4583333333333333
Ltight,3,STRADDLE,H1,e050,S,ext_2026,3.0,9,-0.030001703379145126,-0.6008537973781637,-0.46155643822021575,-0.2437575849288388,0.4444444444444444
Ltight,3,STRADDLE,H1,e050,S,post_2021_2026,3.0,69,-0.019715282827294442,-0.26310870154968374,-1.0012722763368553,-1.0182532890257843,0.4782608695652174
Ltight,3,STRADDLE,H1,e050,S,frozen_2024_2026,3.0,33,-0.03642650129667189,-0.44810179076992773,-1.0077637868622842,-1.0182532890257843,0.45454545454545453
Ltight,3,STRADDLE,H2_15,e050,LS,pre_2019_2020,6.0,18,-0.00242801150943387,-0.04587240856517655,-0.4294533059837199,-0.3347723206829845,0.5
Ltight,3,STRADDLE,H2_15,e050,LS,dev_2021_2023,6.0,36,-0.030622674439564013,-0.7751949307326643,-0.7983322952212548,-0.38456834951954383,0.3611111111111111
Ltight,3,STRADDLE,H2_15,e050,LS,hold_2024_2025,6.0,24,-0.042178509515378486,-0.9543306994394021,-0.7682307456576493,-0.4471981191873801,0.375
Ltight,3,STRADDLE,H2_15,e050,LS,ext_2026,6.0,9,-0.06294652043820295,-1.9747175652582785,-0.5043003581512304,-0.2664188735845075,0.2222222222222222
Ltight,3,STRADDLE,H2_15,e050,LS,post_2021_2026,6.0,69,-0.0388582491614089,-0.9735408656329203,-0.9709864065953705,-0.4471981191873801,0.34782608695652173
Ltight,3,STRADDLE,H2_15,e050,LS,frozen_2024_2026,6.0,33,-0.04784251249433061,-1.1723569748681026,-0.8717114834343479,-0.4471981191873801,0.3333333333333333
Ltight,3,STRADDLE,H2_15,e050,L,pre_2019_2020,3.0,18,0.02932661664439049,0.30470916026285844,-0.663809543224741,-0.27273798927971904,0.4444444444444444
Ltight,3,STRADDLE,H2_15,e050,L,dev_2021_2023,3.0,36,-0.06284104395672671,-1.130334297033824,-0.9686490715455094,-0.5630957562192574,0.25
Ltight,3,STRADDLE,H2_15,e050,L,hold_2024_2025,3.0,24,-0.04249921915607515,-0.47262817178612493,-0.9253331160615232,-0.316814210253969,0.25
Ltight,3,STRADDLE,H2_15,e050,L,ext_2026,3.0,9,-0.07897564497750276,-1.0832202658671901,-0.6791175633817313,-0.36568521348498256,0.2222222222222222
Ltight,3,STRADDLE,H2_15,e050,L,post_2021_2026,3.0,69,-0.05787013981138393,-0.8213630954114378,-0.997608131685338,-0.5630957562192574,0.2463768115942029
Ltight,3,STRADDLE,H2_15,e050,L,frozen_2024_2026,3.0,33,-0.052447335289191765,-0.6196814590004692,-0.9466225719673205,-0.36568521348498256,0.24242424242424243
Ltight,3,STRADDLE,H2_15,e050,S,pre_2019_2020,3.0,18,-0.03418263966325821,-0.48238934793256555,-0.8778432918603879,-0.7263325440691527,0.4444444444444444
Ltight,3,STRADDLE,H2_15,e050,S,dev_2021_2023,3.0,36,0.001595695077598697,0.021598398176051668,-0.9113113319207317,-0.726097486705542,0.5833333333333334
Ltight,3,STRADDLE,H2_15,e050,S,hold_2024_2025,3.0,24,-0.04185779987468182,-0.45821251779596456,-0.9992540831883454,-0.9961186516947663,0.5
Ltight,3,STRADDLE,H2_15,e050,S,ext_2026,3.0,9,-0.04691739589890312,-0.855186001977602,-0.5624497790410822,-0.2932546019613558,0.4444444444444444
Ltight,3,STRADDLE,H2_15,e050,S,post_2021_2026,3.0,69,-0.019846358511433893,-0.25560568828821173,-0.9999416146186547,-0.9961186516947663,0.5362318840579711
Ltight,3,STRADDLE,H2_15,e050,S,frozen_2024_2026,3.0,33,-0.04323768969946944,-0.5262424685003454,-0.9996532690655132,-0.9961186516947663,0.48484848484848486
Ltight,3,STRADDLE,H2_25,e050,LS,pre_2019_2020,6.0,18,-0.005633729903195391,-0.11247102172548955,-0.47117364565298003,-0.2942213794259646,0.3888888888888889
Ltight,3,STRADDLE,H2_25,e050,LS,dev_2021_2023,6.0,36,-0.02381915775887262,-0.5506208317663039,-0.8376955460491395,-0.3242037617009939,0.3888888888888889
Ltight,3,STRADDLE,H2_25,e050,LS,hold_2024_2025,6.0,24,-0.029911059624423485,-0.6141176420821263,-0.7624255608220123,-0.46648456324824866,0.4166666666666667
Ltight,3,STRADDLE,H2_25,e050,LS,ext_2026,6.0,9,-0.05389895958754923,-1.4063376753780685,-0.5059228419188475,-0.2440559238427936,0.4444444444444444
Ltight,3,STRADDLE,H2_25,e050,LS,post_2021_2026,6.0,69,-0.02986153255932639,-0.6768646711302343,-0.9536552045473162,-0.46648456324824866,0.4057971014492754
Ltight,3,STRADDLE,H2_25,e050,LS,frozen_2024_2026,6.0,33,-0.0364532141598214,-0.7988904589275174,-0.8341805163465634,-0.46648456324824866,0.42424242424242425
Ltight,3,STRADDLE,H2_25,e050,L,pre_2019_2020,3.0,18,0.048986650494285446,0.5472367894024365,-0.5713918825888546,-0.29455733160259295,0.4444444444444444
Ltight,3,STRADDLE,H2_25,e050,L,dev_2021_2023,3.0,36,-0.06491435440690924,-0.9848013230287962,-0.9849775310547356,-0.5774611192859865,0.3055555555555556
Ltight,3,STRADDLE,H2_25,e050,L,hold_2024_2025,3.0,24,-0.03838425056884478,-0.4175506440084321,-0.939342951279236,-0.36711130738844394,0.2916666666666667
Ltight,3,STRADDLE,H2_25,e050,L,ext_2026,3.0,9,-0.08268704041817085,-1.1564722669628225,-0.7007811332088505,-0.3732561928001648,0.3333333333333333
Ltight,3,STRADDLE,H2_25,e050,L,post_2021_2026,3.0,69,-0.05800466863861659,-0.76719845221743,-0.9983815462156894,-0.5774611192859865,0.30434782608695654
Ltight,3,STRADDLE,H2_25,e050,L,frozen_2024_2026,3.0,33,-0.05046682961866099,-0.5872458323990202,-0.9477409973078242,-0.3732561928001648,0.30303030303030304
Ltight,3,STRADDLE,H2_25,e050,S,pre_2019_2020,3.0,18,-0.06025411030067623,-0.8745312600431163,-0.8876101090450832,-0.7737113929553768,0.3888888888888889
Ltight,3,STRADDLE,H2_25,e050,S,dev_2021_2023,3.0,36,0.017276038889164003,0.23524708468071365,-0.8335414486899362,-0.6336515464517473,0.5555555555555556
Ltight,3,STRADDLE,H2_25,e050,S,hold_2024_2025,3.0,24,-0.021437868680002175,-0.2230728422641964,-1.0207424014544046,-1.0533525539897537,0.5416666666666666
Ltight,3,STRADDLE,H2_25,e050,S,ext_2026,3.0,9,-0.025110878756927548,-0.4574146197680701,-0.4529771937719601,-0.26141482093878304,0.4444444444444444
Ltight,3,STRADDLE,H2_25,e050,S,post_2021_2026,3.0,69,-0.0017183964800361762,-0.021671004843780664,-1.0096110638369535,-1.0533525539897537,0.5362318840579711
Ltight,3,STRADDLE,H2_25,e050,S,frozen_2024_2026,3.0,33,-0.022439598700981826,-0.26099931905497126,-1.0207424014544046,-1.0533525539897537,0.5151515151515151
Ltight,3,STRANGLE25,H0,e000,LS,pre_2019_2020,6.0,18,-0.26567143368933216,-1.2620123320984378,-1.4920130216490277,-1.7603374907647062,0.3333333333333333
Ltight,3,STRANGLE25,H0,e000,LS,dev_2021_2023,6.0,36,0.05645832484769326,0.3660677982473085,-2.5565796816920043,-1.1859779771862677,0.5
Ltight,3,STRANGLE25,H0,e000,LS,hold_2024_2025,6.0,24,0.0970287783359987,0.3712819055874198,-1.4617170229411278,-1.6806717005764138,0.4166666666666667
Ltight,3,STRANGLE25,H0,e000,LS,ext_2026,6.0,9,-0.23006734313523947,-1.2316993513589831,-0.9982025088739388,-0.9726751549225443,0.2222222222222222
Ltight,3,STRANGLE25,H0,e000,LS,post_2021_2026,6.0,69,0.033196873715417,0.1652506642846758,-2.5565796816920043,-1.6806717005764138,0.43478260869565216
Ltight,3,STRANGLE25,H0,e000,LS,frozen_2024_2026,6.0,33,0.007820745207479201,0.032025947961124054,-1.4617170229411278,-1.6806717005764138,0.36363636363636365
Ltight,3,STRANGLE25,H0,e050,LS,pre_2019_2020,6.0,18,-0.3096527596992706,-1.432032176306698,-1.5036287568946807,-1.949761883514883,0.2777777777777778
Ltight,3,STRANGLE25,H0,e050,LS,dev_2021_2023,6.0,36,0.015565079477554679,0.10113393600425352,-2.4061250663749076,-1.2565562662372045,0.5
Ltight,3,STRANGLE25,H0,e050,LS,hold_2024_2025,6.0,24,0.03498708991013843,0.1316024048882437,-1.0502132080381164,-1.7075155106130506,0.4166666666666667
Ltight,3,STRANGLE25,H0,e050,LS,ext_2026,6.0,9,-0.2736827949735697,-1.4665989694561035,-1.0012646106184087,-1.0260954908954023,0.2222222222222222
Ltight,3,STRANGLE25,H0,e050,LS,post_2021_2026,6.0,69,-0.015407422256910674,-0.07604785914110304,-2.4061250663749076,-1.7075155106130506,0.43478260869565216
Ltight,3,STRANGLE25,H0,e050,LS,frozen_2024_2026,6.0,33,-0.04919560596723653,-0.1989750113783947,-1.0502132080381164,-1.7075155106130506,0.36363636363636365
Ltight,3,STRANGLE25,H0,e050,L,pre_2019_2020,3.0,18,-0.06603909210501897,-0.19790746110291635,-0.9999999999769144,-0.9962441633391723,0.3333333333333333
Ltight,3,STRANGLE25,H0,e050,L,dev_2021_2023,3.0,36,-0.18222739425554596,-0.7573852162403294,-1.0,-0.993223383073537,0.25
Ltight,3,STRANGLE25,H0,e050,L,hold_2024_2025,3.0,24,0.09842321186726066,0.218062700730035,-0.9999999999966133,-0.9913277992019781,0.2916666666666667
Ltight,3,STRANGLE25,H0,e050,L,ext_2026,3.0,9,-0.3350510729444424,-1.0817801354035028,-0.999999999264182,-0.9901140704869519,0.2222222222222222
Ltight,3,STRANGLE25,H0,e050,L,post_2021_2026,3.0,69,-0.10454331543312143,-0.3123128633685376,-1.0,-0.993223383073537,0.2608695652173913
Ltight,3,STRANGLE25,H0,e050,L,frozen_2024_2026,3.0,33,-0.01979704762684019,-0.04751333299709659,-1.0,-0.9913277992019781,0.2727272727272727
Ltight,3,STRANGLE25,H0,e050,S,pre_2019_2020,3.0,18,-0.5532664272935222,-0.9172023365269802,-3.3748383215831477,-7.7156651691461695,0.6111111111111112
Ltight,3,STRANGLE25,H0,e050,S,dev_2021_2023,3.0,36,0.21335755321065528,0.8327305379920259,-235.85517496500736,-2.370003687931418,0.75
Ltight,3,STRANGLE25,H0,e050,S,hold_2024_2025,3.0,24,-0.028449032046983846,-0.0984929757783288,-23.590610463643056,-2.4237032220241232,0.5833333333333334
Ltight,3,STRANGLE25,H0,e050,S,ext_2026,3.0,9,-0.21231451700269682,-1.0606725868906113,-1.0001776117181727,-1.076881824512593,0.3333333333333333
Ltight,3,STRANGLE25,H0,e050,S,post_2021_2026,3.0,69,0.0737284709193001,0.28110574217174195,-235.85517496500736,-2.4237032220241232,0.6376811594202898
Ltight,3,STRANGLE25,H0,e050,S,frozen_2024_2026,3.0,33,-0.07859416430763286,-0.2958792906731238,-23.590610463643056,-2.4237032220241232,0.5151515151515151
Ltight,3,STRANGLE25,H0,e100,LS,pre_2019_2020,6.0,18,-0.35363408570920896,-1.5903598112654995,-1.4519884961354137,-2.1391862762650597,0.2777777777777778
Ltight,3,STRANGLE25,H0,e100,LS,dev_2021_2023,6.0,36,-0.025328165892583895,-0.16463868869560982,-2.1844444749167407,-1.3271345552881415,0.4166666666666667
Ltight,3,STRANGLE25,H0,e100,LS,hold_2024_2025,6.0,24,-0.027054598515721878,-0.09900867444876484,-1.0669972935179366,-1.7343593206496886,0.375
Ltight,3,STRANGLE25,H0,e100,LS,ext_2026,6.0,9,-0.3172982468118998,-1.7014713980067206,-1.0021190354761944,-1.07951582686826,0.2222222222222222
Ltight,3,STRANGLE25,H0,e100,LS,post_2021_2026,6.0,69,-0.0640117182292383,-0.3110808404565803,-2.1844444749167407,-1.7343593206496886,0.37681159420289856
Ltight,3,STRANGLE25,H0,e100,LS,frozen_2024_2026,6.0,33,-0.10621195714195222,-0.4205043123557769,-1.0669972935179366,-1.7343593206496886,0.3333333333333333
Ltight,3,STRANGLE25,H0,tick,LS,pre_2019_2020,6.0,18,-0.3629793669351662,-1.6331067533292298,-1.4308215970753322,-2.1442891541308255,0.2777777777777778
Ltight,3,STRANGLE25,H0,tick,LS,dev_2021_2023,6.0,36,-0.03290648192441045,-0.2140275405366485,-2.083856243095864,-1.3382321199471594,0.3888888888888889
Ltight,3,STRANGLE25,H0,tick,LS,hold_2024_2025,6.0,24,-0.036030864539979245,-0.1316245365584428,-1.0702258110676357,-1.7443966858906796,0.375
Ltight,3,STRANGLE25,H0,tick,LS,ext_2026,6.0,9,-0.3237753364368979,-1.7353932834810664,-1.0019838288060179,-1.0836232432809665,0.2222222222222222
Ltight,3,STRANGLE25,H0,tick,LS,post_2021_2026,6.0,69,-0.07193263950971536,-0.34928664519696667,-2.083856243095864,-1.7443966858906796,0.36231884057971014
Ltight,3,STRANGLE25,H0,tick,LS,frozen_2024_2026,6.0,33,-0.11450662960277523,-0.4527263405650418,-1.0702258110676357,-1.7443966858906796,0.3333333333333333
Ltight,3,STRANGLE25,H1,e050,LS,pre_2019_2020,6.0,18,-0.09115127938719342,-0.7425868821191008,-0.9836039666536175,-0.8909695070520645,0.2777777777777778
Ltight,3,STRANGLE25,H1,e050,LS,dev_2021_2023,6.0,36,-0.04307159783690917,-0.7254649037163038,-0.9160214584604425,-0.46962011604239273,0.3611111111111111
Ltight,3,STRANGLE25,H1,e050,LS,hold_2024_2025,6.0,24,-0.05972338944076333,-0.6369470366912707,-0.9798852551687985,-0.820555370394228,0.3333333333333333
Ltight,3,STRANGLE25,H1,e050,LS,ext_2026,6.0,9,-0.1467020285031503,-1.7670855101945557,-0.891596771231111,-0.61208037857478,0.2222222222222222
Ltight,3,STRANGLE25,H1,e050,LS,post_2021_2026,6.0,69,-0.0623805380468899,-0.8266895143994389,-0.9997079888571917,-0.820555370394228,0.3333333333333333
Ltight,3,STRANGLE25,H1,e050,LS,frozen_2024_2026,6.0,33,-0.08344483645777798,-0.9231181717608541,-0.9967619632419596,-0.820555370394228,0.30303030303030304
Ltight,3,STRANGLE25,H1,e050,L,pre_2019_2020,3.0,18,-0.009587148875805387,-0.05512857704151515,-0.942033153825046,-0.4772291233357364,0.3333333333333333
Ltight,3,STRANGLE25,H1,e050,L,dev_2021_2023,3.0,36,-0.13353056320724319,-1.2053532293669327,-0.9999479633275515,-0.8054705780933872,0.3611111111111111
Ltight,3,STRANGLE25,H1,e050,L,hold_2024_2025,3.0,24,-0.02937182933237407,-0.14125050373217843,-0.9960218726376062,-0.7302593077041769,0.2916666666666667
Ltight,3,STRANGLE25,H1,e050,L,ext_2026,3.0,9,-0.1933725678343988,-1.5248932556013164,-0.9490706511368986,-0.6757991885583028,0.1111111111111111
Ltight,3,STRANGLE25,H1,e050,L,post_2021_2026,3.0,69,-0.10510691724561338,-0.6911932357827749,-0.9999999763904709,-0.8054705780933872,0.30434782608695654
Ltight,3,STRANGLE25,H1,e050,L,frozen_2024_2026,3.0,33,-0.0740993034692899,-0.39296196087863533,-0.9997126129695016,-0.7302593077041769,0.24242424242424243
Ltight,3,STRANGLE25,H1,e050,S,pre_2019_2020,3.0,18,-0.17271540989858142,-0.9380534676501491,-1.0050038604196156,-2.1794582787671364,0.4444444444444444
Ltight,3,STRANGLE25,H1,e050,S,dev_2021_2023,3.0,36,0.047387367533424846,0.4011921627065872,-0.9852583998200088,-0.907468257604129,0.5277777777777778
Ltight,3,STRANGLE25,H1,e050,S,hold_2024_2025,3.0,24,-0.09007494954915259,-0.4927124593333107,-1.1288005340636111,-2.1521397274785046,0.5416666666666666
Ltight,3,STRANGLE25,H1,e050,S,ext_2026,3.0,9,-0.10003148917190186,-0.7442257748901855,-0.9441098670795738,-0.8084611832204439,0.4444444444444444
Ltight,3,STRANGLE25,H1,e050,S,post_2021_2026,3.0,69,-0.019654158848166438,-0.13554291550429715,-1.0062928032744491,-2.1521397274785046,0.5217391304347826
Ltight,3,STRANGLE25,H1,e050,S,frozen_2024_2026,3.0,33,-0.09279036944626602,-0.5492608752807534,-1.1288005340636111,-2.1521397274785046,0.5151515151515151
Ltight,3,STRANGLE25,H2_15,e050,LS,pre_2019_2020,6.0,18,-0.06369270340493378,-0.5158744064049553,-0.9735102037319104,-0.8891947572034496,0.3333333333333333
Ltight,3,STRANGLE25,H2_15,e050,LS,dev_2021_2023,6.0,36,-0.04279307356550879,-0.6381131358340988,-0.9322091743481119,-0.5764627681545217,0.4166666666666667
Ltight,3,STRANGLE25,H2_15,e050,LS,hold_2024_2025,6.0,24,-0.0486948773725562,-0.4499635501636767,-0.996494632867884,-0.9747163539942036,0.4166666666666667
Ltight,3,STRANGLE25,H2_15,e050,LS,ext_2026,6.0,9,-0.12126005808543337,-1.4425253597299998,-0.862392150389228,-0.6402624745910771,0.3333333333333333
Ltight,3,STRANGLE25,H2_15,e050,LS,post_2021_2026,6.0,69,-0.055080698957515425,-0.6507834111621001,-0.9999358510114599,-0.9747163539942036,0.4057971014492754
Ltight,3,STRANGLE25,H2_15,e050,LS,frozen_2024_2026,6.0,33,-0.0684853812033409,-0.6756616149690517,-0.9992720915664192,-0.9747163539942036,0.3939393939393939
Ltight,3,STRANGLE25,H2_15,e050,L,pre_2019_2020,3.0,18,0.058170294896701225,0.31345459319931823,-0.9090610409972772,-0.5837320309638362,0.3333333333333333
Ltight,3,STRANGLE25,H2_15,e050,L,dev_2021_2023,3.0,36,-0.1369540439609566,-1.2050698711542558,-0.9999644927376495,-0.8402190539520887,0.3611111111111111
Ltight,3,STRANGLE25,H2_15,e050,L,hold_2024_2025,3.0,24,-0.0035328259072637445,-0.017995735517853863,-0.994650888388239,-0.7295653086832194,0.375
Ltight,3,STRANGLE25,H2_15,e050,L,ext_2026,3.0,9,-0.15789079575199017,-1.2900222084462032,-0.9146663049610297,-0.6239180339461878,0.2222222222222222
Ltight,3,STRANGLE25,H2_15,e050,L,post_2021_2026,3.0,69,-0.09327754443676345,-0.6315703034688802,-0.9999999444184948,-0.8402190539520887,0.34782608695652173
Ltight,3,STRANGLE25,H2_15,e050,L,frozen_2024_2026,3.0,33,-0.04563045404673459,-0.2556762923780453,-0.9987968209350061,-0.7295653086832194,0.3333333333333333
Ltight,3,STRANGLE25,H2_15,e050,S,pre_2019_2020,3.0,18,-0.1855557017065687,-0.9529288584150021,-1.060675889736969,-2.3278426336922204,0.5
Ltight,3,STRANGLE25,H2_15,e050,S,dev_2021_2023,3.0,36,0.051367896829939017,0.39332860701634664,-1.0642983458418207,-1.0628040307020419,0.5833333333333334
Ltight,3,STRANGLE25,H2_15,e050,S,hold_2024_2025,3.0,24,-0.09385692883784864,-0.45012235556949587,-1.5533095113857762,-2.578089062149747,0.5833333333333334
Ltight,3,STRANGLE25,H2_15,e050,S,ext_2026,3.0,9,-0.08462932041887665,-0.6063508548609975,-0.9247664505196105,-0.6566069152359664,0.4444444444444444
Ltight,3,STRANGLE25,H2_15,e050,S,post_2021_2026,3.0,69,-0.016883853478267437,-0.10429531804813773,-1.0642983458418207,-2.578089062149747,0.5652173913043478
Ltight,3,STRANGLE25,H2_15,e050,S,frozen_2024_2026,3.0,33,-0.0913403083599472,-0.4805956523655696,-1.5533095113857762,-2.578089062149747,0.5454545454545454
Ltight,3,STRANGLE25,H2_25,e050,LS,pre_2019_2020,6.0,18,-0.1677249430247982,-1.2464446462877317,-0.9977002114651687,-0.8138991636198649,0.2222222222222222
Ltight,3,STRANGLE25,H2_25,e050,LS,dev_2021_2023,6.0,36,-0.051872919433277424,-0.7370701278110617,-0.9685776383436936,-0.6921544378559682,0.4166666666666667
Ltight,3,STRANGLE25,H2_25,e050,LS,hold_2024_2025,6.0,24,0.016605715705718255,0.13847842041223446,-0.9747623038405447,-0.8612103457343324,0.4583333333333333
Ltight,3,STRANGLE25,H2_25,e050,LS,ext_2026,6.0,9,-0.15044145702608766,-1.6262447679424898,-0.9083189928492058,-0.6865522260556997,0.4444444444444444
Ltight,3,STRANGLE25,H2_25,e050,LS,post_2021_2026,6.0,69,-0.04091102950573244,-0.4397569143371666,-0.9995794537087245,-0.8612103457343324,0.43478260869565216
Ltight,3,STRANGLE25,H2_25,e050,LS,frozen_2024_2026,6.0,33,-0.0289526041302288,-0.2544155553326909,-0.9936459217224989,-0.8612103457343324,0.45454545454545453
Ltight,3,STRANGLE25,H2_25,e050,L,pre_2019_2020,3.0,18,-0.04661928848350136,-0.22247256419106293,-0.9935121092854153,-0.7088528106787079,0.3333333333333333
Ltight,3,STRANGLE25,H2_25,e050,L,dev_2021_2023,3.0,36,-0.13126968435610165,-1.0636580025175355,-0.999998458020968,-0.9879846175970671,0.3055555555555556
Ltight,3,STRANGLE25,H2_25,e050,L,hold_2024_2025,3.0,24,0.03965601054944869,0.18194277903547854,-0.9944191091016835,-0.7335554486089965,0.375
Ltight,3,STRANGLE25,H2_25,e050,L,ext_2026,3.0,9,-0.18646162643550376,-1.3223858574732346,-0.9601264543573694,-0.681313009703227,0.3333333333333333
Ltight,3,STRANGLE25,H2_25,e050,L,post_2021_2026,3.0,69,-0.07901621770365834,-0.4816925441310755,-0.9999999962772252,-0.9879846175970671,0.3333333333333333
Ltight,3,STRANGLE25,H2_25,e050,L,frozen_2024_2026,3.0,33,-0.02201243590099288,-0.11008009570330526,-0.9990240671440269,-0.7335554486089965,0.36363636363636365
Ltight,3,STRANGLE25,H2_25,e050,S,pre_2019_2020,3.0,18,-0.2888305975660951,-1.5475802215573453,-1.016231356836123,-2.088719795023032,0.3888888888888889
Ltight,3,STRANGLE25,H2_25,e050,S,dev_2021_2023,3.0,36,0.027523845489546808,0.19444656065362903,-1.543976501313527,-1.0645191807882475,0.5277777777777778
Ltight,3,STRANGLE25,H2_25,e050,S,hold_2024_2025,3.0,24,-0.006444579138012163,-0.036646789631374396,-1.0887246330471878,-1.823435602660954,0.5416666666666666
Ltight,3,STRANGLE25,H2_25,e050,S,ext_2026,3.0,9,-0.11442128761667157,-0.9291092189851872,-0.9402307101177092,-0.8000620015121255,0.4444444444444444
Ltight,3,STRANGLE25,H2_25,e050,S,post_2021_2026,3.0,69,-0.0028058413078065393,-0.018608451898451974,-1.543976501313527,-1.823435602660954,0.5217391304347826
Ltight,3,STRANGLE25,H2_25,e050,S,frozen_2024_2026,3.0,33,-0.035892772359464746,-0.2216699797191212,-1.0887246330471878,-1.823435602660954,0.5151515151515151
Ltight,3,IFLY10,H0,e000,LS,pre_2019_2020,6.0,18,-0.028127586161088,-0.422935158015245,-0.7768972494000348,-0.3489181361729377,0.3888888888888889
Ltight,3,IFLY10,H0,e000,LS,dev_2021_2023,6.0,36,-0.0018914700939146423,-0.03230600543179528,-0.8389171584198363,-0.3423006835030729,0.4444444444444444
Ltight,3,IFLY10,H0,e000,LS,hold_2024_2025,6.0,24,-0.03671259811792407,-0.5474384207534406,-0.9386666621466362,-0.4934851755510799,0.375
Ltight,3,IFLY10,H0,e000,LS,ext_2026,6.0,9,-0.1639771777754104,-1.9913916585567362,-0.8923061412592239,-0.602655602380774,0.2222222222222222
Ltight,3,IFLY10,H0,e000,LS,post_2021_2026,6.0,69,-0.03514478084333041,-0.5350104721852378,-0.9917961302930945,-0.602655602380774,0.391304347826087
Ltight,3,IFLY10,H0,e000,LS,frozen_2024_2026,6.0,33,-0.07142111984269307,-0.9900845260905666,-0.9821557637705679,-0.602655602380774,0.3333333333333333
Ltight,3,IFLY10,H0,e050,LS,pre_2019_2020,6.0,18,-0.06719115505076255,-0.999385722604143,-0.8897359490198944,-0.395428939815663,0.3888888888888889
Ltight,3,IFLY10,H0,e050,LS,dev_2021_2023,6.0,36,-0.028361642727449447,-0.4830420950931163,-0.9077262355523028,-0.3891428027928156,0.4166666666666667
Ltight,3,IFLY10,H0,e050,LS,hold_2024_2025,6.0,24,-0.07495996171587035,-1.0782482374012274,-0.9710332668602709,-0.5915508696764435,0.375
Ltight,3,IFLY10,H0,e050,LS,ext_2026,6.0,9,-0.20077959321428576,-2.411780297216086,-0.9282088148964855,-0.636579263096196,0.2222222222222222
Ltight,3,IFLY10,H0,e050,LS,post_2021_2026,6.0,69,-0.06705905156953101,-1.0008165689689497,-0.9991930766659842,-0.636579263096196,0.37681159420289856
Ltight,3,IFLY10,H0,e050,LS,frozen_2024_2026,6.0,33,-0.10927440666998366,-1.4766522167794602,-0.9956983607659968,-0.636579263096196,0.3333333333333333
Ltight,3,IFLY10,H0,e050,L,pre_2019_2020,3.0,18,-0.01413637720872061,-0.09297414442810586,-0.972127868459227,-0.6788832796079861,0.3888888888888889
Ltight,3,IFLY10,H0,e050,L,dev_2021_2023,3.0,36,-0.05724998259707979,-0.5593838967806878,-0.9984357118545634,-0.9165401685903941,0.4166666666666667
Ltight,3,IFLY10,H0,e050,L,hold_2024_2025,3.0,24,-0.05019794557134729,-0.383851076122899,-0.9993366109584925,-0.9047633985182584,0.4583333333333333
Ltight,3,IFLY10,H0,e050,L,ext_2026,3.0,9,-0.22606753134314583,-1.5279300193276473,-0.9917769042434779,-0.8134683725041562,0.3333333333333333
Ltight,3,IFLY10,H0,e050,L,post_2021_2026,3.0,69,-0.07681678042457274,-0.6484194547843412,-0.9999996585917681,-0.9165401685903941,0.42028985507246375
Ltight,3,IFLY10,H0,e050,L,frozen_2024_2026,3.0,33,-0.09816237805456507,-0.7257945782282045,-0.9999468802176388,-0.9047633985182584,0.42424242424242425
Ltight,3,IFLY10,H0,e050,S,pre_2019_2020,3.0,18,-0.1202459328928045,-1.457188388394266,-0.995909770468794,-0.9734099289370907,0.2777777777777778
Ltight,3,IFLY10,H0,e050,S,dev_2021_2023,3.0,36,0.0005266971421808791,0.006001505495241854,-0.9158636678791194,-0.5942731169275929,0.5555555555555556
Ltight,3,IFLY10,H0,e050,S,hold_2024_2025,3.0,24,-0.09972197786039343,-1.4173247907962023,-0.9696788520027234,-0.47214756692303644,0.3333333333333333
Ltight,3,IFLY10,H0,e050,S,ext_2026,3.0,9,-0.1754916550854257,-2.1493047917043246,-0.9245160640892907,-0.6689615996636996,0.2222222222222222
Ltight,3,IFLY10,H0,e050,S,post_2021_2026,3.0,69,-0.05730132271448931,-0.6960323435000377,-0.9997753082816728,-0.6689615996636996,0.43478260869565216
Ltight,3,IFLY10,H0,e050,S,frozen_2024_2026,3.0,33,-0.12038643528540223,-1.6501081845526044,-0.9974244865639977,-0.6689615996636996,0.30303030303030304
Ltight,3,IFLY10,H0,e100,LS,pre_2019_2020,6.0,18,-0.10625472394043713,-1.5469804618026621,-0.9482569826124881,-0.44193974345838827,0.3888888888888889
Ltight,3,IFLY10,H0,e100,LS,dev_2021_2023,6.0,36,-0.0548318153609842,-0.927849528028114,-0.9624212941441938,-0.4695405224103297,0.3333333333333333
Ltight,3,IFLY10,H0,e100,LS,hold_2024_2025,6.0,24,-0.11320732531381655,-1.5666846138791561,-0.9884125031843778,-0.689616563801807,0.3333333333333333
Ltight,3,IFLY10,H0,e100,LS,ext_2026,6.0,9,-0.23758200865316118,-2.8167448008322693,-0.9562038296419966,-0.6705029238116179,0.2222222222222222
Ltight,3,IFLY10,H0,e100,LS,post_2021_2026,6.0,69,-0.0989733222957316,-1.4430055103201649,-0.999951465493091,-0.689616563801807,0.3188405797101449
Ltight,3,IFLY10,H0,e100,LS,frozen_2024_2026,6.0,33,-0.1471276934972742,-1.9326938389208614,-0.9991585741264161,-0.689616563801807,0.30303030303030304
Ltight,3,IFLY10,H0,tick,LS,pre_2019_2020,6.0,18,-0.10955125620061733,-1.593448849908608,-0.9513146692560591,-0.4433615020428998,0.3888888888888889
Ltight,3,IFLY10,H0,tick,LS,dev_2021_2023,6.0,36,-0.057206788043643035,-0.9677452345891944,-0.9655494323620845,-0.47263958215053337,0.3333333333333333
Ltight,3,IFLY10,H0,tick,LS,hold_2024_2025,6.0,24,-0.11565693265643477,-1.5993189667001708,-0.9890203518956552,-0.6930118011831446,0.3333333333333333
Ltight,3,IFLY10,H0,tick,LS,ext_2026,6.0,9,-0.23966955586345332,-2.8409558702928384,-0.9574618700193194,-0.6716719262136169,0.2222222222222222
Ltight,3,IFLY10,H0,tick,LS,post_2021_2026,6.0,69,-0.10133676458111109,-1.4769322234646423,-0.9999602931653953,-0.6930118011831446,0.3188405797101449
Ltight,3,IFLY10,H0,tick,LS,frozen_2024_2026,6.0,33,-0.14947855716743985,-1.9627142378416809,-0.9992389497555295,-0.6930118011831446,0.30303030303030304
Ltight,3,IFLY10,H1,e050,LS,pre_2019_2020,6.0,18,-0.0001739889966166834,-0.004010059348726129,-0.3768295871631071,-0.20786991360650375,0.3888888888888889
Ltight,3,IFLY10,H1,e050,LS,dev_2021_2023,6.0,36,-0.05670930692757006,-1.7025644455502915,-0.9072968052001583,-0.4092309384722608,0.3055555555555556
Ltight,3,IFLY10,H1,e050,LS,hold_2024_2025,6.0,24,-0.0751624160260909,-2.611091637454024,-0.8662548125894862,-0.3257040814179654,0.25
Ltight,3,IFLY10,H1,e050,LS,ext_2026,6.0,9,-0.07415022218789433,-2.6658584459071593,-0.5324427187982967,-0.19653561698636388,0.2222222222222222
Ltight,3,IFLY10,H1,e050,LS,post_2021_2026,6.0,69,-0.06540268164796743,-2.1227246500393258,-0.9942029414121774,-0.4092309384722608,0.2753623188405797
Ltight,3,IFLY10,H1,e050,LS,frozen_2024_2026,6.0,33,-0.0748863631611282,-2.666015229947935,-0.9374664638005279,-0.3257040814179654,0.24242424242424243
Ltight,3,IFLY10,H1,e050,L,pre_2019_2020,3.0,18,0.002241028462169412,0.025681331277555224,-0.7850468087722559,-0.3177570868893817,0.3888888888888889
Ltight,3,IFLY10,H1,e050,L,dev_2021_2023,3.0,36,-0.044514833994167,-0.8646827036927607,-0.9200464158739999,-0.5374332575776757,0.3888888888888889
Ltight,3,IFLY10,H1,e050,L,hold_2024_2025,3.0,24,-0.08723513443778912,-1.5960960309361314,-0.9253627749341093,-0.3543943976140911,0.125
Ltight,3,IFLY10,H1,e050,L,ext_2026,3.0,9,-0.08655162488302677,-1.5917856043633218,-0.6572546001512456,-0.3283327436123971,0.1111111111111111
Ltight,3,IFLY10,H1,e050,L,post_2021_2026,3.0,69,-0.06485712861223467,-1.2344207728056815,-0.9971591113315331,-0.5374332575776757,0.2608695652173913
Ltight,3,IFLY10,H1,e050,L,frozen_2024_2026,3.0,33,-0.08704872274103574,-1.6203164348869021,-0.9718559780087048,-0.3543943976140911,0.12121212121212122
Ltight,3,IFLY10,H1,e050,S,pre_2019_2020,3.0,18,-0.0025890064554028,-0.048782685444823004,-0.672502590305082,-0.41897421024132964,0.4444444444444444
Ltight,3,IFLY10,H1,e050,S,dev_2021_2023,3.0,36,-0.06890377986097314,-1.2596316622006458,-0.9783716206530303,-0.7940210175510503,0.4444444444444444
Ltight,3,IFLY10,H1,e050,S,hold_2024_2025,3.0,24,-0.06308969761439268,-1.2356703633787436,-0.8914336304307224,-0.4406229679141181,0.25
Ltight,3,IFLY10,H1,e050,S,ext_2026,3.0,9,-0.06174881949276191,-1.4797645894477927,-0.5851492488779678,-0.22587148561591286,0.3333333333333333
Ltight,3,IFLY10,H1,e050,S,post_2021_2026,3.0,69,-0.0659482346837002,-1.286557760062908,-0.9987894011977863,-0.7940210175510503,0.36231884057971014
Ltight,3,IFLY10,H1,e050,S,frozen_2024_2026,3.0,33,-0.06272400358122064,-1.3053320596616476,-0.954961160037593,-0.4406229679141181,0.2727272727272727
Ltight,3,IFLY10,H2_15,e050,LS,pre_2019_2020,6.0,18,0.006177829693358198,0.1362369393457987,-0.40973264091554895,-0.19556993432439837,0.4444444444444444
Ltight,3,IFLY10,H2_15,e050,LS,dev_2021_2023,6.0,36,-0.050721607307686975,-1.4728479488940587,-0.8843928694569054,-0.38797963874532865,0.3611111111111111
Ltight,3,IFLY10,H2_15,e050,LS,hold_2024_2025,6.0,24,-0.07132058766976217,-2.221869958495086,-0.8563819155532342,-0.27915280102912504,0.20833333333333334
Ltight,3,IFLY10,H2_15,e050,LS,ext_2026,6.0,9,-0.07261461820971954,-2.631539133456888,-0.5149658475528799,-0.2216037991114709,0.2222222222222222
Ltight,3,IFLY10,H2_15,e050,LS,post_2021_2026,6.0,69,-0.06074208015997822,-1.8676320115403409,-0.9919468447586025,-0.38797963874532865,0.2898550724637681
Ltight,3,IFLY10,H2_15,e050,LS,frozen_2024_2026,6.0,33,-0.07167350508975052,-2.3490513168565688,-0.930340324134284,-0.27915280102912504,0.21212121212121213
Ltight,3,IFLY10,H2_15,e050,L,pre_2019_2020,3.0,18,0.00775347889326224,0.08536032793801641,-0.7382590399246973,-0.3113665697561388,0.4444444444444444
Ltight,3,IFLY10,H2_15,e050,L,dev_2021_2023,3.0,36,-0.03882338680679833,-0.7247860411443263,-0.8885129125159843,-0.5837628318422439,0.4166666666666667
Ltight,3,IFLY10,H2_15,e050,L,hold_2024_2025,3.0,24,-0.07099214072797969,-1.1135107029688327,-0.8985857628369835,-0.35779020917819643,0.20833333333333334
Ltight,3,IFLY10,H2_15,e050,L,ext_2026,3.0,9,-0.0869510484812402,-1.5649577079363501,-0.6635282901243507,-0.375278495978542,0.1111111111111111
Ltight,3,IFLY10,H2_15,e050,L,post_2021_2026,3.0,69,-0.056290039693440784,-0.988150008164254,-0.9955229089739522,-0.5837628318422439,0.30434782608695654
Ltight,3,IFLY10,H2_15,e050,L,frozen_2024_2026,3.0,33,-0.07534457011523255,-1.2390539736170372,-0.9623415030233926,-0.375278495978542,0.18181818181818182
Ltight,3,IFLY10,H2_15,e050,S,pre_2019_2020,3.0,18,0.004602180493454172,0.07824380834517104,-0.6866352494331225,-0.46444224597679046,0.3888888888888889
Ltight,3,IFLY10,H2_15,e050,S,dev_2021_2023,3.0,36,-0.06261982780857561,-1.0945934769877368,-0.9766148874907952,-0.779933640810664,0.4722222222222222
Ltight,3,IFLY10,H2_15,e050,S,hold_2024_2025,3.0,24,-0.07164903461154465,-1.4099139630682116,-0.9029627004036008,-0.4760991522534092,0.25
Ltight,3,IFLY10,H2_15,e050,S,ext_2026,3.0,9,-0.05827818793819888,-1.4098289920260896,-0.5666907732544652,-0.2294817711256921,0.4444444444444444
Ltight,3,IFLY10,H2_15,e050,S,post_2021_2026,3.0,69,-0.06519412062651571,-1.2407057540416961,-0.9989082733241386,-0.779933640810664,0.391304347826087
Ltight,3,IFLY10,H2_15,e050,S,frozen_2024_2026,3.0,33,-0.06800244006426853,-1.4221639366148469,-0.9579528427464095,-0.4760991522534092,0.30303030303030304
Ltight,3,IFLY10,H2_25,e050,LS,pre_2019_2020,6.0,18,-0.013244526267189386,-0.30808535357041394,-0.3761269594433364,-0.18060291542766604,0.3888888888888889
Ltight,3,IFLY10,H2_25,e050,LS,dev_2021_2023,6.0,36,-0.05308814952546479,-1.517880159484915,-0.8948190339003664,-0.33429934774524517,0.2777777777777778
Ltight,3,IFLY10,H2_25,e050,LS,hold_2024_2025,6.0,24,-0.06654445516696308,-1.704027042735321,-0.8521605807397993,-0.32446013244869526,0.3333333333333333
Ltight,3,IFLY10,H2_25,e050,LS,ext_2026,6.0,9,-0.07746082108965387,-2.5769830590523997,-0.5485578580186767,-0.24774018994873337,0.3333333333333333
Ltight,3,IFLY10,H2_25,e050,LS,post_2021_2026,6.0,69,-0.060947647778706246,-1.7181086184855392,-0.9928835637665725,-0.33429934774524517,0.30434782608695654
Ltight,3,IFLY10,H2_25,e050,LS,frozen_2024_2026,6.0,33,-0.06952164587315149,-1.9106210670955277,-0.9325949072359327,-0.32446013244869526,0.3333333333333333
Ltight,3,IFLY10,H2_25,e050,L,pre_2019_2020,3.0,18,0.008358361775056137,0.10107836390715746,-0.6544542085295717,-0.2818762779578865,0.3888888888888889
Ltight,3,IFLY10,H2_25,e050,L,dev_2021_2023,3.0,36,-0.050245857488733114,-0.8716908784299363,-0.9454135743616872,-0.6233140056202179,0.3888888888888889
Ltight,3,IFLY10,H2_25,e050,L,hold_2024_2025,3.0,24,-0.07171469908523956,-1.0721647595395338,-0.934978904932512,-0.3879452061427912,0.25
Ltight,3,IFLY10,H2_25,e050,L,ext_2026,3.0,9,-0.07389588306575043,-1.132313778657548,-0.6605411160626126,-0.42911281990780553,0.3333333333333333
Ltight,3,IFLY10,H2_25,e050,L,post_2021_2026,3.0,69,-0.06079806659756369,-0.9948498969697592,-0.9977039409886471,-0.6233140056202179,0.3333333333333333
Ltight,3,IFLY10,H2_25,e050,L,frozen_2024_2026,3.0,33,-0.07230956744356071,-1.1052198247587917,-0.9692322980647092,-0.42911281990780553,0.2727272727272727
Ltight,3,IFLY10,H2_25,e050,S,pre_2019_2020,3.0,18,-0.03484741430943491,-0.6699264957131023,-0.7132112905598704,-0.39402752711952926,0.2777777777777778
Ltight,3,IFLY10,H2_25,e050,S,dev_2021_2023,3.0,36,-0.055930441562196447,-0.9160801403654213,-0.9756402256646697,-0.7198048999473601,0.4444444444444444
Ltight,3,IFLY10,H2_25,e050,S,hold_2024_2025,3.0,24,-0.06137421124868664,-1.126535234667346,-0.9042773521694787,-0.4300478110937748,0.2916666666666667
Ltight,3,IFLY10,H2_25,e050,S,ext_2026,3.0,9,-0.0810257591135573,-2.6146030049859603,-0.6090939074001629,-0.2284947984172703,0.2222222222222222
Ltight,3,IFLY10,H2_25,e050,S,post_2021_2026,3.0,69,-0.061097228959848815,-1.1079165382656477,-0.998704250764141,-0.7198048999473601,0.36231884057971014
Ltight,3,IFLY10,H2_25,e050,S,frozen_2024_2026,3.0,33,-0.06673372430274227,-1.3679041423864782,-0.9625814337632607,-0.4300478110937748,0.2727272727272727
Ltight,3,IFLY15,H0,e000,LS,pre_2019_2020,6.0,18,-0.047886367663177415,-0.6903845160245161,-0.8554142075736688,-0.34322475222702553,0.3888888888888889
Ltight,3,IFLY15,H0,e000,LS,dev_2021_2023,6.0,36,-0.0029349643341533235,-0.04575463636981705,-0.8642769767886213,-0.4523801782504379,0.4444444444444444
Ltight,3,IFLY15,H0,e000,LS,hold_2024_2025,6.0,24,-0.042648740389160576,-0.5737201100129926,-0.9499742641509862,-0.5048364186578601,0.375
Ltight,3,IFLY15,H0,e000,LS,ext_2026,6.0,9,-0.1540822321568001,-1.806215922886875,-0.9074668485716134,-0.7437034199844957,0.4444444444444444
Ltight,3,IFLY15,H0,e000,LS,post_2021_2026,6.0,69,-0.03646331267797934,-0.5132935136006624,-0.9952609713090078,-0.7437034199844957,0.42028985507246375
Ltight,3,IFLY15,H0,e000,LS,frozen_2024_2026,6.0,33,-0.0730396926894259,-0.9427190610129337,-0.9878723303878862,-0.7437034199844957,0.3939393939393939
Ltight,3,IFLY15,H0,e050,LS,pre_2019_2020,6.0,18,-0.09712737586248348,-1.3525685956789117,-0.9442476209571012,-0.39257697770998606,0.3333333333333333
Ltight,3,IFLY15,H0,e050,LS,dev_2021_2023,6.0,36,-0.04295690404005734,-0.6570281930800054,-0.9557834675752173,-0.5199757341553662,0.3333333333333333
Ltight,3,IFLY15,H0,e050,LS,hold_2024_2025,6.0,24,-0.09309507232134823,-1.2408560614762134,-0.9788632793504355,-0.5722891631106903,0.3333333333333333
Ltight,3,IFLY15,H0,e050,LS,ext_2026,6.0,9,-0.20092622924907227,-2.321625803591547,-0.9487388408221462,-0.8021482796090265,0.4444444444444444
Ltight,3,IFLY15,H0,e050,LS,post_2021_2026,6.0,69,-0.08100096151298657,-1.1219892954591315,-0.9998585644923661,-0.8021482796090265,0.34782608695652173
Ltight,3,IFLY15,H0,e050,LS,frozen_2024_2026,6.0,33,-0.12250356966527297,-1.5663960224736984,-0.9981170560278545,-0.8021482796090265,0.36363636363636365
Ltight,3,IFLY15,H0,e050,L,pre_2019_2020,3.0,18,0.0006098294057794718,0.0043143175134084995,-0.9488589558858352,-0.5977605839986567,0.3888888888888889
Ltight,3,IFLY15,H0,e050,L,dev_2021_2023,3.0,36,-0.04602290885322782,-0.4990267931208775,-0.9958255203966718,-0.9088669639441623,0.4444444444444444
Ltight,3,IFLY15,H0,e050,L,hold_2024_2025,3.0,24,-0.06878097548075689,-0.6267004546691767,-0.9974806013328933,-0.7963478136836727,0.4166666666666667
Ltight,3,IFLY15,H0,e050,L,ext_2026,3.0,9,-0.21979576031216994,-1.5432475728607957,-0.9916003738249408,-0.8193280282453035,0.3333333333333333
Ltight,3,IFLY15,H0,e050,L,post_2021_2026,3.0,69,-0.07660478221831733,-0.7268514166184364,-0.9999979346084126,-0.9088669639441623,0.42028985507246375
Ltight,3,IFLY15,H0,e050,L,frozen_2024_2026,3.0,33,-0.10996682588932408,-0.925515843108552,-0.9997997792140789,-0.8193280282453035,0.3939393939393939
Ltight,3,IFLY15,H0,e050,S,pre_2019_2020,3.0,18,-0.19486458113074642,-1.8543459249948173,-1.0157892414400087,-1.1142177608934472,0.2777777777777778
Ltight,3,IFLY15,H0,e050,S,dev_2021_2023,3.0,36,-0.03989089922688685,-0.3375471520221506,-0.9994765808944557,-0.9129354175676809,0.5
Ltight,3,IFLY15,H0,e050,S,hold_2024_2025,3.0,24,-0.11740916916193955,-1.161399455586378,-0.9931420724799036,-0.5914442268870146,0.2916666666666667
Ltight,3,IFLY15,H0,e050,S,ext_2026,3.0,9,-0.18205669818597467,-1.845717223854529,-0.9733482238805,-0.9190911587498048,0.3333333333333333
Ltight,3,IFLY15,H0,e050,S,post_2021_2026,3.0,69,-0.08539714080765579,-0.7790998598382609,-0.9999998618800097,-0.9190911587498048,0.4057971014492754
Ltight,3,IFLY15,H0,e050,S,frozen_2024_2026,3.0,33,-0.1350403134412219,-1.3607138820977935,-0.9998135229286832,-0.9190911587498048,0.30303030303030304
Ltight,3,IFLY15,H0,e100,LS,pre_2019_2020,6.0,18,-0.14636838406178948,-1.9449691645895266,-0.9806893918802021,-0.47616338266098074,0.3333333333333333
Ltight,3,IFLY15,H0,e100,LS,dev_2021_2023,6.0,36,-0.08297884374596128,-1.2330817522283055,-0.9901986621467667,-0.6706983193485692,0.3333333333333333
Ltight,3,IFLY15,H0,e100,LS,hold_2024_2025,6.0,24,-0.14354140425353587,-1.8897707962017607,-0.9935850480341804,-0.6397419075635203,0.2916666666666667
Ltight,3,IFLY15,H0,e100,LS,ext_2026,6.0,9,-0.24777022634134452,-2.817866638826541,-0.9759051316252962,-0.8605931392335572,0.1111111111111111
Ltight,3,IFLY15,H0,e100,LS,post_2021_2026,6.0,69,-0.1255386103479937,-1.7011227291916047,-0.9999977751485689,-0.8605931392335572,0.2898550724637681
Ltight,3,IFLY15,H0,e100,LS,frozen_2024_2026,6.0,33,-0.17196744664112004,-2.172659010503898,-0.99981638456981,-0.8605931392335572,0.24242424242424243
Ltight,3,IFLY15,H0,tick,LS,pre_2019_2020,6.0,18,-0.1505913047549664,-1.9980697153777207,-0.9822771406655226,-0.4783820372172995,0.2777777777777778
Ltight,3,IFLY15,H0,tick,LS,dev_2021_2023,6.0,36,-0.08627368518662118,-1.2812962231141403,-0.9914217377175382,-0.6757839851068929,0.3333333333333333
Ltight,3,IFLY15,H0,tick,LS,hold_2024_2025,6.0,24,-0.14705578249072535,-1.9361929794876738,-0.9940815254837323,-0.6441161624169527,0.2916666666666667
Ltight,3,IFLY15,H0,tick,LS,ext_2026,6.0,9,-0.2505289729850915,-2.849608151119463,-0.976951193346917,-0.8624889560188409,0.1111111111111111
Ltight,3,IFLY15,H0,tick,LS,post_2021_2026,6.0,69,-0.12883988700524052,-1.7457019812838233,-0.9999983503899349,-0.8624889560188409,0.2898550724637681
Ltight,3,IFLY15,H0,tick,LS,frozen_2024_2026,6.0,33,-0.1752757435346434,-2.215134204500969,-0.9998427232884619,-0.8624889560188409,0.24242424242424243
Ltight,3,IFLY15,H1,e050,LS,pre_2019_2020,6.0,18,-0.010468710562213223,-0.24989670702728378,-0.440124078954266,-0.22198123587007235,0.3888888888888889
Ltight,3,IFLY15,H1,e050,LS,dev_2021_2023,6.0,36,-0.07302588770985197,-1.9268915136453593,-0.9553226710183906,-0.46594881286447826,0.3055555555555556
Ltight,3,IFLY15,H1,e050,LS,hold_2024_2025,6.0,24,-0.09213880375308096,-2.225750995937162,-0.9259669764631724,-0.40491537743093303,0.16666666666666666
Ltight,3,IFLY15,H1,e050,LS,ext_2026,6.0,9,-0.08551651720417959,-2.990035425851669,-0.5735159439069867,-0.2293603334072557,0.1111111111111111
Ltight,3,IFLY15,H1,e050,LS,post_2021_2026,6.0,69,-0.08130307105023524,-2.1561951327137696,-0.9985893622964841,-0.46594881286447826,0.2318840579710145
Ltight,3,IFLY15,H1,e050,LS,frozen_2024_2026,6.0,33,-0.09033272560338057,-2.382994189454453,-0.9684260958371842,-0.40491537743093303,0.15151515151515152
Ltight,3,IFLY15,H1,e050,L,pre_2019_2020,3.0,18,0.005278661298348202,0.06379910941564744,-0.7738004273433792,-0.39479309825178716,0.4444444444444444
Ltight,3,IFLY15,H1,e050,L,dev_2021_2023,3.0,36,-0.0420211718697076,-0.8436912776627591,-0.9137131125768776,-0.5401113440797746,0.3611111111111111
Ltight,3,IFLY15,H1,e050,L,hold_2024_2025,3.0,24,-0.10191736566369318,-1.9072103889243555,-0.950416784006437,-0.3375854795087468,0.125
Ltight,3,IFLY15,H1,e050,L,ext_2026,3.0,9,-0.07746595977392934,-1.4218250896094327,-0.6653969106725182,-0.35591108840375457,0.1111111111111111
Ltight,3,IFLY15,H1,e050,L,post_2021_2026,3.0,69,-0.0674778637855576,-1.309203950762188,-0.9976997979206835,-0.5401113440797746,0.2463768115942029
Ltight,3,IFLY15,H1,e050,L,frozen_2024_2026,3.0,33,-0.09524880042103032,-1.7985005577923217,-0.9796727857461665,-0.35591108840375457,0.12121212121212122
Ltight,3,IFLY15,H1,e050,S,pre_2019_2020,3.0,18,-0.02621608242277466,-0.40554600563263665,-0.8370869445959344,-0.42674366655227053,0.4444444444444444
Ltight,3,IFLY15,H1,e050,S,dev_2021_2023,3.0,36,-0.10403060354999633,-1.5144066132783425,-0.9975096311041913,-0.8758951669047547,0.3611111111111111
Ltight,3,IFLY15,H1,e050,S,hold_2024_2025,3.0,24,-0.08236024184246869,-1.0634055679046612,-0.9657046867296568,-0.6543243527444688,0.2916666666666667
Ltight,3,IFLY15,H1,e050,S,ext_2026,3.0,9,-0.09356707463442986,-1.463719603582432,-0.7489238577993089,-0.3380806627912296,0.4444444444444444
Ltight,3,IFLY15,H1,e050,S,post_2021_2026,3.0,69,-0.09512827831491283,-1.3525365350521086,-0.999973355760714,-0.8758951669047547,0.34782608695652173
Ltight,3,IFLY15,H1,e050,S,frozen_2024_2026,3.0,33,-0.08541665078573082,-1.1694236059239635,-0.9913263607642375,-0.6543243527444688,0.3333333333333333
Ltight,3,IFLY15,H2_15,e050,LS,pre_2019_2020,6.0,18,-0.020590017656448967,-0.48485848178067803,-0.4672707230151063,-0.21464126062620137,0.3888888888888889
Ltight,3,IFLY15,H2_15,e050,LS,dev_2021_2023,6.0,36,-0.0669863977403906,-1.6665246276902368,-0.9450131331152775,-0.4070344197663039,0.3888888888888889
Ltight,3,IFLY15,H2_15,e050,LS,hold_2024_2025,6.0,24,-0.07798397158457533,-1.8065306886505956,-0.8943772928969401,-0.37585307520865974,0.25
Ltight,3,IFLY15,H2_15,e050,LS,ext_2026,6.0,9,-0.07613056187539952,-2.7673053090954762,-0.5300068774068107,-0.22251116089751863,0.2222222222222222
Ltight,3,IFLY15,H2_15,e050,LS,post_2021_2026,6.0,69,-0.07200435787771685,-1.8269878606209065,-0.9972703449273522,-0.4070344197663039,0.3188405797101449
Ltight,3,IFLY15,H2_15,e050,LS,frozen_2024_2026,6.0,33,-0.07747849620934556,-1.981663774679558,-0.950358054071887,-0.37585307520865974,0.24242424242424243
Ltight,3,IFLY15,H2_15,e050,L,pre_2019_2020,3.0,18,0.0018650396847316993,0.023786702490507645,-0.7129059588307802,-0.42586490105947333,0.4444444444444444
Ltight,3,IFLY15,H2_15,e050,L,dev_2021_2023,3.0,36,-0.04209395659240159,-0.8213180407747044,-0.9195180651462481,-0.5739142358492647,0.4722222222222222
Ltight,3,IFLY15,H2_15,e050,L,hold_2024_2025,3.0,24,-0.08643057307300972,-1.5121789868562217,-0.9346776033553138,-0.3851792951449453,0.16666666666666666
Ltight,3,IFLY15,H2_15,e050,L,ext_2026,3.0,9,-0.06510004053841228,-1.172425855176879,-0.6278716631673488,-0.3811826301162699,0.1111111111111111
Ltight,3,IFLY15,H2_15,e050,L,post_2021_2026,3.0,69,-0.06051618196991885,-1.1326509949804588,-0.9964965233541635,-0.5739142358492647,0.3188405797101449
Ltight,3,IFLY15,H2_15,e050,L,frozen_2024_2026,3.0,33,-0.0806131551090286,-1.4416870955016563,-0.9670133956823515,-0.3851792951449453,0.15151515151515152
Ltight,3,IFLY15,H2_15,e050,S,pre_2019_2020,3.0,18,-0.043045074997629634,-0.655346687200366,-0.8344383591966512,-0.4302336968884501,0.3333333333333333
Ltight,3,IFLY15,H2_15,e050,S,dev_2021_2023,3.0,36,-0.09187883888837961,-1.2793218044456836,-0.9970045419611164,-0.8620882094612267,0.3611111111111111
Ltight,3,IFLY15,H2_15,e050,S,hold_2024_2025,3.0,24,-0.06953737009614096,-0.8462303612586345,-0.9614583226074367,-0.6267048864517474,0.2916666666666667
Ltight,3,IFLY15,H2_15,e050,S,ext_2026,3.0,9,-0.08716108321238673,-1.5195570597608548,-0.7030970983235719,-0.3675312721927188,0.2222222222222222
Ltight,3,IFLY15,H2_15,e050,S,post_2021_2026,3.0,69,-0.08349253378551494,-1.1431168174287265,-0.9999514734587598,-0.8620882094612267,0.3188405797101449
Ltight,3,IFLY15,H2_15,e050,S,frozen_2024_2026,3.0,33,-0.07434383730966253,-0.9863427402697003,-0.9885568641466712,-0.6267048864517474,0.2727272727272727
Ltight,3,IFLY15,H2_25,e050,LS,pre_2019_2020,6.0,18,-0.02188885074138976,-0.4463621427567752,-0.613718431638534,-0.22508044735621077,0.5
Ltight,3,IFLY15,H2_25,e050,LS,dev_2021_2023,6.0,36,-0.05884473061677225,-1.3104724599037876,-0.9321321567787455,-0.44982389637140335,0.2777777777777778
Ltight,3,IFLY15,H2_25,e050,LS,hold_2024_2025,6.0,24,-0.07632600103301623,-1.5565112172385802,-0.8998034533370526,-0.38749968206128277,0.3333333333333333
Ltight,3,IFLY15,H2_25,e050,LS,ext_2026,6.0,9,-0.1188880610619215,-3.8930730644049687,-0.6980347513836473,-0.2705862711691506,0.1111111111111111
Ltight,3,IFLY15,H2_25,e050,LS,post_2021_2026,6.0,69,-0.07275691125439832,-1.6296547445456524,-0.9979364401831329,-0.44982389637140335,0.2753623188405797
Ltight,3,IFLY15,H2_25,e050,LS,frozen_2024_2026,6.0,33,-0.08793383558635404,-1.9700449193378555,-0.969594439444028,-0.38749968206128277,0.2727272727272727
Ltight,3,IFLY15,H2_25,e050,L,pre_2019_2020,3.0,18,0.00733030953346653,0.09338047428631227,-0.7347976090263698,-0.3021132173748867,0.4444444444444444
Ltight,3,IFLY15,H2_25,e050,L,dev_2021_2023,3.0,36,-0.04260193907121343,-0.7099739418591119,-0.9297594856549635,-0.6866653328555166,0.4166666666666667
Ltight,3,IFLY15,H2_25,e050,L,hold_2024_2025,3.0,24,-0.08014243887860013,-1.3723719828389924,-0.9214028011436657,-0.40068989163968555,0.25
Ltight,3,IFLY15,H2_25,e050,L,ext_2026,3.0,9,-0.09634227182664218,-1.089473188472346,-0.8241568206906232,-0.5888418666441766,0.3333333333333333
Ltight,3,IFLY15,H2_25,e050,L,post_2021_2026,3.0,69,-0.06266911284188213,-0.9951316387019853,-0.9986069753632344,-0.6866653328555166,0.34782608695652173
Ltight,3,IFLY15,H2_25,e050,L,frozen_2024_2026,3.0,33,-0.08456057513715705,-1.2732750791628298,-0.9818828171347248,-0.5888418666441766,0.2727272727272727
Ltight,3,IFLY15,H2_25,e050,S,pre_2019_2020,3.0,18,-0.051108011016246055,-0.6946150861169689,-0.8744619267563125,-0.440457257471271,0.3888888888888889
Ltight,3,IFLY15,H2_25,e050,S,dev_2021_2023,3.0,36,-0.07508752216233107,-0.9761812797937289,-0.9957206728813366,-0.84591842672533,0.3611111111111111
Ltight,3,IFLY15,H2_25,e050,S,hold_2024_2025,3.0,24,-0.07250956318743233,-0.8712917940158232,-0.9569163097273315,-0.6530140037286302,0.2916666666666667
Ltight,3,IFLY15,H2_25,e050,S,ext_2026,3.0,9,-0.1414338502972008,-3.240975353578138,-0.7856596268197384,-0.3534502544674117,0.2222222222222222
Ltight,3,IFLY15,H2_25,e050,S,post_2021_2026,3.0,69,-0.08284470966691453,-1.1016094478966947,-0.9999512655146217,-0.84591842672533,0.3188405797101449
Ltight,3,IFLY15,H2_25,e050,S,frozen_2024_2026,3.0,33,-0.091307096035551,-1.2272952315416317,-0.9902521228296532,-0.6530140037286302,0.2727272727272727
Ltight,3,SSPREAD,H0,e000,LS,pre_2019_2020,6.0,18,-0.054180587043724825,-0.4807404755017978,-0.9503983708867186,-0.652292677914828,0.3333333333333333
Ltight,3,SSPREAD,H0,e000,LS,dev_2021_2023,6.0,36,-0.03592267842764154,-0.36081322154112594,-0.9868187201009484,-0.4668767487325207,0.3888888888888889
Ltight,3,SSPREAD,H0,e000,LS,hold_2024_2025,6.0,24,-0.045931316734848716,-0.4408133961152538,-0.981041660719052,-0.6447120651267373,0.4166666666666667
Ltight,3,SSPREAD,H0,e000,LS,ext_2026,6.0,9,-0.2184794298995244,-1.6590564306453468,-0.9725133919534092,-0.6382501767379404,0.2222222222222222
Ltight,3,SSPREAD,H0,e000,LS,post_2021_2026,6.0,69,-0.06321569411778528,-0.599426544942827,-0.9999333337934595,-0.6447120651267373,0.37681159420289856
Ltight,3,SSPREAD,H0,e000,LS,frozen_2024_2026,6.0,33,-0.09298989305248752,-0.8268977624660282,-0.9982751442911428,-0.6447120651267373,0.36363636363636365
Ltight,3,SSPREAD,H0,e050,LS,pre_2019_2020,6.0,18,-0.11584160432302323,-1.075731741974004,-0.9850686235482177,-0.6960559086499654,0.3333333333333333
Ltight,3,SSPREAD,H0,e050,LS,dev_2021_2023,6.0,36,-0.07750065454468641,-0.7921992376413285,-0.9967853875589627,-0.4893883481270401,0.3055555555555556
Ltight,3,SSPREAD,H0,e050,LS,hold_2024_2025,6.0,24,-0.11024191547454591,-0.9954334857436203,-0.9978712164437207,-0.8137822885309274,0.375
Ltight,3,SSPREAD,H0,e050,LS,ext_2026,6.0,9,-0.2767916364900554,-2.1338303743190097,-0.9878516317921745,-0.6887315259357035,0.2222222222222222
Ltight,3,SSPREAD,H0,e050,LS,post_2021_2026,6.0,69,-0.11488339512185958,-1.0757214993382767,-0.9999996186192566,-0.8137822885309274,0.3188405797101449
Ltight,3,SSPREAD,H0,e050,LS,frozen_2024_2026,6.0,33,-0.15566456666059394,-1.3400019083373682,-0.9999399063723493,-0.8137822885309274,0.3333333333333333
Ltight,3,SSPREAD,H0,e050,L,pre_2019_2020,3.0,18,-0.13576840485248118,-0.5701749211554493,-1.019986228197715,-1.0697968217882865,0.3888888888888889
Ltight,3,SSPREAD,H0,e050,L,dev_2021_2023,3.0,36,-0.1432249391083314,-0.6867012123837059,-1.0000000000000002,-1.0077927234410786,0.3888888888888889
Ltight,3,SSPREAD,H0,e050,L,hold_2024_2025,3.0,24,-0.15836778332768633,-0.7178204025822926,-1.0544930087332933,-1.2704150963058165,0.4166666666666667
Ltight,3,SSPREAD,H0,e050,L,ext_2026,3.0,9,-0.4088955228649622,-1.6325179367533318,-1.001287071527487,-1.0969986427839993,0.2222222222222222
Ltight,3,SSPREAD,H0,e050,L,post_2021_2026,3.0,69,-0.18314470019636325,-0.8458204673115385,-1.0000000000000004,-1.2704150963058165,0.37681159420289856
Ltight,3,SSPREAD,H0,e050,L,frozen_2024_2026,3.0,33,-0.22669353047421614,-0.9966269856942536,-1.0544930087332933,-1.2704150963058165,0.36363636363636365
Ltight,3,SSPREAD,H0,e050,S,pre_2019_2020,3.0,18,-0.09591480379356535,-1.1362218937439168,-1.0261344945901867,-1.0410602702103218,0.3333333333333333
Ltight,3,SSPREAD,H0,e050,S,dev_2021_2023,3.0,36,-0.011776369981041406,-0.17340787812273808,-0.9303765246575996,-0.6634435563871374,0.6388888888888888
Ltight,3,SSPREAD,H0,e050,S,hold_2024_2025,3.0,24,-0.06211604762140546,-1.0101130685626556,-0.9159219113372943,-0.35714948075603825,0.4583333333333333
Ltight,3,SSPREAD,H0,e050,S,ext_2026,3.0,9,-0.14468775011514848,-2.4682296171919322,-0.8265123760282324,-0.3984791729503407,0.3333333333333333
Ltight,3,SSPREAD,H0,e050,S,post_2021_2026,3.0,69,-0.046622090047355916,-0.7173632602786564,-0.9985991994193523,-0.6634435563871374,0.5362318840579711
Ltight,3,SSPREAD,H0,e050,S,frozen_2024_2026,3.0,33,-0.08463560284697175,-1.3926678303685553,-0.979880341023501,-0.3984791729503407,0.42424242424242425
Ltight,3,SSPREAD,H0,e100,LS,pre_2019_2020,6.0,18,-0.17750262160232166,-1.71109421796815,-0.9960927220371482,-0.7398191393851022,0.3333333333333333
Ltight,3,SSPREAD,H0,e100,LS,dev_2021_2023,6.0,36,-0.11907863066173117,-1.2350012470650025,-0.999280966867583,-0.5276615827219427,0.3055555555555556
Ltight,3,SSPREAD,H0,e100,LS,hold_2024_2025,6.0,24,-0.17455251421424303,-1.4573030085805714,-1.0414091333659237,-1.149269705632379,0.375
Ltight,3,SSPREAD,H0,e100,LS,ext_2026,6.0,9,-0.3351038430805863,-2.6126723102877887,-0.9956574715381546,-0.7956929703476985,0.2222222222222222
Ltight,3,SSPREAD,H0,e100,LS,post_2021_2026,6.0,69,-0.16655109612593383,-1.5211746144857228,-1.0000440366876693,-1.149269705632379,0.3188405797101449
Ltight,3,SSPREAD,H0,e100,LS,frozen_2024_2026,6.0,33,-0.2183392402687003,-1.7908818092111871,-1.0414091333659237,-1.149269705632379,0.3333333333333333
Ltight,3,SSPREAD,H0,tick,LS,pre_2019_2020,6.0,18,-0.18546759855511302,-1.787784517165189,-0.9967807188573313,-0.7499017665511275,0.3333333333333333
Ltight,3,SSPREAD,H0,tick,LS,dev_2021_2023,6.0,36,-0.12463298905069371,-1.292858351643656,-0.9994277502847705,-0.5322033595400024,0.3055555555555556
Ltight,3,SSPREAD,H0,tick,LS,hold_2024_2025,6.0,24,-0.18019319645853707,-1.5013772508460985,-1.0424351294010186,-1.1595457931869744,0.375
Ltight,3,SSPREAD,H0,tick,LS,ext_2026,6.0,9,-0.3395665842128018,-2.6471490437485383,-0.9960613902846427,-0.804240052816151,0.2222222222222222
Ltight,3,SSPREAD,H0,tick,LS,post_2021_2026,6.0,69,-0.17199309534413162,-1.569953332229425,-1.0000350344277764,-1.1595457931869744,0.3188405797101449
Ltight,3,SSPREAD,H0,tick,LS,frozen_2024_2026,6.0,33,-0.22365866584606378,-1.8322914246420017,-1.0424351294010186,-1.1595457931869744,0.3333333333333333
Ltight,3,SSPREAD,H1,e050,LS,pre_2019_2020,6.0,18,-0.06560583519552396,-0.8262238694552246,-0.8367160094221171,-0.3063132114213171,0.16666666666666666
Ltight,3,SSPREAD,H1,e050,LS,dev_2021_2023,6.0,36,-0.0901715985639813,-1.8905221811820632,-0.9808214129586957,-0.34790717421995443,0.19444444444444445
Ltight,3,SSPREAD,H1,e050,LS,hold_2024_2025,6.0,24,-0.12045108363951507,-2.3202219917222506,-0.9710284566824975,-0.4872804392293089,0.20833333333333334
Ltight,3,SSPREAD,H1,e050,LS,ext_2026,6.0,9,-0.15473652536086774,-2.7569033206606566,-0.8195338862357162,-0.3933604046782994,0.2222222222222222
Ltight,3,SSPREAD,H1,e050,LS,post_2021_2026,6.0,69,-0.10912510556376084,-2.184392170255833,-0.9998997270239448,-0.4872804392293089,0.2028985507246377
Ltight,3,SSPREAD,H1,e050,LS,frozen_2024_2026,6.0,33,-0.12980165865442944,-2.4776353048942275,-0.9947716181677367,-0.4872804392293089,0.21212121212121213
Ltight,3,SSPREAD,H1,e050,L,pre_2019_2020,3.0,18,-0.10135814362222438,-0.6488536992739614,-0.9885778732147301,-0.6134231729314367,0.2222222222222222
Ltight,3,SSPREAD,H1,e050,L,dev_2021_2023,3.0,36,-0.12454441973153967,-1.2025644415776628,-0.9997399528040137,-0.7960991545352738,0.3055555555555556
Ltight,3,SSPREAD,H1,e050,L,hold_2024_2025,3.0,24,-0.15675841289336165,-1.3970296858899516,-0.9977979516267345,-0.6985529189907362,0.25
Ltight,3,SSPREAD,H1,e050,L,ext_2026,3.0,9,-0.1980448012772908,-1.8707995488583642,-0.9320189648018165,-0.5451914707745845,0.1111111111111111
Ltight,3,SSPREAD,H1,e050,L,post_2021_2026,3.0,69,-0.14533629320683658,-1.3762971759019207,-0.9999999610715776,-0.7960991545352738,0.2608695652173913
Ltight,3,SSPREAD,H1,e050,L,frozen_2024_2026,3.0,33,-0.1680183369980696,-1.5414997966886979,-0.9998503024720289,-0.6985529189907362,0.21212121212121213
Ltight,3,SSPREAD,H1,e050,S,pre_2019_2020,3.0,18,-0.029853526768823524,-0.622326763984076,-0.6604566704661176,-0.37175026536912426,0.3888888888888889
Ltight,3,SSPREAD,H1,e050,S,dev_2021_2023,3.0,36,-0.055798777396422944,-1.6842057897089286,-0.9165778752690704,-0.35753838528811643,0.3055555555555556
Ltight,3,SSPREAD,H1,e050,S,hold_2024_2025,3.0,24,-0.08414375438566853,-2.030304664167537,-0.917114967248024,-0.44082822522754256,0.20833333333333334
Ltight,3,SSPREAD,H1,e050,S,ext_2026,3.0,9,-0.11142824944444468,-2.6211756408753506,-0.7137145000436496,-0.3249487969798847,0.2222222222222222
Ltight,3,SSPREAD,H1,e050,S,post_2021_2026,3.0,69,-0.0729139179206851,-1.954639741848424,-0.9978857728622834,-0.44082822522754256,0.2608695652173913
Ltight,3,SSPREAD,H1,e050,S,frozen_2024_2026,3.0,33,-0.0915849803107893,-2.2219128532752244,-0.9759102147446957,-0.44082822522754256,0.21212121212121213
Ltight,3,SSPREAD,H2_15,e050,LS,pre_2019_2020,6.0,18,-0.08432146799970901,-1.2074249180163295,-0.8749063181071873,-0.3187714501387639,0.2777777777777778
Ltight,3,SSPREAD,H2_15,e050,LS,dev_2021_2023,6.0,36,-0.07957083048998871,-1.6426533109251233,-0.9725743483846147,-0.48551608871491303,0.3055555555555556
Ltight,3,SSPREAD,H2_15,e050,LS,hold_2024_2025,6.0,24,-0.1332635073067756,-2.7951978019376393,-0.9795478540343415,-0.535058627025877,0.25
Ltight,3,SSPREAD,H2_15,e050,LS,ext_2026,6.0,9,-0.15736194034720577,-2.191257627179973,-0.8430696078077854,-0.4455442460145405,0.2222222222222222
Ltight,3,SSPREAD,H2_15,e050,LS,post_2021_2026,6.0,69,-0.1083932106685081,-2.099852386176899,-0.9999119756354378,-0.535058627025877,0.2753623188405797
Ltight,3,SSPREAD,H2_15,e050,LS,frozen_2024_2026,6.0,33,-0.13983580722689293,-2.5820779586064964,-0.9967904367124368,-0.535058627025877,0.24242424242424243
Ltight,3,SSPREAD,H2_15,e050,L,pre_2019_2020,3.0,18,-0.1198170831316087,-0.9048598841985634,-0.984951721646442,-0.6514306839674022,0.3333333333333333
Ltight,3,SSPREAD,H2_15,e050,L,dev_2021_2023,3.0,36,-0.10940692895161616,-0.994609591350665,-1.0004544327583342,-1.0688485360861673,0.4166666666666667
Ltight,3,SSPREAD,H2_15,e050,L,hold_2024_2025,3.0,24,-0.18317459269984515,-1.8847250361003114,-0.9988949893648301,-0.6606485775229648,0.2916666666666667
Ltight,3,SSPREAD,H2_15,e050,L,ext_2026,3.0,9,-0.20238528500953137,-1.3976757227403833,-0.9612697690722826,-0.651967973498575,0.1111111111111111
Ltight,3,SSPREAD,H2_15,e050,L,post_2021_2026,3.0,69,-0.14719285843681518,-1.342326826302569,-1.0004544327583342,-1.0688485360861673,0.3333333333333333
Ltight,3,SSPREAD,H2_15,e050,L,frozen_2024_2026,3.0,33,-0.18841387242066868,-1.717312273322471,-0.9999564114974164,-0.6606485775229648,0.24242424242424243
Ltight,3,SSPREAD,H2_15,e050,S,pre_2019_2020,3.0,18,-0.048825852867809265,-0.9415793829496033,-0.7226200929156915,-0.43996125106368583,0.3888888888888889
Ltight,3,SSPREAD,H2_15,e050,S,dev_2021_2023,3.0,36,-0.04973473202836127,-1.3310105435629231,-0.9154409534822395,-0.3719778966764941,0.4166666666666667
Ltight,3,SSPREAD,H2_15,e050,S,hold_2024_2025,3.0,24,-0.0833524219137061,-1.8708473292753727,-0.9280887510265016,-0.466578613607439,0.2916666666666667
Ltight,3,SSPREAD,H2_15,e050,S,ext_2026,3.0,9,-0.11233859568488014,-2.807880031847977,-0.6974591524145749,-0.26327637133055787,0.3333333333333333
Ltight,3,SSPREAD,H2_15,e050,S,post_2021_2026,3.0,69,-0.06959356290020108,-1.7282790119932496,-0.9978037470014264,-0.466578613607439,0.36231884057971014
Ltight,3,SSPREAD,H2_15,e050,S,frozen_2024_2026,3.0,33,-0.0912577420331172,-2.126761106557455,-0.9770323421350924,-0.466578613607439,0.30303030303030304
Ltight,3,SSPREAD,H2_25,e050,LS,pre_2019_2020,6.0,18,-0.08901155204466348,-1.003454559529448,-0.9111552899592366,-0.4291632616186069,0.2777777777777778
Ltight,3,SSPREAD,H2_25,e050,LS,dev_2021_2023,6.0,36,-0.061530540397453905,-0.9096280947347762,-0.9643824363608735,-0.4358125907652917,0.3333333333333333
Ltight,3,SSPREAD,H2_25,e050,LS,hold_2024_2025,6.0,24,-0.0901753178185063,-1.3343228087490473,-0.9613482817993344,-0.44032929350302297,0.3333333333333333
Ltight,3,SSPREAD,H2_25,e050,LS,ext_2026,6.0,9,-0.29136123080213694,-4.973606692142784,-0.9683620866426037,-0.6476380430877963,0.1111111111111111
Ltight,3,SSPREAD,H2_25,e050,LS,post_2021_2026,6.0,69,-0.10147185737930035,-1.468373459680953,-0.9999447795179272,-0.6476380430877963,0.30434782608695654
Ltight,3,SSPREAD,H2_25,e050,LS,frozen_2024_2026,6.0,33,-0.14504420317767824,-2.0868963412184267,-0.9984577429183176,-0.6476380430877963,0.2727272727272727
Ltight,3,SSPREAD,H2_25,e050,L,pre_2019_2020,3.0,18,-0.09900403980691275,-0.595882189272564,-0.9878857137611945,-0.7294807286142682,0.2777777777777778
Ltight,3,SSPREAD,H2_25,e050,L,dev_2021_2023,3.0,36,-0.07134485593518818,-0.5110016098362171,-0.999939278280775,-0.9010472116938542,0.3888888888888889
Ltight,3,SSPREAD,H2_25,e050,L,hold_2024_2025,3.0,24,-0.09199265108307499,-0.6961520352012274,-0.9983938848610224,-0.6884533758367629,0.4166666666666667
Ltight,3,SSPREAD,H2_25,e050,L,ext_2026,3.0,9,-0.4778157533360106,-4.165984823616679,-0.9998869655081726,-0.9775684629970561,0.1111111111111111
Ltight,3,SSPREAD,H2_25,e050,L,post_2021_2026,3.0,69,-0.1315446408649952,-0.9539356063213145,-0.9999999999646006,-0.9775684629970561,0.36231884057971014
Ltight,3,SSPREAD,H2_25,e050,L,frozen_2024_2026,3.0,33,-0.19721713351569378,-1.4548128305951142,-0.9999995025911452,-0.9775684629970561,0.3333333333333333
Ltight,3,SSPREAD,H2_25,e050,S,pre_2019_2020,3.0,18,-0.0790190642824142,-1.7002056904154057,-0.8257860992871142,-0.37410879135630665,0.2777777777777778
Ltight,3,SSPREAD,H2_25,e050,S,dev_2021_2023,3.0,36,-0.051716224859719634,-1.2796582697956922,-0.9111597227381367,-0.4094881913615291,0.4722222222222222
Ltight,3,SSPREAD,H2_25,e050,S,hold_2024_2025,3.0,24,-0.08835798455393758,-1.6939802110349385,-0.9369563560051795,-0.5896389659337112,0.25
Ltight,3,SSPREAD,H2_25,e050,S,ext_2026,3.0,9,-0.10490670826826325,-2.850462915872309,-0.6762694473433302,-0.31770762317853646,0.2222222222222222
Ltight,3,SSPREAD,H2_25,e050,S,post_2021_2026,3.0,69,-0.07139907389360547,-1.6134903917302545,-0.9981556802932358,-0.5896389659337112,0.36231884057971014
Ltight,3,SSPREAD,H2_25,e050,S,frozen_2024_2026,3.0,33,-0.09287127283966277,-1.9370188055479765,-0.9792400500807981,-0.5896389659337112,0.24242424242424243
Ltight,2,STRADDLE,H0,e000,LS,pre_2019_2020,4.0,18,0.011804646493875633,0.11874203109437302,-0.8823134465589173,-0.6319650989408756,0.5
Ltight,2,STRADDLE,H0,e000,LS,dev_2021_2023,4.0,36,0.008131731096319107,0.08933488026775396,-0.9469311040160843,-0.6061234210319033,0.4166666666666667
Ltight,2,STRADDLE,H0,e000,LS,hold_2024_2025,4.0,24,0.03204099549450085,0.180091511516915,-0.9937110350145435,-0.7590866341193336,0.4166666666666667
Ltight,2,STRADDLE,H0,e000,LS,ext_2026,4.0,9,-0.10112343271604465,-0.9287082873768425,-0.8625621719047177,-0.6526776585812187,0.5555555555555556
Ltight,2,STRADDLE,H0,e000,LS,post_2021_2026,4.0,69,0.002197323433204443,0.01710023039555475,-0.9981999955259593,-0.7590866341193336,0.43478260869565216
Ltight,2,STRADDLE,H0,e000,LS,frozen_2024_2026,4.0,33,-0.004276575835647914,-0.026513296432525525,-0.9937279180099905,-0.7590866341193336,0.45454545454545453
Ltight,2,STRADDLE,H0,e050,LS,pre_2019_2020,4.0,18,-0.01882263225582108,-0.18569878883969182,-0.9376626515047698,-0.6798615498555189,0.5
Ltight,2,STRADDLE,H0,e050,LS,dev_2021_2023,4.0,36,-0.014713923078208612,-0.16111196021395327,-0.9764118866009988,-0.6331710002039075,0.3888888888888889
Ltight,2,STRADDLE,H0,e050,LS,hold_2024_2025,4.0,24,0.0029076903382213117,0.016322891749041155,-0.9972206534421773,-0.7709217565898967,0.4166666666666667
Ltight,2,STRADDLE,H0,e050,LS,ext_2026,4.0,9,-0.12737769126817491,-1.164937240267338,-0.8936382416129427,-0.6746564365396855,0.5555555555555556
Ltight,2,STRADDLE,H0,e050,LS,post_2021_2026,4.0,69,-0.023279940349445978,-0.1808208952386515,-0.9997950527404375,-0.7709217565898967,0.42028985507246375
Ltight,2,STRADDLE,H0,e050,LS,frozen_2024_2026,4.0,33,-0.032624686463523116,-0.2019962121875821,-0.9981263632137884,-0.7709217565898967,0.45454545454545453
Ltight,2,STRADDLE,H0,e050,L,pre_2019_2020,2.0,18,0.05504717336492612,0.26564874449639503,-0.994640027998102,-0.8830124579952461,0.5
Ltight,2,STRADDLE,H0,e050,L,dev_2021_2023,2.0,36,-0.08894694150845223,-0.6889479592016013,-0.9999786224588199,-0.9196506402048656,0.3333333333333333
Ltight,2,STRADDLE,H0,e050,L,hold_2024_2025,2.0,24,0.07104929227827249,0.22867128513926294,-0.9999622810765219,-0.8810958199115013,0.2916666666666667
Ltight,2,STRADDLE,H0,e050,L,ext_2026,2.0,9,-0.2355175996670989,-1.1875970825024473,-0.995160974066362,-0.7975462521891419,0.2222222222222222
Ltight,2,STRADDLE,H0,e050,L,post_2021_2026,2.0,69,-0.052413989516371474,-0.24245082516810998,-0.9999999988223139,-0.9196506402048656,0.30434782608695654
Ltight,2,STRADDLE,H0,e050,L,frozen_2024_2026,2.0,33,-0.012559860070465168,-0.04417983009665657,-0.9999958572943274,-0.8810958199115013,0.2727272727272727
Ltight,2,STRADDLE,H0,e050,S,pre_2019_2020,2.0,18,-0.09269243787656824,-0.38896524900622254,-3.8297311310697197,-3.131740260884894,0.5555555555555556
Ltight,2,STRADDLE,H0,e050,S,dev_2021_2023,2.0,36,0.059519095352035006,0.35630578488557174,-1.8879382849907005,-1.3176606473453885,0.6111111111111112
Ltight,2,STRADDLE,H0,e050,S,hold_2024_2025,2.0,24,-0.06523391160182984,-0.4152004327317726,-1.0004442495341623,-1.1399716375578446,0.5416666666666666
Ltight,2,STRADDLE,H0,e050,S,ext_2026,2.0,9,-0.019237782869250968,-0.127533121825314,-0.8772610028195496,-0.637014712861889,0.3333333333333333
Ltight,2,STRADDLE,H0,e050,S,post_2021_2026,2.0,69,0.005854108817479501,0.03653734738308005,-1.8879382849907005,-1.3176606473453885,0.5507246376811594
Ltight,2,STRADDLE,H0,e050,S,frozen_2024_2026,2.0,33,-0.05268951285658105,-0.3439507148855763,-1.0005311949179516,-1.1399716375578446,0.48484848484848486
Ltight,2,STRADDLE,H0,e100,LS,pre_2019_2020,4.0,18,-0.04944991100551769,-0.4775965506518389,-0.9713112529582058,-0.7649177394064064,0.5
Ltight,2,STRADDLE,H0,e100,LS,dev_2021_2023,4.0,36,-0.03755957725273629,-0.40930662809081697,-0.9900717129694111,-0.6602185793759116,0.3888888888888889
Ltight,2,STRADDLE,H0,e100,LS,hold_2024_2025,4.0,24,-0.026225614818058195,-0.14700963486890586,-0.9988356024231115,-0.7827568790604595,0.4166666666666667
Ltight,2,STRADDLE,H0,e100,LS,ext_2026,4.0,9,-0.15363194982030526,-1.3989443176255087,-0.9196027130208866,-0.6966352144981524,0.4444444444444444
Ltight,2,STRADDLE,H0,e100,LS,post_2021_2026,4.0,69,-0.048757204132096395,-0.3777596055538204,-0.999979721111464,-0.7827568790604595,0.4057971014492754
Ltight,2,STRADDLE,H0,e100,LS,frozen_2024_2026,4.0,33,-0.060972797091398315,-0.37693906158462215,-0.9994838578156243,-0.7827568790604595,0.42424242424242425
Ltight,2,STRADDLE,H0,tick,LS,pre_2019_2020,4.0,18,-0.05274311206442471,-0.5091792771795425,-0.9732534666909103,-0.7670255852740276,0.5
Ltight,2,STRADDLE,H0,tick,LS,dev_2021_2023,4.0,36,-0.04014277186990979,-0.43739357158180386,-0.9910094391518183,-0.6607113053020814,0.3888888888888889
Ltight,2,STRADDLE,H0,tick,LS,hold_2024_2025,4.0,24,-0.029379156401508927,-0.1646769066861183,-0.9989548531488324,-0.7855794857641076,0.4166666666666667
Ltight,2,STRADDLE,H0,tick,LS,ext_2026,4.0,9,-0.15600310753026767,-1.4200796211359528,-0.9215905371269455,-0.6980176248873491,0.3333333333333333
Ltight,2,STRADDLE,H0,tick,LS,post_2021_2026,4.0,69,-0.0515111233148605,-0.399069308881653,-0.9999843094883739,-0.7855794857641076,0.391304347826087
Ltight,2,STRADDLE,H0,tick,LS,frozen_2024_2026,4.0,33,-0.06391296125480679,-0.3951050951597459,-0.9995543883376009,-0.7855794857641076,0.3939393939393939
Ltight,2,STRADDLE,H1,e050,LS,pre_2019_2020,4.0,18,0.015161706032868205,0.21677239478074978,-0.4281940939978467,-0.26051939987910666,0.5
Ltight,2,STRADDLE,H1,e050,LS,dev_2021_2023,4.0,36,-0.03416419800656661,-0.7818619640814439,-0.8507040906646248,-0.3244299863523412,0.4166666666666667
Ltight,2,STRADDLE,H1,e050,LS,hold_2024_2025,4.0,24,-0.05308049749148547,-0.8495532151694857,-0.898640051208424,-0.41739562321122003,0.3333333333333333
Ltight,2,STRADDLE,H1,e050,LS,ext_2026,4.0,9,-0.010875413609194874,-0.24784783648207445,-0.4077973202078803,-0.1736387470232325,0.2222222222222222
Ltight,2,STRADDLE,H1,e050,LS,post_2021_2026,4.0,69,-0.03770611290601164,-0.7474083512691296,-0.980670404535632,-0.41739562321122003,0.36231884057971014
Ltight,2,STRADDLE,H1,e050,LS,frozen_2024_2026,4.0,33,-0.04157002006904259,-0.7217216274007244,-0.898640051208424,-0.41739562321122003,0.30303030303030304
Ltight,2,STRADDLE,H1,e050,L,pre_2019_2020,2.0,18,0.0335187883567205,0.2746047526900177,-0.6673258173391678,-0.34690153684314096,0.3888888888888889
Ltight,2,STRADDLE,H1,e050,L,dev_2021_2023,2.0,36,-0.07404169699874899,-1.1228266867570351,-0.9862547369705832,-0.5312760287964756,0.25
Ltight,2,STRADDLE,H1,e050,L,hold_2024_2025,2.0,24,-0.06752271936361987,-0.5754643933702809,-0.9881809989916414,-0.5729647837452891,0.25
Ltight,2,STRADDLE,H1,e050,L,ext_2026,2.0,9,-0.07377899048436347,-0.7434583800496518,-0.7943614083622867,-0.4842296034073836,0.3333333333333333
Ltight,2,STRADDLE,H1,e050,L,post_2021_2026,2.0,69,-0.07173996044987119,-0.7993700631001229,-0.9998196125604535,-0.5729647837452891,0.2608695652173913
Ltight,2,STRADDLE,H1,e050,L,frozen_2024_2026,2.0,33,-0.06922897512382264,-0.6227435593304089,-0.9916000865471531,-0.5729647837452891,0.2727272727272727
Ltight,2,STRADDLE,H1,e050,S,pre_2019_2020,2.0,18,-0.003195376290984079,-0.043765918330815105,-0.8380518393277753,-0.610379479713345,0.6111111111111112
Ltight,2,STRADDLE,H1,e050,S,dev_2021_2023,2.0,36,0.00571330098561577,0.07966473306033085,-0.7815126145682015,-0.6436854321015035,0.5
Ltight,2,STRADDLE,H1,e050,S,hold_2024_2025,2.0,24,-0.03863827561935107,-0.3605692627119802,-1.072904688936048,-1.2139855847981864,0.5416666666666666
Ltight,2,STRADDLE,H1,e050,S,ext_2026,2.0,9,0.052028163265973704,1.3994621314791007,-0.1837396511756132,-0.18373965117561325,0.7777777777777778
Ltight,2,STRADDLE,H1,e050,S,post_2021_2026,2.0,69,-0.0036722653621520966,-0.044638116492032275,-1.0425100005006758,-1.2139855847981864,0.5507246376811594
Ltight,2,STRADDLE,H1,e050,S,frozen_2024_2026,2.0,33,-0.0139110650142625,-0.14880812582196778,-1.072904688936048,-1.2139855847981864,0.6060606060606061
Ltight,2,STRADDLE,H2_15,e050,LS,pre_2019_2020,4.0,18,0.016707068367714645,0.22620725154150356,-0.4249661973135246,-0.3504055453547117,0.5
Ltight,2,STRADDLE,H2_15,e050,LS,dev_2021_2023,4.0,36,-0.03282994792216324,-0.6882710954576191,-0.8485757010411121,-0.43483836252059666,0.4166666666666667
Ltight,2,STRADDLE,H2_15,e050,LS,hold_2024_2025,4.0,24,-0.05375854241639699,-0.7883639673414786,-0.9074160869466517,-0.4493177320795152,0.3333333333333333
Ltight,2,STRADDLE,H2_15,e050,LS,ext_2026,4.0,9,-0.014041719231167446,-0.3212214805308624,-0.4140392909055749,-0.1821751255360692,0.2222222222222222
Ltight,2,STRADDLE,H2_15,e050,LS,post_2021_2026,4.0,69,-0.03765882052567988,-0.6894597212412494,-0.9833104167374502,-0.4493177320795152,0.36231884057971014
Ltight,2,STRADDLE,H2_15,e050,LS,frozen_2024_2026,4.0,33,-0.04292668154769803,-0.6921223872732588,-0.9074160869466517,-0.4493177320795152,0.30303030303030304
Ltight,2,STRADDLE,H2_15,e050,L,pre_2019_2020,2.0,18,0.04624215664216364,0.3651393845065108,-0.6835022186694437,-0.3542972368707209,0.5
Ltight,2,STRADDLE,H2_15,e050,L,dev_2021_2023,2.0,36,-0.07608202594130847,-1.1643641977052144,-0.9874144889883572,-0.5891008982895266,0.3055555555555556
Ltight,2,STRADDLE,H2_15,e050,L,hold_2024_2025,2.0,24,-0.0637373160739184,-0.5326360730647359,-0.9877970205957715,-0.5415015055922079,0.25
Ltight,2,STRADDLE,H2_15,e050,L,ext_2026,2.0,9,-0.06479225835548912,-0.6126806005662335,-0.7900343433507208,-0.5284176900900543,0.3333333333333333
Ltight,2,STRADDLE,H2_15,e050,L,post_2021_2026,2.0,69,-0.07031563543276158,-0.7690529918592593,-0.9998010845917242,-0.5891008982895266,0.2898550724637681
Ltight,2,STRADDLE,H2_15,e050,L,frozen_2024_2026,2.0,33,-0.06402502760525587,-0.5596456173704851,-0.9898525822291913,-0.5415015055922079,0.2727272727272727
Ltight,2,STRADDLE,H2_15,e050,S,pre_2019_2020,2.0,18,-0.01282801990673434,-0.15229861192581892,-0.918422408868925,-0.8167606383407939,0.6111111111111112
Ltight,2,STRADDLE,H2_15,e050,S,dev_2021_2023,2.0,36,0.010422130096981971,0.12977835353675068,-0.8327955451323135,-0.7839797312546675,0.5277777777777778
Ltight,2,STRADDLE,H2_15,e050,S,hold_2024_2025,2.0,24,-0.04377976875887557,-0.41462638228244375,-1.0240173193459108,-1.1120905920149706,0.5416666666666666
Ltight,2,STRADDLE,H2_15,e050,S,ext_2026,2.0,9,0.036708819893154235,0.8706175959005735,-0.23495929001420834,-0.23228048874651624,0.6666666666666666
Ltight,2,STRADDLE,H2_15,e050,S,post_2021_2026,2.0,69,-0.005002005618598188,-0.058251578230652856,-1.0108444177592408,-1.1120905920149706,0.5507246376811594
Ltight,2,STRADDLE,H2_15,e050,S,frozen_2024_2026,2.0,33,-0.021828335490140172,-0.23581777585940508,-1.0240173193459108,-1.1120905920149706,0.5757575757575758
Ltight,2,STRADDLE,H2_25,e050,LS,pre_2019_2020,4.0,18,0.01763058390159007,0.2564947138215375,-0.446151431594044,-0.3873886156119255,0.5555555555555556
Ltight,2,STRADDLE,H2_25,e050,LS,dev_2021_2023,4.0,36,-0.028891039889428656,-0.5268033626980733,-0.9005340736410937,-0.4437491312907951,0.4166666666666667
Ltight,2,STRADDLE,H2_25,e050,LS,hold_2024_2025,4.0,24,-0.04016349757415886,-0.5483292547358506,-0.9066767892173443,-0.46866447017681706,0.3333333333333333
Ltight,2,STRADDLE,H2_25,e050,LS,ext_2026,4.0,9,-0.029778579913210916,-0.6827864759432797,-0.4659883852351018,-0.2170851785206165,0.3333333333333333
Ltight,2,STRADDLE,H2_25,e050,LS,post_2021_2026,4.0,69,-0.03292766082634989,-0.5496434784585406,-0.983459858491266,-0.46866447017681706,0.37681159420289856
Ltight,2,STRADDLE,H2_25,e050,LS,frozen_2024_2026,4.0,33,-0.03733124730299125,-0.5670878231831324,-0.9066767892173443,-0.46866447017681706,0.3333333333333333
Ltight,2,STRADDLE,H2_25,e050,L,pre_2019_2020,2.0,18,0.05700608638048696,0.5192311652092555,-0.6250977695576656,-0.36224039385750767,0.5
Ltight,2,STRADDLE,H2_25,e050,L,dev_2021_2023,2.0,36,-0.08102349757025372,-1.0483591891815827,-0.9948205538086194,-0.5552500311108398,0.3333333333333333
Ltight,2,STRADDLE,H2_25,e050,L,hold_2024_2025,2.0,24,-0.06493225704010817,-0.5468218581646541,-0.9899355726743001,-0.5101249104865989,0.20833333333333334
Ltight,2,STRADDLE,H2_25,e050,L,ext_2026,2.0,9,-0.1067800485066081,-1.0403070595403248,-0.8695988978538798,-0.5292489297456118,0.3333333333333333
Ltight,2,STRADDLE,H2_25,e050,L,post_2021_2026,2.0,69,-0.07878609446451018,-0.8260107862014194,-0.9999252229512463,-0.5552500311108398,0.2898550724637681
Ltight,2,STRADDLE,H2_25,e050,L,frozen_2024_2026,2.0,33,-0.07634529107642632,-0.6748469206810351,-0.9933644725592439,-0.5292489297456118,0.24242424242424243
Ltight,2,STRADDLE,H2_25,e050,S,pre_2019_2020,2.0,18,-0.02174491857730683,-0.23736390700505805,-0.9737876567335234,-0.9508327695586708,0.5555555555555556
Ltight,2,STRADDLE,H2_25,e050,S,dev_2021_2023,2.0,36,0.023241417791396417,0.27318506349402005,-0.7342163152451275,-0.7125186600711251,0.5277777777777778
Ltight,2,STRADDLE,H2_25,e050,S,hold_2024_2025,2.0,24,-0.015394738108209563,-0.13701635248592578,-1.0408283247788752,-1.1762597193207625,0.5416666666666666
Ltight,2,STRADDLE,H2_25,e050,S,ext_2026,2.0,9,0.04722288868018628,1.2539263525053275,-0.19023625866498428,-0.1783308319880478,0.5555555555555556
Ltight,2,STRADDLE,H2_25,e050,S,post_2021_2026,2.0,69,0.012930772811810399,0.1427668724952215,-1.0480631329945753,-1.1762597193207625,0.5362318840579711
Ltight,2,STRADDLE,H2_25,e050,S,frozen_2024_2026,2.0,33,0.001682796470443842,0.017269706547738045,-1.058039798331209,-1.1762597193207625,0.5454545454545454
Ltight,2,STRANGLE25,H0,e000,LS,pre_2019_2020,4.0,18,-0.021047153808924763,-0.09325583804456505,-1.2768181698838175,-2.1471977886584748,0.5555555555555556
Ltight,2,STRANGLE25,H0,e000,LS,dev_2021_2023,4.0,36,0.05843226205935659,0.2973571717644841,-4.538371315357754,-1.7575623459214653,0.5555555555555556
Ltight,2,STRANGLE25,H0,e000,LS,hold_2024_2025,4.0,24,0.16675681120790575,0.414396846647775,-3.123599216989109,-2.307053232967249,0.5
Ltight,2,STRANGLE25,H0,e000,LS,ext_2026,4.0,9,-0.15136516573976602,-0.643268785961888,-0.9980568060733594,-0.9680423592478677,0.4444444444444444
Ltight,2,STRANGLE25,H0,e000,LS,post_2021_2026,4.0,69,0.06874548422418378,0.24009608919990516,-4.538371315357754,-2.307053232967249,0.5217391304347826
Ltight,2,STRANGLE25,H0,e000,LS,frozen_2024_2026,4.0,33,0.07999627204035889,0.2202189158008351,-3.123599216989109,-2.307053232967249,0.48484848484848486
Ltight,2,STRANGLE25,H0,e050,LS,pre_2019_2020,4.0,18,-0.06899609236126772,-0.29358749192537986,-1.3186995017676153,-2.3756751312083977,0.5
Ltight,2,STRANGLE25,H0,e050,LS,dev_2021_2023,4.0,36,0.016290958952790084,0.08381005645822938,-3.5354642662631712,-1.8194917112764233,0.4444444444444444
Ltight,2,STRANGLE25,H0,e050,LS,hold_2024_2025,4.0,24,0.09349865793925531,0.2322341765198044,-2.333348698385647,-2.3330745800622545,0.4166666666666667
Ltight,2,STRANGLE25,H0,e050,LS,ext_2026,4.0,9,-0.18739993003127184,-0.7907351087989241,-1.0040619729797104,-1.015881724036385,0.3333333333333333
Ltight,2,STRANGLE25,H0,e050,LS,post_2021_2026,4.0,69,0.016577433950161247,0.058063614282595384,-3.5354642662631712,-2.3330745800622545,0.42028985507246375
Ltight,2,STRANGLE25,H0,e050,LS,frozen_2024_2026,4.0,33,0.016889952129111548,0.0465075586622255,-2.333348698385647,-2.3330745800622545,0.3939393939393939
Ltight,2,STRANGLE25,H0,e050,L,pre_2019_2020,2.0,18,0.12480833010800217,0.33255566843786616,-0.9999999998521367,-0.9960411829740188,0.5
Ltight,2,STRANGLE25,H0,e050,L,dev_2021_2023,2.0,36,-0.11568742265818852,-0.3574663278673275,-1.0,-0.998261111111111,0.2777777777777778
Ltight,2,STRANGLE25,H0,e050,L,hold_2024_2025,2.0,24,0.22030473029241504,0.33040896811645015,-1.0,-0.9962858164500259,0.25
Ltight,2,STRANGLE25,H0,e050,L,ext_2026,2.0,9,-0.30104841101105406,-0.7612846304570905,-0.9999999999706283,-0.9908389705698808,0.2222222222222222
Ltight,2,STRANGLE25,H0,e050,L,post_2021_2026,2.0,69,-0.022998107069221854,-0.04841439470100446,-1.0,-0.998261111111111,0.2608695652173913
Ltight,2,STRANGLE25,H0,e050,L,frozen_2024_2026,2.0,33,0.0781175099369235,0.12960936551582197,-1.0,-0.9962858164500259,0.24242424242424243
Ltight,2,STRANGLE25,H0,e050,S,pre_2019_2020,2.0,18,-0.2628005148305377,-0.3978327468018256,-2.1686624105107986,-8.775295698924733,0.6666666666666666
Ltight,2,STRANGLE25,H0,e050,S,dev_2021_2023,2.0,36,0.14826934056376873,0.47692614916297443,-80.33919553526994,-3.763373391121619,0.7222222222222222
Ltight,2,STRANGLE25,H0,e050,S,hold_2024_2025,2.0,24,-0.03330741441390441,-0.09007459249657189,-66.57208867610134,-3.669863343674483,0.6666666666666666
Ltight,2,STRANGLE25,H0,e050,S,ext_2026,2.0,9,-0.07375144905148953,-0.35263299906951046,-1.0122379680255083,-1.0419851994851994,0.3333333333333333
Ltight,2,STRANGLE25,H0,e050,S,post_2021_2026,2.0,69,0.056152974969544356,0.17587658575477597,-80.33919553526994,-3.763373391121619,0.6521739130434783
Ltight,2,STRANGLE25,H0,e050,S,frozen_2024_2026,2.0,33,-0.044337605678700355,-0.13414650616298435,-66.57208867610134,-3.669863343674483,0.5757575757575758
Ltight,2,STRANGLE25,H0,e100,LS,pre_2019_2020,4.0,18,-0.1169450309136107,-0.477775244240264,-1.3531965237850274,-2.6041524737583206,0.3888888888888889
Ltight,2,STRANGLE25,H0,e100,LS,dev_2021_2023,4.0,36,-0.02585034415377639,-0.1342426092734668,-2.8158785041518053,-1.8814210766313815,0.3888888888888889
Ltight,2,STRANGLE25,H0,e100,LS,hold_2024_2025,4.0,24,0.02024050467060488,0.0497179719693436,-2.366645657076223,-2.359095927157261,0.4166666666666667
Ltight,2,STRANGLE25,H0,e100,LS,ext_2026,4.0,9,-0.22343469432277777,-0.936019268757839,-1.0087593921398013,-1.0637210888249025,0.2222222222222222
Ltight,2,STRANGLE25,H0,e100,LS,post_2021_2026,4.0,69,-0.03559061632386133,-0.12403684256674298,-2.8158785041518053,-2.359095927157261,0.37681159420289856
Ltight,2,STRANGLE25,H0,e100,LS,frozen_2024_2026,4.0,33,-0.046216367782135837,-0.12607490695288118,-2.366645657076223,-2.359095927157261,0.36363636363636365
Ltight,2,STRANGLE25,H0,tick,LS,pre_2019_2020,4.0,18,-0.12589733786405777,-0.5143209385112938,-1.3596420538000613,-2.6102839595067406,0.3888888888888889
Ltight,2,STRANGLE25,H0,tick,LS,dev_2021_2023,4.0,36,-0.03315622664774027,-0.17229002672380744,-2.65310977785511,-1.8828934311528644,0.3333333333333333
Ltight,2,STRANGLE25,H0,tick,LS,hold_2024_2025,4.0,24,0.011133652949429862,0.027332265943441646,-2.357253115729978,-2.3676563554943426,0.4166666666666667
Ltight,2,STRANGLE25,H0,tick,LS,ext_2026,4.0,9,-0.2300667195734564,-0.9626105630063809,-1.0089949822769837,-1.0741021993543178,0.2222222222222222
Ltight,2,STRANGLE25,H0,tick,LS,post_2021_2026,4.0,69,-0.043435028473818006,-0.1513296271719798,-2.65310977785511,-2.3676563554943426,0.34782608695652173
Ltight,2,STRANGLE25,H0,tick,LS,frozen_2024_2026,4.0,33,-0.05464826682953913,-0.1489909911171283,-2.357253115729978,-2.3676563554943426,0.36363636363636365
Ltight,2,STRANGLE25,H1,e050,LS,pre_2019_2020,4.0,18,0.00015415043588588707,0.0010290669505384614,-0.9498816561821509,-0.914179334078116,0.2777777777777778
Ltight,2,STRANGLE25,H1,e050,LS,dev_2021_2023,4.0,36,-0.07527991135829468,-1.0256507357706501,-0.9898826179032413,-0.7388986355139078,0.3055555555555556
Ltight,2,STRANGLE25,H1,e050,LS,hold_2024_2025,4.0,24,-0.1065299655098398,-0.7190028748352889,-1.000783684504803,-1.0524795640187654,0.4166666666666667
Ltight,2,STRANGLE25,H1,e050,LS,ext_2026,4.0,9,-0.02639314760775666,-0.28680595430697586,-0.6131792675421117,-0.46645888256107493,0.4444444444444444
Ltight,2,STRANGLE25,H1,e050,LS,post_2021_2026,4.0,69,-0.07977296100876194,-0.7521886510939944,-1.0000101471385077,-1.0524795640187654,0.36231884057971014
Ltight,2,STRANGLE25,H1,e050,LS,frozen_2024_2026,4.0,33,-0.08467446971836258,-0.6310405934114127,-1.000783684504803,-1.0524795640187654,0.42424242424242425
Ltight,2,STRANGLE25,H1,e050,L,pre_2019_2020,2.0,18,0.09189770081445553,0.3878872028857241,-0.870541676540179,-0.4939978403873593,0.3333333333333333
Ltight,2,STRANGLE25,H1,e050,L,dev_2021_2023,2.0,36,-0.15886804865163368,-1.172671719429905,-0.9999984119987403,-0.8910457236374651,0.3333333333333333
Ltight,2,STRANGLE25,H1,e050,L,hold_2024_2025,2.0,24,-0.03663808964274251,-0.1318844606776416,-0.9999896834509424,-0.9297127757093208,0.20833333333333334
Ltight,2,STRANGLE25,H1,e050,L,ext_2026,2.0,9,-0.14480871376005558,-0.8132511978885315,-0.9756487266424365,-0.7648049295836847,0.3333333333333333
Ltight,2,STRANGLE25,H1,e050,L,post_2021_2026,2.0,69,-0.11451945401050917,-0.5758056107537365,-0.9999999999984981,-0.9297127757093208,0.2898550724637681
Ltight,2,STRANGLE25,H1,e050,L,frozen_2024_2026,2.0,33,-0.06613916894746426,-0.26226778317322724,-0.9999993582944442,-0.9297127757093208,0.24242424242424243
Ltight,2,STRANGLE25,H1,e050,S,pre_2019_2020,2.0,18,-0.09158939994268371,-0.4455626732779143,-1.0342433919249334,-2.4760218599965738,0.4444444444444444
Ltight,2,STRANGLE25,H1,e050,S,dev_2021_2023,2.0,36,0.008308225935044315,0.0624621405637714,-2.022171296858959,-1.1440839872046566,0.5277777777777778
Ltight,2,STRANGLE25,H1,e050,S,hold_2024_2025,2.0,24,-0.17642184137693706,-0.7291991040387898,-1.1742931835414887,-2.858819015639776,0.5416666666666666
Ltight,2,STRANGLE25,H1,e050,S,ext_2026,2.0,9,0.0920224185445422,1.6332179721851334,-0.21022882038908697,-0.16811283553846515,0.6666666666666666
Ltight,2,STRANGLE25,H1,e050,S,post_2021_2026,2.0,69,-0.045026468007014715,-0.2594477007607851,-2.022171296858959,-2.858819015639776,0.5507246376811594
Ltight,2,STRANGLE25,H1,e050,S,frozen_2024_2026,2.0,33,-0.1032097704892609,-0.4915100562211428,-1.1742931835414887,-2.858819015639776,0.5757575757575758
Ltight,2,STRANGLE25,H2_15,e050,LS,pre_2019_2020,4.0,18,0.024028073532156413,0.15131774241162513,-0.9980132057838667,-0.9968437941703089,0.3333333333333333
Ltight,2,STRANGLE25,H2_15,e050,LS,dev_2021_2023,4.0,36,-0.08232390523270827,-0.9889087550137263,-0.9975582031434093,-0.931921029041521,0.3888888888888889
Ltight,2,STRANGLE25,H2_15,e050,LS,hold_2024_2025,4.0,24,-0.09125016500039222,-0.546278001673454,-1.0019866177367092,-1.0584555344498803,0.4583333333333333
Ltight,2,STRANGLE25,H2_15,e050,LS,ext_2026,4.0,9,-0.017672688882794732,-0.19651823577601268,-0.6075657220621165,-0.4501287377084923,0.4444444444444444
Ltight,2,STRANGLE25,H2_15,e050,LS,post_2021_2026,4.0,69,-0.0769959238888705,-0.6506881945510814,-1.0000049195422644,-1.0584555344498803,0.42028985507246375
Ltight,2,STRANGLE25,H2_15,e050,LS,frozen_2024_2026,4.0,33,-0.07118358060468381,-0.47808836516229847,-1.0019866177367092,-1.0584555344498803,0.45454545454545453
Ltight,2,STRANGLE25,H2_15,e050,L,pre_2019_2020,2.0,18,0.1414135407490541,0.5724811537166237,-0.8496667597876961,-0.4564585596552553,0.3333333333333333
Ltight,2,STRANGLE25,H2_15,e050,L,dev_2021_2023,2.0,36,-0.17268339240419853,-1.2473410823108815,-1.000004077318645,-1.074273323205111,0.25
Ltight,2,STRANGLE25,H2_15,e050,L,hold_2024_2025,2.0,24,-0.019844040153852587,-0.07138009434921727,-1.0278180731378577,-1.0482930616253316,0.25
Ltight,2,STRANGLE25,H2_15,e050,L,ext_2026,2.0,9,-0.1463898975680243,-0.8337222289364938,-0.9768405225351591,-0.7504698160398511,0.4444444444444444
Ltight,2,STRANGLE25,H2_15,e050,L,post_2021_2026,2.0,69,-0.11609229229501199,-0.5800484625368322,-1.000004077318645,-1.074273323205111,0.2753623188405797
Ltight,2,STRANGLE25,H2_15,e050,L,frozen_2024_2026,2.0,33,-0.05435654672135395,-0.21565552783829303,-1.0278180731378577,-1.0482930616253316,0.30303030303030304
Ltight,2,STRANGLE25,H2_15,e050,S,pre_2019_2020,2.0,18,-0.0933573936847413,-0.40914322653072965,-1.1409912854942275,-2.781922105391957,0.5555555555555556
Ltight,2,STRANGLE25,H2_15,e050,S,dev_2021_2023,2.0,36,0.008035581938781965,0.05331718812819828,-5.3548369192441925,-1.5435255005426132,0.5555555555555556
Ltight,2,STRANGLE25,H2_15,e050,S,hold_2024_2025,2.0,24,-0.1626562898469318,-0.615535529483206,-1.543053270190165,-3.1725243163970536,0.5833333333333334
Ltight,2,STRANGLE25,H2_15,e050,S,ext_2026,2.0,9,0.11104451980243486,1.3309636297042813,-0.3651103038426373,-0.18940031220838344,0.5555555555555556
Ltight,2,STRANGLE25,H2_15,e050,S,post_2021_2026,2.0,69,-0.03789955548272895,-0.19723231543110367,-5.3548369192441925,-3.1725243163970536,0.5652173913043478
Ltight,2,STRANGLE25,H2_15,e050,S,frozen_2024_2026,2.0,33,-0.0880106144880136,-0.3815504686433644,-1.543053270190165,-3.1725243163970536,0.5757575757575758
Ltight,2,STRANGLE25,H2_25,e050,LS,pre_2019_2020,4.0,18,-0.029008715718076554,-0.1770088534941777,-0.974184173365374,-0.7909400674487109,0.3333333333333333
Ltight,2,STRANGLE25,H2_25,e050,LS,dev_2021_2023,4.0,36,-0.0494567259457807,-0.5523490732879734,-1.041310889863772,-1.0409536785311813,0.4722222222222222
Ltight,2,STRANGLE25,H2_25,e050,LS,hold_2024_2025,4.0,24,-0.04410177156490919,-0.2355272161761232,-0.9998960419730617,-0.9657708774251568,0.4583333333333333
Ltight,2,STRANGLE25,H2_25,e050,LS,ext_2026,4.0,9,-0.04078262739678002,-0.45522322435224827,-0.6519718361172767,-0.43127881304283033,0.4444444444444444
Ltight,2,STRANGLE25,H2_25,e050,LS,post_2021_2026,4.0,69,-0.04646272895908617,-0.35708160461694455,-1.041310889863772,-1.0409536785311813,0.463768115942029
Ltight,2,STRANGLE25,H2_25,e050,LS,frozen_2024_2026,4.0,33,-0.043196550428146685,-0.2618833036213028,-0.9998960419730617,-0.9657708774251568,0.45454545454545453
Ltight,2,STRANGLE25,H2_25,e050,L,pre_2019_2020,2.0,18,0.06886494908932463,0.24968003698943128,-0.989299402891362,-0.7874011100888632,0.3333333333333333
Ltight,2,STRANGLE25,H2_25,e050,L,dev_2021_2023,2.0,36,-0.10877030527698123,-0.7296229866316094,-0.9999999611508645,-0.9905166420994668,0.3333333333333333
Ltight,2,STRANGLE25,H2_25,e050,L,hold_2024_2025,2.0,24,0.024231157253233215,0.07535432081483708,-1.0216800276184965,-1.056370564592607,0.25
Ltight,2,STRANGLE25,H2_25,e050,L,ext_2026,2.0,9,-0.11827610875743172,-0.6486057518044505,-0.9720401699463268,-0.8217772221911895,0.4444444444444444
Ltight,2,STRANGLE25,H2_25,e050,L,post_2021_2026,2.0,69,-0.06374881441609584,-0.28318734879697877,-1.0000000021242414,-1.056370564592607,0.3188405797101449
Ltight,2,STRANGLE25,H2_25,e050,L,frozen_2024_2026,2.0,33,-0.014634460749675402,-0.05080302833769719,-1.0216800276184965,-1.056370564592607,0.30303030303030304
Ltight,2,STRANGLE25,H2_25,e050,S,pre_2019_2020,2.0,18,-0.12688238052547782,-0.590237062825988,-1.0634987065430133,-2.436981398039323,0.5555555555555556
Ltight,2,STRANGLE25,H2_25,e050,S,dev_2021_2023,2.0,36,0.009856853385419896,0.05846390374543408,-11.42381379570193,-1.8097083558547065,0.5277777777777778
Ltight,2,STRANGLE25,H2_25,e050,S,hold_2024_2025,2.0,24,-0.11243470038305159,-0.50272115659654,-1.0420467198617727,-2.2297597490145833,0.4583333333333333
Ltight,2,STRANGLE25,H2_25,e050,S,ext_2026,2.0,9,0.03671085396387172,0.5434567335004239,-0.452308096133625,-0.26228636019850327,0.3333333333333333
Ltight,2,STRANGLE25,H2_25,e050,S,post_2021_2026,2.0,69,-0.029176643502076483,-0.1620800099784612,-11.42381379570193,-2.2297597490145833,0.4782608695652174
Ltight,2,STRANGLE25,H2_25,e050,S,frozen_2024_2026,2.0,33,-0.07175864010661798,-0.3706982530675831,-1.0420467198617727,-2.2297597490145833,0.42424242424242425
Ltight,2,IFLY10,H0,e000,LS,pre_2019_2020,4.0,18,0.02450469904133146,0.29654891867676597,-0.6701337443325133,-0.5238116756986565,0.5
Ltight,2,IFLY10,H0,e000,LS,dev_2021_2023,4.0,36,-0.03184861789370155,-0.5261524219225798,-0.9333703169749537,-0.42523114548546137,0.3611111111111111
Ltight,2,IFLY10,H0,e000,LS,hold_2024_2025,4.0,24,-0.01773353242690247,-0.20203854651682027,-0.9620201573134114,-0.4199579314083203,0.4166666666666667
Ltight,2,IFLY10,H0,e000,LS,ext_2026,4.0,9,-0.13879745488753248,-1.608146551385812,-0.8909635180863359,-0.6468798734184826,0.4444444444444444
Ltight,2,IFLY10,H0,e000,LS,post_2021_2026,4.0,69,-0.04088887125227112,-0.5516876932610262,-0.9955782783304663,-0.6468798734184826,0.391304347826087
Ltight,2,IFLY10,H0,e000,LS,frozen_2024_2026,4.0,33,-0.050750965825256095,-0.5802684475736878,-0.9888272428495612,-0.6468798734184826,0.42424242424242425
Ltight,2,IFLY10,H0,e050,LS,pre_2019_2020,4.0,18,-0.01882596407199167,-0.22527004245668353,-0.8474400682013649,-0.554541479074403,0.3888888888888889
Ltight,2,IFLY10,H0,e050,LS,dev_2021_2023,4.0,36,-0.05935819485769284,-0.9697004997538677,-0.9747255153215855,-0.44787549114998054,0.3611111111111111
Ltight,2,IFLY10,H0,e050,LS,hold_2024_2025,4.0,24,-0.05945509375250171,-0.6633097050728708,-0.9830795797503715,-0.4514455454826773,0.4166666666666667
Ltight,2,IFLY10,H0,e050,LS,ext_2026,4.0,9,-0.17500566393810538,-1.9998388114422647,-0.9268066343807239,-0.6718953792998742,0.4444444444444444
Ltight,2,IFLY10,H0,e050,LS,post_2021_2026,4.0,69,-0.0744763513098541,-0.9886159749148886,-0.9997273694138644,-0.6718953792998742,0.391304347826087
Ltight,2,IFLY10,H0,e050,LS,frozen_2024_2026,4.0,33,-0.09096888562130272,-1.0223996530557602,-0.9974727139403874,-0.6718953792998742,0.42424242424242425
Ltight,2,IFLY10,H0,e050,L,pre_2019_2020,2.0,18,0.01082578447583079,0.06320314414678549,-0.9948023008606517,-0.8708561551584807,0.5
Ltight,2,IFLY10,H0,e050,L,dev_2021_2023,2.0,36,-0.09129710080094557,-0.9843244644394067,-0.9996952961867542,-0.9091682507093126,0.3055555555555556
Ltight,2,IFLY10,H0,e050,L,hold_2024_2025,2.0,24,-0.07607293661854057,-0.4963422172056188,-0.9998188676183634,-0.8918482941244197,0.375
Ltight,2,IFLY10,H0,e050,L,ext_2026,2.0,9,-0.2636350593167104,-1.792334785612162,-0.9927624224942759,-0.7694057460072301,0.2222222222222222
Ltight,2,IFLY10,H0,e050,L,post_2021_2026,2.0,69,-0.10848060350042617,-0.8790818815766519,-0.9999999921804015,-0.9091682507093126,0.3188405797101449
Ltight,2,IFLY10,H0,e050,L,frozen_2024_2026,2.0,33,-0.1272262428089505,-0.8408713261172743,-0.9999971142525771,-0.8918482941244197,0.3333333333333333
Ltight,2,IFLY10,H0,e050,S,pre_2019_2020,2.0,18,-0.0484777126198141,-0.5079991678718214,-0.9751190741915048,-0.9109268013893981,0.5555555555555556
Ltight,2,IFLY10,H0,e050,S,dev_2021_2023,2.0,36,-0.027419288914440103,-0.2490281542005166,-1.0130937176571961,-1.0355609506772292,0.4722222222222222
Ltight,2,IFLY10,H0,e050,S,hold_2024_2025,2.0,24,-0.04283725088646285,-0.4904180719170232,-0.972065782375766,-0.7477856968172449,0.3333333333333333
Ltight,2,IFLY10,H0,e050,S,ext_2026,2.0,9,-0.08637626855950045,-0.7639553702955084,-0.9016735144825486,-0.6730156833545475,0.3333333333333333
Ltight,2,IFLY10,H0,e050,S,post_2021_2026,2.0,69,-0.04047209911928197,-0.39771565377908646,-1.0130937176571961,-1.0355609506772292,0.4057971014492754
Ltight,2,IFLY10,H0,e050,S,frozen_2024_2026,2.0,33,-0.05471152843365493,-0.5861619381271206,-0.9956316676610961,-0.7477856968172449,0.3333333333333333
Ltight,2,IFLY10,H0,e100,LS,pre_2019_2020,4.0,18,-0.06215662718531477,-0.7287827894187057,-0.933764466068421,-0.5852712824501495,0.3888888888888889
Ltight,2,IFLY10,H0,e100,LS,dev_2021_2023,4.0,36,-0.08686777182168405,-1.3949947504176023,-0.9910326533655691,-0.5591793841319996,0.3333333333333333
Ltight,2,IFLY10,H0,e100,LS,hold_2024_2025,4.0,24,-0.10117665507810088,-1.1010933948984716,-0.9931050644384591,-0.5007466963607821,0.375
Ltight,2,IFLY10,H0,e100,LS,ext_2026,4.0,9,-0.21121387298867844,-2.370616803999752,-0.9526230635910162,-0.6969108851812656,0.4444444444444444
Ltight,2,IFLY10,H0,e100,LS,post_2021_2026,4.0,69,-0.10806383136743701,-1.4039992199414664,-0.9999864320429204,-0.6969108851812656,0.36231884057971014
Ltight,2,IFLY10,H0,e100,LS,frozen_2024_2026,4.0,33,-0.1311868054173493,-1.4434827889458235,-0.9995009014837378,-0.6969108851812656,0.3939393939393939
Ltight,2,IFLY10,H0,tick,LS,pre_2019_2020,4.0,18,-0.06539859266918101,-0.7658343193014887,-0.9378402444697561,-0.5881422032969248,0.3888888888888889
Ltight,2,IFLY10,H0,tick,LS,dev_2021_2023,4.0,36,-0.08917561697454528,-1.4300273137535786,-0.9918177392271783,-0.5631355671494211,0.3055555555555556
Ltight,2,IFLY10,H0,tick,LS,hold_2024_2025,4.0,24,-0.10368299190873277,-1.1284275840934987,-0.993437292994913,-0.5042078038429415,0.375
Ltight,2,IFLY10,H0,tick,LS,ext_2026,4.0,9,-0.2133620793892172,-2.3942647614977126,-0.9537397648102277,-0.6981743545720809,0.4444444444444444
Ltight,2,IFLY10,H0,tick,LS,post_2021_2026,4.0,69,-0.11041989465791553,-1.4339695901415566,-0.999988966226398,-0.6981743545720809,0.34782608695652173
Ltight,2,IFLY10,H0,tick,LS,frozen_2024_2026,4.0,33,-0.13359547031250124,-1.4700925517675538,-0.9995465806292689,-0.6981743545720809,0.3939393939393939
Ltight,2,IFLY10,H1,e050,LS,pre_2019_2020,4.0,18,0.000454135969838033,0.00782333514098706,-0.4218163256506344,-0.2579251283341867,0.3888888888888889
Ltight,2,IFLY10,H1,e050,LS,dev_2021_2023,4.0,36,-0.061828434929701616,-1.599034418491765,-0.9274544596971248,-0.22669320150514455,0.25
Ltight,2,IFLY10,H1,e050,LS,hold_2024_2025,4.0,24,-0.08690858422160967,-2.3460002363106707,-0.9098245850747123,-0.34079489834165255,0.20833333333333334
Ltight,2,IFLY10,H1,e050,LS,ext_2026,4.0,9,-0.042973750897674176,-1.0691415801545687,-0.4906882897533136,-0.2779780741840143,0.3333333333333333
Ltight,2,IFLY10,H1,e050,LS,post_2021_2026,4.0,69,-0.0680926585053182,-1.7926093569225945,-0.996359746671032,-0.34079489834165255,0.2463768115942029
Ltight,2,IFLY10,H1,e050,LS,frozen_2024_2026,4.0,33,-0.07492635695144545,-1.9861088300223806,-0.94982112871763,-0.34079489834165255,0.24242424242424243
Ltight,2,IFLY10,H1,e050,L,pre_2019_2020,2.0,18,0.001160262118132321,0.010706758782476664,-0.7946019871459188,-0.3552072311434044,0.3888888888888889
Ltight,2,IFLY10,H1,e050,L,dev_2021_2023,2.0,36,-0.06895874401366898,-1.1649875291197056,-0.9694433895227149,-0.52342202584734,0.2777777777777778
Ltight,2,IFLY10,H1,e050,L,hold_2024_2025,2.0,24,-0.12050698507221103,-1.9600717635480647,-0.9762692426090261,-0.5791618957378958,0.16666666666666666
Ltight,2,IFLY10,H1,e050,L,ext_2026,2.0,9,-0.07438406702064414,-0.8507961960370748,-0.7796262949326969,-0.48160094491141364,0.3333333333333333
Ltight,2,IFLY10,H1,e050,L,post_2021_2026,2.0,69,-0.08759621781754993,-1.3798042242240496,-0.9997690847178846,-0.5791618957378958,0.2463768115942029
Ltight,2,IFLY10,H1,e050,L,frozen_2024_2026,2.0,33,-0.1079280074217837,-1.5803536376438847,-0.9930626591608684,-0.5791618957378958,0.21212121212121213
Ltight,2,IFLY10,H1,e050,S,pre_2019_2020,2.0,18,-0.0002519901784562542,-0.00459982973802894,-0.7092000064681938,-0.4838605845843737,0.5
Ltight,2,IFLY10,H1,e050,S,dev_2021_2023,2.0,36,-0.05469812584573423,-1.072571699918736,-0.9356043641763047,-0.5285028797650049,0.3888888888888889
Ltight,2,IFLY10,H1,e050,S,hold_2024_2025,2.0,24,-0.05331018337100831,-0.9276329353932258,-0.9028060274963164,-0.45347944150035324,0.375
Ltight,2,IFLY10,H1,e050,S,ext_2026,2.0,9,-0.011563434774704227,-0.32933566639220835,-0.31088381587538116,-0.2106471898460441,0.3333333333333333
Ltight,2,IFLY10,H1,e050,S,post_2021_2026,2.0,69,-0.04858909919308652,-0.9496024175763205,-0.9930422209559292,-0.5285028797650049,0.37681159420289856
Ltight,2,IFLY10,H1,e050,S,frozen_2024_2026,2.0,33,-0.041924706481107195,-0.8050960612211682,-0.9321317784942864,-0.45347944150035324,0.36363636363636365
Ltight,2,IFLY10,H2_15,e050,LS,pre_2019_2020,4.0,18,0.01681516150911186,0.2760861994338913,-0.4187836974832706,-0.26243214256752395,0.5555555555555556
Ltight,2,IFLY10,H2_15,e050,LS,dev_2021_2023,4.0,36,-0.06269306518374167,-1.5599442022004821,-0.9314123550867738,-0.27241735192058353,0.2222222222222222
Ltight,2,IFLY10,H2_15,e050,LS,hold_2024_2025,4.0,24,-0.07902271962004341,-1.940834204913442,-0.8931175306346635,-0.32860540223456747,0.25
Ltight,2,IFLY10,H2_15,e050,LS,ext_2026,4.0,9,-0.04921378427962471,-1.0843731816557245,-0.5413633613603372,-0.31953865859865965,0.3333333333333333
Ltight,2,IFLY10,H2_15,e050,LS,post_2021_2026,4.0,69,-0.06661477791322268,-1.6434656751658911,-0.9960532410611644,-0.32860540223456747,0.2463768115942029
Ltight,2,IFLY10,H2_15,e050,LS,frozen_2024_2026,4.0,33,-0.07089300998174741,-1.708580198930413,-0.9424567071251847,-0.32860540223456747,0.2727272727272727
Ltight,2,IFLY10,H2_15,e050,L,pre_2019_2020,2.0,18,0.024348147165991707,0.21090966259483115,-0.767905423498944,-0.40250230324587,0.5
Ltight,2,IFLY10,H2_15,e050,L,dev_2021_2023,2.0,36,-0.07171034634193237,-1.1940415100323332,-0.9707297536961875,-0.5470504856347612,0.25
Ltight,2,IFLY10,H2_15,e050,L,hold_2024_2025,2.0,24,-0.10457137078677638,-1.4966189188632768,-0.9678282009034846,-0.5510654200165601,0.20833333333333334
Ltight,2,IFLY10,H2_15,e050,L,ext_2026,2.0,9,-0.1047245624771546,-1.1409724322061903,-0.8356889252283872,-0.5473753400850274,0.3333333333333333
Ltight,2,IFLY10,H2_15,e050,L,post_2021_2026,2.0,69,-0.08744646999255926,-1.300442641038381,-0.9997800368033041,-0.5510654200165601,0.2463768115942029
Ltight,2,IFLY10,H2_15,e050,L,frozen_2024_2026,2.0,33,-0.10461315033869771,-1.3960687002515295,-0.9927110515647398,-0.5510654200165601,0.24242424242424243
Ltight,2,IFLY10,H2_15,e050,S,pre_2019_2020,2.0,18,0.009282175852232004,0.1532802225358025,-0.7406376060607966,-0.5838145219707396,0.5555555555555556
Ltight,2,IFLY10,H2_15,e050,S,dev_2021_2023,2.0,36,-0.053675784025550934,-0.9713785378926775,-0.9441536890763048,-0.581601144881609,0.3888888888888889
Ltight,2,IFLY10,H2_15,e050,S,hold_2024_2025,2.0,24,-0.053474068453310465,-0.9125954406798709,-0.9044487929245836,-0.505098790284191,0.3333333333333333
Ltight,2,IFLY10,H2_15,e050,S,ext_2026,2.0,9,0.0062969939179051875,0.19811202321564883,-0.27812308092589466,-0.12403875842605797,0.5555555555555556
Ltight,2,IFLY10,H2_15,e050,S,post_2021_2026,2.0,69,-0.04578308583388606,-0.8522063479162362,-0.9937138293518565,-0.581601144881609,0.391304347826087
Ltight,2,IFLY10,H2_15,e050,S,frozen_2024_2026,2.0,33,-0.03717286962479711,-0.7048645288493415,-0.9265367521636999,-0.505098790284191,0.3939393939393939
Ltight,2,IFLY10,H2_25,e050,LS,pre_2019_2020,4.0,18,-0.022167011250662658,-0.3987257125963542,-0.5876128548294735,-0.2777068177489237,0.3888888888888889
Ltight,2,IFLY10,H2_25,e050,LS,dev_2021_2023,4.0,36,-0.062041464471337376,-1.5392025568688585,-0.9312105458372163,-0.28007028249359156,0.25
Ltight,2,IFLY10,H2_25,e050,LS,hold_2024_2025,4.0,24,-0.07961647925143868,-1.6574863781655234,-0.9175680329408236,-0.37521829210477503,0.2916666666666667
Ltight,2,IFLY10,H2_25,e050,LS,ext_2026,4.0,9,-0.06148743465311298,-1.3305824681317464,-0.5821203232958356,-0.3471842144498669,0.3333333333333333
Ltight,2,IFLY10,H2_25,e050,LS,post_2021_2026,4.0,69,-0.06808224833160423,-1.5727590766865036,-0.9970173842066725,-0.37521829210477503,0.2753623188405797
Ltight,2,IFLY10,H2_25,e050,LS,frozen_2024_2026,4.0,33,-0.07467219436098622,-1.592797321082397,-0.9618085407683759,-0.37521829210477503,0.30303030303030304
Ltight,2,IFLY10,H2_25,e050,L,pre_2019_2020,2.0,18,-0.01269088759102929,-0.13415826828884295,-0.7082438035496457,-0.3191602879958727,0.3333333333333333
Ltight,2,IFLY10,H2_25,e050,L,dev_2021_2023,2.0,36,-0.07988856931813938,-1.2211972799436723,-0.9866235392021863,-0.6372008275201723,0.3611111111111111
Ltight,2,IFLY10,H2_25,e050,L,hold_2024_2025,2.0,24,-0.11023582490383126,-1.5970183466494146,-0.9780808399098236,-0.5825784520777469,0.20833333333333334
Ltight,2,IFLY10,H2_25,e050,L,ext_2026,2.0,9,-0.09127795628103995,-0.9767364567855601,-0.8362827589283449,-0.6141427336218107,0.4444444444444444
Ltight,2,IFLY10,H2_25,e050,L,post_2021_2026,2.0,69,-0.09192970869093227,-1.3189515486342651,-0.9999071149483867,-0.6372008275201723,0.3188405797101449
Ltight,2,IFLY10,H2_25,e050,L,frozen_2024_2026,2.0,33,-0.10506549709761544,-1.4022457125323127,-0.9952495584889499,-0.6141427336218107,0.2727272727272727
Ltight,2,IFLY10,H2_25,e050,S,pre_2019_2020,2.0,18,-0.03164313491029604,-0.5575418774330234,-0.8059515171702851,-0.5505705675259072,0.5555555555555556
Ltight,2,IFLY10,H2_25,e050,S,dev_2021_2023,2.0,36,-0.04419435962453536,-0.6952925362405971,-0.9584050587496312,-0.7072881422283376,0.4166666666666667
Ltight,2,IFLY10,H2_25,e050,S,hold_2024_2025,2.0,24,-0.04899713359904614,-0.7672254947910424,-0.9261207493557537,-0.43336060475078936,0.375
Ltight,2,IFLY10,H2_25,e050,S,ext_2026,2.0,9,-0.03169691302518604,-1.450272651801466,-0.3330049775720907,-0.16529438100927532,0.4444444444444444
Ltight,2,IFLY10,H2_25,e050,S,post_2021_2026,2.0,69,-0.04423478797227616,-0.7458348358300244,-0.9956720514742585,-0.7072881422283376,0.4057971014492754
Ltight,2,IFLY10,H2_25,e050,S,frozen_2024_2026,2.0,33,-0.04427889162435701,-0.8009890992804103,-0.9427389040850612,-0.43336060475078936,0.3939393939393939
Ltight,2,IFLY15,H0,e000,LS,pre_2019_2020,4.0,18,-0.009216007305338234,-0.10771184594397182,-0.834227831659549,-0.5373938353244786,0.5
Ltight,2,IFLY15,H0,e000,LS,dev_2021_2023,4.0,36,-0.028218772011542905,-0.4037551127632849,-0.9476120976807216,-0.4654571859158791,0.3888888888888889
Ltight,2,IFLY15,H0,e000,LS,hold_2024_2025,4.0,24,-0.019989421564088714,-0.19423503120265395,-0.9836159381279179,-0.6843120851867828,0.4583333333333333
Ltight,2,IFLY15,H0,e000,LS,ext_2026,4.0,9,-0.07940641101887896,-0.9032485580124174,-0.8284626821342197,-0.6783179504895641,0.3333333333333333
Ltight,2,IFLY15,H0,e000,LS,post_2021_2026,4.0,69,-0.03203303781338528,-0.38190318197620404,-0.9962159873701579,-0.6843120851867828,0.4057971014492754
Ltight,2,IFLY15,H0,e000,LS,frozen_2024_2026,4.0,33,-0.03619405505175878,-0.36931294336211273,-0.9885521273645056,-0.6843120851867828,0.42424242424242425
Ltight,2,IFLY15,H0,e050,LS,pre_2019_2020,4.0,18,-0.06455456523026533,-0.7244490605577136,-0.9452239930436761,-0.5689641588422457,0.3333333333333333
Ltight,2,IFLY15,H0,e050,LS,dev_2021_2023,4.0,36,-0.07113951533246515,-0.9787522502226135,-0.9903734415886052,-0.6781669284631747,0.3888888888888889
Ltight,2,IFLY15,H0,e050,LS,hold_2024_2025,4.0,24,-0.07243191841582741,-0.7047659298723038,-0.9937277138859286,-0.7405952722269186,0.4166666666666667
Ltight,2,IFLY15,H0,e050,LS,ext_2026,4.0,9,-0.12168534556228448,-1.3908391901522101,-0.8856955989388641,-0.7081201340177758,0.3333333333333333
Ltight,2,IFLY15,H0,e050,LS,post_2021_2026,4.0,69,-0.07818198121752412,-0.920337298378545,-0.9999293574872201,-0.7405952722269186,0.391304347826087
Ltight,2,IFLY15,H0,e050,LS,frozen_2024_2026,4.0,33,-0.08586467127395206,-0.8787882935211225,-0.9980082742431855,-0.7405952722269186,0.3939393939393939
Ltight,2,IFLY15,H0,e050,L,pre_2019_2020,2.0,18,0.012371391076804416,0.07752473695699945,-0.9906176217605736,-0.8538736301844916,0.5
Ltight,2,IFLY15,H0,e050,L,dev_2021_2023,2.0,36,-0.07255377175742724,-0.8297716127666002,-0.9989366303974304,-0.9012566502958055,0.4444444444444444
Ltight,2,IFLY15,H0,e050,L,hold_2024_2025,2.0,24,-0.0996377820820536,-0.7667117446655095,-0.9994236581972955,-0.8491956574206561,0.375
Ltight,2,IFLY15,H0,e050,L,ext_2026,2.0,9,-0.2544229041934951,-1.9208560953205838,-0.9911173489455725,-0.7847176659507215,0.3333333333333333
Ltight,2,IFLY15,H0,e050,L,post_2021_2026,2.0,69,-0.10569635784026264,-0.9646773594605035,-0.9999999111885068,-0.9012566502958055,0.4057971014492754
Ltight,2,IFLY15,H0,e050,L,frozen_2024_2026,2.0,33,-0.14185190629426492,-1.0901133815445265,-0.9999790909904941,-0.8491956574206561,0.36363636363636365
Ltight,2,IFLY15,H0,e050,S,pre_2019_2020,2.0,18,-0.14148052153733512,-1.1489585150793094,-1.0198097938033521,-1.2680173359666451,0.3888888888888889
Ltight,2,IFLY15,H0,e050,S,dev_2021_2023,2.0,36,-0.06972525890750308,-0.4695675489357298,-1.0002816364179972,-1.3935486649440134,0.4444444444444444
Ltight,2,IFLY15,H0,e050,S,hold_2024_2025,2.0,24,-0.04522605474960124,-0.33681184633340955,-0.9999872735702008,-0.9995251682762658,0.2916666666666667
Ltight,2,IFLY15,H0,e050,S,ext_2026,2.0,9,0.011052213068926163,0.08101672577091566,-0.8975584198095675,-0.7769828919708609,0.5555555555555556
Ltight,2,IFLY15,H0,e050,S,post_2021_2026,2.0,69,-0.05066760459478559,-0.36103352425995866,-1.0002816364179972,-1.3935486649440134,0.4057971014492754
Ltight,2,IFLY15,H0,e050,S,frozen_2024_2026,2.0,33,-0.02987743625363922,-0.22478992104437345,-0.9999967820874068,-0.9995251682762658,0.36363636363636365
Ltight,2,IFLY15,H0,e100,LS,pre_2019_2020,4.0,18,-0.11989312315519242,-1.2776325919133553,-0.9848372984364913,-0.6005344823600128,0.3333333333333333
Ltight,2,IFLY15,H0,e100,LS,dev_2021_2023,4.0,36,-0.11406025865338733,-1.4898080485404828,-0.9990661518116885,-0.8908766710104707,0.3333333333333333
Ltight,2,IFLY15,H0,e100,LS,hold_2024_2025,4.0,24,-0.12487441526756611,-1.2133622506921762,-0.9978737038492744,-0.7968784592670543,0.4166666666666667
Ltight,2,IFLY15,H0,e100,LS,ext_2026,4.0,9,-0.16396428010569,-1.8768723472628852,-0.926167252363966,-0.7379223175459875,0.3333333333333333
Ltight,2,IFLY15,H0,e100,LS,post_2021_2026,4.0,69,-0.1243309246216629,-1.4338077790756012,-0.9999994333557827,-0.8908766710104707,0.36231884057971014
Ltight,2,IFLY15,H0,e100,LS,frozen_2024_2026,4.0,33,-0.13553528749614538,-1.3871505404838769,-0.9997075292508212,-0.7968784592670543,0.3939393939393939
Ltight,2,IFLY15,H0,tick,LS,pre_2019_2020,4.0,18,-0.12405439301232339,-1.3199463160373615,-0.9861661221329955,-0.6033517868289637,0.3333333333333333
Ltight,2,IFLY15,H0,tick,LS,dev_2021_2023,4.0,36,-0.11728028020549026,-1.5304697210280718,-0.9992203600612508,-0.8974943769508619,0.3333333333333333
Ltight,2,IFLY15,H0,tick,LS,hold_2024_2025,4.0,24,-0.12851384003553545,-1.249770249912107,-0.9980477600921417,-0.8030241784858585,0.4166666666666667
Ltight,2,IFLY15,H0,tick,LS,ext_2026,4.0,9,-0.16665268518307508,-1.909631664236657,-0.9280565192410448,-0.7396344931141029,0.3333333333333333
Ltight,2,IFLY15,H0,tick,LS,post_2021_2026,4.0,69,-0.1276274842738866,-1.4720972739427898,-0.9999996020588072,-0.8974943769508619,0.36231884057971014
Ltight,2,IFLY15,H0,tick,LS,frozen_2024_2026,4.0,33,-0.1389153432575917,-1.4230820033506717,-0.9997476404093493,-0.8030241784858585,0.3939393939393939
Ltight,2,IFLY15,H1,e050,LS,pre_2019_2020,4.0,18,-0.019819907601241544,-0.33955592365049336,-0.5727555983202905,-0.35141495377406834,0.3888888888888889
Ltight,2,IFLY15,H1,e050,LS,dev_2021_2023,4.0,36,-0.07398752163425014,-1.6798659914004728,-0.9601780844664125,-0.33907266420515797,0.25
Ltight,2,IFLY15,H1,e050,LS,hold_2024_2025,4.0,24,-0.09610493295121446,-2.030688047518716,-0.9371784999912672,-0.35739352311721273,0.20833333333333334
Ltight,2,IFLY15,H1,e050,LS,ext_2026,4.0,9,-0.04304576167479996,-1.2927085052264953,-0.4930127714020168,-0.19134779367671073,0.4444444444444444
Ltight,2,IFLY15,H1,e050,LS,post_2021_2026,4.0,69,-0.07764465253239641,-1.7764872944142829,-0.9985567751201416,-0.35739352311721273,0.2608695652173913
Ltight,2,IFLY15,H1,e050,LS,frozen_2024_2026,4.0,33,-0.08163424987582868,-1.8557878629143483,-0.9637580246826373,-0.35739352311721273,0.2727272727272727
Ltight,2,IFLY15,H1,e050,L,pre_2019_2020,2.0,18,-0.015353711442779163,-0.1496440471066675,-0.8513028707373027,-0.5076414232148326,0.4444444444444444
Ltight,2,IFLY15,H1,e050,L,dev_2021_2023,2.0,36,-0.05995590139609486,-1.0673874235189456,-0.9608840899643665,-0.5197363898201366,0.3333333333333333
Ltight,2,IFLY15,H1,e050,L,hold_2024_2025,2.0,24,-0.12965926934892752,-2.2568706303546358,-0.9803946958497516,-0.5815757500768152,0.125
Ltight,2,IFLY15,H1,e050,L,ext_2026,2.0,9,-0.07610912694707722,-0.8916781529431537,-0.8015082820617634,-0.5164032752861796,0.3333333333333333
Ltight,2,IFLY15,H1,e050,L,post_2021_2026,2.0,69,-0.08630749358199089,-1.421862640226891,-0.9997164366273159,-0.5815757500768152,0.2608695652173913
Ltight,2,IFLY15,H1,e050,L,frozen_2024_2026,2.0,33,-0.11505468505751382,-1.7664057007838998,-0.9943036465676535,-0.5815757500768152,0.18181818181818182
Ltight,2,IFLY15,H1,e050,S,pre_2019_2020,2.0,18,-0.024286103759703918,-0.3422517815113592,-0.8799597936606626,-0.4694408443684316,0.5555555555555556
Ltight,2,IFLY15,H1,e050,S,dev_2021_2023,2.0,36,-0.08801914187240546,-1.207885785160012,-0.993915253427076,-0.7720533907020383,0.3333333333333333
Ltight,2,IFLY15,H1,e050,S,hold_2024_2025,2.0,24,-0.06255059655350136,-0.7143742438313797,-0.9687671772902113,-0.745571211269159,0.3333333333333333
Ltight,2,IFLY15,H1,e050,S,ext_2026,2.0,9,-0.009982396402522697,-0.20599151539058577,-0.296211631410054,-0.2574433504726403,0.4444444444444444
Ltight,2,IFLY15,H1,e050,S,post_2021_2026,2.0,69,-0.06898181148280193,-0.9170564262849011,-0.9997705193905535,-0.7720533907020383,0.34782608695652173
Ltight,2,IFLY15,H1,e050,S,frozen_2024_2026,2.0,33,-0.04821381469414354,-0.6150662379024391,-0.9768948629041387,-0.745571211269159,0.36363636363636365
Ltight,2,IFLY15,H2_15,e050,LS,pre_2019_2020,4.0,18,-0.022954141374779746,-0.40226044760377994,-0.6274000560862374,-0.31214591083226173,0.4444444444444444
Ltight,2,IFLY15,H2_15,e050,LS,dev_2021_2023,4.0,36,-0.07161634932157895,-1.5511365993070463,-0.9586639068126296,-0.35723569981592956,0.25
Ltight,2,IFLY15,H2_15,e050,LS,hold_2024_2025,4.0,24,-0.07026497835059135,-1.2972998232467101,-0.8936282353157012,-0.35591854587258187,0.20833333333333334
Ltight,2,IFLY15,H2_15,e050,LS,ext_2026,4.0,9,-0.03365619002980677,-0.7902633194926498,-0.5277277464758083,-0.2131646536579565,0.3333333333333333
Ltight,2,IFLY15,H2_15,e050,LS,post_2021_2026,4.0,69,-0.06619498211969994,-1.3754014811768351,-0.9971576995611918,-0.35723569981592956,0.2463768115942029
Ltight,2,IFLY15,H2_15,e050,LS,frozen_2024_2026,4.0,33,-0.06028076335401374,-1.185674449057,-0.9345430255099947,-0.35591854587258187,0.24242424242424243
Ltight,2,IFLY15,H2_15,e050,L,pre_2019_2020,2.0,18,-0.002508524391231961,-0.026332268423880197,-0.807443669185371,-0.5140549748796438,0.3888888888888889
Ltight,2,IFLY15,H2_15,e050,L,dev_2021_2023,2.0,36,-0.0750151896923997,-1.401429033873843,-0.9764724763765582,-0.5703560324889987,0.3055555555555556
Ltight,2,IFLY15,H2_15,e050,L,hold_2024_2025,2.0,24,-0.09854283402448016,-1.6272002936588554,-0.9591846742129694,-0.6022712577824149,0.16666666666666666
Ltight,2,IFLY15,H2_15,e050,L,ext_2026,2.0,9,-0.08034608638256119,-0.8903038284405098,-0.8250463244483152,-0.5680537392038351,0.2222222222222222
Ltight,2,IFLY15,H2_15,e050,L,post_2021_2026,2.0,69,-0.0838940525066227,-1.3823345257849615,-0.9996655482368338,-0.6022712577824149,0.2463768115942029
Ltight,2,IFLY15,H2_15,e050,L,frozen_2024_2026,2.0,33,-0.09358008466759318,-1.3682529368197802,-0.9881682575996593,-0.6022712577824149,0.18181818181818182
Ltight,2,IFLY15,H2_15,e050,S,pre_2019_2020,2.0,18,-0.04339975835832752,-0.5907219687856727,-0.8976503509672937,-0.543742633929509,0.4444444444444444
Ltight,2,IFLY15,H2_15,e050,S,dev_2021_2023,2.0,36,-0.06821750895075822,-0.8721948690348723,-0.9920563470000526,-0.7294682287624611,0.3888888888888889
Ltight,2,IFLY15,H2_15,e050,S,hold_2024_2025,2.0,24,-0.04198712267670255,-0.4271829706151297,-0.9775075322088354,-0.7298902745806141,0.4166666666666667
Ltight,2,IFLY15,H2_15,e050,S,ext_2026,2.0,9,0.01303370632294761,0.3461695522122487,-0.2712352140820279,-0.2077223517949771,0.5555555555555556
Ltight,2,IFLY15,H2_15,e050,S,post_2021_2026,2.0,69,-0.048495911732777224,-0.5950018627399783,-0.9996172761721372,-0.7298902745806141,0.42028985507246375
Ltight,2,IFLY15,H2_15,e050,S,frozen_2024_2026,2.0,33,-0.026981442040434327,-0.3147272305430317,-0.9775075322088354,-0.7298902745806141,0.45454545454545453
Ltight,2,IFLY15,H2_25,e050,LS,pre_2019_2020,4.0,18,-0.025009622523981992,-0.408202427918505,-0.7782461642907577,-0.36864732196789773,0.4444444444444444
Ltight,2,IFLY15,H2_25,e050,LS,dev_2021_2023,4.0,36,-0.054903821266381894,-1.148401393701368,-0.9233929514997503,-0.3594501114772797,0.3055555555555556
Ltight,2,IFLY15,H2_25,e050,LS,hold_2024_2025,4.0,24,-0.07568090547472936,-1.271424881719682,-0.9135355818811624,-0.37062396520928415,0.20833333333333334
Ltight,2,IFLY15,H2_25,e050,LS,ext_2026,4.0,9,-0.08222751778861817,-1.4870381878139094,-0.7016136293938624,-0.40810624800336837,0.3333333333333333
Ltight,2,IFLY15,H2_25,e050,LS,post_2021_2026,4.0,69,-0.0656945935808814,-1.2537289956666473,-0.9974879327638841,-0.40810624800336837,0.2753623188405797
Ltight,2,IFLY15,H2_25,e050,LS,frozen_2024_2026,4.0,33,-0.07746634519669902,-1.3461122297904287,-0.9672084059457318,-0.40810624800336837,0.24242424242424243
Ltight,2,IFLY15,H2_25,e050,L,pre_2019_2020,2.0,18,0.0005924130402702801,0.006477645869909495,-0.8127571249927468,-0.3526030763305168,0.3333333333333333
Ltight,2,IFLY15,H2_25,e050,L,dev_2021_2023,2.0,36,-0.06987543958432865,-1.1692371360955973,-0.9758551395587532,-0.6181915269794886,0.3055555555555556
Ltight,2,IFLY15,H2_25,e050,L,hold_2024_2025,2.0,24,-0.11571431178854674,-1.827151930318249,-0.9746049767908315,-0.514878696055979,0.20833333333333334
Ltight,2,IFLY15,H2_25,e050,L,ext_2026,2.0,9,-0.1233841392924733,-1.0934833029660709,-0.9262769954003633,-0.6780340552869882,0.3333333333333333
Ltight,2,IFLY15,H2_25,e050,L,post_2021_2026,2.0,69,-0.09279879074772773,-1.3476530961169435,-0.9999236335225872,-0.6780340552869882,0.2753623188405797
Ltight,2,IFLY15,H2_25,e050,L,frozen_2024_2026,2.0,33,-0.11780608292598126,-1.5124853761885464,-0.9971585575490126,-0.6780340552869882,0.24242424242424243
Ltight,2,IFLY15,H2_25,e050,S,pre_2019_2020,2.0,18,-0.050611658088234285,-0.6377627664193702,-0.9238202995479355,-0.5708562064173412,0.4444444444444444
Ltight,2,IFLY15,H2_25,e050,S,dev_2021_2023,2.0,36,-0.039932202948435136,-0.4607123268364742,-0.9941354862299346,-0.8905615610296784,0.4166666666666667
Ltight,2,IFLY15,H2_25,e050,S,hold_2024_2025,2.0,24,-0.03564749916091198,-0.3529450464372031,-0.9770659416987464,-0.5562773113636772,0.3333333333333333
Ltight,2,IFLY15,H2_25,e050,S,ext_2026,2.0,9,-0.04107089628476306,-1.0794613038594532,-0.4365030721812414,-0.19667381112253252,0.4444444444444444
Ltight,2,IFLY15,H2_25,e050,S,post_2021_2026,2.0,69,-0.038590396414035076,-0.44596616957011753,-0.9997648519892683,-0.8905615610296784,0.391304347826087
Ltight,2,IFLY15,H2_25,e050,S,frozen_2024_2026,2.0,33,-0.037126607467416826,-0.4232510296069378,-0.9770659416987464,-0.5562773113636772,0.36363636363636365
Ltight,2,SSPREAD,H0,e000,LS,pre_2019_2020,4.0,18,0.0850973747794277,0.6040464806773082,-0.8557987633799472,-0.6952055288061577,0.5555555555555556
Ltight,2,SSPREAD,H0,e000,LS,dev_2021_2023,4.0,36,-0.053405762037117305,-0.49585808459126607,-0.9973741553775509,-0.5244047813766618,0.3888888888888889
Ltight,2,SSPREAD,H0,e000,LS,hold_2024_2025,4.0,24,-0.04575222533669052,-0.37837262683206657,-0.9853990883752566,-0.6811158442176367,0.4166666666666667
Ltight,2,SSPREAD,H0,e000,LS,ext_2026,4.0,9,-0.23009457921862694,-1.5468653425605114,-0.9795272134023006,-0.6599355303016365,0.2222222222222222
Ltight,2,SSPREAD,H0,e000,LS,post_2021_2026,4.0,69,-0.07379002977368751,-0.6274593012053387,-0.9999927548656565,-0.6811158442176367,0.37681159420289856
Ltight,2,SSPREAD,H0,e000,LS,frozen_2024_2026,4.0,33,-0.09602741275903681,-0.7448723133454018,-0.999579545467887,-0.6811158442176367,0.36363636363636365
Ltight,2,SSPREAD,H0,e050,LS,pre_2019_2020,4.0,18,0.01758378776693431,0.13007679899127603,-0.9423029388820748,-0.7453853673114679,0.4444444444444444
Ltight,2,SSPREAD,H0,e050,LS,dev_2021_2023,4.0,36,-0.09604633861901628,-0.9174493001863753,-0.9993688700398141,-0.541770859584341,0.3611111111111111
Ltight,2,SSPREAD,H0,e050,LS,hold_2024_2025,4.0,24,-0.12021080724137384,-0.9554608849078188,-0.9985515113943896,-0.7204811014823973,0.375
Ltight,2,SSPREAD,H0,e050,LS,ext_2026,4.0,9,-0.2854145783876003,-1.8983621723736666,-0.9927458086897635,-0.8011263703522185,0.2222222222222222
Ltight,2,SSPREAD,H0,e050,LS,post_2021_2026,4.0,69,-0.12915157637052116,-1.092529523834319,-0.9999999710909868,-0.8011263703522185,0.34782608695652173
Ltight,2,SSPREAD,H0,e050,LS,frozen_2024_2026,4.0,33,-0.16526638119034467,-1.2495241753051514,-0.9999891373242186,-0.8011263703522185,0.3333333333333333
Ltight,2,SSPREAD,H0,e050,L,pre_2019_2020,2.0,18,0.04350038676872317,0.15377900876635744,-1.024547146815394,-1.022630918464252,0.5555555555555556
Ltight,2,SSPREAD,H0,e050,L,dev_2021_2023,2.0,36,-0.17109384334144928,-0.764160169778019,-1.0000000004124825,-1.0415570719602978,0.4444444444444444
Ltight,2,SSPREAD,H0,e050,L,hold_2024_2025,2.0,24,-0.22411180540630182,-0.8993612528375104,-1.0005262163704718,-1.4000024894199652,0.375
Ltight,2,SSPREAD,H0,e050,L,ext_2026,2.0,9,-0.4304577620279308,-1.4632856907714247,-1.0145208026325776,-1.148081550802139,0.2222222222222222
Ltight,2,SSPREAD,H0,e050,L,post_2021_2026,2.0,69,-0.22336494997528694,-0.9308512874508844,-1.0000000004124825,-1.4000024894199652,0.391304347826087
Ltight,2,SSPREAD,H0,e050,L,frozen_2024_2026,2.0,33,-0.28038797539401883,-1.083303466656967,-1.0005262163704718,-1.4000024894199652,0.3333333333333333
Ltight,2,SSPREAD,H0,e050,S,pre_2019_2020,2.0,18,-0.008332811234854517,-0.0811670891370959,-0.9963829047504746,-0.992188369692073,0.5555555555555556
Ltight,2,SSPREAD,H0,e050,S,dev_2021_2023,2.0,36,-0.02099883389658329,-0.27533683960776234,-0.9489046149262648,-0.6852714419660482,0.5277777777777778
Ltight,2,SSPREAD,H0,e050,S,hold_2024_2025,2.0,24,-0.01630980907644581,-0.24099353898429768,-0.8778119855967859,-0.4853960659223817,0.625
Ltight,2,SSPREAD,H0,e050,S,ext_2026,2.0,9,-0.14037139474726984,-1.5940107997552948,-0.8988828925364526,-0.5705974979321751,0.4444444444444444
Ltight,2,SSPREAD,H0,e050,S,post_2021_2026,2.0,69,-0.034938202765755454,-0.4670189009123194,-0.9982279039798242,-0.6852714419660482,0.5507246376811594
Ltight,2,SSPREAD,H0,e050,S,frozen_2024_2026,2.0,33,-0.05014478698667054,-0.6765762416762856,-0.9773959064650066,-0.5705974979321751,0.5757575757575758
Ltight,2,SSPREAD,H0,e100,LS,pre_2019_2020,4.0,18,-0.04992979924555919,-0.3817426442321995,-0.9844064703332941,-0.7955652058167781,0.4444444444444444
Ltight,2,SSPREAD,H0,e100,LS,dev_2021_2023,4.0,36,-0.13868691520091525,-1.3570729951647234,-0.9998635884973658,-0.5684758307293519,0.3611111111111111
Ltight,2,SSPREAD,H0,e100,LS,hold_2024_2025,4.0,24,-0.194669389146057,-1.4363849811836353,-1.058539612168127,-1.1571611634161372,0.3333333333333333
Ltight,2,SSPREAD,H0,e100,LS,ext_2026,4.0,9,-0.34073457755657366,-2.2293726175838815,-0.9988658050459038,-0.9423172104028008,0.2222222222222222
Ltight,2,SSPREAD,H0,e100,LS,post_2021_2026,4.0,69,-0.1845131229673548,-1.5217762911936807,-1.0000210523059223,-1.1571611634161372,0.3333333333333333
Ltight,2,SSPREAD,H0,e100,LS,frozen_2024_2026,4.0,33,-0.23450534962165245,-1.683418732780287,-1.058539612168127,-1.1571611634161372,0.30303030303030304
Ltight,2,SSPREAD,H0,tick,LS,pre_2019_2020,4.0,18,-0.05726250359520156,-0.43789601045327375,-0.9870045794323822,-0.8085660530943548,0.4444444444444444
Ltight,2,SSPREAD,H0,tick,LS,dev_2021_2023,4.0,36,-0.14427965386372665,-1.4116366873438455,-0.9998931591573392,-0.5741002564241999,0.3333333333333333
Ltight,2,SSPREAD,H0,tick,LS,hold_2024_2025,4.0,24,-0.2003592395706667,-1.4773112145345328,-1.0606979346235692,-1.1680190536469381,0.3333333333333333
Ltight,2,SSPREAD,H0,tick,LS,ext_2026,4.0,9,-0.34534082054164394,-2.2571985421655896,-0.9991162932801654,-0.9525126044247139,0.2222222222222222
Ltight,2,SSPREAD,H0,tick,LS,post_2021_2026,4.0,69,-0.1900109662849994,-1.5664578998151324,-1.0000163898809895,-1.1680190536469381,0.3188405797101449
Ltight,2,SSPREAD,H0,tick,LS,frozen_2024_2026,4.0,33,-0.2398996707445696,-1.7210124798264017,-1.0606979346235692,-1.1680190536469381,0.30303030303030304
Ltight,2,SSPREAD,H1,e050,LS,pre_2019_2020,4.0,18,-0.01767522856093126,-0.17579083408281745,-0.6713797749079917,-0.2539378157453825,0.2777777777777778
Ltight,2,SSPREAD,H1,e050,LS,dev_2021_2023,4.0,36,-0.11995664928776874,-1.911665348168437,-0.9961357276042644,-0.4611001459612522,0.19444444444444445
Ltight,2,SSPREAD,H1,e050,LS,hold_2024_2025,4.0,24,-0.15691555134339732,-2.5492460075164853,-0.9917490943803022,-0.5172506240173189,0.20833333333333334
Ltight,2,SSPREAD,H1,e050,LS,ext_2026,4.0,9,-0.09730270338493006,-1.1810681432672734,-0.7489274679548708,-0.3816714459146312,0.3333333333333333
Ltight,2,SSPREAD,H1,e050,LS,post_2021_2026,4.0,69,-0.12985705705892148,-2.017168167099521,-0.9999919948669533,-0.5172506240173189,0.21739130434782608
Ltight,2,SSPREAD,H1,e050,LS,frozen_2024_2026,4.0,33,-0.14065750190017898,-2.1013202245507343,-0.9979284242343971,-0.5172506240173189,0.24242424242424243
Ltight,2,SSPREAD,H1,e050,L,pre_2019_2020,2.0,18,-0.013865150371497641,-0.0694078402461614,-0.9584994434305718,-0.6274962740647091,0.2222222222222222
Ltight,2,SSPREAD,H1,e050,L,dev_2021_2023,2.0,36,-0.1789357286003863,-1.3673983111434205,-1.0000002191787942,-1.0006599861822258,0.25
Ltight,2,SSPREAD,H1,e050,L,hold_2024_2025,2.0,24,-0.2239660497523485,-1.7739987141603855,-0.9999492883586661,-0.8604917174565782,0.25
Ltight,2,SSPREAD,H1,e050,L,ext_2026,2.0,9,-0.14802358029823515,-0.8890143975262136,-0.9606007887552973,-0.690798610350973,0.3333333333333333
Ltight,2,SSPREAD,H1,e050,L,post_2021_2026,2.0,69,-0.19056642965730994,-1.4395111132962635,-1.0000002191787942,-1.0006599861822258,0.2608695652173913
Ltight,2,SSPREAD,H1,e050,L,frozen_2024_2026,2.0,33,-0.20325446717395393,-1.4949551204294302,-0.9999980020013305,-0.8604917174565782,0.2727272727272727
Ltight,2,SSPREAD,H1,e050,S,pre_2019_2020,2.0,18,-0.021485306750364853,-0.43778572801497345,-0.6445194256131831,-0.3992602708149614,0.5
Ltight,2,SSPREAD,H1,e050,S,dev_2021_2023,2.0,36,-0.060977569975151164,-1.7801083383455933,-0.9303441661373515,-0.32343091697099435,0.3055555555555556
Ltight,2,SSPREAD,H1,e050,S,hold_2024_2025,2.0,24,-0.08986505293444613,-1.7345211020990474,-0.9543731984611324,-0.5592978828182021,0.3333333333333333
Ltight,2,SSPREAD,H1,e050,S,ext_2026,2.0,9,-0.04658182647162497,-1.3371844741848378,-0.43394083105231496,-0.18358210100526848,0.2222222222222222
Ltight,2,SSPREAD,H1,e050,S,post_2021_2026,2.0,69,-0.06914768446053295,-1.6891344282194478,-0.9976362868914819,-0.5592978828182021,0.30434782608695654
Ltight,2,SSPREAD,H1,e050,S,frozen_2024_2026,2.0,33,-0.078060536626404,-1.640340459707931,-0.9726710283166443,-0.5592978828182021,0.30303030303030304
Ltight,2,SSPREAD,H2_15,e050,LS,pre_2019_2020,4.0,18,-0.04151683524992301,-0.4140365230327555,-0.8533404761074129,-0.41901893961655473,0.3888888888888889
Ltight,2,SSPREAD,H2_15,e050,LS,dev_2021_2023,4.0,36,-0.0981785220171598,-1.4346172554970391,-0.9924630929240551,-0.511634956869793,0.3055555555555556
Ltight,2,SSPREAD,H2_15,e050,LS,hold_2024_2025,4.0,24,-0.17617717111693618,-3.4164844396102714,-0.99459427127133,-0.5612415490612956,0.16666666666666666
Ltight,2,SSPREAD,H2_15,e050,LS,ext_2026,4.0,9,-0.12830604813267776,-1.3052408263328854,-0.8626237923083162,-0.48886337293233806,0.4444444444444444
Ltight,2,SSPREAD,H2_15,e050,LS,post_2021_2026,4.0,69,-0.12923816424084522,-1.9150739521106996,-0.9999935351948753,-0.5612415490612956,0.2753623188405797
Ltight,2,SSPREAD,H2_15,e050,LS,frozen_2024_2026,4.0,33,-0.16312141030304753,-2.4686844516267388,-0.9991422469377053,-0.5612415490612956,0.24242424242424243
Ltight,2,SSPREAD,H2_15,e050,L,pre_2019_2020,2.0,18,-0.052720563291412864,-0.28996134200380685,-0.9866357625008514,-0.8094654612726299,0.2222222222222222
Ltight,2,SSPREAD,H2_15,e050,L,dev_2021_2023,2.0,36,-0.14510537710897048,-0.9915931626858016,-1.0000338106554374,-1.109980898456848,0.3333333333333333
Ltight,2,SSPREAD,H2_15,e050,L,hold_2024_2025,2.0,24,-0.26738206584648555,-2.611703137696989,-0.999967886639508,-0.7969307532168934,0.25
Ltight,2,SSPREAD,H2_15,e050,L,ext_2026,2.0,9,-0.1935845270570869,-0.9764123284168729,-0.9920642612658752,-0.7391800251790499,0.3333333333333333
Ltight,2,SSPREAD,H2_15,e050,L,post_2021_2026,2.0,69,-0.19395976666307785,-1.3905664199770884,-1.0000338106554374,-1.109980898456848,0.30434782608695654
Ltight,2,SSPREAD,H2_15,e050,L,frozen_2024_2026,2.0,33,-0.2472554643584677,-1.8715822104510638,-0.999999699194218,-0.7969307532168934,0.2727272727272727
Ltight,2,SSPREAD,H2_15,e050,S,pre_2019_2020,2.0,18,-0.030313107208433165,-0.509397966957479,-0.7564607774177013,-0.5753018206503553,0.5
Ltight,2,SSPREAD,H2_15,e050,S,dev_2021_2023,2.0,36,-0.05125166692534914,-1.3376383550012245,-0.9228561521656595,-0.39180976441834015,0.4166666666666667
Ltight,2,SSPREAD,H2_15,e050,S,hold_2024_2025,2.0,24,-0.08497227638738684,-1.614723992552995,-0.9533649921961433,-0.5272745905300387,0.375
Ltight,2,SSPREAD,H2_15,e050,S,ext_2026,2.0,9,-0.06302756920826856,-1.6936778573191866,-0.5108736588934168,-0.2385467206856261,0.3333333333333333
Ltight,2,SSPREAD,H2_15,e050,S,post_2021_2026,2.0,69,-0.06451656181861264,-1.4898367423389145,-0.9974118027787069,-0.5272745905300387,0.391304347826087
Ltight,2,SSPREAD,H2_15,e050,S,frozen_2024_2026,2.0,33,-0.07898735624762732,-1.6311913605542876,-0.9744267466222224,-0.5272745905300387,0.36363636363636365
Ltight,2,SSPREAD,H2_25,e050,LS,pre_2019_2020,4.0,18,0.005513400974056329,0.046258076717737864,-0.7300273639466641,-0.44707470658444703,0.3888888888888889
Ltight,2,SSPREAD,H2_25,e050,LS,dev_2021_2023,4.0,36,-0.06112742813873842,-0.7266817691907392,-0.9795725585816616,-0.5486451402678147,0.3333333333333333
Ltight,2,SSPREAD,H2_25,e050,LS,hold_2024_2025,4.0,24,-0.15135878628181967,-1.9563524204683345,-0.9946368611863966,-0.5490958568153612,0.20833333333333334
Ltight,2,SSPREAD,H2_25,e050,LS,ext_2026,4.0,9,-0.31062189212364427,-5.180218610700983,-0.9758082591567346,-0.593650774919649,0.1111111111111111
Ltight,2,SSPREAD,H2_25,e050,LS,post_2021_2026,4.0,69,-0.12505500453436308,-1.5312126050166985,-0.9999968456927414,-0.593650774919649,0.2608695652173913
Ltight,2,SSPREAD,H2_25,e050,LS,frozen_2024_2026,4.0,33,-0.1947941787841355,-2.5952888632350155,-0.9998702563357148,-0.593650774919649,0.18181818181818182
Ltight,2,SSPREAD,H2_25,e050,L,pre_2019_2020,2.0,18,0.07581158999288284,0.329411549546527,-0.95389322653774,-0.678942756540555,0.2777777777777778
Ltight,2,SSPREAD,H2_25,e050,L,dev_2021_2023,2.0,36,-0.0655577589487128,-0.38477647703853346,-0.9999997802739058,-0.9879564193168435,0.4166666666666667
Ltight,2,SSPREAD,H2_25,e050,L,hold_2024_2025,2.0,24,-0.21428038768266108,-1.448587216443321,-1.0000310164795843,-1.0180095469113748,0.2916666666666667
Ltight,2,SSPREAD,H2_25,e050,L,ext_2026,2.0,9,-0.5507856522073288,-3.912783552395702,-1.0000045189082694,-1.000369005527613,0.1111111111111111
Ltight,2,SSPREAD,H2_25,e050,L,post_2021_2026,2.0,69,-0.18057796371599255,-1.1030081544611343,-1.0000000000088871,-1.0180095469113748,0.3333333333333333
Ltight,2,SSPREAD,H2_25,e050,L,frozen_2024_2026,2.0,33,-0.3060545507348431,-2.0353415624403177,-1.0000310164795843,-1.0180095469113748,0.24242424242424243
Ltight,2,SSPREAD,H2_25,e050,S,pre_2019_2020,2.0,18,-0.06478478804477018,-1.013477847914811,-0.831894239115742,-0.5791884062727877,0.3888888888888889
Ltight,2,SSPREAD,H2_25,e050,S,dev_2021_2023,2.0,36,-0.05669709732876402,-1.1681993430279018,-0.9357537618055072,-0.4826926814540921,0.3611111111111111
Ltight,2,SSPREAD,H2_25,e050,S,hold_2024_2025,2.0,24,-0.08843718488097833,-1.3233889838322375,-0.9781437481113001,-0.7818561274084954,0.375
Ltight,2,SSPREAD,H2_25,e050,S,ext_2026,2.0,9,-0.07045813203995982,-1.4676076878382538,-0.5993607185858084,-0.39017150876916273,0.3333333333333333
Ltight,2,SSPREAD,H2_25,e050,S,post_2021_2026,2.0,69,-0.06953204535273366,-1.2669809112273405,-0.9991012186273787,-0.7818561274084954,0.36231884057971014
Ltight,2,SSPREAD,H2_25,e050,S,frozen_2024_2026,2.0,33,-0.08353380683342781,-1.3566185288513437,-0.9893777884918049,-0.7818561274084954,0.36363636363636365
Ltight,1,STRADDLE,H0,e000,LS,pre_2019_2020,2.0,18,0.04625831183701548,0.3024230306553237,-1.4070329018626746,-1.2543595749645506,0.6666666666666666
Ltight,1,STRADDLE,H0,e000,LS,dev_2021_2023,2.0,36,-0.01787938796894997,-0.11875467280504699,-1.793679665917122,-1.793679665917122,0.5555555555555556
Ltight,1,STRADDLE,H0,e000,LS,hold_2024_2025,2.0,24,0.0055552334065602504,0.029558052472651145,-1.0039261513212128,-1.1393344478942757,0.4166666666666667
Ltight,1,STRADDLE,H0,e000,LS,ext_2026,2.0,9,0.0017880566893194296,0.012148801622428242,-0.9260622780844368,-0.706162000692155,0.6666666666666666
Ltight,1,STRADDLE,H0,e000,LS,post_2021_2026,2.0,69,-0.00716289644812866,-0.04427481467628834,-1.793679665917122,-1.793679665917122,0.5217391304347826
Ltight,1,STRADDLE,H0,e000,LS,frozen_2024_2026,2.0,33,0.004527821574585508,0.025798048010704434,-1.0115527094523602,-1.1393344478942757,0.48484848484848486
Ltight,1,STRADDLE,H0,e050,LS,pre_2019_2020,2.0,18,0.01717107417586207,0.11157485678443199,-1.2503846221810724,-1.276310690503114,0.6666666666666666
Ltight,1,STRADDLE,H0,e050,LS,dev_2021_2023,2.0,36,-0.03908900881650922,-0.2586754119693954,-1.8284186636684872,-1.8284186636684872,0.5277777777777778
Ltight,1,STRADDLE,H0,e050,LS,hold_2024_2025,2.0,24,-0.022808415398434645,-0.12179634865296957,-1.001814490494155,-1.159297030491203,0.375
Ltight,1,STRADDLE,H0,e050,LS,ext_2026,2.0,9,-0.025099319014341037,-0.1693792081951784,-0.9439650285977842,-0.739712163712865,0.6666666666666666
Ltight,1,STRADDLE,H0,e050,LS,post_2021_2026,2.0,69,-0.03160145156646134,-0.19522192169323174,-1.8284186636684872,-1.8284186636684872,0.4927536231884058
Ltight,1,STRADDLE,H0,e050,LS,frozen_2024_2026,2.0,33,-0.023433207293681837,-0.1337502402352055,-1.0048621787155534,-1.159297030491203,0.45454545454545453
Ltight,1,STRADDLE,H0,e050,L,pre_2019_2020,1.0,18,0.025208713037589262,0.08819894794235111,-0.9999712418833662,-0.9123312883435583,0.5
Ltight,1,STRADDLE,H0,e050,L,dev_2021_2023,1.0,36,-0.019142212844916105,-0.09917811944863611,-0.9999954042098861,-0.9502999999999999,0.4444444444444444
Ltight,1,STRADDLE,H0,e050,L,hold_2024_2025,1.0,24,-0.06080459751331366,-0.19180779789960453,-0.9999988950208639,-0.9209306569343065,0.3333333333333333
Ltight,1,STRADDLE,H0,e050,L,ext_2026,1.0,9,-0.1055414052894868,-0.369454206818758,-0.9877521046100198,-0.7059940209267566,0.2222222222222222
Ltight,1,STRADDLE,H0,e050,L,post_2021_2026,1.0,69,-0.04490293696147667,-0.17912146136011486,-0.9999999999983731,-0.9502999999999999,0.37681159420289856
Ltight,1,STRADDLE,H0,e050,L,frozen_2024_2026,1.0,33,-0.07300554508863359,-0.23982588622665874,-0.9999999777217049,-0.9209306569343065,0.30303030303030304
Ltight,1,STRADDLE,H0,e050,S,pre_2019_2020,1.0,18,0.009133435314134908,0.03371617820783782,-7.163771873729416,-2.8424590163934433,0.7222222222222222
Ltight,1,STRADDLE,H0,e050,S,dev_2021_2023,1.0,36,-0.05903580478810233,-0.23782249265300806,-6.253792355862188,-2.9087454545454547,0.5833333333333334
Ltight,1,STRADDLE,H0,e050,S,hold_2024_2025,1.0,24,0.01518776671644439,0.06908380665868706,-1.3206798156073425,-2.1754716981132076,0.625
Ltight,1,STRADDLE,H0,e050,S,ext_2026,1.0,9,0.0553427672608047,0.22735099839521045,-1.3097907290496313,-1.4705533596837943,0.5555555555555556
Ltight,1,STRADDLE,H0,e050,S,post_2021_2026,1.0,69,-0.018299966171446042,-0.07788893387198959,-6.253792355862188,-2.9087454545454547,0.5942028985507246
Ltight,1,STRADDLE,H0,e050,S,frozen_2024_2026,1.0,33,0.02613913050126994,0.11739182371098653,-1.6273548754679261,-2.1754716981132076,0.6060606060606061
Ltight,1,STRADDLE,H0,e100,LS,pre_2019_2020,2.0,18,-0.011916163485291197,-0.07686795614150127,-1.1473341218377413,-1.2982618060416777,0.5555555555555556
Ltight,1,STRADDLE,H0,e100,LS,dev_2021_2023,2.0,36,-0.06029862966406845,-0.39743634413214396,-1.8631576614198524,-1.8631576614198524,0.4722222222222222
Ltight,1,STRADDLE,H0,e100,LS,hold_2024_2025,2.0,24,-0.05117206420342948,-0.27412563780880594,-1.0005823003523673,-1.1792596130881299,0.375
Ltight,1,STRADDLE,H0,e100,LS,ext_2026,2.0,9,-0.05198669471800157,-0.34838010754264026,-0.9586606195854697,-0.7732623267335748,0.5555555555555556
Ltight,1,STRADDLE,H0,e100,LS,post_2021_2026,2.0,69,-0.05604000668479398,-0.34584842192309584,-1.8631576614198524,-1.8631576614198524,0.4492753623188406
Ltight,1,STRADDLE,H0,e100,LS,frozen_2024_2026,2.0,33,-0.05139423616194914,-0.29373739276156646,-1.001417720707476,-1.1792596130881299,0.42424242424242425
Ltight,1,STRADDLE,H0,tick,LS,pre_2019_2020,2.0,18,-0.015614483569948823,-0.10063016032630216,-1.136671882961032,-1.3015806005779618,0.5555555555555556
Ltight,1,STRADDLE,H0,tick,LS,dev_2021_2023,2.0,36,-0.06291129124433896,-0.41475586659993685,-1.863874654673948,-1.863874654673948,0.4722222222222222
Ltight,1,STRADDLE,H0,tick,LS,hold_2024_2025,2.0,24,-0.05433728036563589,-0.29105624750979775,-1.0005002430350092,-1.1832481490327202,0.375
Ltight,1,STRADDLE,H0,tick,LS,ext_2026,2.0,9,-0.054488426461092955,-0.3647162640861563,-0.960154267135484,-0.7795190433689728,0.5555555555555556
Ltight,1,STRADDLE,H0,tick,LS,post_2021_2026,2.0,69,-0.058830392053931875,-0.36305253207794197,-1.863874654673948,-1.863874654673948,0.4492753623188406
Ltight,1,STRADDLE,H0,tick,LS,frozen_2024_2026,2.0,33,-0.054378502028033265,-0.3107051349519037,-1.0012040725656737,-1.1832481490327202,0.42424242424242425
Ltight,1,STRADDLE,H1,e050,LS,pre_2019_2020,2.0,18,0.035624180685238004,0.31046617909756563,-0.5260253087867173,-0.3268457193025968,0.4444444444444444
Ltight,1,STRADDLE,H1,e050,LS,dev_2021_2023,2.0,36,-0.020458203534791206,-0.34001194338182533,-0.8852303116496684,-0.4480971179897377,0.5277777777777778
Ltight,1,STRADDLE,H1,e050,LS,hold_2024_2025,2.0,24,-0.053104605021329486,-0.9470994560561273,-0.8633859558577501,-0.3857083531800371,0.2916666666666667
Ltight,1,STRADDLE,H1,e050,LS,ext_2026,2.0,9,-0.027815405181554738,-0.7905424757643336,-0.34085769528956,-0.261879363374204,0.4444444444444444
Ltight,1,STRADDLE,H1,e050,LS,post_2021_2026,2.0,69,-0.03277310861446933,-0.5894258797385297,-0.9767576150243592,-0.4480971179897377,0.43478260869565216
Ltight,1,STRADDLE,H1,e050,LS,frozen_2024_2026,2.0,33,-0.04620755051957274,-0.9096921952302497,-0.8891892154824326,-0.3857083531800371,0.3333333333333333
Ltight,1,STRADDLE,H1,e050,L,pre_2019_2020,1.0,18,0.028181914023192495,0.12784766179755566,-0.8629086560761717,-0.6169131276862718,0.2222222222222222
Ltight,1,STRADDLE,H1,e050,L,dev_2021_2023,1.0,36,-0.063222324901897,-0.7256748656876106,-0.994016294396927,-0.6663498615988237,0.3611111111111111
Ltight,1,STRADDLE,H1,e050,L,hold_2024_2025,1.0,24,-0.1244411505185381,-0.9839658404653107,-0.9967889299133686,-0.7512292879254472,0.16666666666666666
Ltight,1,STRADDLE,H1,e050,L,ext_2026,1.0,9,-0.11819047099453532,-1.8630306039167532,-0.7870668193928405,-0.49680386000469245,0.4444444444444444
Ltight,1,STRADDLE,H1,e050,L,post_2021_2026,1.0,69,-0.09168558765020325,-0.9231007541016621,-0.9999917440121611,-0.7512292879254472,0.30434782608695654
Ltight,1,STRADDLE,H1,e050,L,frozen_2024_2026,1.0,33,-0.12273641973926463,-1.097665103793721,-0.999316256633301,-0.7512292879254472,0.24242424242424243
Ltight,1,STRADDLE,H1,e050,S,pre_2019_2020,1.0,18,0.043066447347283474,0.5294701063869206,-0.7099097919858597,-0.6457988435397689,0.4444444444444444
Ltight,1,STRADDLE,H1,e050,S,dev_2021_2023,1.0,36,0.022305917832314583,0.2650174489810875,-0.9734250489794031,-0.8610636888506663,0.6388888888888888
Ltight,1,STRADDLE,H1,e050,S,hold_2024_2025,1.0,24,0.01823194047587913,0.19130289720106267,-1.152601800052207,-1.1489626957639785,0.5833333333333334
Ltight,1,STRADDLE,H1,e050,S,ext_2026,1.0,9,0.06255966063142586,1.254088018111656,-0.2430942995529748,-0.24309429955297482,0.6666666666666666
Ltight,1,STRADDLE,H1,e050,S,post_2021_2026,1.0,69,0.026139370421264595,0.31179546209104175,-1.0603423887874726,-1.1489626957639785,0.6231884057971014
Ltight,1,STRADDLE,H1,e050,S,frozen_2024_2026,1.0,33,0.030321318700119154,0.357739914410323,-1.2365704863500833,-1.1489626957639785,0.6060606060606061
Ltight,1,STRADDLE,H2_15,e050,LS,pre_2019_2020,2.0,18,0.029395078643709254,0.24453904530255496,-0.5264381476764993,-0.4086871869217213,0.5
Ltight,1,STRADDLE,H2_15,e050,LS,dev_2021_2023,2.0,36,-0.015574716663227609,-0.23401266580567043,-0.9112509796725324,-0.6093613721956653,0.5
Ltight,1,STRADDLE,H2_15,e050,LS,hold_2024_2025,2.0,24,-0.06073118842882394,-0.9386621685133534,-0.9068801588174015,-0.4714336870891132,0.25
Ltight,1,STRADDLE,H2_15,e050,LS,ext_2026,2.0,9,-0.029021738122597136,-0.8187043960287641,-0.3597670268834823,-0.19786245611552014,0.4444444444444444
Ltight,1,STRADDLE,H2_15,e050,LS,post_2021_2026,2.0,69,-0.03303527485900497,-0.5303616999217896,-0.9853676584000393,-0.6093613721956653,0.4057971014492754
Ltight,1,STRADDLE,H2_15,e050,LS,frozen_2024_2026,2.0,33,-0.05208315652712572,-0.9012042470297382,-0.9260298484603915,-0.4714336870891132,0.30303030303030304
Ltight,1,STRADDLE,H2_15,e050,L,pre_2019_2020,1.0,18,0.03149745336354263,0.14091814115877369,-0.8532260298315054,-0.600002921103232,0.3333333333333333
Ltight,1,STRADDLE,H2_15,e050,L,dev_2021_2023,1.0,36,-0.06809068353993845,-0.7612887135495038,-0.9959129413826333,-0.6861465512356869,0.3333333333333333
Ltight,1,STRADDLE,H2_15,e050,L,hold_2024_2025,1.0,24,-0.1345370091914442,-1.0864781392483345,-0.9976464444910481,-0.7646977062458286,0.25
Ltight,1,STRADDLE,H2_15,e050,L,ext_2026,1.0,9,-0.1051502988592086,-1.4628787486824824,-0.7701588842934555,-0.5330760116721104,0.4444444444444444
Ltight,1,STRADDLE,H2_15,e050,L,post_2021_2026,1.0,69,-0.09603631185167136,-0.9608121098891585,-0.9999946322050759,-0.7646977062458286,0.3188405797101449
Ltight,1,STRADDLE,H2_15,e050,L,frozen_2024_2026,1.0,33,-0.12652245182810726,-1.13954929989784,-0.9994540304043154,-0.7646977062458286,0.30303030303030304
Ltight,1,STRADDLE,H2_15,e050,S,pre_2019_2020,1.0,18,0.027292703923875856,0.28411860880278506,-0.8664499190511132,-0.8471595857658757,0.5
Ltight,1,STRADDLE,H2_15,e050,S,dev_2021_2023,1.0,36,0.03694125021348323,0.4015368850879426,-0.9629447918781939,-0.8532507766329979,0.6666666666666666
Ltight,1,STRADDLE,H2_15,e050,S,hold_2024_2025,1.0,24,0.013074632333796308,0.13973536301190856,-0.994479571145776,-0.979929015085363,0.5416666666666666
Ltight,1,STRADDLE,H2_15,e050,S,ext_2026,1.0,9,0.047106822614014346,0.8114225867900537,-0.3102952912707453,-0.3102952912707453,0.7777777777777778
Ltight,1,STRADDLE,H2_15,e050,S,post_2021_2026,1.0,69,0.02996576213366141,0.34087435785116954,-0.9975730418022776,-0.979929015085363,0.6376811594202898
Ltight,1,STRADDLE,H2_15,e050,S,frozen_2024_2026,1.0,33,0.02235613877385578,0.2642997979350371,-0.994479571145776,-0.979929015085363,0.6060606060606061
Ltight,1,STRADDLE,H2_25,e050,LS,pre_2019_2020,2.0,18,0.023679493907137625,0.22945757539671693,-0.6382387124916962,-0.391109248130683,0.5
Ltight,1,STRADDLE,H2_25,e050,LS,dev_2021_2023,2.0,36,-0.006983150723637708,-0.09009140865770837,-0.9478616845967784,-0.6019185050154221,0.5277777777777778
Ltight,1,STRADDLE,H2_25,e050,LS,hold_2024_2025,2.0,24,-0.04465052702099393,-0.6627975371519158,-0.923060803783754,-0.411912864506645,0.3333333333333333
Ltight,1,STRADDLE,H2_25,e050,LS,ext_2026,2.0,9,-0.01254068859040495,-0.2076183058899435,-0.41930641920552747,-0.35364411760026065,0.3333333333333333
Ltight,1,STRADDLE,H2_25,e050,LS,post_2021_2026,2.0,69,-0.020809743070557347,-0.29189472575690034,-0.9853039222175305,-0.6019185050154221,0.43478260869565216
Ltight,1,STRADDLE,H2_25,e050,LS,frozen_2024_2026,2.0,33,-0.035893298358106035,-0.5544014068445546,-0.923060803783754,-0.411912864506645,0.3333333333333333
Ltight,1,STRADDLE,H2_25,e050,L,pre_2019_2020,1.0,18,0.023849119033491333,0.11906520719314134,-0.9459624176998948,-0.7232748233994808,0.3888888888888889
Ltight,1,STRADDLE,H2_25,e050,L,dev_2021_2023,1.0,36,-0.061350032682219946,-0.570785101308153,-0.9985913319367532,-0.7159875382611858,0.4166666666666667
Ltight,1,STRADDLE,H2_25,e050,L,hold_2024_2025,1.0,24,-0.12379794712479071,-0.9933323991929599,-0.9980024640560919,-0.7865716657675339,0.25
Ltight,1,STRADDLE,H2_25,e050,L,ext_2026,1.0,9,-0.10808892579488692,-0.9939226153917761,-0.8814347453270283,-0.6189955868068229,0.2222222222222222
Ltight,1,STRADDLE,H2_25,e050,L,post_2021_2026,1.0,69,-0.08916742376389676,-0.7923390645161525,-0.999997565866226,-0.7865716657675339,0.3333333333333333
Ltight,1,STRADDLE,H2_25,e050,L,frozen_2024_2026,1.0,33,-0.11951366858027149,-1.0056052426648656,-0.9996061808328713,-0.7865716657675339,0.24242424242424243
Ltight,1,STRADDLE,H2_25,e050,S,pre_2019_2020,1.0,18,0.023509868780783927,0.22876499183096907,-0.931035541052503,-0.9134567674576557,0.5
Ltight,1,STRADDLE,H2_25,e050,S,dev_2021_2023,1.0,36,0.04738373123494451,0.45867972772665916,-1.1952692656151926,-1.1362922284943642,0.6666666666666666
Ltight,1,STRADDLE,H2_25,e050,S,hold_2024_2025,1.0,24,0.03449689308280287,0.3400306752470234,-0.9908205804817833,-0.9548237829000893,0.5833333333333334
Ltight,1,STRADDLE,H2_25,e050,S,ext_2026,1.0,9,0.08300754861407704,1.256089284927798,-0.35031540035213515,-0.3503154003521352,0.6666666666666666
Ltight,1,STRADDLE,H2_25,e050,S,post_2021_2026,1.0,69,0.04754793762278209,0.48765635541715846,-1.5944174539342368,-1.1362922284943642,0.6376811594202898
Ltight,1,STRADDLE,H2_25,e050,S,frozen_2024_2026,1.0,33,0.04772707186405945,0.5167715228912219,-0.9908205804817833,-0.9548237829000893,0.6060606060606061
Ltight,1,STRANGLE25,H0,e000,LS,pre_2019_2020,2.0,18,0.12251451701758559,0.5349139043782477,-7.794655015271327,-2.0964707853403146,0.7222222222222222
Ltight,1,STRANGLE25,H0,e000,LS,dev_2021_2023,2.0,36,-0.06137513044640489,-0.16909771098378687,-4.783924865989379,-4.667692113882591,0.6111111111111112
Ltight,1,STRANGLE25,H0,e000,LS,hold_2024_2025,2.0,24,0.15565364206694549,0.3907872040229991,-1.0513744255147113,-2.5901279897608194,0.5416666666666666
Ltight,1,STRANGLE25,H0,e000,LS,ext_2026,2.0,9,0.07404785804034092,0.19797545104089487,-2.024554228820379,-1.9679338175948349,0.5555555555555556
Ltight,1,STRANGLE25,H0,e000,LS,post_2021_2026,2.0,69,0.03177700631737945,0.08530042825291705,-56.526904702291176,-4.667692113882591,0.5797101449275363
Ltight,1,STRANGLE25,H0,e000,LS,frozen_2024_2026,2.0,33,0.13339751915059878,0.345449890916258,-1.0513744255147113,-2.5901279897608194,0.5454545454545454
Ltight,1,STRANGLE25,H0,e050,LS,pre_2019_2020,2.0,18,0.07992967461092901,0.3487909676584332,-4.7759295817562855,-2.1205231413612564,0.5555555555555556
Ltight,1,STRANGLE25,H0,e050,LS,dev_2021_2023,2.0,36,-0.11069281739730358,-0.30694595523168106,-4.756363693625599,-4.756363693625599,0.4722222222222222
Ltight,1,STRANGLE25,H0,e050,LS,hold_2024_2025,2.0,24,0.05083838695385925,0.12899170617989014,-1.0304059585531322,-2.625079193664506,0.4583333333333333
Ltight,1,STRANGLE25,H0,e050,LS,ext_2026,2.0,9,0.03453625099261401,0.09149720970503224,-2.061947400983235,-2.0412187247780467,0.3333333333333333
Ltight,1,STRANGLE25,H0,e050,LS,post_2021_2026,2.0,69,-0.03556512870256206,-0.09617071192572672,-12.95231720029002,-4.756363693625599,0.4492753623188406
Ltight,1,STRANGLE25,H0,e050,LS,frozen_2024_2026,2.0,33,0.04639234987351962,0.12089067500200917,-1.0656310500666648,-2.625079193664506,0.42424242424242425
Ltight,1,STRANGLE25,H0,e050,L,pre_2019_2020,1.0,18,0.01637166534069339,0.028530185168263857,-1.0000314495340075,-1.0031707317073173,0.2777777777777778
Ltight,1,STRANGLE25,H0,e050,L,dev_2021_2023,1.0,36,-0.10835191227587382,-0.21964015216777086,-1.0,-1.0022222222222223,0.3055555555555556
Ltight,1,STRANGLE25,H0,e050,L,hold_2024_2025,1.0,24,-0.02385650107998914,-0.03511806549885508,-1.0,-0.9957259953161591,0.20833333333333334
Ltight,1,STRANGLE25,H0,e050,L,ext_2026,1.0,9,-0.050912934575085785,-0.08198861880856202,-1.000003524331993,-1.0033898305084745,0.2222222222222222
Ltight,1,STRANGLE25,H0,e050,L,post_2021_2026,1.0,69,-0.07147016346415896,-0.12501263606814048,-1.0,-1.0033898305084745,0.2608695652173913
Ltight,1,STRANGLE25,H0,e050,L,frozen_2024_2026,1.0,33,-0.03123552839683369,-0.04773912714869787,-1.0,-1.0033898305084745,0.21212121212121213
Ltight,1,STRANGLE25,H0,e050,S,pre_2019_2020,1.0,18,0.14348768388116453,0.24063709656127266,-45.12102256897988,-7.035591397849462,0.8333333333333334
Ltight,1,STRANGLE25,H0,e050,S,dev_2021_2023,1.0,36,-0.11303372251873338,-0.19858319029469104,-196.95757479893982,-8.526604938271607,0.6666666666666666
Ltight,1,STRANGLE25,H0,e050,S,hold_2024_2025,1.0,24,0.12553327498770764,0.30433359091560847,-17.865978771838368,-4.263333333333332,0.75
Ltight,1,STRANGLE25,H0,e050,S,ext_2026,1.0,9,0.11998543656031381,0.29302430532328405,-5.052113820615991,-3.0790476190476186,0.6666666666666666
Ltight,1,STRANGLE25,H0,e050,S,post_2021_2026,1.0,69,0.00033990605903484234,0.0006864060978756247,-196.95757479893982,-8.526604938271607,0.6956521739130435
Ltight,1,STRANGLE25,H0,e050,S,frozen_2024_2026,1.0,33,0.12402022814387288,0.30605131091452253,-127.42710948623206,-4.263333333333332,0.7272727272727273
Ltight,1,STRANGLE25,H0,e100,LS,pre_2019_2020,2.0,18,0.03734483220427219,0.16222714061433033,-2.67534918217854,-2.144575497382199,0.3888888888888889
Ltight,1,STRANGLE25,H0,e100,LS,dev_2021_2023,2.0,36,-0.1600105043482023,-0.44590781124934425,-4.7752218707487915,-4.845035273368607,0.3611111111111111
Ltight,1,STRANGLE25,H0,e100,LS,hold_2024_2025,2.0,24,-0.05397686815922705,-0.13234427753119196,-1.61596545997448,-2.660030397568194,0.3333333333333333
Ltight,1,STRANGLE25,H0,e100,LS,ext_2026,2.0,9,-0.004975356055113085,-0.013060697078218223,-2.114503631961259,-2.114503631961259,0.2222222222222222
Ltight,1,STRANGLE25,H0,e100,LS,post_2021_2026,2.0,69,-0.10290726372250358,-0.2750969166831726,-5.819525887510735,-4.845035273368607,0.3333333333333333
Ltight,1,STRANGLE25,H0,e100,LS,frozen_2024_2026,2.0,33,-0.04061281940355964,-0.10286536260232836,-1.61596545997448,-2.660030397568194,0.30303030303030304
Ltight,1,STRANGLE25,H0,tick,LS,pre_2019_2020,2.0,18,0.02730917211026596,0.11850286979910599,-2.324361263470327,-2.1514110994764395,0.3888888888888889
Ltight,1,STRANGLE25,H0,tick,LS,dev_2021_2023,2.0,36,-0.16744630976063105,-0.46708830994921907,-4.7634368864461205,-4.847290249433106,0.3611111111111111
Ltight,1,STRANGLE25,H0,tick,LS,hold_2024_2025,2.0,24,-0.06347778628137611,-0.1553840209997683,-1.658201444113796,-2.6695976321894244,0.3333333333333333
Ltight,1,STRANGLE25,H0,tick,LS,ext_2026,2.0,9,-0.012053255349222462,-0.03157073192053915,-2.132502017756255,-2.132502017756255,0.2222222222222222
Ltight,1,STRANGLE25,H0,tick,LS,post_2021_2026,2.0,69,-0.1110146858011413,-0.2966370130873316,-4.807400315765672,-4.847290249433106,0.3333333333333333
Ltight,1,STRANGLE25,H0,tick,LS,frozen_2024_2026,2.0,33,-0.0494529142089706,-0.12503208161239282,-1.658201444113796,-2.6695976321894244,0.30303030303030304
Ltight,1,STRANGLE25,H1,e050,LS,pre_2019_2020,2.0,18,0.08159791980857263,0.32699577173128763,-1.0174471920367754,-1.0193332455996762,0.3888888888888889
Ltight,1,STRANGLE25,H1,e050,LS,dev_2021_2023,2.0,36,-0.05937468657115774,-0.5906483520377366,-1.3074910121253862,-1.2399137062276857,0.4444444444444444
Ltight,1,STRANGLE25,H1,e050,LS,hold_2024_2025,2.0,24,-0.1461438810271363,-1.44293834666146,-0.9976610750623992,-0.806899604761584,0.3333333333333333
Ltight,1,STRANGLE25,H1,e050,LS,ext_2026,2.0,9,-0.11044126490035817,-1.337540545635241,-0.8339340666501726,-0.4949418137945393,0.3333333333333333
Ltight,1,STRANGLE25,H1,e050,LS,post_2021_2026,2.0,69,-0.09621613399008946,-0.9815736473307908,-1.3074910121253862,-1.2399137062276857,0.391304347826087
Ltight,1,STRANGLE25,H1,e050,LS,frozen_2024_2026,2.0,33,-0.13640680390165136,-1.429995933215949,-0.9995914795612476,-0.806899604761584,0.3333333333333333
Ltight,1,STRANGLE25,H1,e050,L,pre_2019_2020,1.0,18,0.10247538642478614,0.2306522698128622,-1.0002510250007992,-1.0459924566959522,0.3333333333333333
Ltight,1,STRANGLE25,H1,e050,L,dev_2021_2023,1.0,36,-0.15664905870800724,-0.9406342200650755,-0.9999999597315179,-0.928590803988473,0.4166666666666667
Ltight,1,STRANGLE25,H1,e050,L,hold_2024_2025,1.0,24,-0.20771465608662223,-0.790842453290285,-1.0135928195172044,-1.1398528609702385,0.125
Ltight,1,STRANGLE25,H1,e050,L,ext_2026,1.0,9,-0.20704318126610965,-1.716144206851865,-0.9747680856225536,-0.6972042031978464,0.3333333333333333
Ltight,1,STRANGLE25,H1,e050,L,post_2021_2026,1.0,69,-0.18098415204293014,-0.9120739414281716,-1.000000000792907,-1.1398528609702385,0.30434782608695654
Ltight,1,STRANGLE25,H1,e050,L,frozen_2024_2026,1.0,33,-0.2075315265901188,-0.8995797827197379,-1.0135928195172044,-1.1398528609702385,0.18181818181818182
Ltight,1,STRANGLE25,H1,e050,S,pre_2019_2020,1.0,18,0.060720453192359115,0.3240507894625358,-5.663940168834437,-2.0865472523730233,0.6666666666666666
Ltight,1,STRANGLE25,H1,e050,S,dev_2021_2023,1.0,36,0.037899685565691746,0.22630881232446612,-12.815929872657865,-1.6836272773105823,0.6388888888888888
Ltight,1,STRANGLE25,H1,e050,S,hold_2024_2025,1.0,24,-0.08457310596765037,-0.4570092900255228,-1.0736508089176753,-1.9016758299777545,0.5416666666666666
Ltight,1,STRANGLE25,H1,e050,S,ext_2026,1.0,9,-0.013839348534606697,-0.1612960753884837,-0.5632414414395358,-0.33274464459381714,0.4444444444444444
Ltight,1,STRANGLE25,H1,e050,S,post_2021_2026,1.0,69,-0.011448115937248792,-0.06947886568496336,-12.815929872657865,-1.9016758299777545,0.5797101449275363
Ltight,1,STRANGLE25,H1,e050,S,frozen_2024_2026,1.0,33,-0.06528208121318392,-0.40071999625953914,-1.0736508089176753,-1.9016758299777545,0.5151515151515151
Ltight,1,STRANGLE25,H2_15,e050,LS,pre_2019_2020,2.0,18,0.06768798385839105,0.25122199717615945,-1.0195252370943766,-1.023325988094967,0.3888888888888889
Ltight,1,STRANGLE25,H2_15,e050,LS,dev_2021_2023,2.0,36,-0.08754425232305722,-0.7462046574536867,-1.624515277767856,-1.6118333692441307,0.3333333333333333
Ltight,1,STRANGLE25,H2_15,e050,LS,hold_2024_2025,2.0,24,-0.1401238741537699,-1.2766823985464557,-0.9987572321892114,-0.7138756736842344,0.2916666666666667
Ltight,1,STRANGLE25,H2_15,e050,LS,ext_2026,2.0,9,-0.009256684432762705,-0.08840499754338552,-0.6802400914058231,-0.4466185198589427,0.4444444444444444
Ltight,1,STRANGLE25,H2_15,e050,LS,post_2021_2026,2.0,69,-0.09562139453935366,-0.8521303868322616,-1.624515277767856,-1.6118333692441307,0.3333333333333333
Ltight,1,STRANGLE25,H2_15,e050,LS,frozen_2024_2026,2.0,33,-0.10443282241167702,-0.9658440419027514,-0.9996026126784184,-0.7138756736842344,0.3333333333333333
Ltight,1,STRANGLE25,H2_15,e050,L,pre_2019_2020,1.0,18,0.10748000382725152,0.23349310730721587,-1.0727926229751825,-1.3491441305699265,0.2777777777777778
Ltight,1,STRANGLE25,H2_15,e050,L,dev_2021_2023,1.0,36,-0.19883666284318058,-1.1477651627571879,-1.0000000003474054,-1.0127706347305705,0.3333333333333333
Ltight,1,STRANGLE25,H2_15,e050,L,hold_2024_2025,1.0,24,-0.20978989589992947,-0.8066152942557664,-1.001794281105579,-1.0997160834246449,0.25
Ltight,1,STRANGLE25,H2_15,e050,L,ext_2026,1.0,9,-0.14524076598139743,-0.9071031150224671,-0.9793663315965502,-0.7918439015714926,0.3333333333333333
Ltight,1,STRANGLE25,H2_15,e050,L,post_2021_2026,1.0,69,-0.19565571388094763,-0.9618571475940758,-1.0000000003474054,-1.0997160834246449,0.30434782608695654
Ltight,1,STRANGLE25,H2_15,e050,L,frozen_2024_2026,1.0,33,-0.19218558774032984,-0.8187372137901006,-1.001794281105579,-1.0997160834246449,0.2727272727272727
Ltight,1,STRANGLE25,H2_15,e050,S,pre_2019_2020,1.0,18,0.02789596388953051,0.12699319705852397,-3.380914917127013,-2.3354737658085174,0.6111111111111112
Ltight,1,STRANGLE25,H2_15,e050,S,dev_2021_2023,1.0,36,0.023748158197066174,0.12047494411593607,-22.7336924224438,-2.370491824450491,0.5833333333333334
Ltight,1,STRANGLE25,H2_15,e050,S,hold_2024_2025,1.0,24,-0.07045785240761032,-0.3387265708147507,-1.0530210637299555,-2.034513162519391,0.4583333333333333
Ltight,1,STRANGLE25,H2_15,e050,S,ext_2026,1.0,9,0.126727397115872,1.2460349847480432,-0.4963954092385091,-0.4395718393217284,0.5555555555555556
Ltight,1,STRANGLE25,H2_15,e050,S,post_2021_2026,1.0,69,0.004412924802240333,0.023194576635679916,-22.7336924224438,-2.370491824450491,0.5362318840579711
Ltight,1,STRANGLE25,H2_15,e050,S,frozen_2024_2026,1.0,33,-0.016680057083024228,-0.09000204264393856,-1.0530210637299555,-2.034513162519391,0.48484848484848486
Ltight,1,STRANGLE25,H2_25,e050,LS,pre_2019_2020,2.0,18,0.09797458974008094,0.3670096342327581,-1.0532484090434135,-1.0489859358684515,0.4444444444444444
Ltight,1,STRANGLE25,H2_25,e050,LS,dev_2021_2023,2.0,36,-0.05011903584549626,-0.37219897328466905,-2.0111084354012796,-1.8198367149740025,0.4444444444444444
Ltight,1,STRANGLE25,H2_25,e050,LS,hold_2024_2025,2.0,24,0.0005062939025969049,0.0034590700909873707,-0.9984042427226435,-0.865747241519218,0.5
Ltight,1,STRANGLE25,H2_25,e050,LS,ext_2026,2.0,9,0.030224611825164685,0.23022361258060034,-0.7770833425887285,-0.6100123555456578,0.3333333333333333
Ltight,1,STRANGLE25,H2_25,e050,LS,post_2021_2026,2.0,69,-0.02203061928042112,-0.16116190715611173,-2.0111084354012796,-1.8198367149740025,0.4492753623188406
Ltight,1,STRANGLE25,H2_25,e050,LS,frozen_2024_2026,2.0,33,0.00861128969966084,0.06131880106018829,-0.9984042427226435,-0.865747241519218,0.45454545454545453
Ltight,1,STRANGLE25,H2_25,e050,L,pre_2019_2020,1.0,18,0.10782389353359437,0.2112097013563216,-1.006504080370301,-1.400898501017648,0.3333333333333333
Ltight,1,STRANGLE25,H2_25,e050,L,dev_2021_2023,1.0,36,-0.11842191120949448,-0.6184898930770627,-1.0000000037861834,-1.1948239497995956,0.3888888888888889
Ltight,1,STRANGLE25,H2_25,e050,L,hold_2024_2025,1.0,24,-0.10795211366600577,-0.38369007914521963,-1.001093780030947,-1.053117565215393,0.25
Ltight,1,STRANGLE25,H2_25,e050,L,ext_2026,1.0,9,0.01832930458014412,0.07720543119225928,-0.9734405130070398,-0.8670061626426797,0.3333333333333333
Ltight,1,STRANGLE25,H2_25,e050,L,post_2021_2026,1.0,69,-0.09694312739571945,-0.42331521276671685,-1.0000000037861834,-1.1948239497995956,0.3333333333333333
Ltight,1,STRANGLE25,H2_25,e050,L,frozen_2024_2026,1.0,33,-0.07351172687160122,-0.275384144798309,-1.001093780030947,-1.053117565215393,0.2727272727272727
Ltight,1,STRANGLE25,H2_25,e050,S,pre_2019_2020,1.0,18,0.08812528594656747,0.4349592732973234,-3.2143851699951327,-1.7569127297806006,0.6111111111111112
Ltight,1,STRANGLE25,H2_25,e050,S,dev_2021_2023,1.0,36,0.018183839518501926,0.08640704199233991,-38.921014346573436,-2.6535509809684132,0.6388888888888888
Ltight,1,STRANGLE25,H2_25,e050,S,hold_2024_2025,1.0,24,0.10896470147119956,0.6482525786312702,-0.9989068298959719,-0.8495858919023447,0.5416666666666666
Ltight,1,STRANGLE25,H2_25,e050,S,ext_2026,1.0,9,0.04211991907018526,0.5486181264218417,-0.4527534901567707,-0.3530185484486359,0.5555555555555556
Ltight,1,STRANGLE25,H2_25,e050,S,post_2021_2026,1.0,69,0.05288188883487721,0.2902641138876844,-38.921014346573436,-2.6535509809684132,0.5942028985507246
Ltight,1,STRANGLE25,H2_25,e050,S,frozen_2024_2026,1.0,33,0.09073430627092292,0.6137219859370667,-0.9989068298959719,-0.8495858919023447,0.5454545454545454
Ltight,1,IFLY10,H0,e000,LS,pre_2019_2020,2.0,18,0.034139290092217146,0.25862747780146134,-0.9728393214653837,-0.9011291653508013,0.6111111111111112
Ltight,1,IFLY10,H0,e000,LS,dev_2021_2023,2.0,36,-0.021036074344119873,-0.22383098525949752,-0.9910557370556178,-0.8291023690260674,0.5
Ltight,1,IFLY10,H0,e000,LS,hold_2024_2025,2.0,24,-0.03310914789581173,-0.29202206213860993,-0.9935761107798567,-0.622521837387639,0.4166666666666667
Ltight,1,IFLY10,H0,e000,LS,ext_2026,2.0,9,-0.07869612908044263,-0.8942316050572073,-0.8378918078512848,-0.5536442056377833,0.3333333333333333
Ltight,1,IFLY10,H0,e000,LS,post_2021_2026,2.0,69,-0.03275628097988087,-0.33030544543865975,-0.9995386462485919,-0.8291023690260674,0.4492753623188406
Ltight,1,IFLY10,H0,e000,LS,frozen_2024_2026,2.0,33,-0.04554196094616561,-0.43012026640984663,-0.9935761107798567,-0.622521837387639,0.3939393939393939
Ltight,1,IFLY10,H0,e050,LS,pre_2019_2020,2.0,18,-0.0022727859725538684,-0.017037464576619046,-0.9906476877854938,-0.9368447244832468,0.5555555555555556
Ltight,1,IFLY10,H0,e050,LS,dev_2021_2023,2.0,36,-0.0462985381650278,-0.4919456454928619,-0.9967610403384699,-0.8734386557748481,0.4444444444444444
Ltight,1,IFLY10,H0,e050,LS,hold_2024_2025,2.0,24,-0.07345444533057344,-0.644617017276806,-0.9974572721744643,-0.6746300340256971,0.4166666666666667
Ltight,1,IFLY10,H0,e050,LS,ext_2026,2.0,9,-0.11807893710575021,-1.3325406875018404,-0.8844040915819139,-0.5906175407757582,0.3333333333333333
Ltight,1,IFLY10,H0,e050,LS,post_2021_2026,2.0,69,-0.06510673182357268,-0.653583155696889,-0.9999776703094905,-0.8734386557748481,0.42028985507246375
Ltight,1,IFLY10,H0,e050,LS,frozen_2024_2026,2.0,33,-0.08562476126925801,-0.8044325351420203,-0.998631120197463,-0.6746300340256971,0.3939393939393939
Ltight,1,IFLY10,H0,e050,L,pre_2019_2020,1.0,18,-0.04074136841925872,-0.19806223766592573,-0.9999554731462458,-0.9001041666666667,0.5
Ltight,1,IFLY10,H0,e050,L,dev_2021_2023,1.0,36,-0.005744451780218247,-0.039334913607249514,-0.9997681617144972,-0.941341743119266,0.5
Ltight,1,IFLY10,H0,e050,L,hold_2024_2025,1.0,24,-0.1109111671532597,-0.5948683025428964,-1.0075513564743515,-1.0098092643051773,0.4166666666666667
Ltight,1,IFLY10,H0,e050,L,ext_2026,1.0,9,-0.2333853031243462,-1.4575841310955704,-0.9851248324162757,-0.6663881309686224,0.3333333333333333
Ltight,1,IFLY10,H0,e050,L,post_2021_2026,1.0,69,-0.07201646382442325,-0.4442674747281598,-1.000010232616165,-1.0098092643051773,0.4492753623188406
Ltight,1,IFLY10,H0,e050,L,frozen_2024_2026,1.0,33,-0.1443132042362833,-0.8111767607214104,-1.0075513564743515,-1.0098092643051773,0.3939393939393939
Ltight,1,IFLY10,H0,e050,S,pre_2019_2020,1.0,18,0.036195796474151026,0.2871481488603689,-1.0430541729424558,-1.034036939313984,0.6111111111111112
Ltight,1,IFLY10,H0,e050,S,dev_2021_2023,1.0,36,-0.08685262454983739,-0.6508497525732961,-1.0334305806261956,-1.07186301369863,0.5
Ltight,1,IFLY10,H0,e050,S,hold_2024_2025,1.0,24,-0.03599772350788715,-0.33384071419091726,-1.0019534323936439,-1.0335843373493971,0.5416666666666666
Ltight,1,IFLY10,H0,e050,S,ext_2026,1.0,9,-0.0027725710871542544,-0.01548318715182866,-1.083715610244918,-1.1212041884816752,0.5555555555555556
Ltight,1,IFLY10,H0,e050,S,post_2021_2026,1.0,69,-0.0581969998227221,-0.446936965664605,-1.0334305806261956,-1.1212041884816752,0.5217391304347826
Ltight,1,IFLY10,H0,e050,S,frozen_2024_2026,1.0,33,-0.026936318302232722,-0.21038674485819392,-1.0060979615435541,-1.1212041884816752,0.5454545454545454
Ltight,1,IFLY10,H0,e100,LS,pre_2019_2020,2.0,18,-0.03868486203732487,-0.2865329958815739,-0.9979126332610572,-0.9725602836156924,0.4444444444444444
Ltight,1,IFLY10,H0,e100,LS,dev_2021_2023,2.0,36,-0.0715610019859357,-0.7583365819016988,-0.9990151212516725,-0.9177749425236292,0.4166666666666667
Ltight,1,IFLY10,H0,e100,LS,hold_2024_2025,2.0,24,-0.11379974276533504,-0.9863565186756459,-0.9991685104806987,-0.726738230663755,0.4166666666666667
Ltight,1,IFLY10,H0,e100,LS,ext_2026,2.0,9,-0.15746174513105793,-1.7525966309596028,-0.9208260128302969,-0.6275908759137333,0.3333333333333333
Ltight,1,IFLY10,H0,e100,LS,post_2021_2026,2.0,69,-0.09745718266726444,-0.9691354511872124,-0.9999992972381359,-0.9177749425236292,0.4057971014492754
Ltight,1,IFLY10,H0,e100,LS,frozen_2024_2026,2.0,33,-0.12570756159235036,-1.1662664967501293,-0.9997716111665489,-0.726738230663755,0.3939393939393939
Ltight,1,IFLY10,H0,tick,LS,pre_2019_2020,2.0,18,-0.04194176331289537,-0.31046627955579753,-0.9982806806072236,-0.9759710068153338,0.4444444444444444
Ltight,1,IFLY10,H0,tick,LS,dev_2021_2023,2.0,36,-0.0737623214301642,-0.7811002766281214,-0.9991067453166654,-0.9184518864466832,0.4166666666666667
Ltight,1,IFLY10,H0,tick,LS,hold_2024_2025,2.0,24,-0.11593196666156669,-1.0044940864603955,-0.9992136686386316,-0.7303007719262606,0.4166666666666667
Ltight,1,IFLY10,H0,tick,LS,ext_2026,2.0,9,-0.16009025621311926,-1.7799475709148773,-0.9228882752311958,-0.6285348970809851,0.3333333333333333
Ltight,1,IFLY10,H0,tick,LS,post_2021_2026,2.0,69,-0.09969018952582007,-0.99074186239207,-0.999999445095297,-0.9184518864466832,0.4057971014492754
Ltight,1,IFLY10,H0,tick,LS,frozen_2024_2026,2.0,33,-0.12797513653926285,-1.1867114624294017,-0.9997945168439705,-0.7303007719262606,0.3939393939393939
Ltight,1,IFLY10,H1,e050,LS,pre_2019_2020,2.0,18,0.0004494170241722643,0.005036212291875752,-0.5867715697897988,-0.3463064010300551,0.3888888888888889
Ltight,1,IFLY10,H1,e050,LS,dev_2021_2023,2.0,36,-0.042806959368411085,-0.8241447932688927,-0.8933087200097369,-0.40334323730785765,0.3333333333333333
Ltight,1,IFLY10,H1,e050,LS,hold_2024_2025,2.0,24,-0.0815528908876927,-2.184323368914166,-0.8972710648107634,-0.3629870994386104,0.20833333333333334
Ltight,1,IFLY10,H1,e050,LS,ext_2026,2.0,9,-0.0475114873161914,-1.3707403080949845,-0.3974101484637045,-0.2619715779673929,0.3333333333333333
Ltight,1,IFLY10,H1,e050,LS,post_2021_2026,2.0,69,-0.05689743919439342,-1.2631271337200876,-0.9926921419541188,-0.40334323730785765,0.2898550724637681
Ltight,1,IFLY10,H1,e050,LS,frozen_2024_2026,2.0,33,-0.07226887173182871,-1.9876313582257294,-0.9380965861958361,-0.3629870994386104,0.24242424242424243
Ltight,1,IFLY10,H1,e050,L,pre_2019_2020,1.0,18,-0.023824430400528777,-0.13571438333941116,-0.919666458379799,-0.6269408027595758,0.2777777777777778
Ltight,1,IFLY10,H1,e050,L,dev_2021_2023,1.0,36,-0.04379113075077442,-0.4946225286772412,-0.9812766297411875,-0.6550785153418047,0.3333333333333333
Ltight,1,IFLY10,H1,e050,L,hold_2024_2025,1.0,24,-0.11713880864393973,-1.2641122325515914,-0.9869897445580378,-0.6157071789850503,0.125
Ltight,1,IFLY10,H1,e050,L,ext_2026,1.0,9,-0.11584182408932817,-1.9815213323007912,-0.7465114143357106,-0.4793386578517896,0.3333333333333333
Ltight,1,IFLY10,H1,e050,L,post_2021_2026,1.0,69,-0.07870128306212153,-0.9116059144238905,-0.9998964049248772,-0.6550785153418047,0.2608695652173913
Ltight,1,IFLY10,H1,e050,L,frozen_2024_2026,1.0,33,-0.11678508558359113,-1.3932437829745516,-0.9967020487488859,-0.6157071789850503,0.18181818181818182
Ltight,1,IFLY10,H1,e050,S,pre_2019_2020,1.0,18,0.024723264448873315,0.44908011147089394,-0.5766276590381317,-0.3028337495157246,0.5
Ltight,1,IFLY10,H1,e050,S,dev_2021_2023,1.0,36,-0.04182278798604772,-0.7218095723260335,-0.9601013903435669,-0.7000818910072831,0.4166666666666667
Ltight,1,IFLY10,H1,e050,S,hold_2024_2025,1.0,24,-0.04596697313144565,-0.7763891626387796,-0.9138945218941916,-0.7219033316794193,0.375
Ltight,1,IFLY10,H1,e050,S,ext_2026,1.0,9,0.020818849456945367,0.4036064843529331,-0.3762738346474751,-0.3762738346474751,0.6666666666666666
Ltight,1,IFLY10,H1,e050,S,post_2021_2026,1.0,69,-0.0350935953266653,-0.6140161574842462,-0.9951315647646949,-0.7219033316794193,0.43478260869565216
Ltight,1,IFLY10,H1,e050,S,frozen_2024_2026,1.0,33,-0.027752657880066284,-0.48601557592721756,-0.9268522354744323,-0.7219033316794193,0.45454545454545453
Ltight,1,IFLY10,H2_15,e050,LS,pre_2019_2020,2.0,18,-0.0015846087565542356,-0.017452442736610264,-0.6089536264093048,-0.39026288024307765,0.3333333333333333
Ltight,1,IFLY10,H2_15,e050,LS,dev_2021_2023,2.0,36,-0.04413375940091102,-0.8176344597429882,-0.9097189209210123,-0.33607895402398297,0.3333333333333333
Ltight,1,IFLY10,H2_15,e050,LS,hold_2024_2025,2.0,24,-0.08909784653918033,-1.8794452182625494,-0.927154424982116,-0.39229874713586466,0.16666666666666666
Ltight,1,IFLY10,H2_15,e050,LS,ext_2026,2.0,9,-0.050871215333355625,-1.4636565050668293,-0.41760412292280913,-0.29678695141197364,0.3333333333333333
Ltight,1,IFLY10,H2_15,e050,LS,post_2021_2026,2.0,69,-0.06065224048367138,-1.2281771830841668,-0.9953582520482944,-0.39229874713586466,0.2753623188405797
Ltight,1,IFLY10,H2_15,e050,LS,frozen_2024_2026,2.0,33,-0.0786724016648645,-1.7851500158616982,-0.957575037446267,-0.39229874713586466,0.21212121212121213
Ltight,1,IFLY10,H2_15,e050,L,pre_2019_2020,1.0,18,-0.013087473463865133,-0.07323190035104282,-0.9195387954319493,-0.6410305006927112,0.3333333333333333
Ltight,1,IFLY10,H2_15,e050,L,dev_2021_2023,1.0,36,-0.05034894153506292,-0.538762127689932,-0.9873027720384004,-0.6654864619587288,0.4444444444444444
Ltight,1,IFLY10,H2_15,e050,L,hold_2024_2025,1.0,24,-0.1292956048936261,-1.2520881122498002,-0.9941848272169896,-0.6539653732322419,0.20833333333333334
Ltight,1,IFLY10,H2_15,e050,L,ext_2026,1.0,9,-0.15230830665895959,-2.24382939893827,-0.8497641833445981,-0.572719069651146,0.2222222222222222
Ltight,1,IFLY10,H2_15,e050,L,post_2021_2026,1.0,69,-0.09110769815420185,-0.9711298615758063,-0.9999802672259719,-0.6654864619587288,0.3333333333333333
Ltight,1,IFLY10,H2_15,e050,L,frozen_2024_2026,1.0,33,-0.13557179628417163,-1.4431302637696612,-0.9991263527679521,-0.6539653732322419,0.21212121212121213
Ltight,1,IFLY10,H2_15,e050,S,pre_2019_2020,1.0,18,0.009918255950756657,0.15854183776608058,-0.6143064848775295,-0.37001642217554365,0.5
Ltight,1,IFLY10,H2_15,e050,S,dev_2021_2023,1.0,36,-0.03791857726675915,-0.6327373902302571,-0.9640373808317423,-0.6359475644070575,0.4444444444444444
Ltight,1,IFLY10,H2_15,e050,S,hold_2024_2025,1.0,24,-0.048900088184734514,-0.9192495485395968,-0.8925886178335228,-0.5853972475912869,0.3333333333333333
Ltight,1,IFLY10,H2_15,e050,S,ext_2026,1.0,9,0.050565875992248356,1.5523993251516461,-0.13559788299724462,-0.13559788299724462,0.7777777777777778
Ltight,1,IFLY10,H2_15,e050,S,post_2021_2026,1.0,69,-0.0301967828131409,-0.5499149615485932,-0.9923027814250269,-0.6359475644070575,0.4492753623188406
Ltight,1,IFLY10,H2_15,e050,S,frozen_2024_2026,1.0,33,-0.02177300704555736,-0.43829298183590015,-0.8925886178335228,-0.5853972475912869,0.45454545454545453
Ltight,1,IFLY10,H2_25,e050,LS,pre_2019_2020,2.0,18,-0.048709306162837335,-0.6612439879972666,-0.7671067907895164,-0.4102945933496911,0.2777777777777778
Ltight,1,IFLY10,H2_25,e050,LS,dev_2021_2023,2.0,36,-0.052729498674308095,-0.9377426592915608,-0.936002727704814,-0.3947585478524114,0.3611111111111111
Ltight,1,IFLY10,H2_25,e050,LS,hold_2024_2025,2.0,24,-0.09950310664754099,-1.8114298903062602,-0.9592102796670027,-0.46559386816516446,0.2916666666666667
Ltight,1,IFLY10,H2_25,e050,LS,ext_2026,2.0,9,-0.059814420178329816,-1.4164239828218421,-0.5260193600151561,-0.2894305245353058,0.3333333333333333
Ltight,1,IFLY10,H2_25,e050,LS,post_2021_2026,2.0,69,-0.06992269990465282,-1.2989456041200953,-0.9983717682027294,-0.46559386816516446,0.3333333333333333
Ltight,1,IFLY10,H2_25,e050,LS,frozen_2024_2026,2.0,33,-0.08867891942866522,-1.7254475855383802,-0.9782703746219402,-0.46559386816516446,0.30303030303030304
Ltight,1,IFLY10,H2_25,e050,L,pre_2019_2020,1.0,18,-0.07609037122824445,-0.5501266092601078,-0.9652058847450743,-0.7186309608908853,0.3333333333333333
Ltight,1,IFLY10,H2_25,e050,L,dev_2021_2023,1.0,36,-0.06527620820847031,-0.641312369435967,-0.9949270158595597,-0.6898405043207803,0.3055555555555556
Ltight,1,IFLY10,H2_25,e050,L,hold_2024_2025,1.0,24,-0.1439682071641233,-1.5446164812708367,-0.995524297982409,-0.6868673984187904,0.25
Ltight,1,IFLY10,H2_25,e050,L,ext_2026,1.0,9,-0.12194513090269421,-1.3189694143358313,-0.8699410928514972,-0.6383996648514371,0.4444444444444444
Ltight,1,IFLY10,H2_25,e050,L,post_2021_2026,1.0,69,-0.10003893689229187,-1.0322684900584824,-0.9999946268259419,-0.6898405043207803,0.30434782608695654
Ltight,1,IFLY10,H2_25,e050,L,frozen_2024_2026,1.0,33,-0.13796191363827903,-1.5062438745950157,-0.9994178950868697,-0.6868673984187904,0.30303030303030304
Ltight,1,IFLY10,H2_25,e050,S,pre_2019_2020,1.0,18,-0.021328241097430194,-0.30761639736785745,-0.7363243933684616,-0.3443713987718237,0.5
Ltight,1,IFLY10,H2_25,e050,S,dev_2021_2023,1.0,36,-0.04018278914014585,-0.6025370444046027,-0.9778895699001459,-0.7363273969365115,0.5
Ltight,1,IFLY10,H2_25,e050,S,hold_2024_2025,1.0,24,-0.055038006130958654,-0.8447987139116393,-0.9552190168980363,-0.5484029445336411,0.4166666666666667
Ltight,1,IFLY10,H2_25,e050,S,ext_2026,1.0,9,0.002316290546034573,0.06940495423741816,-0.15597606082145632,-0.1409173716186463,0.3333333333333333
Ltight,1,IFLY10,H2_25,e050,S,post_2021_2026,1.0,69,-0.03980646291701372,-0.6388743311292973,-0.9981916633362934,-0.7363273969365115,0.4492753623188406
Ltight,1,IFLY10,H2_25,e050,S,frozen_2024_2026,1.0,33,-0.03939592521905141,-0.6771097962153824,-0.9552190168980363,-0.5484029445336411,0.3939393939393939
Ltight,1,IFLY15,H0,e000,LS,pre_2019_2020,2.0,18,0.02664858987395478,0.18559435893784584,-0.992051206205143,-0.8953585390946504,0.6111111111111112
Ltight,1,IFLY15,H0,e000,LS,dev_2021_2023,2.0,36,-0.03238580001104636,-0.3601174399529923,-0.9948474890669707,-0.7903137500393714,0.4444444444444444
Ltight,1,IFLY15,H0,e000,LS,hold_2024_2025,2.0,24,-0.03203618376957133,-0.23687673311964472,-0.9982792023737793,-0.667887772995377,0.4583333333333333
Ltight,1,IFLY15,H0,e000,LS,ext_2026,2.0,9,-0.026780097188651333,-0.32657142630712366,-0.7398435608562286,-0.5350453350968075,0.3333333333333333
Ltight,1,IFLY15,H0,e000,LS,post_2021_2026,2.0,69,-0.031533015732829614,-0.29874932072661325,-0.9998500009720865,-0.7903137500393714,0.43478260869565216
Ltight,1,IFLY15,H0,e000,LS,frozen_2024_2026,2.0,33,-0.030602705611138613,-0.2513128567070152,-0.9982792023737793,-0.667887772995377,0.42424242424242425
Ltight,1,IFLY15,H0,e050,LS,pre_2019_2020,2.0,18,-0.0226045867778656,-0.15430534134068516,-0.9984644631113466,-0.9302608024691359,0.6111111111111112
Ltight,1,IFLY15,H0,e050,LS,dev_2021_2023,2.0,36,-0.0710826131249736,-0.7820999011452769,-0.9986668034647089,-0.8521385319222653,0.3888888888888889
Ltight,1,IFLY15,H0,e050,LS,hold_2024_2025,2.0,24,-0.08160184686177548,-0.6116372223611262,-0.9994012602407107,-0.7495373027259685,0.4166666666666667
Ltight,1,IFLY15,H0,e050,LS,ext_2026,2.0,9,-0.07393369346527708,-0.9431756016207735,-0.8079905584673563,-0.5732465281602049,0.3333333333333333
Ltight,1,IFLY15,H0,e050,LS,post_2021_2026,2.0,69,-0.07511335707781383,-0.7162740509381744,-0.9999938420113662,-0.8521385319222653,0.391304347826087
Ltight,1,IFLY15,H0,e050,LS,frozen_2024_2026,2.0,33,-0.0795105322990941,-0.6641880660053666,-0.9994012602407107,-0.7495373027259685,0.3939393939393939
Ltight,1,IFLY15,H0,e050,L,pre_2019_2020,1.0,18,-0.036555879615309234,-0.1913674754166032,-0.9999211917945559,-0.8882824427480915,0.5
Ltight,1,IFLY15,H0,e050,L,dev_2021_2023,1.0,36,0.02648249272808876,0.18703008119005005,-0.9987018495007838,-0.9386392009987516,0.5277777777777778
Ltight,1,IFLY15,H0,e050,L,hold_2024_2025,1.0,24,-0.14300264781656677,-0.8450748310357553,-0.999983937714196,-0.9135229759299781,0.4166666666666667
Ltight,1,IFLY15,H0,e050,L,ext_2026,1.0,9,-0.24304016507405427,-1.7966344554251512,-0.9808354514214608,-0.6443850806451613,0.3333333333333333
Ltight,1,IFLY15,H0,e050,L,post_2021_2026,1.0,69,-0.0676239897833753,-0.4453686800612469,-0.9999999982177713,-0.9386392009987516,0.463768115942029
Ltight,1,IFLY15,H0,e050,L,frozen_2024_2026,1.0,33,-0.17028560706860882,-1.0700084537363235,-0.9999996264278315,-0.9135229759299781,0.3939393939393939
Ltight,1,IFLY15,H0,e050,S,pre_2019_2020,1.0,18,-0.00865329394042192,-0.04616390482377252,-1.038324915619578,-1.320184331797235,0.4444444444444444
Ltight,1,IFLY15,H0,e050,S,dev_2021_2023,1.0,36,-0.16864771897803602,-0.9918747697996787,-1.028906785123805,-1.1451832460732982,0.4166666666666667
Ltight,1,IFLY15,H0,e050,S,hold_2024_2025,1.0,24,-0.020201045906984218,-0.11512294643022174,-1.0422853201906093,-1.1002941176470589,0.5
Ltight,1,IFLY15,H0,e050,S,ext_2026,1.0,9,0.09517277814350014,0.5465994723907037,-0.9362789774049081,-0.7326243455497384,0.5555555555555556
Ltight,1,IFLY15,H0,e050,S,post_2021_2026,1.0,69,-0.08260272437225238,-0.47970407440776086,-1.028906785123805,-1.1451832460732982,0.463768115942029
Ltight,1,IFLY15,H0,e050,S,frozen_2024_2026,1.0,33,0.011264542470420613,0.06510404792064002,-1.0422853201906093,-1.1002941176470589,0.5151515151515151
Ltight,1,IFLY15,H0,e100,LS,pre_2019_2020,2.0,18,-0.07185776342968592,-0.4786773330693304,-0.9998580295391002,-0.9651630658436212,0.5555555555555556
Ltight,1,IFLY15,H0,e100,LS,dev_2021_2023,2.0,36,-0.10977942623890079,-1.1885150246337106,-0.9997582510056764,-0.9139633138051594,0.3888888888888889
Ltight,1,IFLY15,H0,e100,LS,hold_2024_2025,2.0,24,-0.13116750995397952,-0.9943974785049597,-0.9998299514168921,-0.8311868324565599,0.375
Ltight,1,IFLY15,H0,e100,LS,ext_2026,2.0,9,-0.12108728974190291,-1.6026118968756016,-0.8610561668012928,-0.6114477212236025,0.3333333333333333
Ltight,1,IFLY15,H0,e100,LS,post_2021_2026,2.0,69,-0.11869369842279803,-1.1339642667208985,-0.99999992528896,-0.9139633138051594,0.37681159420289856
Ltight,1,IFLY15,H0,e100,LS,frozen_2024_2026,2.0,33,-0.12841835898704954,-1.0878738242752408,-0.9999152227792296,-0.8311868324565599,0.36363636363636365
Ltight,1,IFLY15,H0,tick,LS,pre_2019_2020,2.0,18,-0.07638196424857892,-0.5086887718335229,-0.9999070935436478,-0.9684861111111109,0.5555555555555556
Ltight,1,IFLY15,H0,tick,LS,dev_2021_2023,2.0,36,-0.1126490769754634,-1.2195811672853591,-0.9997828331231828,-0.9147609767236765,0.3611111111111111
Ltight,1,IFLY15,H0,tick,LS,hold_2024_2025,2.0,24,-0.13449497747800965,-1.0194177737416676,-0.9998468187921081,-0.8358576438705563,0.375
Ltight,1,IFLY15,H0,tick,LS,ext_2026,2.0,9,-0.12423146895852939,-1.6505386402947395,-0.8637890491056263,-0.6124284272100569,0.3333333333333333
Ltight,1,IFLY15,H0,tick,LS,post_2021_2026,2.0,69,-0.12175839784370551,-1.1633701633657327,-0.999999945379177,-0.9147609767236765,0.36231884057971014
Ltight,1,IFLY15,H0,tick,LS,frozen_2024_2026,2.0,33,-0.13169583879087865,-1.1158701414791803,-0.9999278628324662,-0.8358576438705563,0.36363636363636365
Ltight,1,IFLY15,H1,e050,LS,pre_2019_2020,2.0,18,-0.001778554373424378,-0.019760751799057053,-0.5561439771829247,-0.3515861550225188,0.5
Ltight,1,IFLY15,H1,e050,LS,dev_2021_2023,2.0,36,-0.04954997351128515,-0.8574309803406932,-0.937932907813444,-0.5733367169215579,0.3611111111111111
Ltight,1,IFLY15,H1,e050,LS,hold_2024_2025,2.0,24,-0.08468737435673773,-1.5786731170484958,-0.9251549633688331,-0.37742187465821636,0.2916666666666667
Ltight,1,IFLY15,H1,e050,LS,ext_2026,2.0,9,-0.04957321902191408,-1.3411650965903472,-0.4410017948970497,-0.27492588356572994,0.4444444444444444
Ltight,1,IFLY15,H1,e050,LS,post_2021_2026,2.0,69,-0.06177471017630723,-1.1517726836689364,-0.9969734869577349,-0.5733367169215579,0.34782608695652173
Ltight,1,IFLY15,H1,e050,LS,frozen_2024_2026,2.0,33,-0.07511078653814947,-1.523397650255259,-0.9553545699654198,-0.37742187465821636,0.3333333333333333
Ltight,1,IFLY15,H1,e050,L,pre_2019_2020,1.0,18,-0.03262111764404696,-0.200843656398133,-0.9292365020786248,-0.6243787062559314,0.3333333333333333
Ltight,1,IFLY15,H1,e050,L,dev_2021_2023,1.0,36,-0.03860316512028383,-0.43036802540154384,-0.9836469293034258,-0.6293501674850857,0.4444444444444444
Ltight,1,IFLY15,H1,e050,L,hold_2024_2025,1.0,24,-0.12410051907521939,-1.2810104806143292,-0.9926528432889155,-0.7309680151675594,0.125
Ltight,1,IFLY15,H1,e050,L,ext_2026,1.0,9,-0.13240553672596933,-2.1855019805946156,-0.794157045410805,-0.5257856211566393,0.2222222222222222
Ltight,1,IFLY15,H1,e050,L,post_2021_2026,1.0,69,-0.08057646714013345,-0.9059566139801628,-0.9999485346978922,-0.7309680151675594,0.30434782608695654
Ltight,1,IFLY15,H1,e050,L,frozen_2024_2026,1.0,33,-0.12636552388906028,-1.4434136736748182,-0.9984876395547605,-0.7309680151675594,0.15151515151515152
Ltight,1,IFLY15,H1,e050,S,pre_2019_2020,1.0,18,0.029064008897198186,0.3666537007228891,-0.7865835189913228,-0.5741229300496508,0.5
Ltight,1,IFLY15,H1,e050,S,dev_2021_2023,1.0,36,-0.06049678190228644,-0.7788788114462913,-0.9980179971331463,-0.9677426839824509,0.4444444444444444
Ltight,1,IFLY15,H1,e050,S,hold_2024_2025,1.0,24,-0.04527422963825608,-0.4008686441009767,-1.114680897010572,-1.3089601007583775,0.375
Ltight,1,IFLY15,H1,e050,S,ext_2026,1.0,9,0.033259098682141164,0.43462910937303745,-0.5073894866557369,-0.5073894866557369,0.6666666666666666
Ltight,1,IFLY15,H1,e050,S,post_2021_2026,1.0,69,-0.04297295321248098,-0.4749556458341785,-1.0003955414208001,-1.3089601007583775,0.4492753623188406
Ltight,1,IFLY15,H1,e050,S,frozen_2024_2026,1.0,33,-0.023856049187238645,-0.23022641693740623,-1.1153830134492229,-1.3089601007583775,0.45454545454545453
Ltight,1,IFLY15,H2_15,e050,LS,pre_2019_2020,2.0,18,-0.022848744813176346,-0.27305392806708395,-0.7055068606125766,-0.3680308090152759,0.5
Ltight,1,IFLY15,H2_15,e050,LS,dev_2021_2023,2.0,36,-0.050555310983092676,-0.8722906637178767,-0.9430717867015344,-0.4913599581847564,0.2777777777777778
Ltight,1,IFLY15,H2_15,e050,LS,hold_2024_2025,2.0,24,-0.062016441406455125,-1.0398677687221376,-0.8826015251896977,-0.3703174744062508,0.2916666666666667
Ltight,1,IFLY15,H2_15,e050,LS,ext_2026,2.0,9,-0.020922379460842418,-0.6509871408693261,-0.3330508848646514,-0.29742122443622904,0.4444444444444444
Ltight,1,IFLY15,H2_15,e050,LS,post_2021_2026,2.0,69,-0.0506766261491861,-0.9150623737380033,-0.9937038531722799,-0.4913599581847564,0.30434782608695654
Ltight,1,IFLY15,H2_15,e050,LS,frozen_2024_2026,2.0,33,-0.05080896996674256,-0.9528331504663186,-0.9062891833372559,-0.3703174744062508,0.3333333333333333
Ltight,1,IFLY15,H2_15,e050,L,pre_2019_2020,1.0,18,-0.036675357631963834,-0.25972335550683046,-0.9293774479579598,-0.7098044385124512,0.3333333333333333
Ltight,1,IFLY15,H2_15,e050,L,dev_2021_2023,1.0,36,-0.06401549535463243,-0.7347749260708666,-0.992425938754063,-0.6332260617078941,0.3333333333333333
Ltight,1,IFLY15,H2_15,e050,L,hold_2024_2025,1.0,24,-0.10798314786572416,-1.1808049175970385,-0.989242505226738,-0.7216591233121242,0.2916666666666667
Ltight,1,IFLY15,H2_15,e050,L,ext_2026,1.0,9,-0.12575615288723996,-1.7275835769511902,-0.8242911411650673,-0.5299698644607337,0.3333333333333333
Ltight,1,IFLY15,H2_15,e050,L,post_2021_2026,1.0,69,-0.08736172112361314,-1.0147629712212112,-0.9999705602345198,-0.7216591233121242,0.3188405797101449
Ltight,1,IFLY15,H2_15,e050,L,frozen_2024_2026,1.0,33,-0.11283033105341028,-1.3168942745714598,-0.9980037442437214,-0.7216591233121242,0.30303030303030304
Ltight,1,IFLY15,H2_15,e050,S,pre_2019_2020,1.0,18,-0.009022131994388866,-0.0966045559471899,-0.7902343676499548,-0.5549378592629077,0.5
Ltight,1,IFLY15,H2_15,e050,S,dev_2021_2023,1.0,36,-0.037095126611552925,-0.4563529386891577,-0.9911985709964436,-0.8500245880125579,0.4722222222222222
Ltight,1,IFLY15,H2_15,e050,S,hold_2024_2025,1.0,24,-0.016049734947186135,-0.1428425940203147,-1.0020574614195406,-1.0066569676669186,0.4166666666666667
Ltight,1,IFLY15,H2_15,e050,S,ext_2026,1.0,9,0.08391139396555511,1.5449015524032883,-0.07103880031616916,-0.07103880031616917,0.7777777777777778
Ltight,1,IFLY15,H2_15,e050,S,post_2021_2026,1.0,69,-0.013991531174759073,-0.15500806479677962,-1.0000948413307804,-1.0066569676669186,0.4927536231884058
Ltight,1,IFLY15,H2_15,e050,S,frozen_2024_2026,1.0,33,0.011212391119925114,0.11222586108165895,-1.0033645768475106,-1.0066569676669186,0.5151515151515151
Ltight,1,IFLY15,H2_25,e050,LS,pre_2019_2020,2.0,18,-0.01961173665378992,-0.22298151481751277,-0.8415224655658722,-0.5373572802122579,0.3888888888888889
Ltight,1,IFLY15,H2_25,e050,LS,dev_2021_2023,2.0,36,-0.041850970835485966,-0.7974778328383286,-0.8966575088145188,-0.33087173483815935,0.3611111111111111
Ltight,1,IFLY15,H2_25,e050,LS,hold_2024_2025,2.0,24,-0.09145179067518665,-1.4009115266678558,-0.95177587611841,-0.4611948962916179,0.2916666666666667
Ltight,1,IFLY15,H2_25,e050,LS,ext_2026,2.0,9,-0.06622645806709689,-1.711096468887455,-0.5370015679005038,-0.35333319243248285,0.3333333333333333
Ltight,1,IFLY15,H2_25,e050,LS,post_2021_2026,2.0,69,-0.06228284128820067,-1.12248246732369,-0.9971891805570138,-0.4611948962916179,0.3333333333333333
Ltight,1,IFLY15,H2_25,e050,LS,frozen_2024_2026,2.0,33,-0.08457215450934397,-1.4402058027660654,-0.9752803046649332,-0.4611948962916179,0.30303030303030304
Ltight,1,IFLY15,H2_25,e050,L,pre_2019_2020,1.0,18,-0.04333902984344391,-0.33542991803694683,-0.9682602766540397,-0.6564960484568771,0.3888888888888889
Ltight,1,IFLY15,H2_25,e050,L,dev_2021_2023,1.0,36,-0.08612219626012156,-1.034833967048388,-0.9956080973882264,-0.7538109967748919,0.3333333333333333
Ltight,1,IFLY15,H2_25,e050,L,hold_2024_2025,1.0,24,-0.14600632861388096,-1.548145083055434,-0.9958744870021208,-0.7575113419312494,0.16666666666666666
Ltight,1,IFLY15,H2_25,e050,L,ext_2026,1.0,9,-0.16922158355366568,-1.9821673756316514,-0.9191867805290614,-0.6893586355909372,0.4444444444444444
Ltight,1,IFLY15,H2_25,e050,L,post_2021_2026,1.0,69,-0.11779051020406536,-1.3576301276357812,-0.9999983856465706,-0.7575113419312494,0.2898550724637681
Ltight,1,IFLY15,H2_25,e050,L,frozen_2024_2026,1.0,33,-0.1523377617792768,-1.6798141817947998,-0.9996666040126722,-0.7575113419312494,0.24242424242424243
Ltight,1,IFLY15,H2_25,e050,S,pre_2019_2020,1.0,18,0.004115556535864092,0.03933077209397151,-0.8848509684795687,-0.6210791091577538,0.5
Ltight,1,IFLY15,H2_25,e050,S,dev_2021_2023,1.0,36,0.0024202545891496225,0.028949171369883044,-0.963708136257573,-0.5112489375739557,0.5
Ltight,1,IFLY15,H2_25,e050,S,hold_2024_2025,1.0,24,-0.03689725273649231,-0.2899271819586517,-1.005560365284888,-1.0491927229868623,0.4583333333333333
Ltight,1,IFLY15,H2_25,e050,S,ext_2026,1.0,9,0.03676866741947188,0.8350520553978905,-0.24537908547872445,-0.24537908547872447,0.5555555555555556
Ltight,1,IFLY15,H2_25,e050,S,post_2021_2026,1.0,69,-0.006775172372335972,-0.07004814479018337,-1.0012674569606228,-1.0491927229868623,0.4927536231884058
Ltight,1,IFLY15,H2_25,e050,S,frozen_2024_2026,1.0,33,-0.01680654723941117,-0.15204636341033395,-1.0074302252909573,-1.0491927229868623,0.48484848484848486
Ltight,1,SSPREAD,H0,e000,LS,pre_2019_2020,2.0,18,0.029644176906645676,0.16255573295644088,-0.9956616856733342,-0.9509261277626403,0.3333333333333333
Ltight,1,SSPREAD,H0,e000,LS,dev_2021_2023,2.0,36,-0.06136375115846034,-0.3586835940558565,-0.9999776769565317,-0.952307852965748,0.3055555555555556
Ltight,1,SSPREAD,H0,e000,LS,hold_2024_2025,2.0,24,-0.11945637692858853,-0.6418070400896271,-0.9999877691237342,-0.9656508156889969,0.3333333333333333
Ltight,1,SSPREAD,H0,e000,LS,ext_2026,2.0,9,-0.23274228955723894,-1.3882010629212682,-1.0163096795291042,-1.0163096795291042,0.2222222222222222
Ltight,1,SSPREAD,H0,e000,LS,post_2021_2026,2.0,69,-0.10392360426095429,-0.5964452177208016,-1.0000000000407105,-1.0163096795291042,0.30434782608695654
Ltight,1,SSPREAD,H0,e000,LS,frozen_2024_2026,2.0,33,-0.15035253491822043,-0.8385939955012153,-1.000000496903637,-1.0163096795291042,0.30303030303030304
Ltight,1,SSPREAD,H0,e050,LS,pre_2019_2020,2.0,18,-0.02425159540181276,-0.13524611942824444,-0.9998201650887226,-0.9952941265516195,0.3333333333333333
Ltight,1,SSPREAD,H0,e050,LS,dev_2021_2023,2.0,36,-0.10090325500158642,-0.6020356176189908,-1.009522032132926,-1.0155780075187972,0.3055555555555556
Ltight,1,SSPREAD,H0,e050,LS,hold_2024_2025,2.0,24,-0.20117933855166129,-1.0619182462841683,-1.0000012790389758,-1.016405761888233,0.2916666666666667
Ltight,1,SSPREAD,H0,e050,LS,ext_2026,2.0,9,-0.29070336527732943,-1.7091676451699682,-1.1310044002137947,-1.1472367560497054,0.2222222222222222
Ltight,1,SSPREAD,H0,e050,LS,post_2021_2026,2.0,69,-0.1605384288810572,-0.9208437847532369,-1.009522032132926,-1.1472367560497054,0.2898550724637681
Ltight,1,SSPREAD,H0,e050,LS,frozen_2024_2026,2.0,33,-0.22559498220411622,-1.238758674991758,-1.0000012790389758,-1.1472367560497054,0.2727272727272727
Ltight,1,SSPREAD,H0,e050,L,pre_2019_2020,1.0,18,-0.16615368569065814,-0.4795805659865885,-1.0318556701030925,-1.064566929133858,0.3333333333333333
Ltight,1,SSPREAD,H0,e050,L,dev_2021_2023,1.0,36,-0.14857708575417325,-0.44678323499802913,-1.00046595201343,-1.0323076923076924,0.3333333333333333
Ltight,1,SSPREAD,H0,e050,L,hold_2024_2025,1.0,24,-0.36193961427399324,-1.0283744222953777,-1.0191406250000001,-1.7128205128205132,0.2916666666666667
Ltight,1,SSPREAD,H0,e050,L,ext_2026,1.0,9,-0.4579857600022606,-1.3947673964163176,-1.0012841119333948,-1.1045454545454545,0.2222222222222222
Ltight,1,SSPREAD,H0,e050,L,post_2021_2026,1.0,69,-0.26314779231516544,-0.7835538986975965,-1.00046595201343,-1.7128205128205132,0.30434782608695654
Ltight,1,SSPREAD,H0,e050,L,frozen_2024_2026,1.0,33,-0.3881340176544298,-1.1388910879790124,-1.0191406250000001,-1.7128205128205132,0.2727272727272727
Ltight,1,SSPREAD,H0,e050,S,pre_2019_2020,1.0,18,0.11765049488703265,1.0576365631476567,-1.0356315981534077,-1.0140326975476839,0.7777777777777778
Ltight,1,SSPREAD,H0,e050,S,dev_2021_2023,1.0,36,-0.05322942424899964,-0.4571628211220335,-1.0410451078669136,-1.134853556485356,0.5833333333333334
Ltight,1,SSPREAD,H0,e050,S,hold_2024_2025,1.0,24,-0.040419062829329395,-0.4016654039130491,-1.0071766047146362,-1.055348837209302,0.625
Ltight,1,SSPREAD,H0,e050,S,ext_2026,1.0,9,-0.12342097055239837,-0.8388469769983702,-1.1141657501225466,-1.1899280575539564,0.5555555555555556
Ltight,1,SSPREAD,H0,e050,S,post_2021_2026,1.0,69,-0.057929065446948945,-0.5079358613511991,-1.0410451078669136,-1.1899280575539564,0.5942028985507246
Ltight,1,SSPREAD,H0,e050,S,frozen_2024_2026,1.0,33,-0.06305594675380274,-0.5571773843536052,-1.0095514084565702,-1.1899280575539564,0.6060606060606061
Ltight,1,SSPREAD,H0,e100,LS,pre_2019_2020,2.0,18,-0.07814736771027135,-0.44204477142103304,-1.0027670416169403,-1.0396621253405995,0.3333333333333333
Ltight,1,SSPREAD,H0,e100,LS,dev_2021_2023,2.0,36,-0.1404427588447125,-0.8543746686225175,-1.0459223396471728,-1.0788481620718464,0.3055555555555556
Ltight,1,SSPREAD,H0,e100,LS,hold_2024_2025,2.0,24,-0.282902300174734,-1.3812749102713995,-1.270648211495813,-1.8237074401008826,0.2916666666666667
Ltight,1,SSPREAD,H0,e100,LS,ext_2026,2.0,9,-0.3486644409974202,-2.011857580120242,-1.1933751909970713,-1.278163832570307,0.1111111111111111
Ltight,1,SSPREAD,H0,e100,LS,post_2021_2026,2.0,69,-0.2171532535011601,-1.2100122598954237,-1.0459223396471728,-1.8237074401008826,0.2753623188405797
Ltight,1,SSPREAD,H0,e100,LS,frozen_2024_2026,2.0,33,-0.300837429490012,-1.5487226575003465,-1.270648211495813,-1.8237074401008826,0.24242424242424243
Ltight,1,SSPREAD,H0,tick,LS,pre_2019_2020,2.0,18,-0.08546942598932356,-0.4826470105577235,-1.00260650229045,-1.0446091432031486,0.3333333333333333
Ltight,1,SSPREAD,H0,tick,LS,dev_2021_2023,2.0,36,-0.14591361060924563,-0.889025505334156,-1.0468573135149668,-1.080748746867168,0.3055555555555556
Ltight,1,SSPREAD,H0,tick,LS,hold_2024_2025,2.0,24,-0.2882517456983906,-1.4039040767362787,-1.2628772121598215,-1.8404511699593666,0.2916666666666667
Ltight,1,SSPREAD,H0,tick,LS,ext_2026,2.0,9,-0.35429088246972057,-2.0349779592485024,-1.2007735710725826,-1.29672171353826,0.1111111111111111
Ltight,1,SSPREAD,H0,tick,LS,post_2021_2026,2.0,69,-0.22260217131770585,-1.2392145138942083,-1.0468573135149668,-1.8404511699593666,0.2753623188405797
Ltight,1,SSPREAD,H0,tick,LS,frozen_2024_2026,2.0,33,-0.3062624193632989,-1.5720782078524884,-1.2628772121598215,-1.8404511699593666,0.24242424242424243
Ltight,1,SSPREAD,H1,e050,LS,pre_2019_2020,2.0,18,-0.029479054595319458,-0.17316484351702163,-0.9171427292638404,-0.6181048519143701,0.2777777777777778
Ltight,1,SSPREAD,H1,e050,LS,dev_2021_2023,2.0,36,-0.08362217954633008,-0.8907372901008758,-0.993862288613251,-0.4737449274148231,0.3333333333333333
Ltight,1,SSPREAD,H1,e050,LS,hold_2024_2025,2.0,24,-0.20042893624555821,-2.556371875433893,-0.9987577501937498,-0.6382809364480466,0.16666666666666666
Ltight,1,SSPREAD,H1,e050,LS,ext_2026,2.0,9,-0.12310873788402149,-2.6669290998040207,-0.7434467535122624,-0.44329164695182804,0.2222222222222222
Ltight,1,SSPREAD,H1,e050,LS,post_2021_2026,2.0,69,-0.12940103731184743,-1.5349022662434164,-0.9999978123930746,-0.6382809364480466,0.2608695652173913
Ltight,1,SSPREAD,H1,e050,LS,frozen_2024_2026,2.0,33,-0.17934160941968455,-2.5229686921981136,-0.9996812967792578,-0.6382809364480466,0.18181818181818182
Ltight,1,SSPREAD,H1,e050,L,pre_2019_2020,1.0,18,-0.07744530954697397,-0.22879820727259195,-1.0122279163782644,-1.0881896828037152,0.2222222222222222
Ltight,1,SSPREAD,H1,e050,L,dev_2021_2023,1.0,36,-0.11333897342543112,-0.5663188682661697,-0.9999997359148873,-0.8738135254997107,0.3888888888888889
Ltight,1,SSPREAD,H1,e050,L,hold_2024_2025,1.0,24,-0.31062263227035625,-1.7556305381423416,-1.0656114291499958,-1.2363157777589768,0.16666666666666666
Ltight,1,SSPREAD,H1,e050,L,ext_2026,1.0,9,-0.20251728798725133,-2.3135911685815973,-0.93859972344786,-0.65256597532512,0.3333333333333333
Ltight,1,SSPREAD,H1,e050,L,post_2021_2026,1.0,69,-0.19359133057520775,-1.0690436768807476,-1.0000000261360955,-1.2363157777589768,0.30434782608695654
Ltight,1,SSPREAD,H1,e050,L,frozen_2024_2026,1.0,33,-0.2811393565567822,-1.7919510126756117,-1.0656114291499958,-1.2363157777589768,0.21212121212121213
Ltight,1,SSPREAD,H1,e050,S,pre_2019_2020,1.0,18,0.01848720035633509,0.4671710271072647,-0.3689532431646141,-0.14802002102502504,0.5
Ltight,1,SSPREAD,H1,e050,S,dev_2021_2023,1.0,36,-0.053905385667229015,-1.2389117119615012,-0.9415205976992274,-0.5321061245818266,0.4444444444444444
Ltight,1,SSPREAD,H1,e050,S,hold_2024_2025,1.0,24,-0.09023524022076014,-1.7615617680109381,-0.951392136440478,-0.5838309918433724,0.2916666666666667
Ltight,1,SSPREAD,H1,e050,S,ext_2026,1.0,9,-0.04370018778079163,-1.4575013325666244,-0.3631997133732008,-0.23401731857853617,0.3333333333333333
Ltight,1,SSPREAD,H1,e050,S,post_2021_2026,1.0,69,-0.06521074404848716,-1.4593064472486026,-0.9977870588868502,-0.5838309918433724,0.37681159420289856
Ltight,1,SSPREAD,H1,e050,S,frozen_2024_2026,1.0,33,-0.07754386228258692,-1.6732783736100476,-0.9674399512076111,-0.5838309918433724,0.30303030303030304
Ltight,1,SSPREAD,H2_15,e050,LS,pre_2019_2020,2.0,18,-0.05507464119193419,-0.3505358432799021,-0.9877082874447902,-0.8894938459206299,0.3333333333333333
Ltight,1,SSPREAD,H2_15,e050,LS,dev_2021_2023,2.0,36,-0.0954283955944458,-1.0108774094957769,-0.9962367396750248,-0.5138322072499728,0.2777777777777778
Ltight,1,SSPREAD,H2_15,e050,LS,hold_2024_2025,2.0,24,-0.24026265619351528,-3.0816895328194196,-0.9997244997428151,-0.66896912763599,0.16666666666666666
Ltight,1,SSPREAD,H2_15,e050,LS,ext_2026,2.0,9,-0.15832271854826716,-2.200912767464061,-0.8667562805630122,-0.5909742085341424,0.3333333333333333
Ltight,1,SSPREAD,H2_15,e050,LS,post_2021_2026,2.0,69,-0.15400913705766406,-1.7640504640365475,-0.9999998524999454,-0.66896912763599,0.2463768115942029
Ltight,1,SSPREAD,H2_15,e050,LS,frozen_2024_2026,2.0,33,-0.217915400472084,-2.867056450601554,-0.9999632913210268,-0.66896912763599,0.21212121212121213
Ltight,1,SSPREAD,H2_15,e050,L,pre_2019_2020,1.0,18,-0.14290514758295753,-0.47593859271793576,-1.0128483099395094,-1.606527510582643,0.2222222222222222
Ltight,1,SSPREAD,H2_15,e050,L,dev_2021_2023,1.0,36,-0.14767857658288921,-0.754349545613272,-1.0050345283912692,-1.094579047366057,0.3055555555555556
Ltight,1,SSPREAD,H2_15,e050,L,hold_2024_2025,1.0,24,-0.3954657913117974,-2.375335230840859,-1.0762294820420306,-1.1932130236336098,0.20833333333333334
Ltight,1,SSPREAD,H2_15,e050,L,ext_2026,1.0,9,-0.266431561332382,-2.080842684972948,-0.994843011431318,-0.8958206679115457,0.3333333333333333
Ltight,1,SSPREAD,H2_15,e050,L,post_2021_2026,1.0,69,-0.24935495362983456,-1.391379482196084,-1.0050345283912692,-1.1932130236336098,0.2753623188405797
Ltight,1,SSPREAD,H2_15,e050,L,frozen_2024_2026,1.0,33,-0.3602746376810477,-2.3109264492156725,-1.0762294820420306,-1.1932130236336098,0.24242424242424243
Ltight,1,SSPREAD,H2_15,e050,S,pre_2019_2020,1.0,18,0.03275586519908913,0.5583060952826964,-0.5079715257722726,-0.22313614074476645,0.5555555555555556
Ltight,1,SSPREAD,H2_15,e050,S,dev_2021_2023,1.0,36,-0.04317821460600238,-0.9873394502435945,-0.9233118059131586,-0.5059883954566752,0.3888888888888889
Ltight,1,SSPREAD,H2_15,e050,S,hold_2024_2025,1.0,24,-0.08505952107523322,-1.5193344447459742,-0.9590973549280627,-0.63704176730759,0.2916666666666667
Ltight,1,SSPREAD,H2_15,e050,S,ext_2026,1.0,9,-0.05021387576415228,-1.2335530693865933,-0.46161518514029165,-0.28612774915673916,0.4444444444444444
Ltight,1,SSPREAD,H2_15,e050,S,post_2021_2026,1.0,69,-0.058663320485493525,-1.2309199972999925,-0.9973799250294094,-0.63704176730759,0.36231884057971014
Ltight,1,SSPREAD,H2_15,e050,S,frozen_2024_2026,1.0,33,-0.07555616326312023,-1.4573953327494846,-0.9743476388002656,-0.63704176730759,0.3333333333333333
Ltight,1,SSPREAD,H2_25,e050,LS,pre_2019_2020,2.0,18,0.012526025758539977,0.06319781981966659,-0.9998068112403985,-0.999013332145257,0.3333333333333333
Ltight,1,SSPREAD,H2_25,e050,LS,dev_2021_2023,2.0,36,-0.10757685896779684,-1.0760858361197874,-0.9989946372384887,-0.7315126683651728,0.3333333333333333
Ltight,1,SSPREAD,H2_25,e050,LS,hold_2024_2025,2.0,24,-0.22825828174236854,-2.4478139422997125,-0.9998678765491278,-0.8500456557880819,0.25
Ltight,1,SSPREAD,H2_25,e050,LS,ext_2026,2.0,9,-0.24243782088596907,-3.8351743151880897,-0.9431359435819006,-0.5571020764488137,0.1111111111111111
Ltight,1,SSPREAD,H2_25,e050,LS,post_2021_2026,2.0,69,-0.16714356627001814,-1.773292657526527,-0.9999999895244653,-0.8500456557880819,0.2753623188405797
Ltight,1,SSPREAD,H2_25,e050,LS,frozen_2024_2026,2.0,33,-0.23212542878153233,-2.72573240729821,-0.9999916141111329,-0.8500456557880819,0.21212121212121213
Ltight,1,SSPREAD,H2_25,e050,L,pre_2019_2020,1.0,18,-0.00020730490067379862,-0.0005406803978578466,-1.001794770904157,-1.4905128845103062,0.2222222222222222
Ltight,1,SSPREAD,H2_25,e050,L,dev_2021_2023,1.0,36,-0.15483745507125538,-0.7493464912225745,-1.0174720544235099,-1.0138345864661655,0.3333333333333333
Ltight,1,SSPREAD,H2_25,e050,L,hold_2024_2025,1.0,24,-0.3566838088374902,-1.9216525084301996,-1.1562760312732572,-1.2252238805970148,0.25
Ltight,1,SSPREAD,H2_25,e050,L,ext_2026,1.0,9,-0.4688241084694058,-3.970025714067093,-0.9999902933091338,-0.9881798715203425,0.2222222222222222
Ltight,1,SSPREAD,H2_25,e050,L,post_2021_2026,1.0,69,-0.26599966334622616,-1.3921111080646604,-1.0174720544235099,-1.2252238805970148,0.2898550724637681
Ltight,1,SSPREAD,H2_25,e050,L,frozen_2024_2026,1.0,33,-0.38726752691892175,-2.29545538186215,-1.1562760312732572,-1.2252238805970148,0.24242424242424243
Ltight,1,SSPREAD,H2_25,e050,S,pre_2019_2020,1.0,18,0.025259356417753773,0.3927641260277344,-0.5848927759734261,-0.507513779780208,0.5555555555555556
Ltight,1,SSPREAD,H2_25,e050,S,dev_2021_2023,1.0,36,-0.0603162628643383,-1.0139737580087353,-0.9602953226277164,-0.5397092009248469,0.4166666666666667
Ltight,1,SSPREAD,H2_25,e050,S,hold_2024_2025,1.0,24,-0.0998327546472469,-1.4983608846198657,-0.9825137618157604,-0.7774052977804728,0.375
Ltight,1,SSPREAD,H2_25,e050,S,ext_2026,1.0,9,-0.016051533302532357,-0.2845812703347505,-0.45894688801983596,-0.2699958327342287,0.4444444444444444
Ltight,1,SSPREAD,H2_25,e050,S,post_2021_2026,1.0,69,-0.06828746919381008,-1.113757717930963,-0.9994438722329645,-0.7774052977804728,0.4057971014492754
Ltight,1,SSPREAD,H2_25,e050,S,frozen_2024_2026,1.0,33,-0.07698333064414294,-1.201437108502186,-0.9899467397068623,-0.7774052977804728,0.3939393939393939
