family,hedge,cost,DISC_n,DISC_mean,DISC_median,DISC_t,DISC_sharpe,DISC_hit,DISC_worst,VAL_n,VAL_mean,VAL_median,VAL_t,VAL_sharpe,VAL_hit,VAL_worst,DISC_opt,DISC_cost,DISC_hedge,DISC_hcost,DISC_fin,DISC_n_pos,VAL_opt,VAL_cost,VAL_hedge,VAL_hcost,VAL_fin,VAL_n_pos
B1a_top10_long,H0,GROSS,83,0.057609086383341515,-0.02567205681035578,1.0305111915339507,0.3825260407805297,0.4457831325301205,-0.6328816027287025,36,-0.06360603654660839,-0.11527118992600455,-1.372131740144153,-0.843906696191479,0.3055555555555556,-0.4419359454184303,0.058267844228249904,0.0,0.0,0.0,0.0006587578449084113,20.16867469879518,-0.061841426445453845,0.0,0.0,0.0,0.0017646101011545622,31.916666666666668
B1b_top20_long,H0,GROSS,83,0.055015614187451746,-0.014720188226808657,1.0549752135782315,0.3956591990592909,0.4578313253012048,-0.5066187066815651,36,-0.0353973509688,-0.08530853614814661,-0.7971884215814117,-0.4951292534498496,0.3333333333333333,-0.4033806858557296,0.05567437203236015,0.0,0.0,0.0,0.0006587578449084113,39.86746987951807,-0.03363274086764542,0.0,0.0,0.0,0.0017646101011545622,63.44444444444444
B1c_top10_long_BACK,H0,GROSS,83,0.03093807999646562,-0.015164877313757829,0.7924964357602133,0.28975902234153567,0.4457831325301205,-0.32505656315210085,36,-0.024388529385815896,-0.06579654193319648,-0.9128270293457158,-0.5409747858691021,0.3611111111111111,-0.26246416910165765,0.03159683784137403,0.0,0.0,0.0,0.0006587578449084113,10.325301204819278,-0.02262391928466134,0.0,0.0,0.0,0.0017646101011545622,25.61111111111111
B1_LOUavg_long,H0,GROSS,83,0.07197481306090293,-0.030117329860021236,1.196824881794626,0.4725063053657428,0.40963855421686746,-0.3491237051903149,36,-0.025011040452277585,-0.08139536460398361,-0.7640843797639575,-0.4249733274145444,0.4166666666666667,-0.29400551663475966,0.07263357090581134,0.0,0.0,0.0,0.0006587578449084113,196.3012048192771,-0.023246430351123035,0.0,0.0,0.0,0.0017646101011545622,314.27777777777777
B1x_contrast_rankP_keepLOU_top10,H0,GROSS,83,0.046283050669180106,-0.017511913869268456,0.8400419588988289,0.3177862566680358,0.4457831325301205,-0.5214089591208277,36,-0.0392480447701656,-0.07728097198582642,-0.8276171460220325,-0.5235219697533279,0.2777777777777778,-0.4541527448105531,0.04694180851408851,0.0,0.0,0.0,0.0006587578449084113,30.759036144578314,-0.037483434669011044,0.0,0.0,0.0,0.0017646101011545622,53.52777777777778
B2_SPY_vega,H0,GROSS,83,0.05430187563621676,0.026836776160713956,2.093134169833374,0.726678152750683,0.5421686746987951,-0.41204501170991903,36,-0.020768529801511653,-0.039849492865372454,-0.409809416925354,-0.2551009877954494,0.3888888888888889,-0.7314862668409733,0.05496063348112515,0.0,0.0,0.0,0.0006587578449084113,20.16867469879518,-0.01900391970035708,0.0,0.0,0.0,0.0017646101011545622,31.916666666666668
B2_SPY_gamma,H0,GROSS,83,0.05883359689435758,0.00731398241392886,1.5454829280968299,0.5531887380452244,0.5180722891566265,-0.5258034518454375,36,-0.04009184513335377,-0.06380926456140137,-0.8960747345440172,-0.5591353596987717,0.3611111111111111,-0.536626677249317,0.05949235473926598,0.0,0.0,0.0,0.0006587578449084113,20.16867469879518,-0.03832723503219922,0.0,0.0,0.0,0.0017646101011545622,31.916666666666668
B2_SPY_premium,H0,GROSS,83,0.027920677405664337,0.12812943792509085,0.3710136471670857,0.13451280659159426,0.6024096385542169,-3.9299585710055216,36,0.02802664777268933,0.1157456839476509,0.2698233827500754,0.1602022308309971,0.5555555555555556,-1.401021452490256,0.028579435250572754,0.0,0.0,0.0,0.0006587578449084113,20.16867469879518,0.029791257873843895,0.0,0.0,0.0,0.0017646101011545622,31.916666666666668
B2_SPY_eqrisk,H0,GROSS,83,0.042764881894502914,0.04602254281720477,1.6156068501658734,0.5392520376223511,0.5903614457831325,-0.6511870537249478,36,-0.017789694386959543,-0.050038781352591655,-0.2869335959787453,-0.18005205831679688,0.4444444444444444,-0.9125654640342675,0.04342363973941133,0.0,0.0,0.0,0.0006587578449084113,20.16867469879518,-0.016025084285804975,0.0,0.0,0.0,0.0017646101011545622,31.916666666666668
B2_IWM_vega,H0,GROSS,83,0.06781753459298874,0.09039174967400158,1.8481720816132585,0.6854670174803348,0.5662650602409639,-0.9807316684103212,36,-0.013301139420007142,-0.06695451269636009,-0.20588529569568106,-0.14632829966006217,0.4166666666666667,-0.8720051244237681,0.06847629243789716,0.0,0.0,0.0,0.0006587578449084113,20.16867469879518,-0.01153652931885257,0.0,0.0,0.0,0.0017646101011545622,31.916666666666668
B2_IWM_gamma,H0,GROSS,83,0.0702241930618312,0.05526169228850413,1.7919015746380442,0.6951047124427623,0.5180722891566265,-0.7611635935529748,36,-0.02164943494764427,-0.057083296362544854,-0.4213908581040193,-0.28975755432506367,0.3888888888888889,-0.571482718600654,0.07088295090673959,0.0,0.0,0.0,0.0006587578449084113,20.16867469879518,-0.019884824846489697,0.0,0.0,0.0,0.0017646101011545622,31.916666666666668
B2_IWM_premium,H0,GROSS,83,0.04748900957944023,0.15164304904794546,0.524863865782988,0.1854617951674939,0.6024096385542169,-5.318173636712487,36,0.007792130316056816,0.05028459216485276,0.06945046447495759,0.04678960738113293,0.5555555555555556,-1.5295522157067174,0.04814776742434864,0.0,0.0,0.0,0.0006587578449084113,20.16867469879518,0.009556740417211365,0.0,0.0,0.0,0.0017646101011545622,31.916666666666668
B2_IWM_eqrisk,H0,GROSS,83,0.052549047981390866,0.05442778815905213,1.5844083711761365,0.5441406715944009,0.5783132530120482,-1.0002820887982025,36,-0.027906953115275794,-0.06638427860288013,-0.45887046129030706,-0.3266701793773766,0.3888888888888889,-0.7941776941102164,0.05320780582629927,0.0,0.0,0.0,0.0006587578449084113,20.16867469879518,-0.02614234301412123,0.0,0.0,0.0,0.0017646101011545622,31.916666666666668
B3_sector_vega,H0,GROSS,83,0.04346565780217648,0.03636553655668357,2.0578583621573725,0.6438878391142199,0.5783132530120482,-0.5133746605404526,36,-0.0439040203099051,-0.0703032470871848,-0.9663401709813757,-0.6430262307038722,0.3888888888888889,-0.627741302408705,0.0441244156470849,0.0,0.0,0.0,0.0006587578449084113,20.16867469879518,-0.04213941020875051,0.0,0.0,0.0,0.0017646101011545622,31.916666666666668
B3_sector_gamma,H0,GROSS,83,0.05459440315750968,0.020468798045855212,1.730239004858426,0.5831650543378726,0.5542168674698795,-0.4936068052088879,36,-0.04795084692957541,-0.06523024200538671,-1.146099740441052,-0.7307058076413553,0.3333333333333333,-0.5336702912015202,0.055253161002418075,0.0,0.0,0.0,0.0006587578449084113,20.16867469879518,-0.046186236828420824,0.0,0.0,0.0,0.0017646101011545622,31.916666666666668
B3_sector_premium,H0,GROSS,83,0.01446305330663709,0.1510302327896563,0.24563116735453666,0.08940654700438565,0.5903614457831325,-3.293437448110968,36,-0.03880275596646201,0.046672239657272956,-0.52186442099892,-0.3185845147983228,0.5277777777777778,-1.1319984846571391,0.015121811151545506,0.0,0.0,0.0,0.0006587578449084113,20.16867469879518,-0.03703814586530744,0.0,0.0,0.0,0.0017646101011545622,31.916666666666668
B3_sector_eqrisk,H0,GROSS,83,0.0360360698449893,0.05350468758887726,1.687602300256296,0.5414742022913679,0.5783132530120482,-0.5138841828997334,36,-0.051204396256535216,-0.03259420710612994,-1.0507053535004605,-0.6991045838133427,0.3611111111111111,-0.6446841619567371,0.0366948276898977,0.0,0.0,0.0,0.0006587578449084113,20.16867469879518,-0.04943978615538064,0.0,0.0,0.0,0.0017646101011545622,31.916666666666668
B4_LOUavg_vega,H0,GROSS,83,-0.0019978929031669646,-0.009189720339559655,-0.11332200625062498,-0.037904228098229506,0.46987951807228917,-0.44637334936317136,36,-0.049091258321154636,-0.08680730184599458,-1.6480906269000999,-0.9856331057494405,0.3611111111111111,-0.27534313718250447,-0.0013391350582585499,0.0,0.0,0.0,0.0006587578449084113,20.16867469879518,-0.04732664822000006,0.0,0.0,0.0,0.0017646101011545622,31.916666666666668
B5a_Q5_vs_Q4,H0,GROSS,83,-0.023525188948913405,-0.0037093160727899566,-1.2001127757613328,-0.43105667130831365,0.4819277108433735,-0.9374547019964791,36,-0.038431682238623116,-0.04613240546957793,-1.5520441533274274,-0.9770797476842487,0.3888888888888889,-0.33423353932054606,-0.022866431104005002,0.0,0.0,0.0,0.0006587578449084113,39.626506024096386,-0.036667072137468545,0.0,0.0,0.0,0.0017646101011545622,63.25
B5b_Q5_vs_Q3,H0,GROSS,83,-0.0028389507755910157,0.017373144435114073,-0.16561166186484866,-0.05656577568289938,0.5301204819277109,-0.3424324871535926,36,-0.019776262584995492,0.004985437664866159,-0.7822105209631361,-0.45572656264355066,0.5277777777777778,-0.3892220974531161,-0.0021801929306826035,0.0,0.0,0.0,0.0006587578449084113,39.626506024096386,-0.018011652483840918,0.0,0.0,0.0,0.0017646101011545622,63.25
B5c_D10_vs_D5D6,H0,GROSS,83,0.002170139413945818,-0.027255039490947486,0.10523912080097765,0.034011991114905785,0.46987951807228917,-0.5029552577587397,36,-0.05159957744778362,-0.0588158592015336,-1.731542891610277,-1.0126292867827773,0.3888888888888889,-0.41628413125959907,0.00282889725885423,0.0,0.0,0.0,0.0006587578449084113,20.16867469879518,-0.04983496734662905,0.0,0.0,0.0,0.0017646101011545622,31.916666666666668
B5d_top5_vs_LOUavg,H0,GROSS,83,0.00862034370348881,0.022113702840154466,0.3725886634302298,0.13635424612931343,0.5060240963855421,-0.5401893573685843,36,-0.04260297707445365,-0.05690526342051049,-1.222508714068888,-0.743981243108994,0.3611111111111111,-0.36774530377759845,0.00927910154839723,0.0,0.0,0.0,0.0006587578449084113,10.349397590361447,-0.04083836697329909,0.0,0.0,0.0,0.0017646101011545622,16.166666666666668
B1a_top10_long,H0,MID,83,0.04545257660531144,-0.03641971745155713,0.8140415401494027,0.30218765909337425,0.42168674698795183,-0.6472254453869981,36,-0.07012565031760104,-0.13513159907434402,-1.5158240738629774,-0.932079401562135,0.3055555555555556,-0.4454016661406161,0.058267844228249904,0.012156509778030058,0.0,0.0,0.0006587578449084113,20.16867469879518,-0.061841426445453845,0.006519613770992636,0.0,0.0,0.0017646101011545622,31.916666666666668
B1b_top20_long,H0,MID,83,0.04252260886556566,-0.026757450075024235,0.8186219033527182,0.30712061819933534,0.4578313253012048,-0.5183605230769439,36,-0.04194076063513111,-0.0893510173039158,-0.9452713617177304,-0.5868115715499588,0.3333333333333333,-0.40818233492813255,0.05567437203236015,0.012493005321886085,0.0,0.0,0.0006587578449084113,39.86746987951807,-0.03363274086764542,0.006543409666331119,0.0,0.0,0.0017646101011545622,63.44444444444444
B1c_top10_long_BACK,H0,MID,83,0.02587174839855637,-0.019746365321641052,0.6659385699864175,0.24385000848040142,0.40963855421686746,-0.3303704899420215,36,-0.026821045671320726,-0.06816137651331106,-1.0047113030818657,-0.5956220894187845,0.3611111111111111,-0.26381681157127224,0.03159683784137403,0.005066331597909256,0.0,0.0,0.0006587578449084113,10.325301204819278,-0.02262391928466134,0.002432516285504828,0.0,0.0,0.0017646101011545622,25.61111111111111
B1_LOUavg_long,H0,MID,83,0.05608023951305324,-0.04810070248161353,0.9363675967735109,0.3702412353529992,0.40963855421686746,-0.3629881854673642,36,-0.03999078386535384,-0.09750909515823494,-1.2447849230711079,-0.6870516349154306,0.3888888888888889,-0.30729956159087723,0.07263357090581134,0.015894573547849684,0.0,0.0,0.0006587578449084113,196.3012048192771,-0.023246430351123035,0.014979743413076245,0.0,0.0,0.0017646101011545622,314.27777777777777
B1x_contrast_rankP_keepLOU_top10,H0,MID,83,0.03427101390595355,-0.026757450075024235,0.6242049819710034,0.2361039710706496,0.42168674698795183,-0.5335619860082466,36,-0.04575586376366902,-0.08300552851814952,-0.9642122538273856,-0.6104116267634215,0.2777777777777778,-0.4588348260330239,0.04694180851408851,0.012012036763226553,0.0,0.0,0.0006587578449084113,30.759036144578314,-0.037483434669011044,0.0065078189935034135,0.0,0.0,0.0017646101011545622,53.52777777777778
B2_SPY_vega,H0,MID,83,0.040478712212364557,0.016411134767941118,1.5576636093669893,0.5425688607665176,0.5301204819277109,-0.42482770342202153,36,-0.027906378502937132,-0.04772435293117798,-0.553470856616003,-0.34473475641582546,0.3888888888888889,-0.736869160207621,0.05496063348112515,0.013823163423852196,0.0,0.0,0.0006587578449084113,20.16867469879518,-0.01900391970035708,0.007137848701425483,0.0,0.0,0.0017646101011545622,31.916666666666668
B2_SPY_gamma,H0,MID,83,0.04587099142640639,0.0012014469462878485,1.2057377907092384,0.4320631899283242,0.5060240963855421,-0.5408921859881385,36,-0.046875038151645364,-0.07361117373480638,-1.0526652884449719,-0.6572952531904016,0.3611111111111111,-0.541606611346499,0.05949235473926598,0.01296260546795119,0.0,0.0,0.0006587578449084113,20.16867469879518,-0.03832723503219922,0.006783193018291595,0.0,0.0,0.0017646101011545622,31.916666666666668
B2_SPY_premium,H0,MID,83,0.011582134265594088,0.11259698267547631,0.1538304697675006,0.05577485177112134,0.5903614457831325,-3.9542975911139973,36,0.019779508630474767,0.10526131338465759,0.19077996282858756,0.11325177647815676,0.5555555555555556,-1.407788909017774,0.028579435250572754,0.016338543140070227,0.0,0.0,0.0006587578449084113,20.16867469879518,0.029791257873843895,0.00824713914221454,0.0,0.0,0.0017646101011545622,31.916666666666668
B2_SPY_eqrisk,H0,MID,83,0.028517355435452765,0.030280263935327276,1.0748643454159343,0.35971630606798916,0.5903614457831325,-0.664724776121366,36,-0.025173070843563128,-0.0558077171661306,-0.40729974215013043,-0.25559809135529304,0.4444444444444444,-0.9183228195516844,0.04342363973941133,0.014247526459050143,0.0,0.0,0.0006587578449084113,20.16867469879518,-0.016025084285804975,0.007383376456603589,0.0,0.0,0.0017646101011545622,31.916666666666668
B2_IWM_vega,H0,MID,83,0.052692666556405046,0.07061978216216563,1.4391533394065728,0.5325368566889399,0.5542168674698795,-0.9947303647912376,36,-0.021137967374662676,-0.07310537573833654,-0.3288474921538592,-0.23390193118840089,0.4166666666666667,-0.8791337021216875,0.06847629243789716,0.015124868036583684,0.0,0.0,0.0006587578449084113,20.16867469879518,-0.01153652931885257,0.007836827954655538,0.0,0.0,0.0017646101011545622,31.916666666666668
B2_IWM_gamma,H0,MID,83,0.05615666154076139,0.03864353033207399,1.437105047108965,0.5564401339307479,0.5180722891566265,-0.7760200049559919,36,-0.02895422525973785,-0.06221187713232533,-0.5680161337983933,-0.3913392768984046,0.3888888888888889,-0.5779856734463021,0.07088295090673959,0.014067531521069793,0.0,0.0,0.0006587578449084113,20.16867469879518,-0.019884824846489697,0.007304790312093575,0.0,0.0,0.0017646101011545622,31.916666666666668
B2_IWM_premium,H0,MID,83,0.029847537329451924,0.134158809864491,0.32994077632432217,0.11649925079454387,0.5662650602409639,-5.344499660933321,36,-0.0013661841194936729,0.04313826083451526,-0.012195099455711922,-0.00821313434612038,0.5555555555555556,-1.538049664672735,0.04814776742434864,0.017641472249988306,0.0,0.0,0.0006587578449084113,20.16867469879518,0.009556740417211365,0.00915831443555052,0.0,0.0,0.0017646101011545622,31.916666666666668
B2_IWM_eqrisk,H0,MID,83,0.03765005696738168,0.043558629315078784,1.135484904162177,0.3895875085469695,0.5301204819277109,-1.0143251639201694,36,-0.03574591721854738,-0.07228957424958733,-0.5900590058075322,-0.4198560570242861,0.3888888888888889,-0.8011442518788585,0.05320780582629927,0.014898991014009181,0.0,0.0,0.0006587578449084113,20.16867469879518,-0.02614234301412123,0.007838964103271577,0.0,0.0,0.0017646101011545622,31.916666666666668
B3_sector_vega,H0,MID,83,0.02458440795074699,0.019144758735902476,1.1543186116961406,0.36414434398940293,0.5542168674698795,-0.5322369589826791,36,-0.053478803489148206,-0.0792298522726462,-1.1715902349366236,-0.7820917941186474,0.3888888888888889,-0.6355763248231033,0.0441244156470849,0.018881249851429478,0.0,0.0,0.0006587578449084113,20.16867469879518,-0.04213941020875051,0.009574783179243119,0.0,0.0,0.0017646101011545622,31.916666666666668
B3_sector_gamma,H0,MID,83,0.03837404066806466,0.0067520153075394055,1.212772954847269,0.41037869072547245,0.5301204819277109,-0.5115046062620703,36,-0.05622224009511537,-0.07653414356412241,-1.340710300497318,-0.8567238782714103,0.3333333333333333,-0.5401609735945495,0.055253161002418075,0.016220362489445007,0.0,0.0,0.0006587578449084113,20.16867469879518,-0.046186236828420824,0.008271393165539952,0.0,0.0,0.0017646101011545622,31.916666666666668
B3_sector_premium,H0,MID,83,-0.010600221684172115,0.1288357923647114,-0.18014221075861236,-0.0654985228658639,0.5783132530120482,-3.323997552759916,36,-0.051434280432229716,0.03505718963961938,-0.6885478432994789,-0.4214204157665111,0.5277777777777778,-1.1388929013529263,0.015121811151545506,0.025063274990809205,0.0,0.0,0.0006587578449084113,20.16867469879518,-0.03703814586530744,0.012631524465767714,0.0,0.0,0.0017646101011545622,31.916666666666668
B3_sector_eqrisk,H0,MID,83,0.017426177460569667,0.037624122655762995,0.8113936880177886,0.26186106106824564,0.5421686746987951,-0.5322596766658512,36,-0.06077996537491538,-0.04007385080810673,-1.2439138827442429,-0.8294194023672077,0.3611111111111111,-0.6525564729819779,0.0366948276898977,0.01860989238441963,0.0,0.0,0.0006587578449084113,20.16867469879518,-0.04943978615538064,0.009575569118380175,0.0,0.0,0.0017646101011545622,31.916666666666668
B4_LOUavg_vega,H0,MID,83,-0.020238149377592482,-0.02536846545583927,-1.140221357997269,-0.38301433996488204,0.4457831325301205,-0.4642942268057942,36,-0.058964364151014276,-0.0949833775680397,-1.9865004829823938,-1.1804007355516501,0.3055555555555556,-0.2842451905124726,-0.0013391350582585499,0.018240256474425516,0.0,0.0,0.0006587578449084113,20.16867469879518,-0.04732664822000006,0.00987310582985964,0.0,0.0,0.0017646101011545622,31.916666666666668
B5a_Q5_vs_Q4,H0,MID,83,-0.042202539699473816,-0.02074125497755094,-2.1483036996729963,-0.7740629437398028,0.40963855421686746,-0.9569481286315775,36,-0.04841613509670631,-0.05407056109237304,-1.941149052303985,-1.2246785643272031,0.3333333333333333,-0.34130643509371394,-0.022866431104005002,0.018677350750560404,0.0,0.0,0.0006587578449084113,39.626506024096386,-0.036667072137468545,0.009984452858083208,0.0,0.0,0.0017646101011545622,63.25
B5b_Q5_vs_Q3,H0,MID,83,-0.021416359731191093,0.0005696679470170112,-1.2440187880555316,-0.42728949727833526,0.5060240963855421,-0.3488348830429485,36,-0.029906938757524273,-0.006988981423717154,-1.1760061440147278,-0.6845067073000378,0.4722222222222222,-0.3968566170630847,-0.0021801929306826035,0.01857740895560007,0.0,0.0,0.0006587578449084113,39.626506024096386,-0.018011652483840918,0.010130676172528797,0.0,0.0,0.0017646101011545622,63.25
B5c_D10_vs_D5D6,H0,MID,83,-0.01578060692458422,-0.04712177249873325,-0.7608874555076987,-0.24706677180797137,0.42168674698795183,-0.5230853219887549,36,-0.061513095437845805,-0.06934447734317298,-2.0621213962157445,-1.2014406917376919,0.3611111111111111,-0.42392793630572984,0.00282889725885423,0.017950746338530034,0.0,0.0,0.0006587578449084113,20.16867469879518,-0.04983496734662905,0.009913517990062189,0.0,0.0,0.0017646101011545622,31.916666666666668
B5d_top5_vs_LOUavg,H0,MID,83,-0.009671213679266818,0.004480992319333864,-0.41805924666598526,-0.15296047451089698,0.5060240963855421,-0.5627415580971643,36,-0.05318157247058629,-0.06346709531365052,-1.5480190459260803,-0.9299525975881475,0.3611111111111111,-0.37564419270129246,0.00927910154839723,0.018291557382755626,0.0,0.0,0.0006587578449084113,10.349397590361447,-0.04083836697329909,0.010578595396132628,0.0,0.0,0.0017646101011545622,16.166666666666668
B1a_top10_long,H0,C25,83,0.026963290168864232,-0.05567630852638651,0.48729891315760937,0.1806250466104296,0.40963855421686746,-0.6566587639022682,36,-0.08216194116285275,-0.14895607077594708,-1.7788686844364572,-1.0944347175685796,0.3055555555555556,-0.45454107840703356,0.058267844228249904,0.030645796214477255,0.0,0.0,0.0006587578449084113,20.16867469879518,-0.061841426445453845,0.018555904616244335,0.0,0.0,0.0017646101011545622,31.916666666666668
B1b_top20_long,H0,C25,83,0.024177871733493984,-0.04103040420360208,0.47113482975026433,0.17650674985724607,0.40963855421686746,-0.5297243932507685,36,-0.05441351477411872,-0.10095081515015863,-1.2265900624931556,-0.7624168718538309,0.3055555555555556,-0.4167531883013803,0.05567437203236015,0.030837742453957755,0.0,0.0,0.0006587578449084113,39.86746987951807,-0.03363274086764542,0.019016163805318734,0.0,0.0,0.0017646101011545622,63.44444444444444
B1c_top10_long_BACK,H0,C25,83,0.013113748870490037,-0.02798912016719329,0.34119478214489557,0.12484735792165479,0.37349397590361444,-0.33879579239145136,36,-0.03641112434537312,-0.0748068918263553,-1.3709498970311358,-0.8151725046919013,0.3333333333333333,-0.27219285451027303,0.03159683784137403,0.017824331125975583,0.0,0.0,0.0006587578449084113,10.325301204819278,-0.02262391928466134,0.012022594959557233,0.0,0.0,0.0017646101011545622,25.61111111111111
B1_LOUavg_long,H0,C25,83,0.03515859178545277,-0.06571665380855363,0.5949334337204971,0.23521247972878473,0.3855421686746988,-0.37570548246694047,36,-0.05959006211265608,-0.1156751674912322,-1.8623286341882184,-1.029246037490581,0.3888888888888889,-0.32445542393142585,0.07263357090581134,0.03681622127545014,0.0,0.0,0.0006587578449084113,196.3012048192771,-0.023246430351123035,0.034579021660378476,0.0,0.0,0.0017646101011545622,314.27777777777777
B1x_contrast_rankP_keepLOU_top10,H0,C25,83,0.015920595085956217,-0.041677741034414295,0.2932476037378349,0.11069504433930286,0.39759036144578314,-0.5424593573458456,36,-0.05816202078460867,-0.09397238265719049,-1.2262537792116635,-0.7772497150774834,0.25,-0.47216942103973225,0.04694180851408851,0.030362455583223882,0.0,0.0,0.0006587578449084113,30.759036144578314,-0.037483434669011044,0.018913976014443088,0.0,0.0,0.0017646101011545622,53.52777777777778
B2_SPY_vega,H0,C25,83,0.019843498607684997,-0.0007441911529063988,0.7672481142984471,0.2675113580813434,0.4819277108433735,-0.43740623555208547,36,-0.042269020468928664,-0.06351162024267394,-0.8423220018904677,-0.5247394881682593,0.3888888888888889,-0.7491105236859936,0.05496063348112515,0.034458377028531745,0.0,0.0,0.0006587578449084113,20.16867469879518,-0.01900391970035708,0.021500490667417008,0.0,0.0,0.0017646101011545622,31.916666666666668
B2_SPY_gamma,H0,C25,83,0.026332172220617955,-0.024558088654454125,0.7002056883284989,0.2505133603389276,0.4578313253012048,-0.5506247912605357,36,-0.05993329520414633,-0.08528076034377888,-1.3530678506045837,-0.845055881705472,0.3611111111111111,-0.5532003617132302,0.05949235473926598,0.032501424673739635,0.0,0.0,0.0006587578449084113,20.16867469879518,-0.03832723503219922,0.01984145007079255,0.0,0.0,0.0017646101011545622,31.916666666666668
B2_SPY_premium,H0,C25,83,-0.012282806826716496,0.09987540098238147,-0.16210802110534905,-0.058784072778201815,0.5542168674698795,-4.014720917413394,36,0.0015049689764214955,0.0770217099769461,0.014474879943812045,0.00860699212792594,0.5555555555555556,-1.4222554632904016,0.028579435250572754,0.04020348423238081,0.0,0.0,0.0006587578449084113,20.16867469879518,0.029791257873843895,0.026521678796267836,0.0,0.0,0.0017646101011545622,31.916666666666668
B2_SPY_eqrisk,H0,C25,83,0.00734024167107388,0.0027340288410093597,0.27591104648383596,0.09242624048342465,0.5180722891566265,-0.6905040558753908,36,-0.04032848609321563,-0.06888515911391224,-0.6542102859456399,-0.4105636689073367,0.3888888888888889,-0.9311659972009356,0.04342363973941133,0.03542464022342903,0.0,0.0,0.0006587578449084113,20.16867469879518,-0.016025084285804975,0.022538791706256087,0.0,0.0,0.0017646101011545622,31.916666666666668
B2_IWM_vega,H0,C25,83,0.03065046373669921,0.04769980750885944,0.8370221194640135,0.3095678449665448,0.5542168674698795,-1.020353957119595,36,-0.03526531491870714,-0.08603722015446752,-0.5512460278592428,-0.3907407377214715,0.3888888888888889,-0.9058812820631802,0.06847629243789716,0.037167070856289536,0.0,0.0,0.0006587578449084113,20.16867469879518,-0.01153652931885257,0.021964175498700004,0.0,0.0,0.0017646101011545622,31.916666666666668
B2_IWM_gamma,H0,C25,83,0.03548605238440659,0.01927984865836723,0.9197002475639164,0.35559244730483974,0.5180722891566265,-0.800607371217044,36,-0.04222871529326794,-0.07444730089922054,-0.8346919589112045,-0.5735937800862396,0.3611111111111111,-0.6023313085085397,0.07088295090673959,0.034738140677424596,0.0,0.0,0.0006587578449084113,20.16867469879518,-0.019884824846489697,0.020579280345623667,0.0,0.0,0.0017646101011545622,31.916666666666668
B2_IWM_premium,H0,C25,83,0.004407590994038691,0.10129090443089647,0.04812423887639171,0.017015144061196252,0.5421686746987951,-5.483575525525986,36,-0.017629985670668678,0.028432864990716712,-0.15755329895698644,-0.10583097771528212,0.5277777777777778,-1.5700527325185338,0.04814776742434864,0.04308141858540154,0.0,0.0,0.0006587578449084113,20.16867469879518,0.009556740417211365,0.025422115986725495,0.0,0.0,0.0017646101011545622,31.916666666666668
B2_IWM_eqrisk,H0,C25,83,0.01568544058145146,0.017093463926411333,0.4701549130908142,0.16138534479301977,0.5301204819277109,-1.0400339475817937,36,-0.04989596341676071,-0.08492642864153689,-0.8270072658913427,-0.5861102683668643,0.3888888888888889,-0.8272697910204474,0.05320780582629927,0.03686360739993941,0.0,0.0,0.0006587578449084113,20.16867469879518,-0.02614234301412123,0.02198901030148492,0.0,0.0,0.0017646101011545622,31.916666666666668
B3_sector_vega,H0,C25,83,-0.0027367256045484575,-0.01249606448052942,-0.12811387709166447,-0.0407039545749063,0.4939759036144578,-0.5635883849464288,36,-0.07210373385611955,-0.09323250618309015,-1.5793475894746454,-1.056247053507914,0.3611111111111111,-0.6551007292931772,0.0441244156470849,0.04620238340672494,0.0,0.0,0.0006587578449084113,20.16867469879518,-0.04213941020875051,0.028199713546214453,0.0,0.0,0.0017646101011545622,31.916666666666668
B3_sector_gamma,H0,C25,83,0.014542112985118042,-0.01751631442842788,0.467290650024541,0.15734071415371575,0.4457831325301205,-0.5221048369364901,36,-0.07172855835065435,-0.09111475364963212,-1.7097530994066126,-1.0955310024866105,0.3055555555555556,-0.5555066433059945,0.055253161002418075,0.040052290172391626,0.0,0.0,0.0006587578449084113,20.16867469879518,-0.046186236828420824,0.023777711421078946,0.0,0.0,0.0017646101011545622,31.916666666666668
B3_sector_premium,H0,C25,83,-0.04606371764237225,0.09889966008933013,-0.7682210997169462,-0.2811900384776477,0.5301204819277109,-3.4183163985347758,36,-0.07802684971214763,0.016673313712250892,-1.0443725985350196,-0.636507992044105,0.5,-1.1916401202137719,0.015121811151545506,0.06052677094900932,0.0,0.0,0.0006587578449084113,20.16867469879518,-0.03703814586530744,0.03922409374568561,0.0,0.0,0.0017646101011545622,31.916666666666668
B3_sector_eqrisk,H0,C25,83,-0.009550213736754005,0.014534600894328838,-0.44367320514974184,-0.14404525647539781,0.5301204819277109,-0.5740453484882402,36,-0.08009439543750017,-0.05960515321032812,-1.6419405374440617,-1.0938147251332548,0.3333333333333333,-0.6735836105521456,0.0366948276898977,0.0455862835817433,0.0,0.0,0.0006587578449084113,20.16867469879518,-0.04943978615538064,0.02888999918096498,0.0,0.0,0.0017646101011545622,31.916666666666668
B4_LOUavg_vega,H0,C25,83,-0.05959502769285177,-0.05690592521302412,-3.368245807385066,-1.1451107956364335,0.27710843373493976,-0.5233392821039459,36,-0.08888117878418157,-0.12288017072085619,-3.0149071479264657,-1.7747853900526,0.25,-0.31082172562764837,-0.0013391350582585499,0.05759713478968482,0.0,0.0,0.0006587578449084113,20.16867469879518,-0.04732664822000006,0.039789920463026957,0.0,0.0,0.0017646101011545622,31.916666666666668
B5a_Q5_vs_Q4,H0,C25,83,-0.07923531731380773,-0.06090009352511128,-4.078071373082302,-1.4735651096325686,0.3132530120481928,-1.0055690994340216,36,-0.0755967408903517,-0.07613194247407659,-2.9914055810244875,-1.8914020008645607,0.25,-0.36833204826698346,-0.022866431104005002,0.05571012836489433,0.0,0.0,0.0006587578449084113,39.626506024096386,-0.036667072137468545,0.0371650586517286,0.0,0.0,0.0017646101011545622,63.25
B5b_Q5_vs_Q3,H0,C25,83,-0.05980533516271458,-0.03883572293608929,-3.3665653668051885,-1.1928132310192843,0.39759036144578314,-0.38321355203361623,36,-0.05929090374684879,-0.03957503175768529,-2.293644139197417,-1.3427898851197388,0.3055555555555556,-0.42359734233360424,-0.0021801929306826035,0.056966384387123564,0.0,0.0,0.0006587578449084113,39.626506024096386,-0.018011652483840918,0.039514641161853326,0.0,0.0,0.0017646101011545622,63.25
B5c_D10_vs_D5D6,H0,C25,83,-0.05344905579988421,-0.0853282261885925,-2.543204429319346,-0.8418554734171225,0.3614457831325301,-0.553059405243271,36,-0.0895868500027263,-0.0990418619752557,-2.9918570056907945,-1.7404017573006396,0.3333333333333333,-0.44775035899214277,0.00282889725885423,0.05561919521383002,0.0,0.0,0.0006587578449084113,20.16867469879518,-0.04983496734662905,0.03798727255494267,0.0,0.0,0.0017646101011545622,31.916666666666668
B5d_top5_vs_LOUavg,H0,C25,83,-0.048201260045524344,-0.05489578094583652,-2.0782288279423495,-0.7675747778232089,0.43373493975903615,-0.6007320066532562,36,-0.08261179028895799,-0.08330696257564806,-2.443348716365474,-1.4454281259354758,0.25,-0.39966344744546595,0.00927910154839723,0.056821603749013155,0.0,0.0,0.0006587578449084113,10.349397590361447,-0.04083836697329909,0.04000881321450434,0.0,0.0,0.0017646101011545622,16.166666666666668
B1a_top10_long,H0,C50,83,0.008474003732417058,-0.07313713872842491,0.15453433784490536,0.0571961889610687,0.37349397590361444,-0.6660920824175381,36,-0.09419823200810443,-0.16082682183133384,-2.0423066250288935,-1.2572518224290188,0.3055555555555556,-0.4636804906734511,0.058267844228249904,0.04913508265092445,0.0,0.0,0.0006587578449084113,20.16867469879518,-0.061841426445453845,0.030592195461496028,0.0,0.0,0.0017646101011545622,31.916666666666668
B1b_top20_long,H0,C50,83,0.0058331346014223314,-0.057824679918317655,0.11505650537661667,0.04304466163242672,0.37349397590361444,-0.541088263424593,36,-0.06688626891310631,-0.11255061299640144,-1.507765682818771,-0.9383885728903422,0.3055555555555556,-0.42838492199012557,0.05567437203236015,0.049182479586029414,0.0,0.0,0.0006587578449084113,39.86746987951807,-0.03363274086764542,0.03148891794430633,0.0,0.0,0.0017646101011545622,63.44444444444444
B1c_top10_long_BACK,H0,C50,83,0.0003557493424237003,-0.040539257352767206,0.009356498065578867,0.0034211272222007486,0.3373493975903614,-0.3472210948408812,36,-0.04600120301942552,-0.08145240713939952,-1.7398310780076363,-1.0379153983271676,0.3333333333333333,-0.2805688974492738,0.03159683784137403,0.03058233065404192,0.0,0.0,0.0006587578449084113,10.325301204819278,-0.02262391928466134,0.021612673633609622,0.0,0.0,0.0017646101011545622,25.61111111111111
B1_LOUavg_long,H0,C50,83,0.014236944057852342,-0.08056008034678863,0.2441627035053057,0.09652583456849965,0.3614457831325301,-0.3929090866048014,36,-0.0791893403599583,-0.13348366103988654,-2.484405615920149,-1.3747896774631212,0.3611111111111111,-0.34161128627197446,0.07263357090581134,0.05773786900305059,0.0,0.0,0.0006587578449084113,196.3012048192771,-0.023246430351123035,0.0541782999076807,0.0,0.0,0.0017646101011545622,314.27777777777777
B1x_contrast_rankP_keepLOU_top10,H0,C50,83,-0.0024298237340411215,-0.06533528675001501,-0.04526144907092811,-0.017050563994424967,0.3614457831325301,-0.5513567286834448,36,-0.07056817780554832,-0.10493923679623147,-1.488307527929112,-0.94452222595483,0.25,-0.4855040160464407,0.04694180851408851,0.048712874403221224,0.0,0.0,0.0006587578449084113,30.759036144578314,-0.037483434669011044,0.03132013303538275,0.0,0.0,0.0017646101011545622,53.52777777777778
B2_SPY_vega,H0,C50,83,-0.0007917149969945076,-0.026949289694614735,-0.030724606957153847,-0.010727509683742134,0.43373493975903615,-0.44998476768214934,36,-0.0566316624349202,-0.07929888755416992,-1.1338173262154347,-0.7063900804515926,0.3888888888888889,-0.7613518871643663,0.05496063348112515,0.055093590633211266,0.0,0.0,0.0006587578449084113,20.16867469879518,-0.01900391970035708,0.03586313263340857,0.0,0.0,0.0017646101011545622,31.916666666666668
B2_SPY_gamma,H0,C50,83,0.006793353014829527,-0.03931891327222682,0.1827024845071396,0.06526944391687034,0.43373493975903615,-0.5603573965329328,36,-0.07299155225664727,-0.09684282613379512,-1.656418225214381,-1.0346996996639195,0.3611111111111111,-0.5647941120799616,0.05949235473926598,0.052040243879528054,0.0,0.0,0.0006587578449084113,20.16867469879518,-0.03832723503219922,0.032899707123293515,0.0,0.0,0.0017646101011545622,31.916666666666668
B2_SPY_premium,H0,C50,83,-0.03614774791902695,0.08683724015101796,-0.4740159614583976,-0.17191577811927863,0.5542168674698795,-4.075144243712786,36,-0.016769570677631924,0.05507225965002851,-0.16082417540867033,-0.0957822804217415,0.5555555555555556,-1.4367220175630298,0.028579435250572754,0.06406842532469129,0.0,0.0,0.0006587578449084113,20.16867469879518,0.029791257873843895,0.04479621845032123,0.0,0.0,0.0017646101011545622,31.916666666666668
B2_SPY_eqrisk,H0,C50,83,-0.013836872093304958,-0.019415625349394717,-0.518147561447367,-0.1737995805423951,0.4578313253012048,-0.7162833356294152,36,-0.05548390134286819,-0.08196260106169392,-0.9023288242336033,-0.5662559622336356,0.3888888888888889,-0.9440091748501871,0.04342363973941133,0.05660175398780788,0.0,0.0,0.0006587578449084113,20.16867469879518,-0.016025084285804975,0.03769420695590864,0.0,0.0,0.0017646101011545622,31.916666666666668
B2_IWM_vega,H0,C50,83,0.008608260916993406,0.026279581938951285,0.23483905863793955,0.08682538180561332,0.5180722891566265,-1.0459775494479526,36,-0.049392662462751626,-0.09866320821775215,-0.7757000228813544,-0.5478958342984339,0.3333333333333333,-0.9326288620046734,0.06847629243789716,0.05920927367599535,0.0,0.0,0.0006587578449084113,20.16867469879518,-0.01153652931885257,0.03609152304274448,0.0,0.0,0.0017646101011545622,31.916666666666668
B2_IWM_gamma,H0,C50,83,0.014815443228051825,0.004720009711365534,0.38875586236234794,0.15010212528383401,0.5060240963855421,-0.8251947374780957,36,-0.055503205326798054,-0.08690775805437034,-1.1052609896193322,-0.7574898832959325,0.3611111111111111,-0.6266769435707775,0.07088295090673959,0.055408749833779365,0.0,0.0,0.0006587578449084113,20.16867469879518,-0.019884824846489697,0.03385377037915376,0.0,0.0,0.0017646101011545622,31.916666666666668
B2_IWM_premium,H0,C50,83,-0.021032355341374494,0.06842299899730199,-0.22682147419582663,-0.0803039898594269,0.5421686746987951,-5.6226513901186514,36,-0.03389378722184371,0.013727469146918117,-0.3032345994198764,-0.20315056701197795,0.5277777777777778,-1.6020558003643333,0.04814776742434864,0.06852136492081473,0.0,0.0,0.0006587578449084113,20.16867469879518,0.009556740417211365,0.04168591753790054,0.0,0.0,0.0017646101011545622,31.916666666666668
B2_IWM_eqrisk,H0,C50,83,-0.006279175804478716,-0.006958756037981166,-0.18685348451556602,-0.06418908601258735,0.4939759036144578,-1.0657427312434185,36,-0.06404600961497409,-0.09756328303348644,-1.065795330751851,-0.7522610806258495,0.3333333333333333,-0.8533953301620368,0.05320780582629927,0.058828223785869584,0.0,0.0,0.0006587578449084113,20.16867469879518,-0.02614234301412123,0.03613905649969828,0.0,0.0,0.0017646101011545622,31.916666666666668
B3_sector_vega,H0,C50,83,-0.030057859159843915,-0.03843964203414079,-1.3976257996028225,-0.4481644055051296,0.42168674698795183,-0.5949398109101783,36,-0.09072866422309085,-0.10723516009353395,-1.9862327997771878,-1.3307549429520495,0.3333333333333333,-0.6746251337632513,0.0441244156470849,0.07352351696202039,0.0,0.0,0.0006587578449084113,20.16867469879518,-0.04213941020875051,0.04682464391318578,0.0,0.0,0.0017646101011545622,31.916666666666668
B3_sector_gamma,H0,C50,83,-0.009289814697828568,-0.04321710610836405,-0.3032575149800101,-0.10165147843766575,0.39759036144578314,-0.533079590683986,36,-0.08723487660619335,-0.10569536373514188,-2.0777100133327604,-1.334931426978456,0.2777777777777778,-0.5708523130174397,0.055253161002418075,0.06388421785533824,0.0,0.0,0.0006587578449084113,20.16867469879518,-0.046186236828420824,0.03928402967661793,0.0,0.0,0.0017646101011545622,31.916666666666668
B3_sector_premium,H0,C50,83,-0.08152721360057236,0.07091732528654432,-1.3340648284189147,-0.49153304537443715,0.5180722891566265,-3.512635244309634,36,-0.1046194189920655,-0.0017105622151174739,-1.3996058836999532,-0.8494660917383249,0.5,-1.2443873390746172,0.015121811151545506,0.09599026690720942,0.0,0.0,0.0006587578449084113,20.16867469879518,-0.03703814586530744,0.0658166630256035,0.0,0.0,0.0017646101011545622,31.916666666666668
B3_sector_eqrisk,H0,C50,83,-0.03652660493407765,-0.017611913533903827,-1.6879346641977833,-0.5521091313528999,0.43373493975903615,-0.6158310203106294,36,-0.09940882550008497,-0.07913645561254945,-2.040599648137113,-1.3580799981227105,0.3333333333333333,-0.6946107481223134,0.0366948276898977,0.07256267477906696,0.0,0.0,0.0006587578449084113,20.16867469879518,-0.04943978615538064,0.04820442924354976,0.0,0.0,0.0017646101011545622,31.916666666666668
B4_LOUavg_vega,H0,C50,83,-0.09895190600811109,-0.09495884659125181,-5.548008205262337,-1.920147727915107,0.1566265060240964,-0.5823843374020978,36,-0.11879799341734887,-0.14957379016910144,-4.0456268774147155,-2.3597111969067806,0.19444444444444445,-0.35906113295092923,-0.0013391350582585499,0.09695401310494414,0.0,0.0,0.0006587578449084113,20.16867469879518,-0.04732664822000006,0.06970673509619425,0.0,0.0,0.0017646101011545622,31.916666666666668
B5a_Q5_vs_Q4,H0,C50,83,-0.11626809492814165,-0.10119737477689165,-6.006950291223963,-2.18127833241059,0.24096385542168675,-1.0541900702364657,36,-0.10277734668399709,-0.10215283421474833,-4.004787083776533,-2.537285354949042,0.2222222222222222,-0.42881846235392374,-0.022866431104005002,0.09274290597922824,0.0,0.0,0.0006587578449084113,39.626506024096386,-0.036667072137468545,0.06434566444537398,0.0,0.0,0.0017646101011545622,63.25
B5b_Q5_vs_Q3,H0,C50,83,-0.09819431059423808,-0.08549135651666173,-5.313324121556333,-1.9448512748931814,0.30120481927710846,-0.41998284415544224,36,-0.08867486873617333,-0.07216108209165345,-3.367751020629686,-1.9827275579474983,0.2777777777777778,-0.4503380676041238,-0.0021801929306826035,0.09535535981864707,0.0,0.0,0.0006587578449084113,39.626506024096386,-0.018011652483840918,0.06889860615117785,0.0,0.0,0.0017646101011545622,63.25
B5c_D10_vs_D5D6,H0,C50,83,-0.09111750467518422,-0.11960625357479557,-4.249780015021053,-1.4385245416649546,0.30120481927710846,-0.583033488497787,36,-0.1176606045676068,-0.12546751321110136,-3.9043793480164557,-2.268262582488283,0.19444444444444445,-0.4715727816785559,0.00282889725885423,0.09328764408913001,0.0,0.0,0.0006587578449084113,20.16867469879518,-0.04983496734662905,0.06606102711982315,0.0,0.0,0.0017646101011545622,31.916666666666668
B5d_top5_vs_LOUavg,H0,C50,83,-0.08673130641178191,-0.09092234233807674,-3.703957762186965,-1.3855229857227382,0.3132530120481928,-0.6387224552093481,36,-0.1120420081073297,-0.10314682983764542,-3.3592605435184786,-1.9568540116912907,0.25,-0.4236827021896395,0.00927910154839723,0.0953516501152707,0.0,0.0,0.0006587578449084113,10.349397590361447,-0.04083836697329909,0.06943903103287606,0.0,0.0,0.0017646101011545622,16.166666666666668
B1a_top10_long,H0,C100,83,-0.028504569140477363,-0.11344608175087487,-0.529183552518152,-0.1952960643780914,0.3373493975903614,-0.6849587194480782,36,-0.11827081369860777,-0.18456832394210743,-2.5696485826055375,-1.5838916169210306,0.2777777777777778,-0.481959315206286,0.058267844228249904,0.08611365552381886,0.0,0.0,0.0006587578449084113,20.16867469879518,-0.061841426445453845,0.05466477715199941,0.0,0.0,0.0017646101011545622,31.916666666666668
B1b_top20_long,H0,C100,83,-0.030856339662720986,-0.0916763329655337,-0.6236847908187986,-0.23268356254093153,0.3614457831325301,-0.563816003772242,36,-0.09183177719108153,-0.13575020868888707,-2.069157913464679,-1.2911207174356145,0.2777777777777778,-0.45457686231690325,0.05567437203236015,0.08587195385017275,0.0,0.0,0.0006587578449084113,39.86746987951807,-0.03363274086764542,0.05643442622228155,0.0,0.0,0.0017646101011545622,63.44444444444444
B1c_top10_long_BACK,H0,C100,83,-0.02516024971370897,-0.06622011458157319,-0.676315479303565,-0.2469071073379967,0.3253012048192771,-0.36407169973974096,36,-0.0651813603675303,-0.10362557531848846,-2.4826658106816515,-1.4921457069494075,0.2777777777777778,-0.29732098332727536,0.03159683784137403,0.056098329710174595,0.0,0.0,0.0006587578449084113,10.325301204819278,-0.02262391928466134,0.04079283098171441,0.0,0.0,0.0017646101011545622,25.61111111111111
B1_LOUavg_long,H0,C100,83,-0.027606351397348555,-0.11433422905265729,-0.48639531009542447,-0.1922917814261018,0.2891566265060241,-0.4331918305439718,36,-0.11838789685456276,-0.16941361525831214,-3.7409161123775485,-2.07509341074285,0.2777777777777778,-0.3759230109530717,0.07263357090581134,0.09958116445825146,0.0,0.0,0.0006587578449084113,196.3012048192771,-0.023246430351123035,0.09337685640228516,0.0,0.0,0.0017646101011545622,314.27777777777777
B1x_contrast_rankP_keepLOU_top10,H0,C100,83,-0.03913066137403578,-0.0934083138048288,-0.7454686466778696,-0.27968808963552716,0.3132530120481928,-0.5691514713586429,36,-0.09538049184742767,-0.12550393484994316,-2.0119278499129822,-1.2800776563897416,0.25,-0.5121732060598576,0.04694180851408851,0.08541371204321588,0.0,0.0,0.0006587578449084113,30.759036144578314,-0.037483434669011044,0.056132447077262074,0.0,0.0,0.0017646101011545622,53.52777777777778
B2_SPY_vega,H0,C100,83,-0.04206214220635359,-0.061786098154956094,-1.638917714450454,-0.5745510660049791,0.37349397590361444,-0.48156316693589546,36,-0.08535694636690325,-0.11547928988975767,-1.7244983141893693,-1.0742695992599365,0.3611111111111111,-0.7858346141211114,0.05496063348112515,0.09636401784257034,0.0,0.0,0.0006587578449084113,20.16867469879518,-0.01900391970035708,0.0645884165653916,0.0,0.0,0.0017646101011545622,31.916666666666668
B2_SPY_gamma,H0,C100,83,-0.03228428539674736,-0.06739572306875505,-0.8874537449956307,-0.316227215323772,0.3132530120481928,-0.579822607077727,36,-0.09910806636164918,-0.11996695771382765,-2.271537621930358,-1.419276579463389,0.3055555555555556,-0.5879816128134239,0.05949235473926598,0.09111788229110494,0.0,0.0,0.0006587578449084113,20.16867469879518,-0.03832723503219922,0.059016221228295404,0.0,0.0,0.0017646101011545622,31.916666666666668
B2_SPY_premium,H0,C100,83,-0.08387763010364807,0.02975750486935083,-1.0855049889838608,-0.3938344734228704,0.5301204819277109,-4.195990896311577,36,-0.053318649985738535,0.018283861873184912,-0.5082881613433963,-0.3036392934029673,0.5277777777777778,-1.4656551261082855,0.028579435250572754,0.11179830750931236,0.0,0.0,0.0006587578449084113,20.16867469879518,0.029791257873843895,0.08134529775842786,0.0,0.0,0.0017646101011545622,31.916666666666668
B2_SPY_eqrisk,H0,C100,83,-0.056191099622062715,-0.0543507790965925,-2.0819393588455344,-0.7008498345002396,0.40963855421686746,-0.7678418951374644,36,-0.08579473184217318,-0.10811748495725722,-1.4019600725024999,-0.8795218079348551,0.3611111111111111,-0.9696955301486896,0.04342363973941133,0.09895598151656562,0.0,0.0,0.0006587578449084113,20.16867469879518,-0.016025084285804975,0.06800503745521362,0.0,0.0,0.0017646101011545622,31.916666666666668
B2_IWM_vega,H0,C100,83,-0.03547614472241823,-0.03430782392962248,-0.963272156147567,-0.35610937836556095,0.4819277108433735,-1.097224734104668,36,-0.07764735755084054,-0.12391518434432139,-1.2306164132826003,-0.8628243414400555,0.3055555555555556,-0.9861240218876595,0.06847629243789716,0.10329367931540699,0.0,0.0,0.0006587578449084113,20.16867469879518,-0.01153652931885257,0.06434621813083338,0.0,0.0,0.0017646101011545622,31.916666666666668
B2_IWM_gamma,H0,C100,83,-0.026525775084657748,-0.020999128772888526,-0.7127565558135083,-0.2745091384186115,0.4457831325301205,-0.8743694700001994,36,-0.08205218539385822,-0.11182867236466984,-1.6579048461926815,-1.1297525451220922,0.2777777777777778,-0.6753682136952528,0.07088295090673959,0.09674996814648895,0.0,0.0,0.0006587578449084113,20.16867469879518,-0.019884824846489697,0.06040275044621394,0.0,0.0,0.0017646101011545622,31.916666666666668
B2_IWM_premium,H0,C100,83,-0.07191224801220085,0.03270023554725032,-0.756615072483434,-0.26858227783811184,0.5180722891566265,-5.900803119303981,36,-0.0664213903241937,-0.020194618150402084,-0.5955023126275454,-0.3968339325894665,0.4444444444444444,-1.6660619360559314,0.04814776742434864,0.11940125759164112,0.0,0.0,0.0006587578449084113,20.16867469879518,0.009556740417211365,0.0742135206402505,0.0,0.0,0.0017646101011545622,31.916666666666668
B2_IWM_eqrisk,H0,C100,83,-0.050208408576339104,-0.0548934882093576,-1.4680682454699794,-0.5055464553530999,0.4819277108433735,-1.117160298566668,36,-0.09234610201140075,-0.1228369918173855,-1.5486762271850827,-1.0838982310986847,0.3055555555555556,-0.9056464084452152,0.05320780582629927,0.10275745655773,0.0,0.0,0.0006587578449084113,20.16867469879518,-0.02614234301412123,0.06443914889612495,0.0,0.0,0.0017646101011545622,31.916666666666668
B3_sector_vega,H0,C100,83,-0.08470012627043484,-0.09040502896940993,-3.844596116243701,-1.2627660976058688,0.3373493975903614,-0.6576426628376775,36,-0.12797852495703352,-0.13788526892843253,-2.7956047265440787,-1.8794010477743894,0.3055555555555556,-0.7136739427033991,0.0441244156470849,0.12816578407261128,0.0,0.0,0.0006587578449084113,20.16867469879518,-0.04213941020875051,0.08407450464712843,0.0,0.0,0.0017646101011545622,31.916666666666668
B3_sector_gamma,H0,C100,83,-0.05695367006372182,-0.102781279045951,-1.9130286291007308,-0.6365545849486222,0.3373493975903614,-0.5875265201062747,36,-0.1182475131172713,-0.1348565839061613,-2.8087569289587724,-1.8144089779108625,0.2777777777777778,-0.6015436524403297,0.055253161002418075,0.11154807322123146,0.0,0.0,0.0006587578449084113,20.16867469879518,-0.046186236828420824,0.07029666618769591,0.0,0.0,0.0017646101011545622,31.916666666666668
B3_sector_premium,H0,C100,83,-0.15245420551697264,-0.015072199591430814,-2.4007479786060273,-0.8959991767653438,0.4819277108433735,-3.7012729358593512,36,-0.15780455755190126,-0.038478314069854413,-2.1068593752527764,-1.2683724437836759,0.4722222222222222,-1.3498817767963087,0.015121811151545506,0.16691725882360967,0.0,0.0,0.0006587578449084113,20.16867469879518,-0.03703814586530744,0.11900180158543927,0.0,0.0,0.0017646101011545622,31.916666666666668
B3_sector_eqrisk,H0,C100,83,-0.09047938732872499,-0.07322544459058956,-4.101123518165467,-1.3668910147706705,0.3253012048192771,-0.6994023639554078,36,-0.13803768562525456,-0.11819906041699213,-2.8381649033896035,-1.8849818121617319,0.3055555555555556,-0.7366650232626488,0.0366948276898977,0.1265154571737143,0.0,0.0,0.0006587578449084113,20.16867469879518,-0.04943978615538064,0.08683328936871933,0.0,0.0,0.0017646101011545622,31.916666666666668
B4_LOUavg_vega,H0,C100,83,-0.1776656626386297,-0.16976870097033764,-9.505219309988442,-3.4562975620776317,0.12048192771084337,-0.7004744479984014,36,-0.17863162268368346,-0.202961029065592,-6.077222081437583,-3.4837948568973784,0.1111111111111111,-0.49454380024941813,-0.0013391350582585499,0.17566776973546272,0.0,0.0,0.0006587578449084113,20.16867469879518,-0.04732664822000006,0.1295403643625289,0.0,0.0,0.0017646101011545622,31.916666666666668
B5a_Q5_vs_Q4,H0,C100,83,-0.1903336501568095,-0.172516289176284,-9.694169261637002,-3.575366432156206,0.0963855421686747,-1.1514320118413541,36,-0.15713855827128778,-0.1577278173236098,-5.901771352660209,-3.7524349768361906,0.1388888888888889,-0.5497912905278043,-0.022866431104005002,0.16680846120789608,0.0,0.0,0.0006587578449084113,39.626506024096386,-0.036667072137468545,0.11870687603266473,0.0,0.0,0.0017646101011545622,63.25
B5b_Q5_vs_Q3,H0,C100,83,-0.17497226145728503,-0.1733144069825272,-8.60221411381999,-3.354364337145128,0.1566265060240964,-0.5361593630868184,36,-0.14744279871482235,-0.13543907420373652,-5.368906507005491,-3.1942070128951876,0.1111111111111111,-0.5708320018476645,-0.0021801929306826035,0.17213331068169405,0.0,0.0,0.0006587578449084113,39.626506024096386,-0.018011652483840918,0.12766653612982687,0.0,0.0,0.0017646101011545622,63.25
B5c_D10_vs_D5D6,H0,C100,83,-0.16645440242578421,-0.19377305436470316,-7.334382987362342,-2.611113283335977,0.25301204819277107,-0.7011733289381168,36,-0.1738081136973677,-0.17437713525985415,-5.652601239867054,-3.2779514943257793,0.05555555555555555,-0.5428585830723773,0.00282889725885423,0.16862454183973,0.0,0.0,0.0006587578449084113,20.16867469879518,-0.04983496734662905,0.1222085362495841,0.0,0.0,0.0017646101011545622,31.916666666666668
B5d_top5_vs_LOUavg,H0,C100,83,-0.16379139914429702,-0.15515830770477615,-6.732817250401619,-2.6039259561724584,0.1927710843373494,-0.714703352321532,36,-0.17090244374407312,-0.14501811043767673,-5.224854829670809,-2.9534852414220576,0.19444444444444445,-0.5190143958623586,0.00927910154839723,0.1724117428477858,0.0,0.0,0.0006587578449084113,10.349397590361447,-0.04083836697329909,0.12829946666961944,0.0,0.0,0.0017646101011545622,16.166666666666668
B1a_top10_long,H1,GROSS,83,0.05223392909961212,-0.024602569433345055,0.911650272897159,0.33547448714451605,0.4457831325301205,-0.6440061773086976,36,-0.06858030665255505,-0.13882792495310134,-1.4503263719910873,-0.8958203106360677,0.3055555555555556,-0.47155965478391815,0.058267844228249904,0.0,-0.0053751572837293735,0.0,0.0006587578449084113,20.16867469879518,-0.061841426445453845,0.0,-0.004974270105946627,0.0,0.0017646101011545622,31.916666666666668
B1b_top20_long,H1,GROSS,83,0.05040948356726113,-0.019830294784808366,0.9381041519185954,0.34643866331132434,0.46987951807228917,-0.5023249488655542,36,-0.03529265143138035,-0.08379459847716948,-0.7776922716723841,-0.46643168342854935,0.2777777777777778,-0.4165362034408067,0.05567437203236015,0.0,-0.0046061306201906,0.0,0.0006587578449084113,39.86746987951807,-0.03363274086764542,0.0,0.00010469953741964018,0.0,0.0017646101011545622,63.44444444444444
B1c_top10_long_BACK,H1,GROSS,83,0.024468491413291216,-0.04334676765144172,0.594006508156667,0.20932104602757412,0.37349397590361444,-0.3205578030253271,36,-0.02711985655795456,-0.07093193620306712,-0.9058834719432854,-0.5762223252217664,0.3333333333333333,-0.26567378107289413,0.03159683784137403,0.0,-0.00646958858317439,0.0,0.0006587578449084113,10.325301204819278,-0.02262391928466134,0.0,-0.002731327172138669,0.0,0.0017646101011545622,25.61111111111111
B1_LOUavg_long,H1,GROSS,83,0.06691066111456151,-0.03759903077199297,1.0893473280527288,0.42082653255509334,0.40963855421686746,-0.35072797324300914,36,-0.026707521350304013,-0.10213761900612559,-0.8067956461366249,-0.43522360784818986,0.4166666666666667,-0.30810513356137526,0.07263357090581134,0.0,-0.0050641519463414065,0.0,0.0006587578449084113,196.3012048192771,-0.023246430351123035,0.0,-0.0016964808980264212,0.0,0.0017646101011545622,314.27777777777777
B1x_contrast_rankP_keepLOU_top10,H1,GROSS,83,0.04084613078063253,-0.02498825758426878,0.7135169415470327,0.2672237823108484,0.46987951807228917,-0.5256653248030566,36,-0.03920107867404795,-0.09027893429999233,-0.8074574461429173,-0.497912561486468,0.2777777777777778,-0.44631843189866754,0.04694180851408851,0.0,-0.0054369198885475785,0.0,0.0006587578449084113,30.759036144578314,-0.037483434669011044,0.0,4.696609611765564e-05,0.0,0.0017646101011545622,53.52777777777778
B2_SPY_vega,H1,GROSS,83,0.05061091013370788,0.040227164496260924,1.9448234934795403,0.6695365698665624,0.5542168674698795,-0.4614411135386315,36,-0.02567385623263293,-0.04776166187602045,-0.49270786845023445,-0.319555530948163,0.4166666666666667,-0.7146725319005254,0.05496063348112515,0.0,-0.003690965502508862,0.0,0.0006587578449084113,20.16867469879518,-0.01900391970035708,0.0,-0.0049053264311212895,0.0,0.0017646101011545622,31.916666666666668
B2_SPY_gamma,H1,GROSS,83,0.055112499282643626,0.0008897758916895896,1.4267025666553201,0.5046921859020574,0.5060240963855421,-0.5356477968497515,36,-0.04497997608609006,-0.04973207505854853,-0.97401771028218,-0.6268312589135061,0.3333333333333333,-0.5174188895697657,0.05949235473926598,0.0,-0.003721097611713966,0.0,0.0006587578449084113,20.16867469879518,-0.03832723503219922,0.0,-0.00488813095273628,0.0,0.0017646101011545622,31.916666666666668
B2_SPY_premium,H1,GROSS,83,0.023827138881119342,0.130735555233261,0.298360367223293,0.10849174906085567,0.6144578313253012,-4.3707704444517415,36,0.022508235188615406,0.08800888674903994,0.21680782784991529,0.13029838257818574,0.5833333333333334,-1.3924336537148636,0.028579435250572754,0.0,-0.004093538524544969,0.0,0.0006587578449084113,20.16867469879518,0.029791257873843895,0.0,-0.005518412584073884,0.0,0.0017646101011545622,31.916666666666668
B2_SPY_eqrisk,H1,GROSS,83,0.03803053399036574,0.03640692827826227,1.4027007986373603,0.4681829226008348,0.5783132530120482,-0.7428381561662467,36,-0.023036035731969797,-0.04268563389114474,-0.36483576570623505,-0.23676047722018334,0.4166666666666667,-0.897976475378792,0.04342363973941133,0.0,-0.004734347904137172,0.0,0.0006587578449084113,20.16867469879518,-0.016025084285804975,0.0,-0.005246341345010257,0.0,0.0017646101011545622,31.916666666666668
B2_IWM_vega,H1,GROSS,83,0.06630389536993012,0.08820085766384851,1.7573017094686991,0.6665790055992004,0.5662650602409639,-1.1759101475516152,36,-0.017148210073582915,-0.042742391506224,-0.25658184240240844,-0.18965624692083446,0.4166666666666667,-0.8681028209523113,0.06847629243789716,0.0,-0.0015136392230586295,0.0,0.0006587578449084113,20.16867469879518,-0.01153652931885257,0.0,-0.0038470706535757787,0.0,0.0017646101011545622,31.916666666666668
B2_IWM_gamma,H1,GROSS,83,0.06968698337709042,0.07508710569170018,1.751370692390457,0.6798950768906401,0.5542168674698795,-0.7226867368177896,36,-0.025474385671172654,-0.07211687182416823,-0.4768702108956003,-0.3431025129689885,0.3888888888888889,-0.5621957870712134,0.07088295090673959,0.0,-0.0005372096847407602,0.0,0.0006587578449084113,20.16867469879518,-0.019884824846489697,0.0,-0.0038249507235283958,0.0,0.0017646101011545622,31.916666666666668
B2_IWM_premium,H1,GROSS,83,0.04463569619479358,0.1705802417907953,0.47166861061657,0.16842265636230935,0.6024096385542169,-5.66211046310283,36,0.003187185529891735,0.07204834885968198,0.027824354827941405,0.019105454884711652,0.5277777777777778,-1.5374315513029704,0.04814776742434864,0.0,-0.002853313384646661,0.0,0.0006587578449084113,20.16867469879518,0.009556740417211365,0.0,-0.004604944786165081,0.0,0.0017646101011545622,31.916666666666668
B2_IWM_eqrisk,H1,GROSS,83,0.04843481264720284,0.06887593526226077,1.3914007306159892,0.4967801833689495,0.5662650602409639,-1.1984234802614144,36,-0.03269656056133166,-0.07465637964848318,-0.5204969325828297,-0.3856834245080322,0.4166666666666667,-0.7888809130330074,0.05320780582629927,0.0,-0.004114235334188019,0.0,0.0006587578449084113,20.16867469879518,-0.02614234301412123,0.0,-0.004789607446055854,0.0,0.0017646101011545622,31.916666666666668
B3_sector_vega,H1,GROSS,83,0.04310970847391973,0.03952403518038731,2.0216323704853467,0.6280126996457355,0.5662650602409639,-0.5135695660257498,36,-0.043315255496730605,-0.05455690102820726,-0.9251418824826414,-0.6527056695458356,0.3611111111111111,-0.6015552717410837,0.0441244156470849,0.0,-0.0003559493282567465,0.0,0.0006587578449084113,20.16867469879518,-0.04213941020875051,0.0,0.0005887648131744703,0.0,0.0017646101011545622,31.916666666666668
B3_sector_gamma,H1,GROSS,83,0.052027665084695154,0.02335728311690646,1.562329870810285,0.5303256241502295,0.5301204819277109,-0.5180382947522937,36,-0.05003129471574207,-0.07061631439280242,-1.1540678691690311,-0.7632537610758542,0.3055555555555556,-0.5103701430258695,0.055253161002418075,0.0,-0.002566738072814502,0.0,0.0006587578449084113,20.16867469879518,-0.046186236828420824,0.0,-0.002080447786166677,0.0,0.0017646101011545622,31.916666666666668
B3_sector_premium,H1,GROSS,83,0.018096004477317955,0.11885782222572788,0.31986462852055975,0.11432035899084927,0.6024096385542169,-3.1110412794821536,36,-0.032714948669634286,0.06806043255753369,-0.44117111272771287,-0.2776709156148597,0.5277777777777778,-0.9883639888334674,0.015121811151545506,0.0,0.00363295117068085,0.0,0.0006587578449084113,20.16867469879518,-0.03703814586530744,0.0,0.006087807296827726,0.0,0.0017646101011545622,31.916666666666668
B3_sector_eqrisk,H1,GROSS,83,0.035164966788465035,0.01389340198556871,1.642648735076162,0.5212288221587944,0.5662650602409639,-0.6253032442512847,36,-0.05064762766109465,-0.04078169108483646,-1.0160692463033145,-0.722343691210893,0.4166666666666667,-0.617268023054445,0.0366948276898977,0.0,-0.000871103056524262,0.0,0.0006587578449084113,20.16867469879518,-0.04943978615538064,0.0,0.0005567685954405521,0.0,0.0017646101011545622,31.916666666666668
B4_LOUavg_vega,H1,GROSS,83,-0.001787733767720209,4.924017652552237e-05,-0.1005546757378175,-0.03411405490583273,0.5060240963855421,-0.42405965969419723,36,-0.05235282004858963,-0.0711593668531078,-1.6916990663493736,-1.051549338581026,0.3055555555555556,-0.2835257856000521,-0.0013391350582585499,0.0,0.00021015913544676182,0.0,0.0006587578449084113,20.16867469879518,-0.04732664822000006,0.0,-0.00326156172743499,0.0,0.0017646101011545622,31.916666666666668
B5a_Q5_vs_Q4,H1,GROSS,83,-0.023523600889303897,-0.00780173958503781,-1.142951906111524,-0.4316091789830436,0.4457831325301205,-0.9587544768557542,36,-0.035175763932207796,-0.0265818065749266,-1.4206951910395522,-0.8975459673260588,0.3611111111111111,-0.30251912359717636,-0.022866431104005002,0.0,1.5880596095066598e-06,0.0,0.0006587578449084113,39.626506024096386,-0.036667072137468545,0.0,0.003255918306415318,0.0,0.0017646101011545622,63.25
B5b_Q5_vs_Q3,H1,GROSS,83,-0.005077726064113343,0.008991452621589539,-0.2859992931814238,-0.10408187388871185,0.5060240963855421,-0.3298341700572041,36,-0.01918534010354214,-0.0007126560558839432,-0.7385586357877633,-0.41392888474739414,0.5,-0.38217626045905423,-0.0021801929306826035,0.0,-0.0022387752885223316,0.0,0.0006587578449084113,39.626506024096386,-0.018011652483840918,0.0,0.0005909224814533447,0.0,0.0017646101011545622,63.25
B5c_D10_vs_D5D6,H1,GROSS,83,-0.00033906287569297836,-0.012718450684787299,-0.016087843898490738,-0.005428715525136644,0.4578313253012048,-0.4707891538253627,36,-0.05622996685279516,-0.03503254525553347,-1.812110920369354,-1.0854125147443725,0.2777777777777778,-0.3798990441526576,0.00282889725885423,0.0,-0.002509202289638799,0.0,0.0006587578449084113,20.16867469879518,-0.04983496734662905,0.0,-0.004630389405011515,0.0,0.0017646101011545622,31.916666666666668
B5d_top5_vs_LOUavg,H1,GROSS,83,0.010506814993028253,0.012179760754304776,0.46564802486538776,0.17103590842141814,0.5421686746987951,-0.4689946190215912,36,-0.04326951190403408,-0.0689024843358927,-1.1733170887097357,-0.7205545808432562,0.4166666666666667,-0.3591212436774808,0.00927910154839723,0.0,0.0018864712895394536,0.0,0.0006587578449084113,10.349397590361447,-0.04083836697329909,0.0,-0.0006665348295804224,0.0,0.0017646101011545622,16.166666666666668
B1a_top10_long,H1,MID,83,0.03492055153458356,-0.04236641722641591,0.6090631077278731,0.22445338081272073,0.39759036144578314,-0.6654432501376119,36,-0.07786852717549861,-0.14568502202621791,-1.6487101662405172,-1.0184425761628964,0.2777777777777778,-0.47740081516059796,0.058267844228249904,0.012156509778030058,-0.0053751572837293735,0.00515686778699851,0.0006587578449084113,20.16867469879518,-0.061841426445453845,0.006519613770992636,-0.004974270105946627,0.0027686067519509636,0.0017646101011545622,31.916666666666668
B1b_top20_long,H1,MID,83,0.03257534069192194,-0.03466558280585508,0.6074517633432834,0.22472604643661054,0.40963855421686746,-0.5206780426341368,36,-0.044710889743264745,-0.09207535617058402,-0.9860074854494915,-0.591032100965291,0.2777777777777778,-0.4242132784104204,0.05567437203236015,0.012493005321886085,-0.0046061306201906,0.005341137553453114,0.0006587578449084113,39.86746987951807,-0.03363274086764542,0.006543409666331119,0.00010469953741964018,0.0028748286455532717,0.0017646101011545622,63.44444444444444
B1c_top10_long_BACK,H1,MID,83,0.01568384631535578,-0.053061740835477315,0.38204265561276296,0.13494197751630438,0.3614457831325301,-0.3301598171247653,36,-0.0315059496907261,-0.0755409095665359,-1.0522442805590617,-0.670122802850898,0.3333333333333333,-0.26970320005015663,0.03159683784137403,0.005066331597909256,-0.00646958858317439,0.0037183135000261884,0.0006587578449084113,10.325301204819278,-0.02262391928466134,0.002432516285504828,-0.002731327172138669,0.001953576847266719,0.0017646101011545622,25.61111111111111
B1_LOUavg_long,H1,MID,83,0.0452121595457381,-0.06393782656136833,0.7380648299013363,0.2858602161547201,0.3855421686746988,-0.37088298342003495,36,-0.045266683981637995,-0.11863435303257967,-1.3901549603695909,-0.7443527337635234,0.3888888888888889,-0.3246374752774226,0.07263357090581134,0.015894573547849684,-0.0050641519463414065,0.005803928020973711,0.0006587578449084113,196.3012048192771,-0.023246430351123035,0.014979743413076245,-0.0016964808980264212,0.003579419218257734,0.0017646101011545622,314.27777777777777
B1x_contrast_rankP_keepLOU_top10,H1,MID,83,0.023583880414915447,-0.039332720926093794,0.41259410952777764,0.15471411110370722,0.39759036144578314,-0.5443558063611038,36,-0.04856348200677566,-0.0983993622295215,-0.9997780507145787,-0.6169740078707397,0.2777777777777778,-0.4548067392838042,0.04694180851408851,0.012012036763226553,-0.0054369198885475785,0.005250213602490523,0.0006587578449084113,30.759036144578314,-0.037483434669011044,0.0065078189935034135,4.696609611765564e-05,0.0028545843392243243,0.0017646101011545622,53.52777777777778
B2_SPY_vega,H1,MID,83,0.030228468084089733,0.01946537863046536,1.1589770651036457,0.40048963303773477,0.5180722891566265,-0.48077042065331377,36,-0.03614840962398477,-0.05982472630652753,-0.6964378514732756,-0.45243767203400975,0.3888888888888889,-0.722837994869193,0.05496063348112515,0.013823163423852196,-0.003690965502508862,0.0065592786257659685,0.0006587578449084113,20.16867469879518,-0.01900391970035708,0.007137848701425483,-0.0049053264311212895,0.0033367046899263563,0.0017646101011545622,31.916666666666668
B2_SPY_gamma,H1,MID,83,0.0363089071122029,-0.017485978306052488,0.9382068325806264,0.33290883229099894,0.46987951807228917,-0.5584298714640985,36,-0.054772134523018594,-0.05543714791359622,-1.1899603718428673,-0.7670388149713944,0.3055555555555556,-0.524873223286348,0.05949235473926598,0.01296260546795119,-0.003721097611713966,0.005840986702489526,0.0006587578449084113,20.16867469879518,-0.03832723503219922,0.006783193018291595,-0.00488813095273628,0.0030089654186369586,0.0017646101011545622,31.916666666666668
B2_SPY_premium,H1,MID,83,-0.0011538292484371763,0.10305154187021266,-0.014465490545669316,-0.005252463718061409,0.6024096385542169,-4.400927417262121,36,0.009897625583909667,0.07522275187649657,0.09553677406770994,0.05740988041726031,0.5555555555555556,-1.403042548165724,0.028579435250572754,0.016338543140070227,-0.004093538524544969,0.008642424989486322,0.0006587578449084113,20.16867469879518,0.029791257873843895,0.00824713914221454,-0.005518412584073884,0.004363470462491217,0.0017646101011545622,31.916666666666668
B2_SPY_eqrisk,H1,MID,83,0.016883361143073188,0.01349432180055785,0.6220332884178109,0.20787868901762774,0.5542168674698795,-0.7629996668067165,36,-0.033985450795794486,-0.053529421433953346,-0.5397034507128194,-0.35042304672305014,0.4166666666666667,-0.9068027768226821,0.04342363973941133,0.014247526459050143,-0.004734347904137172,0.006899646388242415,0.0006587578449084113,20.16867469879518,-0.016025084285804975,0.007383376456603589,-0.005246341345010257,0.0035660386072210895,0.0017646101011545622,31.916666666666668
B2_IWM_vega,H1,MID,83,0.043669513018370104,0.061967603430109645,1.1597130913819618,0.43892123670375444,0.5542168674698795,-1.199702655537116,36,-0.02880574302192586,-0.05035716140312606,-0.43238856978389323,-0.32012548064682006,0.4166666666666667,-0.8800469288643715,0.06847629243789716,0.015124868036583684,-0.0015136392230586295,0.007509514314976332,0.0006587578449084113,20.16867469879518,-0.01153652931885257,0.007836827954655538,-0.0038470706535757787,0.00382070499368742,0.0017646101011545622,31.916666666666668
B2_IWM_gamma,H1,MID,83,0.048954495071735105,0.0580833929471619,1.2302973839819178,0.47775036639397117,0.5060240963855421,-0.7441704790740629,36,-0.03617942157515709,-0.08122026389561722,-0.6811320163570435,-0.4917656319256996,0.3888888888888889,-0.5730494813767001,0.07088295090673959,0.014067531521069793,-0.0005372096847407602,0.006664956784285521,0.0006587578449084113,20.16867469879518,-0.019884824846489697,0.007304790312093575,-0.0038249507235283958,0.003400245591890845,0.0017646101011545622,31.916666666666668
B2_IWM_premium,H1,MID,83,0.01747372518947975,0.14624295423906938,0.1849260121265028,0.06590899989307772,0.5662650602409639,-5.695436281512859,36,-0.010830366158145812,0.0611949640440285,-0.09457343998099597,-0.06494513144937661,0.5277777777777778,-1.5517614989441322,0.04814776742434864,0.017641472249988306,-0.002853313384646661,0.00952049875532554,0.0006587578449084113,20.16867469879518,0.009556740417211365,0.00915831443555052,-0.004604944786165081,0.004859237252487026,0.0017646101011545622,31.916666666666668
B2_IWM_eqrisk,H1,MID,83,0.026197138362031653,0.05186390203151203,0.7535585675143144,0.26849252482027064,0.5060240963855421,-1.22230332515554,36,-0.044349446666822216,-0.0860269910041592,-0.7073906653451782,-0.5242317983473226,0.3888888888888889,-0.8005426323865635,0.05320780582629927,0.014898991014009181,-0.004114235334188019,0.0073386832711620255,0.0006587578449084113,20.16867469879518,-0.02614234301412123,0.007838964103271577,-0.004789607446055854,0.003813922002218995,0.0017646101011545622,31.916666666666668
B3_sector_vega,H1,MID,83,0.013774358753149293,0.01243796548300731,0.6381572434608075,0.20036985310208016,0.5180722891566265,-0.5445967704475531,36,-0.05805737185581968,-0.06868070188548284,-1.231492293085915,-0.8723293215623923,0.3333333333333333,-0.6140369299822536,0.0441244156470849,0.018881249851429478,-0.0003559493282567465,0.010454099869340962,0.0006587578449084113,20.16867469879518,-0.04213941020875051,0.009574783179243119,0.0005887648131744703,0.005167333179845964,0.0017646101011545622,31.916666666666668
B3_sector_gamma,H1,MID,83,0.027459573685839313,-0.004893628789263261,0.8188575687550318,0.279897008099224,0.4939759036144578,-0.5461174810654212,36,-0.062447760586560395,-0.08282614159349383,-1.434746375207287,-0.9519774563862968,0.3055555555555556,-0.5204802230779864,0.055253161002418075,0.016220362489445007,-0.002566738072814502,0.008347728909410842,0.0006587578449084113,20.16867469879518,-0.046186236828420824,0.008271393165539952,-0.002080447786166677,0.0041450727052783675,0.0017646101011545622,31.916666666666668
B3_sector_premium,H1,MID,83,-0.022306614607522958,0.08215428527347673,-0.39605234859701094,-0.14093290224585311,0.5542168674698795,-3.151152923154543,36,-0.05290266041787586,0.04830974629588135,-0.7083018945217573,-0.447280418571374,0.5277777777777778,-1.0000321641611467,0.015121811151545506,0.025063274990809205,0.00363295117068085,0.015339344094031699,0.0006587578449084113,20.16867469879518,-0.03703814586530744,0.012631524465767714,0.006087807296827726,0.007556187282473871,0.0017646101011545622,31.916666666666668
B3_sector_eqrisk,H1,MID,83,0.006306968463530306,0.007403825518601886,0.29224773297259504,0.09340134591068419,0.5060240963855421,-0.6538928227903591,36,-0.06538559379668724,-0.053423704732797714,-1.3060191903395841,-0.9308568342542846,0.3611111111111111,-0.6298283144878497,0.0366948276898977,0.01860989238441963,-0.000871103056524262,0.010248105940515104,0.0006587578449084113,20.16867469879518,-0.04943978615538064,0.009575569118380175,0.0005567685954405521,0.005162397017212417,0.0017646101011545622,31.916666666666668
B4_LOUavg_vega,H1,MID,83,-0.03016962919508217,-0.027833221853346267,-1.6772252143966082,-0.5726131615627921,0.39759036144578314,-0.4509453778825144,36,-0.0677267542764916,-0.08412907539825303,-2.1889856749474434,-1.3520282277569553,0.2777777777777778,-0.298429201224602,-0.0013391350582585499,0.018240256474425516,0.00021015913544676182,0.01014163895293646,0.0006587578449084113,20.16867469879518,-0.04732664822000006,0.00987310582985964,-0.00326156172743499,0.005500828398042336,0.0017646101011545622,31.916666666666668
B5a_Q5_vs_Q4,H1,MID,83,-0.05258610160992799,-0.03792299861749555,-2.536143879791122,-0.9621163221822205,0.37349397590361444,-0.9925737053926114,36,-0.05083920365577737,-0.04286046358001265,-2.038427847556858,-1.2883376381864622,0.3055555555555556,-0.33841911264276325,-0.022866431104005002,0.018677350750560404,1.5880596095066598e-06,0.010385149970063698,0.0006587578449084113,39.626506024096386,-0.036667072137468545,0.009984452858083208,0.003255918306415318,0.005678986865486373,0.0017646101011545622,63.25
B5b_Q5_vs_Q3,H1,MID,83,-0.03404326560242087,-0.016904379995783276,-1.926735038466797,-0.7010880433638914,0.42168674698795183,-0.3499500043058708,36,-0.03509436612666719,-0.01692684752700037,-1.3400597390547193,-0.7497952273953856,0.4444444444444444,-0.4208758076057833,-0.0021801929306826035,0.01857740895560007,-0.0022387752885223316,0.010388130582707463,0.0006587578449084113,39.626506024096386,-0.018011652483840918,0.010130676172528797,0.0005909224814533447,0.00577834985059625,0.0017646101011545622,63.25
B5c_D10_vs_D5D6,H1,MID,83,-0.028262919569792967,-0.04428948732756875,-1.334894741185674,-0.45179328984764777,0.40963855421686746,-0.5050154046438761,36,-0.07166369806322656,-0.049667693754536175,-2.2974437951294844,-1.3701016700083612,0.25,-0.40688414870189327,0.00282889725885423,0.017950746338530034,-0.002509202289638799,0.00997311035556995,0.0006587578449084113,20.16867469879518,-0.04983496734662905,0.009913517990062189,-0.004630389405011515,0.005520213220369234,0.0017646101011545622,31.916666666666668
B5d_top5_vs_LOUavg,H1,MID,83,-0.017656627358616332,-0.01753859652881324,-0.7820636972313157,-0.28670670765041556,0.4819277108433735,-0.4918967924069772,36,-0.059188470514981405,-0.08131440452552058,-1.6218745464744264,-0.9838387243986344,0.3611111111111111,-0.3724202443875206,0.00927910154839723,0.018291557382755626,0.0018864712895394536,0.009871884968888977,0.0006587578449084113,10.349397590361447,-0.04083836697329909,0.010578595396132628,-0.0006665348295804224,0.005340363214814694,0.0017646101011545622,16.166666666666668
B1a_top10_long,H1,C25,83,0.016431265098136364,-0.0610731965718425,0.28914512185938784,0.10639877606998611,0.37349397590361444,-0.6748765686528819,36,-0.08990481802075033,-0.15471070678711402,-1.905589134662646,-1.17776625703418,0.2777777777777778,-0.48654022742701547,0.058267844228249904,0.030645796214477255,-0.0053751572837293735,0.00515686778699851,0.0006587578449084113,20.16867469879518,-0.061841426445453845,0.018555904616244335,-0.004974270105946627,0.0027686067519509636,0.0017646101011545622,31.916666666666668
B1b_top20_long,H1,C25,83,0.014230603559850286,-0.0557345498973748,0.2685452155093565,0.09918922783945414,0.3614457831325301,-0.5320419128079612,36,-0.057183643882252354,-0.1039754284799277,-1.261345630906323,-0.7568562314387266,0.2777777777777778,-0.43278413178366815,0.05567437203236015,0.030837742453957755,-0.0046061306201906,0.005341137553453114,0.0006587578449084113,39.86746987951807,-0.03363274086764542,0.019016163805318734,0.00010469953741964018,0.0028748286455532717,0.0017646101011545622,63.44444444444444
B1c_top10_long_BACK,H1,C25,83,0.002925846787289462,-0.06507021439137352,0.07198660788243237,0.02540497080251281,0.3132530120481928,-0.3385851195741951,36,-0.04109602836477851,-0.08451497431152967,-1.3774365001153868,-0.8800036266728797,0.3333333333333333,-0.27549886427894543,0.03159683784137403,0.017824331125975583,-0.00646958858317439,0.0037183135000261884,0.0006587578449084113,10.325301204819278,-0.02262391928466134,0.012022594959557233,-0.002731327172138669,0.001953576847266719,0.0017646101011545622,25.61111111111111
B1_LOUavg_long,H1,C25,83,0.024290511818137666,-0.07965293680785299,0.4017719487396905,0.15556205258986336,0.37349397590361444,-0.3863232609931308,36,-0.0648659622289402,-0.13631437061708523,-1.9988858010599828,-1.0723362843749311,0.3611111111111111,-0.3417933376179712,0.07263357090581134,0.03681622127545014,-0.0050641519463414065,0.005803928020973711,0.0006587578449084113,196.3012048192771,-0.023246430351123035,0.034579021660378476,-0.0016964808980264212,0.003579419218257734,0.0017646101011545622,314.27777777777777
B1x_contrast_rankP_keepLOU_top10,H1,C25,83,0.005233461594918126,-0.06457053829081921,0.09256264174002873,0.03463491962977855,0.3493975903614458,-0.553253177698703,36,-0.060969639027715364,-0.11208317272386598,-1.255754148816254,-0.7757504856690455,0.25,-0.46749825213518953,0.04694180851408851,0.030362455583223882,-0.0054369198885475785,0.005250213602490523,0.0006587578449084113,30.759036144578314,-0.037483434669011044,0.018913976014443088,4.696609611765564e-05,0.0028545843392243243,0.0017646101011545622,53.52777777777778
B2_SPY_vega,H1,C25,83,0.009593254479410177,-0.004408980827704082,0.3695277315467534,0.12785949773142957,0.4939759036144578,-0.49334895278337754,36,-0.05051105158997632,-0.07561199361802347,-0.9767741938326054,-0.6349968361460627,0.3888888888888889,-0.7350793583475654,0.05496063348112515,0.034458377028531745,-0.003690965502508862,0.0065592786257659685,0.0006587578449084113,20.16867469879518,-0.01900391970035708,0.021500490667417008,-0.0049053264311212895,0.0033367046899263563,0.0017646101011545622,31.916666666666668
B2_SPY_gamma,H1,C25,83,0.016770087906414446,-0.0321521398283721,0.4384165474293411,0.1552999154782481,0.42168674698795183,-0.5681624767364957,36,-0.06783039157551958,-0.06537728305946644,-1.4797761670209708,-0.9544307254736465,0.3055555555555556,-0.5364669736530792,0.05949235473926598,0.032501424673739635,-0.003721097611713966,0.005840986702489526,0.0006587578449084113,20.16867469879518,-0.03832723503219922,0.01984145007079255,-0.00488813095273628,0.0030089654186369586,0.0017646101011545622,31.916666666666668
B2_SPY_premium,H1,C25,83,-0.025018770340747783,0.07987605855300381,-0.31177982863186504,-0.11323064507499175,0.5903614457831325,-4.461350743561518,36,-0.008376914070143644,0.05682855298807475,-0.08062455670310113,-0.04852986300582603,0.5555555555555556,-1.423310834495211,0.028579435250572754,0.04020348423238081,-0.004093538524544969,0.008642424989486322,0.0006587578449084113,20.16867469879518,0.029791257873843895,0.026521678796267836,-0.005518412584073884,0.004363470462491217,0.0017646101011545622,31.916666666666668
B2_SPY_eqrisk,H1,C25,83,-0.004293752621305706,-0.0066465232266105,-0.15765345575298198,-0.05277372211148767,0.4819277108433735,-0.7887789465607412,36,-0.049140866045446985,-0.0691165710859819,-0.7819856818269875,-0.5078841115998545,0.3888888888888889,-0.9196459544719333,0.04342363973941133,0.03542464022342903,-0.004734347904137172,0.006899646388242415,0.0006587578449084113,20.16867469879518,-0.016025084285804975,0.022538791706256087,-0.005246341345010257,0.0035660386072210895,0.0017646101011545622,31.916666666666668
B2_IWM_vega,H1,C25,83,0.02162731019866427,0.03573570190716259,0.5737224055821221,0.2172054973167064,0.5542168674698795,-1.2253262478654732,36,-0.04293309056597034,-0.06259584529234101,-0.6472385434527131,-0.4776163263858522,0.4166666666666667,-0.9067945088058643,0.06847629243789716,0.037167070856289536,-0.0015136392230586295,0.007509514314976332,0.0006587578449084113,20.16867469879518,-0.01153652931885257,0.021964175498700004,-0.0038470706535757787,0.00382070499368742,0.0017646101011545622,31.916666666666668
B2_IWM_gamma,H1,C25,83,0.028283885915380332,0.03600193577881497,0.7197301170622434,0.27922107911006666,0.5060240963855421,-0.7687578453351149,36,-0.04945391160868719,-0.09153008752450655,-0.9372261211305525,-0.6752226702746109,0.3888888888888889,-0.5973951164389376,0.07088295090673959,0.034738140677424596,-0.0005372096847407602,0.006664956784285521,0.0006587578449084113,20.16867469879518,-0.019884824846489697,0.020579280345623667,-0.0038249507235283958,0.003400245591890845,0.0017646101011545622,31.916666666666668
B2_IWM_premium,H1,C25,83,-0.007966221145933502,0.12187842353563218,-0.08328162753269538,-0.029722432356906206,0.5542168674698795,-5.834512146105524,36,-0.027094167709320792,0.04646480996245904,-0.2368614553360756,-0.1622216982512553,0.5277777777777778,-1.5837645667899307,0.04814776742434864,0.04308141858540154,-0.002853313384646661,0.00952049875532554,0.0006587578449084113,20.16867469879518,0.009556740417211365,0.025422115986725495,-0.004604944786165081,0.004859237252487026,0.0017646101011545622,31.916666666666668
B2_IWM_eqrisk,H1,C25,83,0.004232521976101436,0.027896535945823846,0.12083985978832598,0.04311271993851659,0.5060240963855421,-1.248012108817164,36,-0.058499492865035564,-0.1014377255438484,-0.9366239313163787,-0.691366609181228,0.3888888888888889,-0.8266681715281526,0.05320780582629927,0.03686360739993941,-0.004114235334188019,0.0073386832711620255,0.0006587578449084113,20.16867469879518,-0.02614234301412123,0.02198901030148492,-0.004789607446055854,0.003813922002218995,0.0017646101011545622,31.916666666666668
B3_sector_vega,H1,C25,83,-0.01354677480214616,-0.0062502888170153145,-0.6290908598386289,-0.1983721847820294,0.4939759036144578,-0.5759481964113028,36,-0.07668230222279104,-0.08294212112893418,-1.6278553107542333,-1.1544800657810654,0.3333333333333333,-0.6335613344523275,0.0441244156470849,0.04620238340672494,-0.0003559493282567465,0.010454099869340962,0.0006587578449084113,20.16867469879518,-0.04213941020875051,0.028199713546214453,0.0005887648131744703,0.005167333179845964,0.0017646101011545622,31.916666666666668
B3_sector_gamma,H1,C25,83,0.0036276460028926917,-0.030077942101991106,0.11000128832062242,0.037408046736278844,0.43373493975903615,-0.5567177117398413,36,-0.0779540788420994,-0.09804228728352635,-1.7905300275781453,-1.190594281311696,0.2777777777777778,-0.5358258927894314,0.055253161002418075,0.040052290172391626,-0.002566738072814502,0.008347728909410842,0.0006587578449084113,20.16867469879518,-0.046186236828420824,0.023777711421078946,-0.002080447786166677,0.0041450727052783675,0.0017646101011545622,31.916666666666668
B3_sector_premium,H1,C25,83,-0.0577701105657231,0.03665593064694393,-1.0058652482618635,-0.36062541033491213,0.5542168674698795,-3.245471768929405,36,-0.07949522969779377,0.029925870368512863,-1.0658217947693747,-0.6694201087354886,0.5277777777777778,-1.052779383021992,0.015121811151545506,0.06052677094900932,0.00363295117068085,0.015339344094031699,0.0006587578449084113,20.16867469879518,-0.03703814586530744,0.03922409374568561,0.006087807296827726,0.007556187282473871,0.0017646101011545622,31.916666666666668
B3_sector_eqrisk,H1,C25,83,-0.020669422733793363,-0.04199269640792365,-0.9600308672102592,-0.30798041808451787,0.46987951807228917,-0.6956784946127481,36,-0.08470002385927206,-0.07180188633891446,-1.6968426121613893,-1.207778110250578,0.3055555555555556,-0.6508554520580174,0.0366948276898977,0.0455862835817433,-0.000871103056524262,0.010248105940515104,0.0006587578449084113,20.16867469879518,-0.04943978615538064,0.02888999918096498,0.0005567685954405521,0.005162397017212417,0.0017646101011545622,31.916666666666668
B4_LOUavg_vega,H1,C25,83,-0.0695265075103415,-0.06392758035461545,-3.9008869422091825,-1.342623640780666,0.27710843373493976,-0.5099904331806663,36,-0.0976435689096589,-0.11149674885103286,-3.157865388221095,-1.9346946991659948,0.19444444444444445,-0.3661705348738464,-0.0013391350582585499,0.05759713478968482,0.00021015913544676182,0.01014163895293646,0.0006587578449084113,20.16867469879518,-0.04732664822000006,0.039789920463026957,-0.00326156172743499,0.005500828398042336,0.0017646101011545622,31.916666666666668
B5a_Q5_vs_Q4,H1,C25,83,-0.08961887922426193,-0.08028769349300752,-4.384502758310639,-1.6642218537893976,0.30120481927710846,-1.0411946761950557,36,-0.07801980944942279,-0.06934308967471799,-3.0857473854237814,-1.9507269848643725,0.25,-0.3989055267297035,-0.022866431104005002,0.05571012836489433,1.5880596095066598e-06,0.010385149970063698,0.0006587578449084113,39.626506024096386,-0.036667072137468545,0.0371650586517286,0.003255918306415318,0.005678986865486373,0.0017646101011545622,63.25
B5b_Q5_vs_Q3,H1,C25,83,-0.07243224103394437,-0.059227230509351705,-3.9803531835224524,-1.487200340972428,0.3373493975903614,-0.38045682690577864,36,-0.06447833111599172,-0.04395458945012026,-2.4087702858057884,-1.358665556429106,0.3055555555555556,-0.48213441373309374,-0.0021801929306826035,0.056966384387123564,-0.0022387752885223316,0.010388130582707463,0.0006587578449084113,39.626506024096386,-0.018011652483840918,0.039514641161853326,0.0005909224814533447,0.00577834985059625,0.0017646101011545622,63.25
B5c_D10_vs_D5D6,H1,C25,83,-0.06593136844509297,-0.07898949994384617,-3.0758515729067843,-1.0593822012267842,0.3253012048192771,-0.5357884151595652,36,-0.09973745262810704,-0.0794763023974773,-3.1633398188761817,-1.8853988475398824,0.19444444444444445,-0.47152315419025675,0.00282889725885423,0.05561919521383002,-0.002509202289638799,0.00997311035556995,0.0006587578449084113,20.16867469879518,-0.04983496734662905,0.03798727255494267,-0.004630389405011515,0.005520213220369234,0.0017646101011545622,31.916666666666668
B5d_top5_vs_LOUavg,H1,C25,83,-0.056186673724873876,-0.04888799944084086,-2.5032043167424978,-0.9213368274866229,0.3855421686746988,-0.5324941920421802,36,-0.08861868833335312,-0.10506371194000381,-2.449341492475399,-1.468673860656823,0.2777777777777778,-0.39643949913169413,0.00927910154839723,0.056821603749013155,0.0018864712895394536,0.009871884968888977,0.0006587578449084113,10.349397590361447,-0.04083836697329909,0.04000881321450434,-0.0006665348295804224,0.005340363214814694,0.0017646101011545622,16.166666666666668
B1a_top10_long,H1,C50,83,-0.0020580213383108335,-0.07936324433249609,-0.03653759503644059,-0.01342532316726102,0.3493975903614458,-0.684309887168152,36,-0.101941108866002,-0.16373639154801017,-2.1625503206973167,-1.337350810906938,0.2222222222222222,-0.4956796396934329,0.058267844228249904,0.04913508265092445,-0.0053751572837293735,0.00515686778699851,0.0006587578449084113,20.16867469879518,-0.061841426445453845,0.030592195461496028,-0.004974270105946627,0.0027686067519509636,0.0017646101011545622,31.916666666666668
B1b_top20_long,H1,C50,83,-0.004114133572221368,-0.07188663020684098,-0.0785714079410949,-0.02897449069711095,0.3493975903614458,-0.5434057829817857,36,-0.06965639802123995,-0.11587550078927139,-1.53657351900179,-0.9229744084977616,0.2777777777777778,-0.44517485148376457,0.05567437203236015,0.049182479586029414,-0.0046061306201906,0.005341137553453114,0.0006587578449084113,39.86746987951807,-0.03363274086764542,0.03148891794430633,0.00010469953741964018,0.0028748286455532717,0.0017646101011545622,63.44444444444444
B1c_top10_long_BACK,H1,C50,83,-0.009832152740776893,-0.08035006964614755,-0.24434887550554046,-0.08615938573872424,0.30120481927710846,-0.34701042202362503,36,-0.050686107038830905,-0.0934890390565234,-1.7040677666020791,-1.0923273919654937,0.3333333333333333,-0.2812945285077341,0.03159683784137403,0.03058233065404192,-0.00646958858317439,0.0037183135000261884,0.0006587578449084113,10.325301204819278,-0.02262391928466134,0.021612673633609622,-0.002731327172138669,0.001953576847266719,0.0017646101011545622,25.61111111111111
B1_LOUavg_long,H1,C50,83,0.0033688640905372206,-0.09482682784794086,0.056461975286279296,0.021855583754227248,0.3253012048192771,-0.40646463296271595,36,-0.08446524047624246,-0.15399438820159084,-2.611316878796215,-1.40353810017255,0.3055555555555556,-0.35894919995851987,0.07263357090581134,0.05773786900305059,-0.0050641519463414065,0.005803928020973711,0.0006587578449084113,196.3012048192771,-0.023246430351123035,0.0541782999076807,-0.0016964808980264212,0.003579419218257734,0.0017646101011545622,314.27777777777777
B1x_contrast_rankP_keepLOU_top10,H1,C50,83,-0.0131169572250792,-0.07722414137806173,-0.23454416827771024,-0.08757323723952436,0.3132530120481928,-0.562150549036302,36,-0.07337579604865502,-0.12377320528978392,-1.511723049175602,-0.9348788284492106,0.25,-0.4801897649865748,0.04694180851408851,0.048712874403221224,-0.0054369198885475785,0.005250213602490523,0.0006587578449084113,30.759036144578314,-0.037483434669011044,0.03132013303538275,4.696609611765564e-05,0.0028545843392243243,0.0017646101011545622,53.52777777777778
B2_SPY_vega,H1,C50,83,-0.011041959125269339,-0.024170518046246297,-0.426856326718583,-0.14795329836924784,0.40963855421686746,-0.5059274849134415,36,-0.06487369355596787,-0.09139926092951944,-1.2590698191172347,-0.8190048590809682,0.3888888888888889,-0.7473207218259383,0.05496063348112515,0.055093590633211266,-0.003690965502508862,0.0065592786257659685,0.0006587578449084113,20.16867469879518,-0.01900391970035708,0.03586313263340857,-0.0049053264311212895,0.0033367046899263563,0.0017646101011545622,31.916666666666668
B2_SPY_gamma,H1,C50,83,-0.002768731299373966,-0.04681830135069166,-0.07321585009329815,-0.025893685845996925,0.40963855421686746,-0.5778950820088928,36,-0.08088864862802053,-0.07559572006931042,-1.7717290455505015,-1.1433776098455635,0.3055555555555556,-0.5480607240198105,0.05949235473926598,0.052040243879528054,-0.003721097611713966,0.005840986702489526,0.0006587578449084113,20.16867469879518,-0.03832723503219922,0.032899707123293515,-0.00488813095273628,0.0030089654186369586,0.0017646101011545622,31.916666666666668
B2_SPY_premium,H1,C50,83,-0.04888371143305825,0.05670057523579519,-0.6054718640220256,-0.21993921708632452,0.5783132530120482,-4.521774069860911,36,-0.02665145372419703,0.0384343540996529,-0.25575254895074306,-0.15419098622771027,0.5277777777777778,-1.4437017653405575,0.028579435250572754,0.06406842532469129,-0.004093538524544969,0.008642424989486322,0.0006587578449084113,20.16867469879518,0.029791257873843895,0.04479621845032123,-0.005518412584073884,0.004363470462491217,0.0017646101011545622,31.916666666666668
B2_SPY_eqrisk,H1,C50,83,-0.025470866385684538,-0.026787368253778896,-0.9310864044470537,-0.3122918096130554,0.4578313253012048,-0.8145582263147655,36,-0.06429628129509954,-0.08450670873607238,-1.025179619193677,-0.6659725665549947,0.3888888888888889,-0.932489132121185,0.04342363973941133,0.05660175398780788,-0.004734347904137172,0.006899646388242415,0.0006587578449084113,20.16867469879518,-0.016025084285804975,0.03769420695590864,-0.005246341345010257,0.0035660386072210895,0.0017646101011545622,31.916666666666668
B2_IWM_vega,H1,C50,83,-0.00041489262104154755,0.0088475973195684,-0.010984940263963204,-0.004160647792806766,0.5060240963855421,-1.2509498401938308,36,-0.05706043811001482,-0.07483452918155592,-0.8638770051871206,-0.6353179037484629,0.3333333333333333,-0.9335420887473577,0.06847629243789716,0.05920927367599535,-0.0015136392230586295,0.007509514314976332,0.0006587578449084113,20.16867469879518,-0.01153652931885257,0.03609152304274448,-0.0038470706535757787,0.00382070499368742,0.0017646101011545622,31.916666666666668
B2_IWM_gamma,H1,C50,83,0.007613276759025544,0.009205285602359588,0.1961068813281784,0.07601389928654312,0.5060240963855421,-0.7933452115961667,36,-0.06272840164221728,-0.10183991115339586,-1.1965666092900447,-0.860126875505993,0.3611111111111111,-0.6217407515011755,0.07088295090673959,0.055408749833779365,-0.0005372096847407602,0.006664956784285521,0.0006587578449084113,20.16867469879518,-0.019884824846489697,0.03385377037915376,-0.0038249507235283958,0.003400245591890845,0.0017646101011545622,31.916666666666668
B2_IWM_premium,H1,C50,83,-0.033406167481346685,0.09635999390058754,-0.344996693216645,-0.123291006039376,0.5421686746987951,-5.97358801069819,36,-0.0433579692604958,0.03173465588088953,-0.37945864321212497,-0.25918388392346614,0.5277777777777778,-1.6157676346357304,0.04814776742434864,0.06852136492081473,-0.002853313384646661,0.00952049875532554,0.0006587578449084113,20.16867469879518,0.009556740417211365,0.04168591753790054,-0.004604944786165081,0.004859237252487026,0.0017646101011545622,31.916666666666668
B2_IWM_eqrisk,H1,C50,83,-0.017732094409828758,0.003929169860135695,-0.5020052812774933,-0.17937813573439354,0.5060240963855421,-1.2737208924787886,36,-0.07264953906324892,-0.11684846008353751,-1.1674877281776734,-0.8582861109255256,0.3611111111111111,-0.852793710669742,0.05320780582629927,0.058828223785869584,-0.004114235334188019,0.0073386832711620255,0.0006587578449084113,20.16867469879518,-0.02614234301412123,0.03613905649969828,-0.004789607446055854,0.003813922002218995,0.0017646101011545622,31.916666666666668
B3_sector_vega,H1,C50,83,-0.040867908357441605,-0.036562227503522504,-1.8952034206860033,-0.6015008670484405,0.42168674698795183,-0.6072996223750522,36,-0.09530723258976237,-0.09829846283033622,-2.0241494275945042,-1.4371091454604399,0.3055555555555556,-0.6530857389224015,0.0441244156470849,0.07352351696202039,-0.0003559493282567465,0.010454099869340962,0.0006587578449084113,20.16867469879518,-0.04213941020875051,0.04682464391318578,0.0005887648131744703,0.005167333179845964,0.0017646101011545622,31.916666666666668
B3_sector_gamma,H1,C50,83,-0.020204281680053903,-0.05197665336216975,-0.622547605330255,-0.2107033518927721,0.3614457831325301,-0.5673179424142611,36,-0.09346039709763836,-0.11325843297355884,-2.1453849940640186,-1.4295610675616914,0.2222222222222222,-0.5511715625008764,0.055253161002418075,0.06388421785533824,-0.002566738072814502,0.008347728909410842,0.0006587578449084113,20.16867469879518,-0.046186236828420824,0.03928402967661793,-0.002080447786166677,0.0041450727052783675,0.0017646101011545622,31.916666666666668
B3_sector_premium,H1,C50,83,-0.09323360652392321,-0.0073070591408676755,-1.5916086420217714,-0.5748723435383326,0.4939759036144578,-3.3397906147042615,36,-0.10608779897771164,0.011541994441144498,-1.4238505812220579,-0.8894952360452464,0.5,-1.1055266018828374,0.015121811151545506,0.09599026690720942,0.00363295117068085,0.015339344094031699,0.0006587578449084113,20.16867469879518,-0.03703814586530744,0.0658166630256035,0.006087807296827726,0.007556187282473871,0.0017646101011545622,31.916666666666668
B3_sector_eqrisk,H1,C50,83,-0.04764581393111702,-0.06380317762668401,-2.211425485951431,-0.7132287350479016,0.40963855421686746,-0.7374641664351373,36,-0.10401445392185685,-0.0901800679450312,-2.0893253268325096,-1.4849682144715046,0.3055555555555556,-0.6718825896281853,0.0366948276898977,0.07256267477906696,-0.000871103056524262,0.010248105940515104,0.0006587578449084113,20.16867469879518,-0.04943978615538064,0.04820442924354976,0.0005567685954405521,0.005162397017212417,0.0017646101011545622,31.916666666666668
B4_LOUavg_vega,H1,C50,83,-0.10888338582560077,-0.1027435738368017,-6.0979930175564085,-2.1280599197244627,0.1927710843373494,-0.569035488478818,36,-0.1275603835428262,-0.13702492552289589,-4.116915532297639,-2.5021739084414865,0.1388888888888889,-0.43391186852309094,-0.0013391350582585499,0.09695401310494414,0.00021015913544676182,0.01014163895293646,0.0006587578449084113,20.16867469879518,-0.04732664822000006,0.06970673509619425,-0.00326156172743499,0.005500828398042336,0.0017646101011545622,31.916666666666668
B5a_Q5_vs_Q4,H1,C50,83,-0.1266516568385958,-0.11352974669469397,-6.245869030295962,-2.3751620565973695,0.1927710843373494,-1.0898156469974993,36,-0.10520041524306815,-0.09582571576942328,-4.09499246346982,-2.589228064540135,0.25,-0.45939194081664386,-0.022866431104005002,0.09274290597922824,1.5880596095066598e-06,0.010385149970063698,0.0006587578449084113,39.626506024096386,-0.036667072137468545,0.06434566444537398,0.003255918306415318,0.005678986865486373,0.0017646101011545622,63.25
B5b_Q5_vs_Q3,H1,C50,83,-0.11082121646546786,-0.09850374717939679,-5.866427380343271,-2.2527894893760956,0.21686746987951808,-0.4490430002325951,36,-0.09386229610531621,-0.07476057677998761,-3.425538673834202,-1.9472747890089497,0.2777777777777778,-0.5433930198604042,-0.0021801929306826035,0.09535535981864707,-0.0022387752885223316,0.010388130582707463,0.0006587578449084113,39.626506024096386,-0.018011652483840918,0.06889860615117785,0.0005909224814533447,0.00577834985059625,0.0017646101011545622,63.25
B5c_D10_vs_D5D6,H1,C50,83,-0.10359981732039295,-0.11968167593679052,-4.742940012709515,-1.666853113214921,0.26506024096385544,-0.5958912701809872,36,-0.12781120719298752,-0.10928491104041846,-4.00205681874546,-2.384195455328101,0.1388888888888889,-0.5361621596786204,0.00282889725885423,0.09328764408913001,-0.002509202289638799,0.00997311035556995,0.0006587578449084113,20.16867469879518,-0.04983496734662905,0.06606102711982315,-0.004630389405011515,0.005520213220369234,0.0017646101011545622,31.916666666666668
B5d_top5_vs_LOUavg,H1,C50,83,-0.09471672009113143,-0.10218967478899377,-4.212704318274191,-1.5624773321302718,0.3253012048192771,-0.573091591677383,36,-0.1180489061517248,-0.12881301935448697,-3.283455647438433,-1.9465392557064132,0.25,-0.4495634119553765,0.00927910154839723,0.0953516501152707,0.0018864712895394536,0.009871884968888977,0.0006587578449084113,10.349397590361447,-0.04083836697329909,0.06943903103287606,-0.0006665348295804224,0.005340363214814694,0.0017646101011545622,16.166666666666668
B1a_top10_long,H1,C100,83,-0.03903659421120525,-0.11328770898892798,-0.7053229484017884,-0.2584201292239501,0.3132530120481928,-0.7031765241986919,36,-0.12601369055650538,-0.18696400511986216,-2.676047362578989,-1.656935379917966,0.19444444444444445,-0.5139584642262679,0.058267844228249904,0.08611365552381886,-0.0053751572837293735,0.00515686778699851,0.0006587578449084113,20.16867469879518,-0.061841426445453845,0.05466477715199941,-0.004974270105946627,0.0027686067519509636,0.0017646101011545622,31.916666666666668
B1b_top20_long,H1,C100,83,-0.040803607836364705,-0.11475117182813967,-0.7982241809547931,-0.2934160713417123,0.26506024096385544,-0.5661335233294347,36,-0.09460190629921515,-0.13990151399811723,-2.0862016142132878,-1.255830485422042,0.2777777777777778,-0.4706047896247507,0.05567437203236015,0.08587195385017275,-0.0046061306201906,0.005341137553453114,0.0006587578449084113,39.86746987951807,-0.03363274086764542,0.05643442622228155,0.00010469953741964018,0.0028748286455532717,0.0017646101011545622,63.44444444444444
B1c_top10_long_BACK,H1,C100,83,-0.035348151796909554,-0.10662781822654135,-0.8964203916473106,-0.3155257064609619,0.25301204819277107,-0.36386102692248473,36,-0.0698662643869357,-0.10944807428821393,-2.3595939659552516,-1.5234748022067108,0.2222222222222222,-0.2928858569653116,0.03159683784137403,0.056098329710174595,-0.00646958858317439,0.0037183135000261884,0.0006587578449084113,10.325301204819278,-0.02262391928466134,0.04079283098171441,-0.002731327172138669,0.001953576847266719,0.0017646101011545622,25.61111111111111
B1_LOUavg_long,H1,C100,83,-0.03847443136466367,-0.12780043455032328,-0.6621762791156717,-0.25621434617146277,0.26506024096385544,-0.4467473769018864,36,-0.1236637969708469,-0.1918374295054402,-3.8460097227344634,-2.0748930722944876,0.2222222222222222,-0.39326092463961704,0.07263357090581134,0.09958116445825146,-0.0050641519463414065,0.005803928020973711,0.0006587578449084113,196.3012048192771,-0.023246430351123035,0.09337685640228516,-0.0016964808980264212,0.003579419218257734,0.0017646101011545622,314.27777777777777
B1x_contrast_rankP_keepLOU_top10,H1,C100,83,-0.04981779486507387,-0.11398071492401422,-0.9104906706441248,-0.3384954603067336,0.30120481927710846,-0.5799452917115001,36,-0.09818811009053435,-0.14659440283128133,-2.023150949477506,-1.2539370134364742,0.25,-0.5055727906893452,0.04694180851408851,0.08541371204321588,-0.0054369198885475785,0.005250213602490523,0.0006587578449084113,30.759036144578314,-0.037483434669011044,0.056132447077262074,4.696609611765564e-05,0.0028545843392243243,0.0017646101011545622,53.52777777777778
B2_SPY_vega,H1,C100,83,-0.05231238633462842,-0.06337467453330134,-2.0300547078095286,-0.7070145679229213,0.3373493975903614,-0.5310845491735693,36,-0.0935989774879509,-0.1221158376589895,-1.8292441478766925,-1.1909588088238203,0.3611111111111111,-0.7718034487826835,0.05496063348112515,0.09636401784257034,-0.003690965502508862,0.0065592786257659685,0.0006587578449084113,20.16867469879518,-0.01900391970035708,0.0645884165653916,-0.0049053264311212895,0.0033367046899263563,0.0017646101011545622,31.916666666666668
B2_SPY_gamma,H1,C100,83,-0.04184636971095085,-0.08105497567759068,-1.1313821362595804,-0.3989947729887088,0.3493975903614458,-0.5973602925536872,36,-0.10700516273302244,-0.09843126548821951,-2.361574278436343,-1.5255278224680855,0.25,-0.5712482247532729,0.05949235473926598,0.09111788229110494,-0.003721097611713966,0.005840986702489526,0.0006587578449084113,20.16867469879518,-0.03832723503219922,0.059016221228295404,-0.00488813095273628,0.0030089654186369586,0.0017646101011545622,31.916666666666668
B2_SPY_premium,H1,C100,83,-0.09661359361767931,0.015645480171188164,-1.1817976208523815,-0.42949292733909133,0.5421686746987951,-4.642620722459701,36,-0.06320053303230365,0.0016459563228092928,-0.602795103813959,-0.36451713002396063,0.5,-1.4844836270312487,0.028579435250572754,0.11179830750931236,-0.004093538524544969,0.008642424989486322,0.0006587578449084113,20.16867469879518,0.029791257873843895,0.08134529775842786,-0.005518412584073884,0.004363470462491217,0.0017646101011545622,31.916666666666668
B2_SPY_eqrisk,H1,C100,83,-0.06782509391444227,-0.06706905830811571,-2.450464013493727,-0.825881058914096,0.39759036144578314,-0.8661167858228148,36,-0.09460711179440451,-0.1121903780750995,-1.5140674062058326,-0.9837100754296472,0.3611111111111111,-0.9581754874196875,0.04342363973941133,0.09895598151656562,-0.004734347904137172,0.006899646388242415,0.0006587578449084113,20.16867469879518,-0.016025084285804975,0.06800503745521362,-0.005246341345010257,0.0035660386072210895,0.0017646101011545622,31.916666666666668
B2_IWM_vega,H1,C100,83,-0.044499298260453186,-0.04296000266167849,-1.1707545583185843,-0.444012182936713,0.46987951807228917,-1.3021970248505463,36,-0.08531513319810372,-0.09931189695998603,-1.3023588440411393,-0.9510162279149108,0.3055555555555556,-0.9870372486303436,0.06847629243789716,0.10329367931540699,-0.0015136392230586295,0.007509514314976332,0.0006587578449084113,20.16867469879518,-0.01153652931885257,0.06434621813083338,-0.0038470706535757787,0.00382070499368742,0.0017646101011545622,31.916666666666668
B2_IWM_gamma,H1,C100,83,-0.03372794155368402,-0.044388014750551257,-0.8893533014982536,-0.3442191384025571,0.43373493975903615,-0.8425199441182702,36,-0.08927738170927745,-0.12245955841117445,-1.7247547244933938,-1.2337846338928236,0.3333333333333333,-0.6704320216256507,0.07088295090673959,0.09674996814648895,-0.0005372096847407602,0.006664956784285521,0.0006587578449084113,20.16867469879518,-0.019884824846489697,0.06040275044621394,-0.0038249507235283958,0.003400245591890845,0.0017646101011545622,31.916666666666668
B2_IWM_premium,H1,C100,83,-0.08428606015217306,0.05724326653218121,-0.849489867842486,-0.3043788664917208,0.5421686746987951,-6.2517397398835195,36,-0.0758855723628458,0.0011985563469534602,-0.665520448537689,-0.45210558007367907,0.5277777777777778,-1.6797737703273286,0.04814776742434864,0.11940125759164112,-0.002853313384646661,0.00952049875532554,0.0006587578449084113,20.16867469879518,0.009556740417211365,0.0742135206402505,-0.004604944786165081,0.004859237252487026,0.0017646101011545622,31.916666666666668
B2_IWM_eqrisk,H1,C100,83,-0.06166132718168915,-0.04400556231124072,-1.7119466828003809,-0.6139187317214095,0.4819277108433735,-1.3251384598020384,36,-0.10094963145967557,-0.14766992916291588,-1.6339024107006155,-1.1911210435351003,0.3055555555555556,-0.9050447889529203,0.05320780582629927,0.10275745655773,-0.004114235334188019,0.0073386832711620255,0.0006587578449084113,20.16867469879518,-0.02614234301412123,0.06443914889612495,-0.004789607446055854,0.003813922002218995,0.0017646101011545622,31.916666666666668
B3_sector_vega,H1,C100,83,-0.09551017546803253,-0.08720551921840046,-4.3684605557261005,-1.4132489928412195,0.30120481927710846,-0.6700024743025514,36,-0.132557093323705,-0.13076659583830624,-2.8148783933299484,-2.0022507817504125,0.3055555555555556,-0.6921345478625494,0.0441244156470849,0.12816578407261128,-0.0003559493282567465,0.010454099869340962,0.0006587578449084113,20.16867469879518,-0.04213941020875051,0.08407450464712843,0.0005887648131744703,0.005167333179845964,0.0017646101011545622,31.916666666666668
B3_sector_gamma,H1,C100,83,-0.06786813704594716,-0.09528374810932903,-2.1540159377786723,-0.7230605446505928,0.30120481927710846,-0.5885184037631009,36,-0.12447303360871634,-0.14369072435362387,-2.850861724315564,-1.9074361735521375,0.19444444444444445,-0.5818629019237664,0.055253161002418075,0.11154807322123146,-0.002566738072814502,0.008347728909410842,0.0006587578449084113,20.16867469879518,-0.046186236828420824,0.07029666618769591,-0.002080447786166677,0.0041450727052783675,0.0017646101011545622,31.916666666666668
B3_sector_premium,H1,C100,83,-0.16416059844032344,-0.05859765889374136,-2.692801235655187,-0.986784710734095,0.43373493975903615,-3.5284283062539803,36,-0.15927293753754743,-0.02522575741359244,-2.1399660307943207,-1.3227302714049858,0.4444444444444444,-1.2110210396045287,0.015121811151545506,0.16691725882360967,0.00363295117068085,0.015339344094031699,0.0006587578449084113,20.16867469879518,-0.03703814586530744,0.11900180158543927,0.006087807296827726,0.007556187282473871,0.0017646101011545622,31.916666666666668
B3_sector_eqrisk,H1,C100,83,-0.10159859632576433,-0.11053223716840956,-4.666127135856195,-1.5278595593614277,0.3493975903614458,-0.8210355100799157,36,-0.1426433140470264,-0.12693643115726466,-2.877764526366792,-2.038735441217638,0.3055555555555556,-0.7139368647685207,0.0366948276898977,0.1265154571737143,-0.000871103056524262,0.010248105940515104,0.0006587578449084113,20.16867469879518,-0.04943978615538064,0.08683328936871933,0.0005567685954405521,0.005162397017212417,0.0017646101011545622,31.916666666666668
B4_LOUavg_vega,H1,C100,83,-0.18759714245611941,-0.18090515634878915,-10.140024148004574,-3.6913595558273053,0.0963855421686747,-0.6871255990751216,36,-0.1873940128091608,-0.18808127886662201,-5.976066700409386,-3.5774189952826667,0.05555555555555555,-0.5693945358215798,-0.0013391350582585499,0.17566776973546272,0.00021015913544676182,0.01014163895293646,0.0006587578449084113,20.16867469879518,-0.04732664822000006,0.1295403643625289,-0.00326156172743499,0.005500828398042336,0.0017646101011545622,31.916666666666668
B5a_Q5_vs_Q4,H1,C100,83,-0.20071721206726367,-0.18448650151331253,-9.858046888383045,-3.777378859335953,0.08433734939759036,-1.1870575886023875,36,-0.1595616268303589,-0.14080754016240643,-5.981017352911431,-3.782643182599262,0.1111111111111111,-0.5803647689905245,-0.022866431104005002,0.16680846120789608,1.5880596095066598e-06,0.010385149970063698,0.0006587578449084113,39.626506024096386,-0.036667072137468545,0.11870687603266473,0.003255918306415318,0.005678986865486373,0.0017646101011545622,63.25
B5b_Q5_vs_Q3,H1,C100,83,-0.18759916732851484,-0.18692695028703943,-9.062055676667002,-3.667319460361915,0.13253012048192772,-0.6041137133101523,36,-0.15263022608396526,-0.13602155410893926,-5.297652816285251,-3.055471403127562,0.1111111111111111,-0.6659102321150251,-0.0021801929306826035,0.17213331068169405,-0.0022387752885223316,0.010388130582707463,0.0006587578449084113,39.626506024096386,-0.018011652483840918,0.12766653612982687,0.0005909224814533447,0.00577834985059625,0.0017646101011545622,63.25
B5c_D10_vs_D5D6,H1,C100,83,-0.17893671507099296,-0.20100280624481612,-7.759566294068822,-2.8536349043447933,0.1927710843373494,-0.716096980223831,36,-0.18395871632274843,-0.16097177205939295,-5.582556414217245,-3.3238636362952914,0.08333333333333333,-0.6654401706553477,0.00282889725885423,0.16862454183973,-0.002509202289638799,0.00997311035556995,0.0006587578449084113,20.16867469879518,-0.04983496734662905,0.1222085362495841,-0.004630389405011515,0.005520213220369234,0.0017646101011545622,31.916666666666668
B5d_top5_vs_LOUavg,H1,C100,83,-0.1717768128236465,-0.16554999349032576,-7.449694580140126,-2.833957990553891,0.20481927710843373,-0.6542863909477887,36,-0.17690934178846823,-0.17631163418345336,-4.947347846851132,-2.870369227331398,0.1111111111111111,-0.5626997549242243,0.00927910154839723,0.1724117428477858,0.0018864712895394536,0.009871884968888977,0.0006587578449084113,10.349397590361447,-0.04083836697329909,0.12829946666961944,-0.0006665348295804224,0.005340363214814694,0.0017646101011545622,16.166666666666668
B1a_top10_long,H2,GROSS,83,0.03530987485559148,-0.011451877919431301,1.762199056277336,0.695560972774522,0.4819277108433735,-0.37361162458726627,36,-0.010568648068196573,-0.023897574558312686,-0.4351825628491126,-0.2831426326792297,0.3888888888888889,-0.29160214291627495,0.058267844228249904,0.0,-0.022299211527750044,0.0,0.0006587578449084113,20.16867469879518,-0.061841426445453845,0.0,0.053037388478411836,0.0,0.0017646101011545622,31.916666666666668
B1b_top20_long,H2,GROSS,83,0.039113366324152084,0.00364281933597141,2.010713960598919,0.8105924588891635,0.5060240963855421,-0.32275341902939125,36,-0.002932126387147696,-0.008516561461396496,-0.12289854586480978,-0.08168407462361779,0.4722222222222222,-0.281737547854949,0.05567437203236015,0.0,-0.015902247863299662,0.0,0.0006587578449084113,39.86746987951807,-0.03363274086764542,0.0,0.03246522458165229,0.0,0.0017646101011545622,63.44444444444444
B1c_top10_long_BACK,H2,GROSS,83,-2.3693455428649083e-05,-0.03878938003194252,-0.0016066301994068866,-0.0006276032550424728,0.40963855421686746,-0.2105266428322604,36,-0.00068296081639219,-0.01618648424533957,-0.030228009990256627,-0.021048597166353062,0.4166666666666667,-0.2242869578643068,0.03159683784137403,0.0,-0.03096177345189427,0.0,0.0006587578449084113,10.325301204819278,-0.02262391928466134,0.0,0.023705568569423695,0.0,0.0017646101011545622,25.61111111111111
B1_LOUavg_long,H2,GROSS,83,0.024330907822135223,-0.005441602331842783,1.3479036562660394,0.5256662516624416,0.46987951807228917,-0.2873281361497522,36,-0.003022993666251776,-0.005727331022347145,-0.1439946873744886,-0.08690195565888922,0.4444444444444444,-0.2773868051044125,0.07263357090581134,0.0,-0.047643905238767714,0.0,0.0006587578449084113,196.3012048192771,-0.023246430351123035,0.0,0.02198804678602582,0.0,0.0017646101011545622,314.27777777777777
B1x_contrast_rankP_keepLOU_top10,H2,GROSS,83,0.02852597506442561,-0.008769079692809486,1.5503690724131851,0.6049496155134324,0.46987951807228917,-0.3433412461257109,36,-0.007553498392546671,-0.019403754680683734,-0.3047109102259409,-0.20935815301390054,0.4166666666666667,-0.283937045800345,0.04694180851408851,0.0,-0.017757075604754504,0.0,0.0006587578449084113,30.759036144578314,-0.037483434669011044,0.0,0.03169454637761891,0.0,0.0017646101011545622,53.52777777777778
B2_SPY_vega,H2,GROSS,83,0.05431981408741369,0.03707473321450802,3.6560392803327817,1.2995790341343798,0.6746987951807228,-0.25726317646029273,36,0.015727670976959582,0.007715329058906234,0.8568147642228882,0.5396737613428474,0.5555555555555556,-0.23527128609298417,0.05496063348112515,0.0,1.7938451196914642e-05,0.0,0.0006587578449084113,20.16867469879518,-0.01900391970035708,0.0,0.03649620077847123,0.0,0.0017646101011545622,31.916666666666668
B2_SPY_gamma,H2,GROSS,83,0.046407597725389535,0.027944694845273104,2.7603423152423052,1.056695751487936,0.5662650602409639,-0.28870410089875587,36,0.0021559295109572505,-0.017734355613960796,0.1003993554752015,0.06612193497212934,0.4444444444444444,-0.25583812724698957,0.05949235473926598,0.0,-0.012425999168968034,0.0,0.0006587578449084113,20.16867469879518,-0.03832723503219922,0.0,0.04224777464431103,0.0,0.0017646101011545622,31.916666666666668
B2_SPY_premium,H2,GROSS,83,0.06894766031436474,0.09830700699816451,3.0077485800112527,0.9644263991216032,0.6867469879518072,-0.8486303703707765,36,0.05069441146291345,0.07924048216443558,1.8195989386199816,0.9340594689647905,0.6111111111111112,-0.4426139150392975,0.028579435250572754,0.0,0.04102698290870044,0.0,0.0006587578449084113,20.16867469879518,0.029791257873843895,0.0,0.02266776369022414,0.0,0.0017646101011545622,31.916666666666668
B2_SPY_eqrisk,H2,GROSS,83,0.05212876758497811,0.04453765264622294,3.341189776765847,1.1621498124719627,0.6867469879518072,-0.47021740865387135,36,0.020062881697358436,0.011363523975744506,1.1300327313491367,0.6342781140359909,0.5,-0.2161589237362035,0.04342363973941133,0.0,0.009363885690475197,0.0,0.0006587578449084113,20.16867469879518,-0.016025084285804975,0.0,0.03785257608431799,0.0,0.0017646101011545622,31.916666666666668
B2_IWM_vega,H2,GROSS,83,0.06455129384888615,0.0733520162873321,3.610778720926538,1.3126785663216116,0.6144578313253012,-0.31220427311707416,36,0.031541840457517456,0.014747519732543058,1.400340182478569,1.0196382203666825,0.5555555555555556,-0.11513849857337977,0.06847629243789716,0.0,-0.0032662407441025852,0.0,0.0006587578449084113,20.16867469879518,-0.01153652931885257,0.0,0.04484297987752457,0.0,0.0017646101011545622,31.916666666666668
B2_IWM_gamma,H2,GROSS,83,0.05856701617019461,0.04334330922957245,3.314917191103039,1.263421756799355,0.6024096385542169,-0.24310285416713143,36,0.016182206523032292,-0.007910869459117557,0.6832790813371923,0.5008242958666885,0.4166666666666667,-0.1692787522555071,0.07088295090673959,0.0,-0.011657176891636579,0.0,0.0006587578449084113,20.16867469879518,-0.019884824846489697,0.0,0.03783164147067655,0.0,0.0017646101011545622,31.916666666666668
B2_IWM_premium,H2,GROSS,83,0.07718949546170559,0.11381345077030441,3.5342892801285006,1.1069426105205542,0.6746987951807228,-0.5746279772102775,36,0.06749618083340754,0.047108131309541806,2.463409772263997,1.506281460693505,0.6944444444444444,-0.2232740282038681,0.04814776742434864,0.0,0.029700485882265353,0.0,0.0006587578449084113,20.16867469879518,0.009556740417211365,0.0,0.05970405051735074,0.0,0.0017646101011545622,31.916666666666668
B2_IWM_eqrisk,H2,GROSS,83,0.056249685158648546,0.05119863973202507,3.175233028583142,1.1929106511456615,0.5903614457831325,-0.2493664952680204,36,0.02846376638260548,0.02140120057593846,1.2845863740941479,0.9290467429463134,0.5833333333333334,-0.11839644621060612,0.05320780582629927,0.0,0.0037006371772576635,0.0,0.0006587578449084113,20.16867469879518,-0.02614234301412123,0.0,0.05637071949788129,0.0,0.0017646101011545622,31.916666666666668
B3_sector_vega,H2,GROSS,83,0.05365965269801437,0.03331812473183011,3.6585026176876494,1.3718961381715016,0.6506024096385542,-0.3714481081297165,36,0.009023047249626335,-0.010721159274654328,0.6037398801895894,0.3325212883428638,0.4166666666666667,-0.1909951179491038,0.0441244156470849,0.0,0.010193994895837897,0.0,0.0006587578449084113,20.16867469879518,-0.04213941020875051,0.0,0.052927067559531416,0.0,0.0017646101011545622,31.916666666666668
B3_sector_gamma,H2,GROSS,83,0.04705791455728671,0.0267455768932647,2.847616565633451,1.1254441282016419,0.5903614457831325,-0.34050984739600615,36,0.0005330256078741365,-0.012443574556268933,0.0308091339714991,0.019193210089531513,0.4444444444444444,-0.22621069190479168,0.055253161002418075,0.0,-0.0075364886002229625,0.0,0.0006587578449084113,20.16867469879518,-0.046186236828420824,0.0,0.04848387253744954,0.0,0.0017646101011545622,31.916666666666668
B3_sector_premium,H2,GROSS,83,0.06627872552311519,0.06261747574077528,3.6300901411785436,1.2405025850498668,0.6867469879518072,-0.453355684116842,36,0.023991408469626482,0.046100891951723094,0.8431135553668139,0.4679131752145189,0.6666666666666666,-0.4525543063645395,0.015121811151545506,0.0,0.05181567221647809,0.0,0.0006587578449084113,20.16867469879518,-0.03703814586530744,0.0,0.0627941644360885,0.0,0.0017646101011545622,31.916666666666668
B3_sector_eqrisk,H2,GROSS,83,0.05079430018935332,0.03187676199279812,3.6727941757953904,1.3330162852118204,0.6385542168674698,-0.25524947919298824,36,0.006711380200714951,-0.0032170179429102477,0.43261189060128613,0.23003612762842784,0.4166666666666667,-0.185355188477052,0.0366948276898977,0.0,0.014758230344364028,0.0,0.0006587578449084113,20.16867469879518,-0.04943978615538064,0.0,0.057915776457250163,0.0,0.0017646101011545622,31.916666666666668
B4_LOUavg_vega,H2,GROSS,83,0.01686515121007019,0.011558222777686296,1.3932563588044888,0.50527267996692,0.5783132530120482,-0.31255371968852735,36,-0.00873738266089693,-0.010078999786685118,-0.6521863111570515,-0.44157357093400884,0.3611111111111111,-0.1262358491433823,-0.0013391350582585499,0.0,0.018863044113237165,0.0,0.0006587578449084113,20.16867469879518,-0.04732664822000006,0.0,0.04035387566025769,0.0,0.0017646101011545622,31.916666666666668
B5a_Q5_vs_Q4,H2,GROSS,83,0.00867818476913808,0.013359801660942909,0.49973599340671165,0.20545883120626984,0.5903614457831325,-1.0015847734319978,36,-0.0013566913571660454,-0.005820807649125263,-0.11995925448360976,-0.07606713623937744,0.4722222222222222,-0.09950339466940691,-0.022866431104005002,0.0,0.03220337371805148,0.0,0.0006587578449084113,39.626506024096386,-0.036667072137468545,0.0,0.03707499088145707,0.0,0.0017646101011545622,63.25
B5b_Q5_vs_Q3,H2,GROSS,83,0.01766907149793616,0.009521602996144216,1.3869814383838246,0.5416506683789615,0.5421686746987951,-0.2761615500268606,36,0.003037666926307024,-0.001852753283000616,0.23326183841022785,0.1504832823606843,0.4722222222222222,-0.17040517506316805,-0.0021801929306826035,0.0,0.020508022273527174,0.0,0.0006587578449084113,39.626506024096386,-0.018011652483840918,0.0,0.0228139295113025,0.0,0.0017646101011545622,63.25
B5c_D10_vs_D5D6,H2,GROSS,83,0.01602393727065914,0.0008927754467061368,1.0914411328194518,0.40358697555518996,0.5060240963855421,-0.29235742229707773,36,-0.0050480290645045075,-0.015161127530202753,-0.34266130311443704,-0.21733263949721454,0.4166666666666667,-0.19728107990438798,0.00282889725885423,0.0,0.013853797856713321,0.0,0.0006587578449084113,20.16867469879518,-0.04983496734662905,0.0,0.04655154838327911,0.0,0.0017646101011545622,31.916666666666668
B5d_top5_vs_LOUavg,H2,GROSS,83,0.022162441090663735,0.01436242209454757,1.7327835951371156,0.6029784057488964,0.5301204819277109,-0.2058302488076149,36,-0.0069127941227317986,-0.0072031353427851235,-0.37597385590288446,-0.24737702788746124,0.3888888888888889,-0.1658056696303945,0.00927910154839723,0.0,0.013542097387174929,0.0,0.0006587578449084113,10.349397590361447,-0.04083836697329909,0.0,0.035690182951721855,0.0,0.0017646101011545622,16.166666666666668
B1a_top10_long,H2,MID,83,-0.03652040893653553,-0.07548543446102182,-1.7891675356451173,-0.7162650053145574,0.3373493975903614,-0.46966255428635495,36,-0.049794008744196795,-0.06769696296416863,-1.9819513711552739,-1.341526687895447,0.2777777777777778,-0.3275962833313351,0.058267844228249904,0.012156509778030058,-0.022299211527750044,0.05967377401409694,0.0006587578449084113,20.16867469879518,-0.061841426445453845,0.006519613770992636,0.053037388478411836,0.03270574690500758,0.0017646101011545622,31.916666666666668
B1b_top20_long,H2,MID,83,-0.03545781135001002,-0.07374575656413843,-1.7932890750100503,-0.7360122830882898,0.3253012048192771,-0.4115431988156275,36,-0.04367046147527442,-0.04825183485246183,-1.790689308552868,-1.2260726804978228,0.3611111111111111,-0.32421269083424004,0.05567437203236015,0.012493005321886085,-0.015902247863299662,0.06207817235227603,0.0006587578449084113,39.86746987951807,-0.03363274086764542,0.006543409666331119,0.03246522458165229,0.0341949254217956,0.0017646101011545622,63.44444444444444
B1c_top10_long_BACK,H2,MID,83,-0.046297568596850205,-0.08337754692187703,-3.0651824427764245,-1.2296278952567623,0.3132530120481928,-0.2715632976260879,36,-0.02415955546043868,-0.04109652238567807,-1.05007576102939,-0.7480858976028756,0.3055555555555556,-0.2483982187833919,0.03159683784137403,0.005066331597909256,-0.03096177345189427,0.04120754354351231,0.0006587578449084113,10.325301204819278,-0.02262391928466134,0.002432516285504828,0.023705568569423695,0.02104407835854166,0.0017646101011545622,25.61111111111111
B1_LOUavg_long,H2,MID,83,-0.058315337391735333,-0.08453550372825411,-3.203457341751982,-1.2774863451044753,0.24096385542168675,-0.3744013819304865,36,-0.060086965747294524,-0.06703265796741632,-2.8168762514141017,-1.7405779065811797,0.3055555555555556,-0.3331961064215261,0.07263357090581134,0.015894573547849684,-0.047643905238767714,0.06675167166602086,0.0006587578449084113,196.3012048192771,-0.023246430351123035,0.014979743413076245,0.02198804678602582,0.042084228667966524,0.0017646101011545622,314.27777777777777
B1x_contrast_rankP_keepLOU_top10,H2,MID,83,-0.04450569960615548,-0.07584561165885595,-2.3720851382482424,-0.9406379629167873,0.3614457831325301,-0.43236916337736414,36,-0.04791145157604037,-0.06504885756343493,-1.8827630550094152,-1.3320064569817436,0.3333333333333333,-0.32640625894398007,0.04694180851408851,0.012012036763226553,-0.017757075604754504,0.061019637907354526,0.0006587578449084113,30.759036144578314,-0.037483434669011044,0.0065078189935034135,0.03169454637761891,0.03385013418999028,0.0017646101011545622,53.52777777777778
B2_SPY_vega,H2,MID,83,-0.042422136934220686,-0.061987236974230475,-2.7826814686513455,-1.0026127505893019,0.30120481927710846,-0.35460203344574637,36,-0.035584214072768655,-0.04454180089071748,-1.8857831212441973,-1.2370073343975025,0.2222222222222222,-0.2748267030764435,0.05496063348112515,0.013823163423852196,1.7938451196914642e-05,0.08291878759778215,0.0006587578449084113,20.16867469879518,-0.01900391970035708,0.007137848701425483,0.03649620077847123,0.044174036348302734,0.0017646101011545622,31.916666666666668
B2_SPY_gamma,H2,MID,83,-0.03739341701544625,-0.05909940177137191,-2.1778490351358712,-0.8451746565349161,0.3132530120481928,-0.395057220560655,36,-0.042200963244315576,-0.05854562562743797,-1.887618894150276,-1.3058421431943537,0.2777777777777778,-0.2890625730299993,0.05949235473926598,0.01296260546795119,-0.012425999168968034,0.0708384092728846,0.0006587578449084113,20.16867469879518,-0.03832723503219922,0.006783193018291595,0.04224777464431103,0.037573699736981235,0.0017646101011545622,31.916666666666668
B2_SPY_premium,H2,MID,83,-0.0658139111522946,-0.04361178714136987,-2.785967454606748,-0.8947673624016895,0.40963855421686746,-1.0417856518693631,36,-0.022586284936098676,0.0008382663273215516,-0.8663113016890116,-0.4146363419928943,0.5,-0.5331928562380461,0.028579435250572754,0.016338543140070227,0.04102698290870044,0.1184230283265891,0.0006587578449084113,20.16867469879518,0.029791257873843895,0.00824713914221454,0.02266776369022414,0.06503355725679756,0.0017646101011545622,31.916666666666668
B2_SPY_eqrisk,H2,MID,83,-0.05116716004441505,-0.06208615071363247,-3.1624817888471544,-1.1170311123660541,0.27710843373493976,-0.602060230897866,36,-0.036190146840147736,-0.03679412146191266,-2.0749142053415097,-1.1539367506637153,0.25,-0.26159758816380285,0.04342363973941133,0.014247526459050143,0.009363885690475197,0.08904840117034302,0.0006587578449084113,20.16867469879518,-0.016025084285804975,0.007383376456603589,0.03785257608431799,0.048869652080902576,0.0017646101011545622,31.916666666666668
B2_IWM_vega,H2,MID,83,-0.04398488030315859,-0.029218021228096358,-2.300886083681819,-0.8683848334839174,0.3493975903614458,-0.4916296778744591,36,-0.026054583944109352,-0.03910538388837305,-1.0922251683106445,-0.8220801477139865,0.3333333333333333,-0.18305059568691998,0.06847629243789716,0.015124868036583684,-0.0032662407441025852,0.09341130611546106,0.0006587578449084113,20.16867469879518,-0.01153652931885257,0.007836827954655538,0.04484297987752457,0.049759596446971276,0.0017646101011545622,31.916666666666668
B2_IWM_gamma,H2,MID,83,-0.0367259471099299,-0.06066546621864779,-1.942029266879788,-0.7713507696237507,0.3614457831325301,-0.36962706524720806,36,-0.03404180282966636,-0.056474152904023744,-1.3559931834626837,-1.0340507791727103,0.2777777777777778,-0.2079569744663376,0.07088295090673959,0.014067531521069793,-0.011657176891636579,0.08122543175905471,0.0006587578449084113,20.16867469879518,-0.019884824846489697,0.007304790312093575,0.03783164147067655,0.04291921904060507,0.0017646101011545622,31.916666666666668
B2_IWM_premium,H2,MID,83,-0.06292025179186607,-0.01679267944706738,-2.7568077183046005,-0.8787697050236136,0.4457831325301205,-0.7947655409852897,36,-0.008400705044797258,-0.02139166489157572,-0.30031373705854214,-0.18459884449953765,0.4722222222222222,-0.3070603522947161,0.04814776742434864,0.017641472249988306,0.029700485882265353,0.12246827500358334,0.0006587578449084113,20.16867469879518,0.009556740417211365,0.00915831443555052,0.05970405051735074,0.06673857144265428,0.0017646101011545622,31.916666666666668
B2_IWM_eqrisk,H2,MID,83,-0.0497203303642008,-0.060364683590418786,-2.713113512832454,-1.0328645993715007,0.3132530120481928,-0.414597617824854,36,-0.02909735689449702,-0.03035721181494122,-1.262192900279485,-0.9422270973002934,0.3055555555555556,-0.1622157429797162,0.05320780582629927,0.014898991014009181,0.0037006371772576635,0.09107102450884016,0.0006587578449084113,20.16867469879518,-0.02614234301412123,0.007838964103271577,0.05637071949788129,0.049722159173830945,0.0017646101011545622,31.916666666666668
B3_sector_vega,H2,MID,83,-0.0877821885358919,-0.09138905309150443,-5.478294705591718,-2.1458632668283943,0.1686746987951807,-0.5680084915122191,36,-0.06401489508192562,-0.08782835730317741,-4.124504657037914,-2.3520459864108196,0.19444444444444445,-0.2514274036012395,0.0441244156470849,0.018881249851429478,0.010193994895837897,0.12256059138247678,0.0006587578449084113,20.16867469879518,-0.04213941020875051,0.009574783179243119,0.052927067559531416,0.06346315915230884,0.0017646101011545622,31.916666666666668
B3_sector_gamma,H2,MID,83,-0.06645501445311058,-0.08795235364706087,-3.846820239007928,-1.549338895991559,0.25301204819277107,-0.49658821977972206,36,-0.05789095146585313,-0.08204487253820616,-3.0583437323687264,-2.0684406470258847,0.2222222222222222,-0.2730584839580678,0.055253161002418075,0.016220362489445007,-0.0075364886002229625,0.09729256652095226,0.0006587578449084113,20.16867469879518,-0.046186236828420824,0.008271393165539952,0.04848387253744954,0.050152583908187304,0.0017646101011545622,31.916666666666668
B3_sector_premium,H2,MID,83,-0.14040359728038845,-0.13698331846346756,-6.973160940376329,-2.487756785046525,0.21686746987951808,-0.6505692266903368,36,-0.08380208668793883,-0.04498221369436357,-3.4119426467090634,-1.6548186952064274,0.3055555555555556,-0.5556597735356625,0.015121811151545506,0.025063274990809205,0.05181567221647809,0.1816190478126944,0.0006587578449084113,20.16867469879518,-0.03703814586530744,0.012631524465767714,0.0627941644360885,0.0951619706917976,0.0017646101011545622,31.916666666666668
B3_sector_eqrisk,H2,MID,83,-0.088462003108462,-0.09779863946291524,-5.805873323360183,-2.2344291836388335,0.1686746987951807,-0.44109654992392694,36,-0.06679804771606782,-0.07904698903520718,-4.537614115973244,-2.3303980204720305,0.19444444444444445,-0.2465153054140068,0.0366948276898977,0.01860989238441963,0.014758230344364028,0.12064641091339567,0.0006587578449084113,20.16867469879518,-0.04943978615538064,0.009575569118380175,0.057915776457250163,0.06393385879840258,0.0017646101011545622,31.916666666666668
B4_LOUavg_vega,H2,MID,83,-0.11907935061495899,-0.1279024204355394,-9.276290218089487,-3.470020527359449,0.0963855421686747,-0.4812852421613476,36,-0.0843575660871606,-0.0872882871716578,-5.237825680215018,-3.837166997223961,0.08333333333333333,-0.22896574410425707,-0.0013391350582585499,0.018240256474425516,0.018863044113237165,0.11770424535060361,0.0006587578449084113,20.16867469879518,-0.04732664822000006,0.00987310582985964,0.04035387566025769,0.06574707759640404,0.0017646101011545622,31.916666666666668
B5a_Q5_vs_Q4,H2,MID,83,-0.13145073630700216,-0.12966973741033055,-6.894306715444797,-2.960896691383455,0.08433734939759036,-1.1713562864523188,36,-0.07958830117565689,-0.08042463659308577,-6.400167398287563,-4.228237751594746,0.08333333333333333,-0.21098387030757187,-0.022866431104005002,0.018677350750560404,0.03220337371805148,0.12145157032557985,0.0006587578449084113,39.626506024096386,-0.036667072137468545,0.009984452858083208,0.03707499088145707,0.06824715696040763,0.0017646101011545622,63.25
B5b_Q5_vs_Q3,H2,MID,83,-0.12163231347138306,-0.13646896691602714,-9.781617541809632,-3.7052471625097363,0.08433734939759036,-0.4214330564372622,36,-0.07640032474280106,-0.07378845827415853,-5.235512571698264,-3.570217430238773,0.05555555555555555,-0.23515618314990527,-0.0021801929306826035,0.01857740895560007,0.020508022273527174,0.12072397601371915,0.0006587578449084113,39.626506024096386,-0.018011652483840918,0.010130676172528797,0.0228139295113025,0.0693073154965793,0.0017646101011545622,63.25
B5c_D10_vs_D5D6,H2,MID,83,-0.11744315274907116,-0.1294658722883777,-8.19329292489339,-2.944673618105153,0.12048192771084337,-0.3928917359775396,36,-0.08095370014195388,-0.09158068719376355,-4.7391204934436,-3.261743632688269,0.1388888888888889,-0.2622098450848963,0.00282889725885423,0.017950746338530034,0.013853797856713321,0.11551634368120026,0.0006587578449084113,20.16867469879518,-0.04983496734662905,0.009913517990062189,0.04655154838327911,0.06599215308738719,0.0017646101011545622,31.916666666666668
B5d_top5_vs_LOUavg,H2,MID,83,-0.11051826690786296,-0.11737251398933263,-8.989151209070108,-3.041210823345943,0.18072289156626506,-0.3858011557516981,36,-0.08121604746847808,-0.08468054429867841,-3.7969722484673616,-2.6854455106427393,0.1111111111111111,-0.273697643098445,0.00927910154839723,0.018291557382755626,0.013542097387174929,0.1143891506157711,0.0006587578449084113,10.349397590361447,-0.04083836697329909,0.010578595396132628,0.035690182951721855,0.06372465794961364,0.0017646101011545622,16.166666666666668
B1a_top10_long,H2,C25,83,-0.055009695372982725,-0.08900553807238164,-2.739129763197547,-1.09260243640858,0.30120481927710846,-0.47909587280162497,36,-0.06183029958944849,-0.08426034734646619,-2.4485838864669294,-1.6680135765093678,0.25,-0.3359541430495183,0.058267844228249904,0.030645796214477255,-0.022299211527750044,0.05967377401409694,0.0006587578449084113,20.16867469879518,-0.061841426445453845,0.018555904616244335,0.053037388478411836,0.03270574690500758,0.0017646101011545622,31.916666666666668
B1b_top20_long,H2,C25,83,-0.053802548482081686,-0.09661903572965522,-2.778107597009444,-1.1336236323937743,0.3132530120481928,-0.4229070689894521,36,-0.05614321561426202,-0.05890953172233332,-2.300496299324595,-1.580231539659031,0.3055555555555556,-0.3327835442074878,0.05567437203236015,0.030837742453957755,-0.015902247863299662,0.06207817235227603,0.0006587578449084113,39.86746987951807,-0.03363274086764542,0.019016163805318734,0.03246522458165229,0.0341949254217956,0.0017646101011545622,63.44444444444444
B1c_top10_long_BACK,H2,C25,83,-0.05905556812491653,-0.09513420866422821,-3.994593177565563,-1.5978047537149604,0.2891566265060241,-0.2818906352186809,36,-0.033749634134491086,-0.05517367847696546,-1.4673887614554784,-1.0512003679390236,0.19444444444444445,-0.25419388301218065,0.03159683784137403,0.017824331125975583,-0.03096177345189427,0.04120754354351231,0.0006587578449084113,10.325301204819278,-0.02262391928466134,0.012022594959557233,0.023705568569423695,0.02104407835854166,0.0017646101011545622,25.61111111111111
B1_LOUavg_long,H2,C25,83,-0.07923698511933577,-0.10083815817055276,-4.487543531352851,-1.7831616917524056,0.20481927710843373,-0.38711867893006274,36,-0.07968624399459676,-0.08943782239249891,-3.7110196052479854,-2.320680641435049,0.25,-0.3503519687620747,0.07263357090581134,0.03681622127545014,-0.047643905238767714,0.06675167166602086,0.0006587578449084113,196.3012048192771,-0.023246430351123035,0.034579021660378476,0.02198804678602582,0.042084228667966524,0.0017646101011545622,314.27777777777777
B1x_contrast_rankP_keepLOU_top10,H2,C25,83,-0.06285611842615281,-0.09450801796588054,-3.4163640382881444,-1.34897000091053,0.3253012048192771,-0.4412665347149632,36,-0.06031760859698005,-0.07574716713620736,-2.3701536510977212,-1.6799512929536622,0.2777777777777778,-0.33504105107819815,0.04694180851408851,0.030362455583223882,-0.017757075604754504,0.061019637907354526,0.0006587578449084113,30.759036144578314,-0.037483434669011044,0.018913976014443088,0.03169454637761891,0.03385013418999028,0.0017646101011545622,53.52777777777778
B2_SPY_vega,H2,C25,83,-0.06305735053890023,-0.07863505253915239,-4.224073620824551,-1.5038907570861733,0.26506024096385544,-0.3695538603515546,36,-0.04994685603876017,-0.05818490267373323,-2.636331789982519,-1.7382915888430104,0.19444444444444445,-0.28706806655481604,0.05496063348112515,0.034458377028531745,1.7938451196914642e-05,0.08291878759778215,0.0006587578449084113,20.16867469879518,-0.01900391970035708,0.021500490667417008,0.03649620077847123,0.044174036348302734,0.0017646101011545622,31.916666666666668
B2_SPY_gamma,H2,C25,83,-0.056932236221234674,-0.07765705111223777,-3.387093940321032,-1.3042182664908817,0.25301204819277107,-0.4047898258330522,36,-0.05525922029681654,-0.06992791643438409,-2.4579855949554026,-1.7115771711851084,0.2777777777777778,-0.3006563233967305,0.05949235473926598,0.032501424673739635,-0.012425999168968034,0.0708384092728846,0.0006587578449084113,20.16867469879518,-0.03832723503219922,0.01984145007079255,0.04224777464431103,0.037573699736981235,0.0017646101011545622,31.916666666666668
B2_SPY_premium,H2,C25,83,-0.08967885224460517,-0.06525389741300577,-3.7951681288156376,-1.2100645763693778,0.37349397590361444,-1.0611185564520897,36,-0.040860824590151966,-0.018842475495748925,-1.5701679981995125,-0.7492002317307009,0.4444444444444444,-0.5561617113172602,0.028579435250572754,0.04020348423238081,0.04102698290870044,0.1184230283265891,0.0006587578449084113,20.16867469879518,0.029791257873843895,0.026521678796267836,0.02266776369022414,0.06503355725679756,0.0017646101011545622,31.916666666666668
B2_SPY_eqrisk,H2,C25,83,-0.07234427380879395,-0.083582824278591,-4.5441638999061365,-1.5854919621116397,0.24096385542168675,-0.6185897054014371,36,-0.05134556208980023,-0.053795829658024236,-2.945345884871573,-1.6381695469009367,0.25,-0.2744407658130541,0.04342363973941133,0.03542464022342903,0.009363885690475197,0.08904840117034302,0.0006587578449084113,20.16867469879518,-0.016025084285804975,0.022538791706256087,0.03785257608431799,0.048869652080902576,0.0017646101011545622,31.916666666666668
B2_IWM_vega,H2,C25,83,-0.06602708312286441,-0.048777211239900295,-3.509331293399111,-1.3086472944106515,0.3132530120481928,-0.5282668930828945,36,-0.04018193148815383,-0.05147925057830335,-1.6829564278120546,-1.2619956669955843,0.3055555555555556,-0.19697636901420273,0.06847629243789716,0.037167070856289536,-0.0032662407441025852,0.09341130611546106,0.0006587578449084113,20.16867469879518,-0.01153652931885257,0.021964175498700004,0.04484297987752457,0.049759596446971276,0.0017646101011545622,31.916666666666668
B2_IWM_gamma,H2,C25,83,-0.05739655626628469,-0.08177004341631292,-3.094309377286671,-1.2168694802002438,0.3132530120481928,-0.4048790242294325,36,-0.04731629286319645,-0.06819390009166942,-1.8771608845257832,-1.4321096172398697,0.25,-0.21980532661654445,0.07088295090673959,0.034738140677424596,-0.011657176891636579,0.08122543175905471,0.0006587578449084113,20.16867469879518,-0.019884824846489697,0.020579280345623667,0.03783164147067655,0.04291921904060507,0.0017646101011545622,31.916666666666668
B2_IWM_premium,H2,C25,83,-0.08836019812727929,-0.046017959191818704,-3.876677616919745,-1.2233967805169823,0.37349397590361444,-0.8348446565983098,36,-0.024664506595972253,-0.035581500146680725,-0.8848233329812911,-0.5394272931366618,0.4166666666666667,-0.31930611629554684,0.04814776742434864,0.04308141858540154,0.029700485882265353,0.12246827500358334,0.0006587578449084113,20.16867469879518,0.009556740417211365,0.025422115986725495,0.05970405051735074,0.06673857144265428,0.0017646101011545622,31.916666666666668
B2_IWM_eqrisk,H2,C25,83,-0.07168494675013101,-0.08235953157314045,-3.973560954162201,-1.4957086927885384,0.2891566265060241,-0.45036018667528405,36,-0.043247403092710385,-0.04411107295864154,-1.878949339219909,-1.3984390061900092,0.25,-0.17650117508674654,0.05320780582629927,0.03686360739993941,0.0037006371772576635,0.09107102450884016,0.0006587578449084113,20.16867469879518,-0.02614234301412123,0.02198901030148492,0.05637071949788129,0.049722159173830945,0.0017646101011545622,31.916666666666668
B3_sector_vega,H2,C25,83,-0.11510332209118736,-0.1165902578761959,-7.272703355597948,-2.8194252924073737,0.14457831325301204,-0.6059028176196465,36,-0.08263982544889696,-0.10455197049867074,-5.2731137926236595,-3.0014276861519757,0.16666666666666666,-0.2709518080713134,0.0441244156470849,0.04620238340672494,0.010193994895837897,0.12256059138247678,0.0006587578449084113,20.16867469879518,-0.04213941020875051,0.028199713546214453,0.052927067559531416,0.06346315915230884,0.0017646101011545622,31.916666666666668
B3_sector_gamma,H2,C25,83,-0.0902869421360572,-0.10874448606059324,-5.323542505324963,-2.1240198996841224,0.20481927710843373,-0.527490535498947,36,-0.07339726972139211,-0.0984472718553498,-3.840810500793475,-2.6078999433748207,0.2222222222222222,-0.28840415366951283,0.055253161002418075,0.040052290172391626,-0.0075364886002229625,0.09729256652095226,0.0006587578449084113,20.16867469879518,-0.046186236828420824,0.023777711421078946,0.04848387253744954,0.050152583908187304,0.0017646101011545622,31.916666666666668
B3_sector_premium,H2,C25,83,-0.17586709323858857,-0.16860194754861235,-8.590061218862624,-3.068282409810958,0.1686746987951807,-0.6763503684546156,36,-0.11039465596785675,-0.07497982232573958,-4.362814179012177,-2.136274423754833,0.25,-0.5926381171602464,0.015121811151545506,0.06052677094900932,0.05181567221647809,0.1816190478126944,0.0006587578449084113,20.16867469879518,-0.03703814586530744,0.03922409374568561,0.0627941644360885,0.0951619706917976,0.0017646101011545622,31.916666666666668
B3_sector_eqrisk,H2,C25,83,-0.11543839430578566,-0.1322481330300415,-7.659236488736125,-2.927118852455618,0.13253012048192772,-0.4734458777506073,36,-0.08611247777865264,-0.10185783606868212,-5.819678247158104,-2.9683909118877936,0.16666666666666666,-0.2675424429841745,0.0366948276898977,0.0455862835817433,0.014758230344364028,0.12064641091339567,0.0006587578449084113,20.16867469879518,-0.04943978615538064,0.02888999918096498,0.057915776457250163,0.06393385879840258,0.0017646101011545622,31.916666666666668
B4_LOUavg_vega,H2,C25,83,-0.15843622893021828,-0.16003477668426347,-12.605233248652702,-4.595800666602126,0.07228915662650602,-0.5186799270377371,36,-0.11427438072032794,-0.11806812704646294,-6.696921471948974,-4.930857788217968,0.05555555555555555,-0.28099818475265975,-0.0013391350582585499,0.05759713478968482,0.018863044113237165,0.11770424535060361,0.0006587578449084113,20.16867469879518,-0.04732664822000006,0.039789920463026957,0.04035387566025769,0.06574707759640404,0.0017646101011545622,31.916666666666668
B5a_Q5_vs_Q4,H2,C25,83,-0.1684835139213361,-0.16545625881405504,-8.864982480196291,-3.7443399442929577,0.04819277108433735,-1.2199772572547631,36,-0.10676890696930227,-0.10778515035171951,-8.30604203291797,-5.497832808207086,0.027777777777777776,-0.2714702843945121,-0.022866431104005002,0.05571012836489433,0.03220337371805148,0.12145157032557985,0.0006587578449084113,39.626506024096386,-0.036667072137468545,0.0371650586517286,0.03707499088145707,0.06824715696040763,0.0017646101011545622,63.25
B5b_Q5_vs_Q3,H2,C25,83,-0.16002128890290657,-0.17313822983302224,-12.939913596628934,-4.764107697083609,0.07228915662650602,-0.49209988940267824,36,-0.10578428973212559,-0.10526252343644438,-6.914219629312327,-4.8028143588899965,0.05555555555555555,-0.2618969084204248,-0.0021801929306826035,0.056966384387123564,0.020508022273527174,0.12072397601371915,0.0006587578449084113,39.626506024096386,-0.018011652483840918,0.039514641161853326,0.0228139295113025,0.0693073154965793,0.0017646101011545622,63.25
B5c_D10_vs_D5D6,H2,C25,83,-0.15511160162437113,-0.1634632480271605,-10.800171815896109,-3.839970764343373,0.08433734939759036,-0.510728275651608,36,-0.10902745470683436,-0.11485930946228362,-6.064597276412341,-4.235427866302358,0.08333333333333333,-0.30622537239532815,0.00282889725885423,0.05561919521383002,0.013853797856713321,0.11551634368120026,0.0006587578449084113,20.16867469879518,-0.04983496734662905,0.03798727255494267,0.04655154838327911,0.06599215308738719,0.0017646101011545622,31.916666666666668
B5d_top5_vs_LOUavg,H2,C25,83,-0.1490483132741205,-0.15980238780450326,-12.660217426191586,-4.118938941225366,0.14457831325301204,-0.42379160430778995,36,-0.11064626528684979,-0.1108578307274926,-4.938583226242069,-3.518154345651766,0.1111111111111111,-0.33860593275884293,0.00927910154839723,0.056821603749013155,0.013542097387174929,0.1143891506157711,0.0006587578449084113,10.349397590361447,-0.04083836697329909,0.04000881321450434,0.035690182951721855,0.06372465794961364,0.0017646101011545622,16.166666666666668
B1a_top10_long,H2,C50,83,-0.07349898180942993,-0.10872393366317856,-3.715623228747065,-1.4769404734311924,0.30120481927710846,-0.48852919131689504,36,-0.07386659043470017,-0.09852757590406665,-2.908414173814513,-1.9937381461193098,0.25,-0.3443120027677015,0.058267844228249904,0.04913508265092445,-0.022299211527750044,0.05967377401409694,0.0006587578449084113,20.16867469879518,-0.061841426445453845,0.030592195461496028,0.053037388478411836,0.03270574690500758,0.0017646101011545622,31.916666666666668
B1b_top20_long,H2,C50,83,-0.07214728561415334,-0.1135797152061645,-3.799804133601543,-1.5413110514964041,0.2891566265060241,-0.4342709391632765,36,-0.06861596975324961,-0.0695672285922048,-2.8081260891684097,-1.935022184785276,0.2777777777777778,-0.3413543975807356,0.05567437203236015,0.049182479586029414,-0.015902247863299662,0.06207817235227603,0.0006587578449084113,39.86746987951807,-0.03363274086764542,0.03148891794430633,0.03246522458165229,0.0341949254217956,0.0017646101011545622,63.44444444444444
B1c_top10_long_BACK,H2,C50,83,-0.07181356765298288,-0.107580030028058,-4.961632883592863,-1.97803905761939,0.26506024096385544,-0.29221797281127393,36,-0.04333971280854347,-0.06840196560757346,-1.8832928535426177,-1.3567493442827543,0.19444444444444445,-0.2599895472409694,0.03159683784137403,0.03058233065404192,-0.03096177345189427,0.04120754354351231,0.0006587578449084113,10.325301204819278,-0.02262391928466134,0.021612673633609622,0.023705568569423695,0.02104407835854166,0.0017646101011545622,25.61111111111111
B1_LOUavg_long,H2,C50,83,-0.1001586328469362,-0.12835317250110875,-5.838773212689596,-2.312042271602952,0.20481927710843373,-0.39983597592963904,36,-0.099285522241899,-0.1090162834423097,-4.591583358667341,-2.9048933498373093,0.19444444444444445,-0.3675078311026233,0.07263357090581134,0.05773786900305059,-0.047643905238767714,0.06675167166602086,0.0006587578449084113,196.3012048192771,-0.023246430351123035,0.0541782999076807,0.02198804678602582,0.042084228667966524,0.0017646101011545622,314.27777777777777
B1x_contrast_rankP_keepLOU_top10,H2,C50,83,-0.08120653724615012,-0.11880913257987778,-4.49466729764986,-1.7676956162890436,0.30120481927710846,-0.4501639060525623,36,-0.07272376561791968,-0.08644547670897977,-2.85584120957253,-2.027838203938914,0.2777777777777778,-0.34367584321241623,0.04694180851408851,0.048712874403221224,-0.017757075604754504,0.061019637907354526,0.0006587578449084113,30.759036144578314,-0.037483434669011044,0.03132013303538275,0.03169454637761891,0.03385013418999028,0.0017646101011545622,53.52777777777778
B2_SPY_vega,H2,C50,83,-0.08369256414357974,-0.09530366349410838,-5.710673333883666,-2.009912796473067,0.20481927710843373,-0.3845056872573628,36,-0.0643094980047517,-0.07293712677907202,-3.377909211939084,-2.236817797372797,0.16666666666666666,-0.2993094300331888,0.05496063348112515,0.055093590633211266,1.7938451196914642e-05,0.08291878759778215,0.0006587578449084113,20.16867469879518,-0.01900391970035708,0.03586313263340857,0.03649620077847123,0.044174036348302734,0.0017646101011545622,31.916666666666668
B2_SPY_gamma,H2,C50,83,-0.07647105542702311,-0.09800884540103405,-4.639607879306131,-1.7728178527777334,0.2289156626506024,-0.41452243110544934,36,-0.06831747734931752,-0.0812015742250475,-3.019996368710346,-2.115760567365203,0.2222222222222222,-0.31225007376346176,0.05949235473926598,0.052040243879528054,-0.012425999168968034,0.0708384092728846,0.0006587578449084113,20.16867469879518,-0.03832723503219922,0.032899707123293515,0.04224777464431103,0.037573699736981235,0.0017646101011545622,31.916666666666668
B2_SPY_premium,H2,C50,83,-0.11354379333691562,-0.09060663707111974,-4.7943447566954225,-1.5187327560417876,0.2891566265060241,-1.0804514610348166,36,-0.05913536424420535,-0.033836623608206245,-2.2737038651251567,-1.0815118996337394,0.4166666666666667,-0.5791305663964744,0.028579435250572754,0.06406842532469129,0.04102698290870044,0.1184230283265891,0.0006587578449084113,20.16867469879518,0.029791257873843895,0.04479621845032123,0.02266776369022414,0.06503355725679756,0.0017646101011545622,31.916666666666668
B2_SPY_eqrisk,H2,C50,83,-0.0935213875731728,-0.09897939369269367,-5.954754349326399,-2.053141359901329,0.1927710843373494,-0.635119179905008,36,-0.06650097733945276,-0.07725068515095329,-3.81219572653963,-2.1193639241417443,0.19444444444444445,-0.28728394346230557,0.04342363973941133,0.05660175398780788,0.009363885690475197,0.08904840117034302,0.0006587578449084113,20.16867469879518,-0.016025084285804975,0.03769420695590864,0.03785257608431799,0.048869652080902576,0.0017646101011545622,31.916666666666668
B2_IWM_vega,H2,C50,83,-0.08806928594257024,-0.07925086457479547,-4.741865432349721,-1.7475861488670061,0.30120481927710846,-0.56490410829133,36,-0.054309279032198315,-0.0638531172682337,-2.270689792962676,-1.6955246501191625,0.25,-0.2115676344821698,0.06847629243789716,0.05920927367599535,-0.0032662407441025852,0.09341130611546106,0.0006587578449084113,20.16867469879518,-0.01153652931885257,0.03609152304274448,0.04484297987752457,0.049759596446971276,0.0017646101011545622,31.916666666666668
B2_IWM_gamma,H2,C50,83,-0.07806716542263949,-0.09888821855066547,-4.282462119103715,-1.6673944290037095,0.27710843373493976,-0.4401309832116571,36,-0.06059078289672656,-0.07991364727931513,-2.39220555424463,-1.8249938987211614,0.2222222222222222,-0.23165367876675147,0.07088295090673959,0.055408749833779365,-0.011657176891636579,0.08122543175905471,0.0006587578449084113,20.16867469879518,-0.019884824846489697,0.03385377037915376,0.03783164147067655,0.04291921904060507,0.0017646101011545622,31.916666666666668
B2_IWM_premium,H2,C50,83,-0.11380014446269249,-0.07035983899672711,-4.974797101529071,-1.5572380381746276,0.3253012048192771,-0.8749237722113298,36,-0.04092830814714729,-0.049771335401785924,-1.472518438047819,-0.8902436855399392,0.3888888888888889,-0.3315518802963775,0.04814776742434864,0.06852136492081473,0.029700485882265353,0.12246827500358334,0.0006587578449084113,20.16867469879518,0.009556740417211365,0.04168591753790054,0.05970405051735074,0.06673857144265428,0.0017646101011545622,31.916666666666668
B2_IWM_eqrisk,H2,C50,83,-0.09364956313606121,-0.10454070041316688,-5.254002031583391,-1.9558045886685216,0.26506024096385544,-0.48612275552571405,36,-0.05739744929092375,-0.05902323059534795,-2.4956249751339183,-1.8508687569926532,0.2222222222222222,-0.19255262670641185,0.05320780582629927,0.058828223785869584,0.0037006371772576635,0.09107102450884016,0.0006587578449084113,20.16867469879518,-0.02614234301412123,0.03613905649969828,0.05637071949788129,0.049722159173830945,0.0017646101011545622,31.916666666666668
B3_sector_vega,H2,C50,83,-0.14242445564648282,-0.144778091643771,-9.049561096092859,-3.4798888838546884,0.12048192771084337,-0.6437971437270736,36,-0.10126475581586826,-0.12298285662179617,-6.380753695316186,-3.627091585316251,0.1388888888888889,-0.2904762125413874,0.0441244156470849,0.07352351696202039,0.010193994895837897,0.12256059138247678,0.0006587578449084113,20.16867469879518,-0.04213941020875051,0.04682464391318578,0.052927067559531416,0.06346315915230884,0.0017646101011545622,31.916666666666668
B3_sector_gamma,H2,C50,83,-0.11411886981900381,-0.13604668121671717,-6.825739994286574,-2.7008325070483448,0.1686746987951807,-0.558392851218172,36,-0.0889035879769311,-0.11484967117249337,-4.600921519518834,-3.135023649041615,0.16666666666666666,-0.30374982338095785,0.055253161002418075,0.06388421785533824,-0.0075364886002229625,0.09729256652095226,0.0006587578449084113,20.16867469879518,-0.046186236828420824,0.03928402967661793,0.04848387253744954,0.050152583908187304,0.0017646101011545622,31.916666666666668
B3_sector_premium,H2,C50,83,-0.21133058919678863,-0.19626859095823423,-10.082071427867746,-3.615867570422193,0.10843373493975904,-0.7134408367363194,36,-0.13698722524777462,-0.10141001767529126,-5.249050972086303,-2.5952778053477457,0.16666666666666666,-0.6296164607848301,0.015121811151545506,0.09599026690720942,0.05181567221647809,0.1816190478126944,0.0006587578449084113,20.16867469879518,-0.03703814586530744,0.0658166630256035,0.0627941644360885,0.0951619706917976,0.0017646101011545622,31.916666666666668
B3_sector_eqrisk,H2,C50,83,-0.14241478550310932,-0.16312665564854614,-9.493912784594123,-3.608833840422173,0.12048192771084337,-0.5057952055772877,36,-0.10542690784123739,-0.12003256386002661,-7.062688364857142,-3.5831531211393766,0.1388888888888889,-0.28856958055434223,0.0366948276898977,0.07256267477906696,0.014758230344364028,0.12064641091339567,0.0006587578449084113,20.16867469879518,-0.04943978615538064,0.04820442924354976,0.057915776457250163,0.06393385879840258,0.0017646101011545622,31.916666666666668
B4_LOUavg_vega,H2,C50,83,-0.19779310724547752,-0.20046148377235729,-15.72443916095177,-5.639678666142472,0.04819277108433735,-0.5560746119141267,36,-0.14419119535349523,-0.14740463519838953,-7.960697655833377,-5.86359963759884,0.027777777777777776,-0.34873951840190426,-0.0013391350582585499,0.09695401310494414,0.018863044113237165,0.11770424535060361,0.0006587578449084113,20.16867469879518,-0.04732664822000006,0.06970673509619425,0.04035387566025769,0.06574707759640404,0.0017646101011545622,31.916666666666668
B5a_Q5_vs_Q4,H2,C50,83,-0.20551629153567003,-0.2009996311285015,-10.765849430221722,-4.4746352833086736,0.024096385542168676,-1.268598228057207,36,-0.13394951276294764,-0.13382082587608185,-10.00408845953166,-6.625670245000758,0.027777777777777776,-0.33195669848145243,-0.022866431104005002,0.09274290597922824,0.03220337371805148,0.12145157032557985,0.0006587578449084113,39.626506024096386,-0.036667072137468545,0.06434566444537398,0.03707499088145707,0.06824715696040763,0.0017646101011545622,63.25
B5b_Q5_vs_Q3,H2,C50,83,-0.19841026433443004,-0.2067726699649323,-15.785045671192108,-5.698004811690187,0.04819277108433735,-0.6238453278993047,36,-0.13516825472145014,-0.13045187293205746,-8.402480480872963,-5.915519193942368,0.027777777777777776,-0.3040187120329645,-0.0021801929306826035,0.09535535981864707,0.020508022273527174,0.12072397601371915,0.0006587578449084113,39.626506024096386,-0.018011652483840918,0.06889860615117785,0.0228139295113025,0.0693073154965793,0.0017646101011545622,63.25
B5c_D10_vs_D5D6,H2,C50,83,-0.19278005049967115,-0.2033968133250825,-13.193002770467178,-4.672168374218011,0.060240963855421686,-0.6285648153256763,36,-0.13710120927171485,-0.1385729636356565,-7.232434872521826,-5.1019455446328354,0.05555555555555555,-0.3502408997057599,0.00282889725885423,0.09328764408913001,0.013853797856713321,0.11551634368120026,0.0006587578449084113,20.16867469879518,-0.04983496734662905,0.06606102711982315,0.04655154838327911,0.06599215308738719,0.0017646101011545622,31.916666666666668
B5d_top5_vs_LOUavg,H2,C50,83,-0.18757835964037806,-0.20129001216501205,-16.225985207543875,-5.14821998364093,0.08433734939759036,-0.4617820528638819,36,-0.1400764831052215,-0.1394581629943078,-5.958161455129883,-4.264132512403561,0.05555555555555555,-0.40351422241924084,0.00927910154839723,0.0953516501152707,0.013542097387174929,0.1143891506157711,0.0006587578449084113,10.349397590361447,-0.04083836697329909,0.06943903103287606,0.035690182951721855,0.06372465794961364,0.0017646101011545622,16.166666666666668
B1a_top10_long,H2,C100,83,-0.11047755468232437,-0.16002660611197086,-5.734929852618873,-2.26496648574372,0.2289156626506024,-0.5073958283474349,36,-0.09793917212520356,-0.12402061299912104,-3.804413271001338,-2.6397028887795884,0.25,-0.3610277222040679,0.058267844228249904,0.08611365552381886,-0.022299211527750044,0.05967377401409694,0.0006587578449084113,20.16867469879518,-0.061841426445453845,0.05466477715199941,0.053037388478411836,0.03270574690500758,0.0017646101011545622,31.916666666666668
B1b_top20_long,H2,C100,83,-0.10883675987829669,-0.15014388277853719,-5.942932508809059,-2.3812331214372406,0.25301204819277107,-0.45699867951092554,36,-0.09356147803122483,-0.09200071732217835,-3.8137838403391617,-2.6439192130557174,0.19444444444444445,-0.35849610432723117,0.05567437203236015,0.08587195385017275,-0.015902247863299662,0.06207817235227603,0.0006587578449084113,39.86746987951807,-0.03363274086764542,0.05643442622228155,0.03246522458165229,0.0341949254217956,0.0017646101011545622,63.44444444444444
B1c_top10_long_BACK,H2,C100,83,-0.09732956670911554,-0.1299959476878994,-7.008457889390656,-2.7719623478020496,0.21686746987951808,-0.31287264799646,36,-0.06251987015664828,-0.08635729794804853,-2.706465327567732,-1.9720255577234684,0.19444444444444445,-0.2715808756985469,0.03159683784137403,0.056098329710174595,-0.03096177345189427,0.04120754354351231,0.0006587578449084113,10.325301204819278,-0.02262391928466134,0.04079283098171441,0.023705568569423695,0.02104407835854166,0.0017646101011545622,25.61111111111111
B1_LOUavg_long,H2,C100,83,-0.14200192830213712,-0.163168342868372,-8.71442390289315,-3.4292794766412977,0.1566265060240964,-0.4252705699287915,36,-0.13848407873650348,-0.14817320554193125,-6.309144269732818,-4.080513665043631,0.1111111111111111,-0.4018195557837206,0.07263357090581134,0.09958116445825146,-0.047643905238767714,0.06675167166602086,0.0006587578449084113,196.3012048192771,-0.023246430351123035,0.09337685640228516,0.02198804678602582,0.042084228667966524,0.0017646101011545622,314.27777777777777
B1x_contrast_rankP_keepLOU_top10,H2,C100,83,-0.11790737488614479,-0.15942460965883198,-6.733904326203097,-2.6304538524036,0.25301204819277107,-0.4679586487277604,36,-0.09753607965979902,-0.10784209585452459,-3.8187925058796064,-2.720699515263585,0.19444444444444445,-0.36094542748085245,0.04694180851408851,0.08541371204321588,-0.017757075604754504,0.061019637907354526,0.0006587578449084113,30.759036144578314,-0.037483434669011044,0.056132447077262074,0.03169454637761891,0.03385013418999028,0.0017646101011545622,53.52777777777778
B2_SPY_vega,H2,C100,83,-0.12496299135293883,-0.13580247203614185,-8.76748750541301,-3.0224082282125067,0.1566265060240964,-0.44692624915167456,36,-0.09303478193673477,-0.10285184058901482,-4.827208840873272,-3.2153320962532157,0.1111111111111111,-0.32379215698993385,0.05496063348112515,0.09636401784257034,1.7938451196914642e-05,0.08291878759778215,0.0006587578449084113,20.16867469879518,-0.01900391970035708,0.0645884165653916,0.03649620077847123,0.044174036348302734,0.0017646101011545622,31.916666666666668
B2_SPY_gamma,H2,C100,83,-0.11554869383859999,-0.1416032103622666,-7.247739087737131,-2.729483997318079,0.1686746987951807,-0.4339876416502435,36,-0.0944339914543194,-0.1067300934726074,-4.115275150540473,-2.9141526779762,0.19444444444444445,-0.33543757449692413,0.05949235473926598,0.09111788229110494,-0.012425999168968034,0.0708384092728846,0.0006587578449084113,20.16867469879518,-0.03832723503219922,0.059016221228295404,0.04224777464431103,0.037573699736981235,0.0017646101011545622,31.916666666666668
B2_SPY_premium,H2,C100,83,-0.1612736755215367,-0.13787329722475847,-6.740022954920644,-2.1125887617310286,0.20481927710843373,-1.1191172702002696,36,-0.09568444355231197,-0.07372461247884295,-3.668878553938054,-1.7343079282310814,0.3333333333333333,-0.6250682765549026,0.028579435250572754,0.11179830750931236,0.04102698290870044,0.1184230283265891,0.0006587578449084113,20.16867469879518,0.029791257873843895,0.08134529775842786,0.02266776369022414,0.06503355725679756,0.0017646101011545622,31.916666666666668
B2_SPY_eqrisk,H2,C100,83,-0.1358756151019305,-0.15001395466838902,-8.814380552316177,-2.973755109820829,0.1566265060240964,-0.6681781289121499,36,-0.09681180783875777,-0.1187096285657476,-5.523128514681481,-3.0630060322855837,0.1388888888888889,-0.3129702987608081,0.04342363973941133,0.09895598151656562,0.009363885690475197,0.08904840117034302,0.0006587578449084113,20.16867469879518,-0.016025084285804975,0.06800503745521362,0.03785257608431799,0.048869652080902576,0.0017646101011545622,31.916666666666668
B2_IWM_vega,H2,C100,83,-0.1321536915819819,-0.12066221763556892,-7.230640342546892,-2.6071877463588873,0.1927710843373494,-0.6381785387082007,36,-0.08256397412028721,-0.08860085064809431,-3.431296051774209,-2.537076774134083,0.19444444444444445,-0.27229593962766185,0.06847629243789716,0.10329367931540699,-0.0032662407441025852,0.09341130611546106,0.0006587578449084113,20.16867469879518,-0.01153652931885257,0.06434621813083338,0.04484297987752457,0.049759596446971276,0.0017646101011545622,31.916666666666668
B2_IWM_gamma,H2,C100,83,-0.11940838373534902,-0.14291251107984596,-6.73606386160001,-2.572031824846774,0.20481927710843373,-0.5106349011761059,36,-0.08713976296378673,-0.10361859084721156,-3.3995231771301224,-2.589858948937716,0.19444444444444445,-0.26867035625041774,0.07088295090673959,0.09674996814648895,-0.011657176891636579,0.08122543175905471,0.0006587578449084113,20.16867469879518,-0.019884824846489697,0.06040275044621394,0.03783164147067655,0.04291921904060507,0.0017646101011545622,31.916666666666668
B2_IWM_premium,H2,C100,83,-0.16468003713351886,-0.1273171481066952,-7.045374185685653,-2.1830734994035024,0.25301204819277107,-0.9550820034373696,36,-0.07345591124949724,-0.07815100591199589,-2.6529900622938536,-1.577019566795319,0.3611111111111111,-0.35604340829803877,0.04814776742434864,0.11940125759164112,0.029700485882265353,0.12246827500358334,0.0006587578449084113,20.16867469879518,0.009556740417211365,0.0742135206402505,0.05970405051735074,0.06673857144265428,0.0017646101011545622,31.916666666666668
B2_IWM_eqrisk,H2,C100,83,-0.1375787959079216,-0.1487167172359148,-7.812582758802598,-2.848679720408837,0.1927710843373494,-0.557647893226574,36,-0.0856975416873504,-0.08884754586876076,-3.722719334932899,-2.7374580406578337,0.1388888888888889,-0.22465552994574228,0.05320780582629927,0.10275745655773,0.0037006371772576635,0.09107102450884016,0.0006587578449084113,20.16867469879518,-0.02614234301412123,0.06443914889612495,0.05637071949788129,0.049722159173830945,0.0017646101011545622,31.916666666666668
B3_sector_vega,H2,C100,83,-0.19706672275707376,-0.2017157079272194,-12.400771206944334,-4.727930978521187,0.08433734939759036,-0.7195857959419284,36,-0.13851461654981095,-0.15920471348992646,-8.445331425181543,-4.795464672672054,0.08333333333333333,-0.33580380615624494,0.0441244156470849,0.12816578407261128,0.010193994895837897,0.12256059138247678,0.0006587578449084113,20.16867469879518,-0.04213941020875051,0.08407450464712843,0.052927067559531416,0.06346315915230884,0.0017646101011545622,31.916666666666668
B3_sector_gamma,H2,C100,83,-0.16178272518489703,-0.18538484745286735,-9.821742003041392,-3.838768997981946,0.13253012048192772,-0.6201974826566219,36,-0.11991622448800905,-0.1447837261634225,-6.043697756005018,-4.141722566078003,0.1111111111111111,-0.33444116280384784,0.055253161002418075,0.11154807322123146,-0.0075364886002229625,0.09729256652095226,0.0006587578449084113,20.16867469879518,-0.046186236828420824,0.07029666618769591,0.04848387253744954,0.050152583908187304,0.0017646101011545622,31.916666666666668
B3_sector_premium,H2,C100,83,-0.2822575811131889,-0.2489722682203808,-12.633429298334896,-4.598091099259066,0.07228915662650602,-0.8557383798785703,36,-0.19017236380761038,-0.15324373957829662,-6.835088716955958,-3.4454207224813542,0.1111111111111111,-0.7087583466457278,0.015121811151545506,0.16691725882360967,0.05181567221647809,0.1816190478126944,0.0006587578449084113,20.16867469879518,-0.03703814586530744,0.11900180158543927,0.0627941644360885,0.0951619706917976,0.0017646101011545622,31.916666666666668
B3_sector_eqrisk,H2,C100,83,-0.1963675678977566,-0.2049519900378748,-12.96754222728995,-4.903780625577888,0.08433734939759036,-0.5704938612306487,36,-0.14405576796640698,-0.15690270598827316,-9.386977705664007,-4.732585398698517,0.05555555555555555,-0.3306238556946776,0.0366948276898977,0.1265154571737143,0.014758230344364028,0.12064641091339567,0.0006587578449084113,20.16867469879518,-0.04943978615538064,0.08683328936871933,0.057915776457250163,0.06393385879840258,0.0017646101011545622,31.916666666666668
B4_LOUavg_vega,H2,C100,83,-0.27650686387599616,-0.28623843356421064,-20.618152611798884,-7.375985355130449,0.024096385542168676,-0.7275309855015362,36,-0.2040248246198298,-0.20263314821758419,-9.988112966765486,-7.29857038689551,0.027777777777777776,-0.48422218570039316,-0.0013391350582585499,0.17566776973546272,0.018863044113237165,0.11770424535060361,0.0006587578449084113,20.16867469879518,-0.04732664822000006,0.1295403643625289,0.04035387566025769,0.06574707759640404,0.0017646101011545622,31.916666666666668
B5a_Q5_vs_Q4,H2,C100,83,-0.27958184676433784,-0.26347011526211406,-14.204338997662285,-5.740401664917485,0.012048192771084338,-1.3658401696620952,36,-0.18831072435023838,-0.18526915931172683,-12.76267162830833,-8.437768822727932,0.027777777777777776,-0.45292952665533304,-0.022866431104005002,0.16680846120789608,0.03220337371805148,0.12145157032557985,0.0006587578449084113,39.626506024096386,-0.036667072137468545,0.11870687603266473,0.03707499088145707,0.06824715696040763,0.0017646101011545622,63.25
B5b_Q5_vs_Q3,H2,C100,83,-0.27518821519747705,-0.2802324396724589,-20.049556069449984,-7.148037894054577,0.03614457831325301,-0.8873362048925579,36,-0.19393618470009916,-0.18204840655974677,-10.859522395306998,-7.754381822805789,0.027777777777777776,-0.39744462873600367,-0.0021801929306826035,0.17213331068169405,0.020508022273527174,0.12072397601371915,0.0006587578449084113,39.626506024096386,-0.018011652483840918,0.12766653612982687,0.0228139295113025,0.0693073154965793,0.0017646101011545622,63.25
B5c_D10_vs_D5D6,H2,C100,83,-0.26811694825027116,-0.28213642004906164,-17.046612963375434,-6.097267382801252,0.04819277108433735,-0.8642378946738134,36,-0.19324871840147578,-0.18502919507038465,-9.151765560072107,-6.515924206886873,0.027777777777777776,-0.4382719543266235,0.00282889725885423,0.16862454183973,0.013853797856713321,0.11551634368120026,0.0006587578449084113,20.16867469879518,-0.04983496734662905,0.1222085362495841,0.04655154838327911,0.06599215308738719,0.0017646101011545622,31.916666666666668
B5d_top5_vs_LOUavg,H2,C100,83,-0.26463845237289313,-0.28178607787990406,-21.863901673479138,-6.945737481773196,0.03614457831325301,-0.6548858433191388,36,-0.1989369187419649,-0.19490723871907023,-7.667287066157382,-5.505311824191572,0.027777777777777776,-0.5333308017400367,0.00927910154839723,0.1724117428477858,0.013542097387174929,0.1143891506157711,0.0006587578449084113,10.349397590361447,-0.04083836697329909,0.12829946666961944,0.035690182951721855,0.06372465794961364,0.0017646101011545622,16.166666666666668
B1a_top10_long,H3,GROSS,83,0.031672789694311886,-0.004680361815433308,1.487560186908397,0.6007780180453205,0.46987951807228917,-0.3875993751055816,36,-0.019970446108163887,-0.011832491030536664,-0.7606576454021426,-0.5078232825506137,0.3888888888888889,-0.3299466620514847,0.058267844228249904,0.0,-0.025936296689029633,0.0,0.0006587578449084113,20.16867469879518,-0.061841426445453845,0.0,0.04363559043844451,0.0,0.0017646101011545622,31.916666666666668
B1b_top20_long,H3,GROSS,83,0.03550058389991258,0.0050569832877820405,1.7402797446019036,0.705597622442837,0.5180722891566265,-0.3465190884071391,36,-0.007966290507699564,0.0014239422712739452,-0.31546470230554,-0.2168226312154592,0.5277777777777778,-0.30307267864212084,0.05567437203236015,0.0,-0.01951503028753918,0.0,0.0006587578449084113,39.86746987951807,-0.03363274086764542,0.0,0.027431060461100425,0.0,0.0017646101011545622,63.44444444444444
B1c_top10_long_BACK,H3,GROSS,83,-0.0015917469122430218,-0.0294656008605107,-0.09300390785680314,-0.03707259362813809,0.43373493975903615,-0.23600453731091847,36,-0.0052909409533310695,-0.014944338413072102,-0.20967303949453697,-0.15050033300725607,0.3888888888888889,-0.2414342090990736,0.03159683784137403,0.0,-0.032529826908708634,0.0,0.0006587578449084113,10.325301204819278,-0.02262391928466134,0.0,0.019097588432484817,0.0,0.0017646101011545622,25.61111111111111
B1_LOUavg_long,H3,GROSS,83,0.024751043897594093,-0.006855850736165799,1.2624477321872465,0.4943414997241839,0.4819277108433735,-0.3122691447157434,36,-0.004842954456755366,-0.0007693613421998679,-0.22324298449642097,-0.13704624596636852,0.4722222222222222,-0.2868468101072225,0.07263357090581134,0.0,-0.04722376916330884,0.0,0.0006587578449084113,196.3012048192771,-0.023246430351123035,0.0,0.020168085995522233,0.0,0.0017646101011545622,314.27777777777777
B1x_contrast_rankP_keepLOU_top10,H3,GROSS,83,0.023394427613397967,-0.004709340972367006,1.2147042170503044,0.47761900294236515,0.4939759036144578,-0.3538715976237757,36,-0.013493560564748416,-0.004182164427876855,-0.5083067429729677,-0.36159738635145927,0.4722222222222222,-0.3124407235548817,0.04694180851408851,0.0,-0.022888623055782133,0.0,0.0006587578449084113,30.759036144578314,-0.037483434669011044,0.0,0.02575448420541719,0.0,0.0017646101011545622,53.52777777777778
B2_SPY_vega,H3,GROSS,83,0.04552411774452854,0.032308600871347536,2.7979827436316618,1.045798553421731,0.6265060240963856,-0.3530634178949027,36,0.014358535876588866,0.002484393870765034,0.7168332647032511,0.4301719127097379,0.5277777777777778,-0.31277286656147996,0.05496063348112515,0.0,-0.008777757891688213,0.0,0.0006587578449084113,20.16867469879518,-0.01900391970035708,0.0,0.03512706567810052,0.0,0.0017646101011545622,31.916666666666668
B2_SPY_gamma,H3,GROSS,83,0.03974545158972938,0.013071410918996648,2.2118048318081316,0.8739712675167353,0.6024096385542169,-0.28380533465030783,36,-0.0028264385984823736,0.006048446324201028,-0.12082230739831612,-0.07893247045158835,0.5277777777777778,-0.32362760991854844,0.05949235473926598,0.0,-0.019088145304628212,0.0,0.0006587578449084113,20.16867469879518,-0.03832723503219922,0.0,0.037265406534871405,0.0,0.0017646101011545622,31.916666666666668
B2_SPY_premium,H3,GROSS,83,0.05427297642329779,0.0671361421394989,2.0476020842275937,0.7040581686158378,0.6265060240963856,-0.8032024340623307,36,0.06125583164757401,0.09145671876806308,2.147590198104289,1.0751887894372205,0.6666666666666666,-0.49735996551211237,0.028579435250572754,0.0,0.026352299017633463,0.0,0.0006587578449084113,20.16867469879518,0.029791257873843895,0.0,0.03322918387488471,0.0,0.0017646101011545622,31.916666666666668
B2_SPY_eqrisk,H3,GROSS,83,0.042972883058804826,0.016621499405685105,2.5536506559250514,0.9266468543231289,0.5662650602409639,-0.35339132512435345,36,0.02064269276970506,0.00396085240030039,1.046384444344732,0.582714682870941,0.5,-0.3026857663219885,0.04342363973941133,0.0,0.0002080011643019193,0.0,0.0006587578449084113,20.16867469879518,-0.016025084285804975,0.0,0.03843238715666462,0.0,0.0017646101011545622,31.916666666666668
B2_IWM_vega,H3,GROSS,83,0.06645242494981185,0.04159126717035711,3.4670411646102397,1.2742117942478297,0.6144578313253012,-0.34321875835285665,36,0.02700411517246739,0.023462416763491027,1.0149412308635237,0.7446763774105785,0.5555555555555556,-0.19963368567523668,0.06847629243789716,0.0,-0.0013651096431769062,0.0,0.0006587578449084113,20.16867469879518,-0.01153652931885257,0.0,0.04030525459247452,0.0,0.0017646101011545622,31.916666666666668
B2_IWM_gamma,H3,GROSS,83,0.05754205994258454,0.022935405648972486,3.251667780967469,1.229060208912023,0.5542168674698795,-0.23127825175687677,36,0.008597865963977831,-0.008857228372300718,0.3317252343100106,0.25021334047643,0.4166666666666667,-0.21840793323616325,0.07088295090673959,0.0,-0.012682133119246658,0.0,0.0006587578449084113,20.16867469879518,-0.019884824846489697,0.0,0.030247300911622112,0.0,0.0017646101011545622,31.916666666666668
B2_IWM_premium,H3,GROSS,83,0.08401414773394113,0.1113690459695043,2.808474963213619,0.9769858622837762,0.6746987951807228,-0.9663216369586414,36,0.07143103528128772,0.07465208560156195,1.888978199566825,1.1871628534148468,0.6666666666666666,-0.5210502163816986,0.04814776742434864,0.0,0.0365251381545009,0.0,0.0006587578449084113,20.16867469879518,0.009556740417211365,0.0,0.0636389049652309,0.0,0.0017646101011545622,31.916666666666668
B2_IWM_eqrisk,H3,GROSS,83,0.0578434687141265,0.04645313010072498,2.8894774979133997,1.1418760731793707,0.5903614457831325,-0.3714947752605984,36,0.02573029458656191,0.017150235261419962,0.9903113772477286,0.7076409493119065,0.6111111111111112,-0.24351224347216313,0.05320780582629927,0.0,0.005294420732735633,0.0,0.0006587578449084113,20.16867469879518,-0.02614234301412123,0.0,0.053637247701837705,0.0,0.0017646101011545622,31.916666666666668
B3_sector_vega,H3,GROSS,83,0.04629534916117564,0.039494739216542216,3.103982445177192,1.1509266619851215,0.6024096385542169,-0.4312365217744504,36,0.001633546878418892,-0.011696640412689948,0.0895882084582085,0.05503601786024923,0.4722222222222222,-0.26390142126628746,0.0441244156470849,0.0,0.002829691358999161,0.0,0.0006587578449084113,20.16867469879518,-0.04213941020875051,0.0,0.04553756718832397,0.0,0.0017646101011545622,31.916666666666668
B3_sector_gamma,H3,GROSS,83,0.04140583515625299,0.015074589248304503,2.4417145270717167,0.9618143294026713,0.5662650602409639,-0.4130107678035284,36,-0.007836445047070054,-0.003256658812975967,-0.3856237400261781,-0.26025471207287443,0.4444444444444444,-0.2933031348160475,0.055253161002418075,0.0,-0.01318856800125667,0.0,0.0006587578449084113,20.16867469879518,-0.046186236828420824,0.0,0.040114401882505334,0.0,0.0017646101011545622,31.916666666666668
B3_sector_premium,H3,GROSS,83,0.05436287838263743,0.05420050640353571,2.7038012330051093,0.9368497446389789,0.6506024096385542,-0.5146511788134595,36,0.019095686193619357,0.033315743106631976,0.695231984526128,0.3717952725544564,0.5833333333333334,-0.42300902569145554,0.015121811151545506,0.0,0.039899825076000345,0.0,0.0006587578449084113,20.16867469879518,-0.03703814586530744,0.0,0.05789844216008138,0.0,0.0017646101011545622,31.916666666666668
B3_sector_eqrisk,H3,GROSS,83,0.043017834038474666,0.04132659049110933,3.091338236508285,1.116486075897147,0.5783132530120482,-0.31207003155064317,36,-0.0004373799572722652,-0.00785742062189998,-0.02421358496322135,-0.014145941668234173,0.4722222222222222,-0.2617947876394776,0.0366948276898977,0.0,0.0069817641934853585,0.0,0.0006587578449084113,20.16867469879518,-0.04943978615538064,0.0,0.050767016299262946,0.0,0.0017646101011545622,31.916666666666668
B4_LOUavg_vega,H3,GROSS,83,0.012967995465508331,0.005769459427015691,1.0433828683716615,0.3829021216584179,0.5421686746987951,-0.3103638011406881,36,-0.017341554766771506,-0.005389839989145015,-1.133492405752464,-0.7868191594263225,0.4444444444444444,-0.19524688520850272,-0.0013391350582585499,0.0,0.014965888368675299,0.0,0.0006587578449084113,20.16867469879518,-0.04732664822000006,0.0,0.03174970355438312,0.0,0.0017646101011545622,31.916666666666668
B5a_Q5_vs_Q4,H3,GROSS,83,0.00015590226171677485,0.0003616364232315927,0.009315320087866593,0.0036643223860170623,0.5060240963855421,-1.041953114823174,36,-0.010563039798129854,-0.00970667760528898,-0.8261573029269355,-0.5386911836354619,0.3888888888888889,-0.17114464852565625,-0.022866431104005002,0.0,0.02368109121063018,0.0,0.0006587578449084113,39.626506024096386,-0.036667072137468545,0.0,0.027868642440493252,0.0,0.0017646101011545622,63.25
B5b_Q5_vs_Q3,H3,GROSS,83,0.015173840106971884,0.0025156391805149403,1.2380234324390915,0.4497654837185207,0.5180722891566265,-0.302506366039257,36,-0.002132114922751281,-0.014403029174547896,-0.14510160274557887,-0.091983567999577,0.4444444444444444,-0.27018698271952163,-0.0021801929306826035,0.0,0.018012790882562888,0.0,0.0006587578449084113,39.626506024096386,-0.018011652483840918,0.0,0.01764414766224421,0.0,0.0017646101011545622,63.25
B5c_D10_vs_D5D6,H3,GROSS,83,0.013252039100366458,-0.0021276756846655975,0.9385457712720962,0.3288826627728457,0.4939759036144578,-0.21909206782022964,36,-0.014945561330636188,-0.016663019441176558,-0.8691028263237491,-0.5532762317663422,0.3611111111111111,-0.3071203747997365,0.00282889725885423,0.0,0.011081899686420637,0.0,0.0006587578449084113,20.16867469879518,-0.04983496734662905,0.0,0.036654016117147435,0.0,0.0017646101011545622,31.916666666666668
B5d_top5_vs_LOUavg,H3,GROSS,83,0.01885577850620669,0.020197112411093898,1.4102405900962247,0.5205413257762598,0.5542168674698795,-0.24460245418423804,36,-0.015338220142976592,-0.006309593771714791,-0.8381397038074831,-0.5158059678910326,0.5,-0.1981160181105296,0.00927910154839723,0.0,0.010235434802717883,0.0,0.0006587578449084113,10.349397590361447,-0.04083836697329909,0.0,0.02726475693147705,0.0,0.0017646101011545622,16.166666666666668
B1a_top10_long,H3,MID,83,-0.0019485669054315155,-0.02975007973048296,-0.09137595001056148,-0.037110990729181226,0.39759036144578314,-0.428301244730966,36,-0.039035582680413995,-0.030956794639220124,-1.4652915681934613,-0.9988696056144104,0.3333333333333333,-0.34421515469978314,0.058267844228249904,0.012156509778030058,-0.025936296689029633,0.02146484682171333,0.0006587578449084113,20.16867469879518,-0.061841426445453845,0.006519613770992636,0.04363559043844451,0.012545522801257463,0.0017646101011545622,31.916666666666668
B1b_top20_long,H3,MID,83,0.0004668274019204052,-0.02778111456259752,0.02310805774838133,0.009419693773436013,0.40963855421686746,-0.38365475309552516,36,-0.02778019010178906,-0.0192417173658529,-1.093475668382038,-0.7638499344662247,0.3888888888888889,-0.31973935498488404,0.05567437203236015,0.012493005321886085,-0.01951503028753918,0.02254075117610608,0.0006587578449084113,39.86746987951807,-0.03363274086764542,0.006543409666331119,0.027431060461100425,0.01327048992775838,0.0017646101011545622,63.44444444444444
B1c_top10_long_BACK,H3,MID,83,-0.016808808714543697,-0.045662842767157645,-0.9930869257109938,-0.39862270148807033,0.42168674698795183,-0.24896732082133416,36,-0.013286920479875243,-0.023649535473144495,-0.5253727780153591,-0.37973532233420615,0.3055555555555556,-0.24770666898773078,0.03159683784137403,0.005066331597909256,-0.032529826908708634,0.01015073020439142,0.0006587578449084113,10.325301204819278,-0.02262391928466134,0.002432516285504828,0.019097588432484817,0.005563463241039342,0.0017646101011545622,25.61111111111111
B1_LOUavg_long,H3,MID,83,-0.01543586100456551,-0.04333649525414233,-0.7964833739992776,-0.31551265958326713,0.3253012048192771,-0.34963984262424175,36,-0.035897376930414185,-0.03308216981294836,-1.6596098307710998,-1.0301637431431514,0.4166666666666667,-0.31319134817756555,0.07263357090581134,0.015894573547849684,-0.04722376916330884,0.024292331354309915,0.0006587578449084113,196.3012048192771,-0.023246430351123035,0.014979743413076245,0.020168085995522233,0.016074679060582568,0.0017646101011545622,314.27777777777777
B1x_contrast_rankP_keepLOU_top10,H3,MID,83,-0.01061969395374749,-0.03315921554970301,-0.554462766429026,-0.218919234101732,0.42168674698795183,-0.39129719589647777,36,-0.03306151819036897,-0.028807207696724506,-1.2358702149763134,-0.8933188306457259,0.3611111111111111,-0.3288819747498726,0.04694180851408851,0.012012036763226553,-0.022888623055782133,0.0220020848039189,0.0006587578449084113,30.759036144578314,-0.037483434669011044,0.0065078189935034135,0.02575448420541719,0.013060138632117142,0.0017646101011545622,53.52777777777778
B2_SPY_vega,H3,MID,83,-0.0009812269349834752,-0.00957937289872568,-0.061138243136165886,-0.022464162499417246,0.42168674698795183,-0.40086460566724136,36,-0.011652865653262068,-0.02212410299211221,-0.5775627916090622,-0.3551380182135299,0.3888888888888889,-0.33194562470528366,0.05496063348112515,0.013823163423852196,-0.008777757891688213,0.032682181255659824,0.0006587578449084113,20.16867469879518,-0.01900391970035708,0.007137848701425483,0.03512706567810052,0.01887355282842544,0.0017646101011545622,31.916666666666668
B2_SPY_gamma,H3,MID,83,-0.00010158321908051926,-0.024534380729601922,-0.005685329476447452,-0.002240401203629034,0.3493975903614458,-0.3279825923458794,36,-0.024826010037594347,-0.018014404230214817,-1.0446945557886267,-0.7020427711572699,0.3055555555555556,-0.3397238163162677,0.05949235473926598,0.01296260546795119,-0.019088145304628212,0.026884429340858697,0.0006587578449084113,20.16867469879518,-0.03832723503219922,0.006783193018291595,0.037265406534871405,0.015216378420820374,0.0017646101011545622,31.916666666666668
B2_SPY_premium,H3,MID,83,-0.011728031889989034,0.02060471726480944,-0.4454655459263841,-0.1493352027805595,0.5180722891566265,-0.8851331425970791,36,0.02251457405338975,0.047779525626526466,0.8145325863074784,0.3958591993959038,0.5277777777777778,-0.529880207523843,0.028579435250572754,0.016338543140070227,0.026352299017633463,0.04966246517321659,0.0006587578449084113,20.16867469879518,0.029791257873843895,0.00824713914221454,0.03322918387488471,0.030494118451969723,0.0017646101011545622,31.916666666666668
B2_SPY_eqrisk,H3,MID,83,-0.0068382993977102735,-0.02788544162049136,-0.4104721891795219,-0.14586465143569075,0.43373493975903615,-0.41327855505491407,36,-0.008260504313512123,-0.017597894495270924,-0.4236943579312651,-0.23597289682740988,0.3611111111111111,-0.324717503700389,0.04342363973941133,0.014247526459050143,0.0002080011643019193,0.03556365599746497,0.0006587578449084113,20.16867469879518,-0.016025084285804975,0.007383376456603589,0.03843238715666462,0.021519820626613593,0.0017646101011545622,31.916666666666668
B2_IWM_vega,H3,MID,83,0.015293115058919044,-0.0051564080918871024,0.7908100496205176,0.2881444683258456,0.4939759036144578,-0.39720911735489556,36,-0.0012042985801303202,-0.006746210433716494,-0.04374246582368169,-0.03249883012274962,0.4444444444444444,-0.23089486451827188,0.06847629243789716,0.015124868036583684,-0.0013651096431769062,0.03603444185430914,0.0006587578449084113,20.16867469879518,-0.01153652931885257,0.007836827954655538,0.04030525459247452,0.020371585797942172,0.0017646101011545622,31.916666666666668
B2_IWM_gamma,H3,MID,83,0.012779871646989597,-0.015780357647377716,0.7122313127785983,0.26966828997075626,0.4578313253012048,-0.29521425095284476,36,-0.015972173897451793,-0.033407760461832095,-0.5962488376774503,-0.45815729606777655,0.3611111111111111,-0.23883762657479882,0.07088295090673959,0.014067531521069793,-0.012682133119246658,0.030694656774525132,0.0006587578449084113,20.16867469879518,-0.019884824846489697,0.007304790312093575,0.030247300911622112,0.017265249549336045,0.0017646101011545622,31.916666666666668
B2_IWM_premium,H3,MID,83,0.017685927830412288,0.04318798283780269,0.593005146239246,0.20242514827358438,0.5301204819277109,-1.021572607484372,36,0.03414619808097366,0.033284283920068894,0.8818918192895483,0.5567084348927009,0.5833333333333334,-0.5687120348184133,0.04814776742434864,0.017641472249988306,0.0365251381545009,0.04868674765354057,0.0006587578449084113,20.16867469879518,0.009556740417211365,0.00915831443555052,0.0636389049652309,0.028126522764763556,0.0017646101011545622,31.916666666666668
B2_IWM_eqrisk,H3,MID,83,0.00786868046249038,-0.01186531148655602,0.3946007784136339,0.15347921396420625,0.4819277108433735,-0.42698238114203635,36,-0.002444692299720176,-0.011367206136570461,-0.0914996474851373,-0.0663337312355113,0.4444444444444444,-0.27701237502474346,0.05320780582629927,0.014898991014009181,0.005294420732735633,0.035075797237626945,0.0006587578449084113,20.16867469879518,-0.02614234301412123,0.007838964103271577,0.053637247701837705,0.02033602278301051,0.0017646101011545622,31.916666666666668
B3_sector_vega,H3,MID,83,-0.017104611878625896,-0.017682544754344765,-1.1347806456993506,-0.41928233748018545,0.3855421686746988,-0.5004581879224124,36,-0.03258962322304056,-0.04632986878462664,-1.7518918583093976,-1.083772102475483,0.3333333333333333,-0.2923227316798803,0.0441244156470849,0.018881249851429478,0.002829691358999161,0.04451871118837207,0.0006587578449084113,20.16867469879518,-0.04213941020875051,0.009574783179243119,0.04553756718832397,0.02464838692221634,0.0017646101011545622,31.916666666666668
B3_sector_gamma,H3,MID,83,-0.010001016317603511,-0.03583734637845933,-0.586357783163531,-0.23144922989838773,0.3855421686746988,-0.4682957595435848,36,-0.03547400235810994,-0.033024199146527655,-1.6867846157456876,-1.1719054890281133,0.2777777777777778,-0.3154379838984953,0.055253161002418075,0.016220362489445007,-0.01318856800125667,0.03518648898441149,0.0006587578449084113,20.16867469879518,-0.046186236828420824,0.008271393165539952,0.040114401882505334,0.01936616414549994,0.0017646101011545622,31.916666666666668
B3_sector_premium,H3,MID,83,-0.037146781757274185,-0.036780643449770396,-1.8668124126941144,-0.6258373372871172,0.40963855421686746,-0.5790993473473464,36,-0.03111149163682847,-0.018733479560073263,-1.1836201460883895,-0.5984111595158791,0.4444444444444444,-0.4583515792982428,0.015121811151545506,0.025063274990809205,0.039899825076000345,0.0664463851491024,0.0006587578449084113,20.16867469879518,-0.03703814586530744,0.012631524465767714,0.05789844216008138,0.03757565336468012,0.0017646101011545622,31.916666666666668
B3_sector_eqrisk,H3,MID,83,-0.01954767433135285,-0.02045478454942571,-1.4052468371846003,-0.5019573270964783,0.42168674698795183,-0.37863053301857064,36,-0.03507353715862124,-0.049221251188454926,-1.9656784417264448,-1.1320278007355236,0.3611111111111111,-0.290744759808376,0.0366948276898977,0.01860989238441963,0.0069817641934853585,0.04395561598540787,0.0006587578449084113,20.16867469879518,-0.04943978615538064,0.009575569118380175,0.050767016299262946,0.02506058808296879,0.0017646101011545622,31.916666666666668
B4_LOUavg_vega,H3,MID,83,-0.047834284153857425,-0.0584108890012338,-3.865523271027972,-1.399125207417389,0.2289156626506024,-0.39453022120988185,36,-0.05231907627985891,-0.04431917857000295,-3.1611700739156467,-2.2665716745388003,0.19444444444444445,-0.22493269133275032,-0.0013391350582585499,0.018240256474425516,0.014965888368675299,0.04256202314494025,0.0006587578449084113,20.16867469879518,-0.04732664822000006,0.00987310582985964,0.03174970355438312,0.025104415683227767,0.0017646101011545622,31.916666666666668
B5a_Q5_vs_Q4,H3,MID,83,-0.06294182970682516,-0.06319176801531287,-3.697581881001237,-1.456380825263455,0.24096385542168675,-1.124401716617593,36,-0.04689899494347791,-0.04502906200635681,-3.4943341306282143,-2.316446120670287,0.16666666666666666,-0.23932787659097463,-0.022866431104005002,0.018677350750560404,0.02368109121063018,0.04442038121798152,0.0006587578449084113,39.626506024096386,-0.036667072137468545,0.009984452858083208,0.027868642440493252,0.02635150228726485,0.0017646101011545622,63.25
B5b_Q5_vs_Q3,H3,MID,83,-0.04751859399663908,-0.061891573199341104,-4.018272756916988,-1.4242195047099844,0.26506024096385544,-0.3649744098873701,36,-0.03887403587873642,-0.042814835543164245,-2.5289783800746846,-1.6467033539068223,0.2222222222222222,-0.3016394612113308,-0.0021801929306826035,0.01857740895560007,0.018012790882562888,0.0441150251480109,0.0006587578449084113,39.626506024096386,-0.018011652483840918,0.010130676172528797,0.01764414766224421,0.026611244783456337,0.0017646101011545622,63.25
B5c_D10_vs_D5D6,H3,MID,83,-0.046730398028729046,-0.06297738373283397,-3.3691128647168465,-1.1571430717367206,0.26506024096385544,-0.2775664772481452,36,-0.05006617420728957,-0.05344583558936737,-2.7283161768255075,-1.8036498682820228,0.2222222222222222,-0.33565871350495485,0.00282889725885423,0.017950746338530034,0.011081899686420637,0.04203169079056547,0.0006587578449084113,20.16867469879518,-0.04983496734662905,0.009913517990062189,0.036654016117147435,0.02520709488659121,0.0017646101011545622,31.916666666666668
B5d_top5_vs_LOUavg,H3,MID,83,-0.04074316761065411,-0.04754310085517473,-3.1642114188997543,-1.127586412441984,0.3614457831325301,-0.3291997846008684,36,-0.050318480852015804,-0.048684861677364404,-2.546316770472231,-1.6380575533540223,0.2222222222222222,-0.2285066201715845,0.00927910154839723,0.018291557382755626,0.010235434802717883,0.04130738873410517,0.0006587578449084113,10.349397590361447,-0.04083836697329909,0.010578595396132628,0.02726475693147705,0.024401665312906586,0.0017646101011545622,16.166666666666668
B1a_top10_long,H3,C25,83,-0.02043785334187871,-0.049032400411945315,-0.9762519521131657,-0.3954090667871738,0.3493975903614458,-0.43773456324623594,36,-0.051071873525665695,-0.044938465370126746,-1.9071546525357108,-1.3087125172965428,0.3333333333333333,-0.3554349557256578,0.058267844228249904,0.030645796214477255,-0.025936296689029633,0.02146484682171333,0.0006587578449084113,20.16867469879518,-0.061841426445453845,0.018555904616244335,0.04363559043844451,0.012545522801257463,0.0017646101011545622,31.916666666666668
B1b_top20_long,H3,C25,83,-0.017877909730151256,-0.04626040293313255,-0.9059106990711169,-0.3677051588586417,0.3855421686746988,-0.39501862326934967,36,-0.04025294424077667,-0.029990655385443543,-1.5824415579160451,-1.1092560600967363,0.3333333333333333,-0.32831020835813185,0.05567437203236015,0.030837742453957755,-0.01951503028753918,0.02254075117610608,0.0006587578449084113,39.86746987951807,-0.03363274086764542,0.019016163805318734,0.027431060461100425,0.01327048992775838,0.0017646101011545622,63.44444444444444
B1c_top10_long_BACK,H3,C25,83,-0.029566808242610033,-0.05577323005966767,-1.78307334642748,-0.7154237178525528,0.3614457831325301,-0.25515019035363723,36,-0.02287699915392765,-0.03869443983086003,-0.905865976466287,-0.6579096066946247,0.3055555555555556,-0.25350233321651955,0.03159683784137403,0.017824331125975583,-0.032529826908708634,0.01015073020439142,0.0006587578449084113,10.325301204819278,-0.02262391928466134,0.012022594959557233,0.019097588432484817,0.005563463241039342,0.0017646101011545622,25.61111111111111
B1_LOUavg_long,H3,C25,83,-0.036357508732165957,-0.06458479131484827,-1.936362326671728,-0.7660833365830394,0.25301204819277107,-0.36235713962381805,36,-0.05549665517771641,-0.05592103418144707,-2.555795951700048,-1.6034862289120662,0.3333333333333333,-0.33034721051811416,0.07263357090581134,0.03681622127545014,-0.04722376916330884,0.024292331354309915,0.0006587578449084113,196.3012048192771,-0.023246430351123035,0.034579021660378476,0.020168085995522233,0.016074679060582568,0.0017646101011545622,314.27777777777777
B1x_contrast_rankP_keepLOU_top10,H3,C25,83,-0.028970112773744824,-0.04972491603483191,-1.5470665257887808,-0.6086254601113096,0.3614457831325301,-0.4001945672340768,36,-0.045467675211308636,-0.046128523995526166,-1.6976869705845736,-1.2304323329457836,0.3055555555555556,-0.342216569756581,0.04694180851408851,0.030362455583223882,-0.022888623055782133,0.0220020848039189,0.0006587578449084113,30.759036144578314,-0.037483434669011044,0.018913976014443088,0.02575448420541719,0.013060138632117142,0.0017646101011545622,53.52777777777778
B2_SPY_vega,H3,C25,83,-0.021616440539663034,-0.033267887065543046,-1.3666870979003896,-0.49898467367140803,0.37349397590361444,-0.41786427592342146,36,-0.026015507619253597,-0.03573441362582978,-1.287837612710777,-0.7979683323710959,0.3055555555555556,-0.3441869881836562,0.05496063348112515,0.034458377028531745,-0.008777757891688213,0.032682181255659824,0.0006587578449084113,20.16867469879518,-0.01900391970035708,0.021500490667417008,0.03512706567810052,0.01887355282842544,0.0017646101011545622,31.916666666666668
B2_SPY_gamma,H3,C25,83,-0.019640402424868975,-0.04583359271652538,-1.1223037713371122,-0.44005195665956065,0.3373493975903614,-0.33771519761827656,36,-0.0378842670900953,-0.0315696979349811,-1.5879472857611658,-1.0754774496757742,0.2222222222222222,-0.35131756668299885,0.05949235473926598,0.032501424673739635,-0.019088145304628212,0.026884429340858697,0.0006587578449084113,20.16867469879518,-0.03832723503219922,0.01984145007079255,0.037265406534871405,0.015216378420820374,0.0017646101011545622,31.916666666666668
B2_SPY_premium,H3,C25,83,-0.03559297298229962,-0.00903897583686549,-1.3410748414910099,-0.4486405964755873,0.4939759036144578,-0.9153374752861475,36,0.00424003439933646,0.03455586330497895,0.15357489067139593,0.07464822057688895,0.5277777777777778,-0.5448930367927838,0.028579435250572754,0.04020348423238081,0.026352299017633463,0.04966246517321659,0.0006587578449084113,20.16867469879518,0.029791257873843895,0.026521678796267836,0.03322918387488471,0.030494118451969723,0.0017646101011545622,31.916666666666668
B2_SPY_eqrisk,H3,C25,83,-0.02801541316208917,-0.04643826310722513,-1.6969665977189625,-0.5986536755132991,0.3614457831325301,-0.42980802955848524,36,-0.023415919563164616,-0.030958593176593028,-1.2033538316444414,-0.6723063799294922,0.3333333333333333,-0.3375606813496402,0.04342363973941133,0.03542464022342903,0.0002080011643019193,0.03556365599746497,0.0006587578449084113,20.16867469879518,-0.016025084285804975,0.022538791706256087,0.03843238715666462,0.021519820626613593,0.0017646101011545622,31.916666666666668
B2_IWM_vega,H3,C25,83,-0.006749087760786811,-0.021101100891471797,-0.34906833359153866,-0.1266854045222457,0.42168674698795183,-0.4206637268872112,36,-0.015331646124174782,-0.021770936368945473,-0.5573743986606469,-0.41325989741841396,0.4166666666666667,-0.24149653525561743,0.06847629243789716,0.037167070856289536,-0.0013651096431769062,0.03603444185430914,0.0006587578449084113,20.16867469879518,-0.01153652931885257,0.021964175498700004,0.04030525459247452,0.020371585797942172,0.0017646101011545622,31.916666666666668
B2_IWM_gamma,H3,C25,83,-0.007890737509365206,-0.042028539513844845,-0.44677999747834196,-0.16794493950146616,0.39759036144578314,-0.3157683708801455,36,-0.029246663930981884,-0.04481418877568305,-1.0885006175040097,-0.8376317941108108,0.3333333333333333,-0.24847039166775464,0.07088295090673959,0.034738140677424596,-0.012682133119246658,0.030694656774525132,0.0006587578449084113,20.16867469879518,-0.019884824846489697,0.020579280345623667,0.030247300911622112,0.017265249549336045,0.0017646101011545622,31.916666666666668
B2_IWM_premium,H3,C25,83,-0.007754018505000968,0.02251375147280745,-0.25381976025244796,-0.08695978123961291,0.5180722891566265,-1.1606484720770378,36,0.01788239652979866,0.017528254719107753,0.4643022348237095,0.29144741213667796,0.5833333333333334,-0.5809577988192439,0.04814776742434864,0.04308141858540154,0.0365251381545009,0.04868674765354057,0.0006587578449084113,20.16867469879518,0.009556740417211365,0.025422115986725495,0.0636389049652309,0.028126522764763556,0.0017646101011545622,31.916666666666668
B2_IWM_eqrisk,H3,C25,83,-0.014095935923439844,-0.03730636307113202,-0.7048958150423001,-0.2731819804965509,0.42168674698795183,-0.450819439862421,36,-0.01659473849793352,-0.02603995134726038,-0.6228881986900316,-0.45077488450114866,0.4444444444444444,-0.28783849109826015,0.05320780582629927,0.03686360739993941,0.005294420732735633,0.035075797237626945,0.0006587578449084113,20.16867469879518,-0.02614234301412123,0.02198901030148492,0.053637247701837705,0.02033602278301051,0.0017646101011545622,31.916666666666668
B3_sector_vega,H3,C25,83,-0.04442574543392136,-0.043819742666120876,-2.976181026319905,-1.0918946839607193,0.30120481927710846,-0.5383525140298396,36,-0.051214553590011896,-0.0624904401954699,-2.7183181323346037,-1.6869060723510503,0.25,-0.3118471361499542,0.0441244156470849,0.04620238340672494,0.002829691358999161,0.04451871118837207,0.0006587578449084113,20.16867469879518,-0.04213941020875051,0.028199713546214453,0.04553756718832397,0.02464838692221634,0.0017646101011545622,31.916666666666668
B3_sector_gamma,H3,C25,83,-0.03383294400055013,-0.051654677252640384,-2.0260218416502056,-0.7932218577251059,0.30120481927710846,-0.4991980752628098,36,-0.05098032061364894,-0.04763983432829847,-2.3977757529165973,-1.676304218935006,0.2222222222222222,-0.3307836536099403,0.055253161002418075,0.040052290172391626,-0.01318856800125667,0.03518648898441149,0.0006587578449084113,20.16867469879518,-0.046186236828420824,0.023777711421078946,0.040114401882505334,0.01936616414549994,0.0017646101011545622,31.916666666666668
B3_sector_premium,H3,C25,83,-0.0726102777154743,-0.06597529850602267,-3.5476077941836346,-1.199627571000397,0.3373493975903614,-0.6734181931222062,36,-0.057704060916746375,-0.04287157347662637,-2.129373583500415,-1.089285449787207,0.3888888888888889,-0.5110987981590881,0.015121811151545506,0.06052677094900932,0.039899825076000345,0.0664463851491024,0.0006587578449084113,20.16867469879518,-0.03703814586530744,0.03922409374568561,0.05789844216008138,0.03757565336468012,0.0017646101011545622,31.916666666666668
B3_sector_eqrisk,H3,C25,83,-0.0465240655286765,-0.05110063199786817,-3.372119092015979,-1.1972669791868644,0.24096385542168675,-0.41097986084525107,36,-0.054387967221206035,-0.0655492492461121,-3.0194462896518823,-1.7383194179372774,0.2777777777777778,-0.31177189737854366,0.0366948276898977,0.0455862835817433,0.0069817641934853585,0.04395561598540787,0.0006587578449084113,20.16867469879518,-0.04943978615538064,0.02888999918096498,0.050767016299262946,0.02506058808296879,0.0017646101011545622,31.916666666666668
B4_LOUavg_vega,H3,C25,83,-0.08719116246911672,-0.10412452295234344,-7.05519851862333,-2.5343357630035492,0.12048192771084337,-0.4319249060862713,36,-0.08223589091302624,-0.07312654959083739,-4.701786641858072,-3.410381925144188,0.05555555555555555,-0.2732520873920762,-0.0013391350582585499,0.05759713478968482,0.014965888368675299,0.04256202314494025,0.0006587578449084113,20.16867469879518,-0.04732664822000006,0.039789920463026957,0.03174970355438312,0.025104415683227767,0.0017646101011545622,31.916666666666668
B5a_Q5_vs_Q4,H3,C25,83,-0.09997460732115909,-0.09465721166567957,-5.83403422730009,-2.2802087804607454,0.13253012048192772,-1.1730226874200373,36,-0.0740796007371233,-0.06951850692422935,-5.245568356545531,-3.522595701729612,0.08333333333333333,-0.2998142906779149,-0.022866431104005002,0.05571012836489433,0.02368109121063018,0.04442038121798152,0.0006587578449084113,39.626506024096386,-0.036667072137468545,0.0371650586517286,0.027868642440493252,0.02635150228726485,0.0017646101011545622,63.25
B5b_Q5_vs_Q3,H3,C25,83,-0.08590756942816258,-0.09892107674721339,-7.181830879701357,-2.529397136057781,0.1566265060240964,-0.3942941128064312,36,-0.06825800086806094,-0.06754713112926947,-4.232854679540709,-2.816887107579635,0.16666666666666666,-0.3283801864818503,-0.0021801929306826035,0.056966384387123564,0.018012790882562888,0.0441150251480109,0.0006587578449084113,39.626506024096386,-0.018011652483840918,0.039514641161853326,0.01764414766224421,0.026611244783456337,0.0017646101011545622,63.25
B5c_D10_vs_D5D6,H3,C25,83,-0.08439884690402905,-0.1016318980635038,-6.014373908630027,-2.068370771280662,0.18072289156626506,-0.35676550926257483,36,-0.07813992877217008,-0.08405711179337419,-4.060050521453183,-2.738414716881216,0.16666666666666666,-0.35948113619136773,0.00282889725885423,0.05561919521383002,0.011081899686420637,0.04203169079056547,0.0006587578449084113,20.16867469879518,-0.04983496734662905,0.03798727255494267,0.036654016117147435,0.02520709488659121,0.0017646101011545622,31.916666666666668
B5d_top5_vs_LOUavg,H3,C25,83,-0.07927321397691166,-0.08065853826289104,-6.279073564422182,-2.20065104090643,0.2289156626506024,-0.36719023315696037,36,-0.07974869867038753,-0.07925537855658102,-3.865175094712744,-2.534476376090374,0.16666666666666666,-0.2672413756751278,0.00927910154839723,0.056821603749013155,0.010235434802717883,0.04130738873410517,0.0006587578449084113,10.349397590361447,-0.04083836697329909,0.04000881321450434,0.02726475693147705,0.024401665312906586,0.0017646101011545622,16.166666666666668
B1a_top10_long,H3,C50,83,-0.03892713977832592,-0.06953833737335194,-1.8924827787261596,-0.7644810092099411,0.3373493975903614,-0.44716788176150607,36,-0.06310816437091737,-0.058436981047117524,-2.342957951773941,-1.6182405370500703,0.25,-0.36665475675153264,0.058267844228249904,0.04913508265092445,-0.025936296689029633,0.02146484682171333,0.0006587578449084113,20.16867469879518,-0.061841426445453845,0.030592195461496028,0.04363559043844451,0.012545522801257463,0.0017646101011545622,31.916666666666668
B1b_top20_long,H3,C50,83,-0.03622264686222293,-0.06942409302632324,-1.8777238078018763,-0.7588108764336254,0.3132530120481928,-0.4063824934431742,36,-0.052725698379764284,-0.04381188313942262,-2.0692019134377397,-1.4553582141000814,0.3055555555555556,-0.3370953902411551,0.05567437203236015,0.049182479586029414,-0.01951503028753918,0.02254075117610608,0.0006587578449084113,39.86746987951807,-0.03363274086764542,0.03148891794430633,0.027431060461100425,0.01327048992775838,0.0017646101011545622,63.44444444444444
B1c_top10_long_BACK,H3,C50,83,-0.04232480777067636,-0.06554171668082409,-2.605191367787749,-1.044669294520852,0.3373493975903614,-0.2613330598859403,36,-0.03246707782798004,-0.04896208584000572,-1.286495555669356,-0.9389118350662969,0.25,-0.25929799744530824,0.03159683784137403,0.03058233065404192,-0.032529826908708634,0.01015073020439142,0.0006587578449084113,10.325301204819278,-0.02262391928466134,0.021612673633609622,0.019097588432484817,0.005563463241039342,0.0017646101011545622,25.61111111111111
B1_LOUavg_long,H3,C50,83,-0.05727915645976641,-0.0858330873755542,-3.145486903744744,-1.2432852490452475,0.2289156626506024,-0.3750744366233943,36,-0.07509593342501862,-0.07466395306185114,-3.443615915242915,-2.1831475786119863,0.2777777777777778,-0.34750307285866283,0.07263357090581134,0.05773786900305059,-0.04722376916330884,0.024292331354309915,0.0006587578449084113,196.3012048192771,-0.023246430351123035,0.0541782999076807,0.020168085995522233,0.016074679060582568,0.0017646101011545622,314.27777777777777
B1x_contrast_rankP_keepLOU_top10,H3,C50,83,-0.047320531593742145,-0.06629061651996071,-2.581895193912973,-1.012346903737757,0.30120481927710846,-0.4090919385716759,36,-0.05787383223224832,-0.05871440126862512,-2.157332615880002,-1.5676263595577837,0.25,-0.35555116476328946,0.04694180851408851,0.048712874403221224,-0.022888623055782133,0.0220020848039189,0.0006587578449084113,30.759036144578314,-0.037483434669011044,0.03132013303538275,0.02575448420541719,0.013060138632117142,0.0017646101011545622,53.52777777777778
B2_SPY_vega,H3,C50,83,-0.04225165414434256,-0.05553532079189079,-2.7034876673226624,-0.9814111896261318,0.2891566265060241,-0.4348639461796017,36,-0.04037814958524514,-0.04859286615599259,-1.9947730747925692,-1.2448823241026419,0.2777777777777778,-0.3564283516620289,0.05496063348112515,0.055093590633211266,-0.008777757891688213,0.032682181255659824,0.0006587578449084113,20.16867469879518,-0.01900391970035708,0.03586313263340857,0.03512706567810052,0.01887355282842544,0.0017646101011545622,31.916666666666668
B2_SPY_gamma,H3,C50,83,-0.03917922163065739,-0.07102748530396058,-2.2823945876040312,-0.8906088713944971,0.30120481927710846,-0.3501758522635147,36,-0.050942524142596264,-0.045508149146638685,-2.1256425301535455,-1.4504911967068677,0.2222222222222222,-0.3629113170497302,0.05949235473926598,0.052040243879528054,-0.019088145304628212,0.026884429340858697,0.0006587578449084113,20.16867469879518,-0.03832723503219922,0.032899707123293515,0.037265406534871405,0.015216378420820374,0.0017646101011545622,31.916666666666668
B2_SPY_premium,H3,C50,83,-0.05945791407461009,-0.03850773203681418,-2.2191353452337697,-0.7411893385486662,0.4457831325301205,-0.9455418079752156,36,-0.014034505254716929,0.013353476205510929,-0.5083393209854712,-0.2471085163877092,0.5277777777777778,-0.5599058660617243,0.028579435250572754,0.06406842532469129,0.026352299017633463,0.04966246517321659,0.0006587578449084113,20.16867469879518,0.029791257873843895,0.04479621845032123,0.03322918387488471,0.030494118451969723,0.0017646101011545622,31.916666666666668
B2_SPY_eqrisk,H3,C50,83,-0.049192526926468,-0.0640859016844959,-2.9988662343709467,-1.0508887483009621,0.30120481927710846,-0.44633750406205613,36,-0.03857133481281716,-0.04309167685674295,-1.984154174339723,-1.1115686513623337,0.25,-0.3504038589988917,0.04342363973941133,0.05660175398780788,0.0002080011643019193,0.03556365599746497,0.0006587578449084113,20.16867469879518,-0.016025084285804975,0.03769420695590864,0.03843238715666462,0.021519820626613593,0.0017646101011545622,31.916666666666668
B2_IWM_vega,H3,C50,83,-0.028791290580492627,-0.0453350296191845,-1.4846574974603939,-0.5371175491780151,0.40963855421686746,-0.4441183364195268,36,-0.02945899366821927,-0.03508155600768492,-1.0712328692172406,-0.7923191723884654,0.3611111111111111,-0.2520982059929629,0.06847629243789716,0.05920927367599535,-0.0013651096431769062,0.03603444185430914,0.0006587578449084113,20.16867469879518,-0.01153652931885257,0.03609152304274448,0.04030525459247452,0.020371585797942172,0.0017646101011545622,31.916666666666668
B2_IWM_gamma,H3,C50,83,-0.028561346665719984,-0.06869894854294528,-1.6389433416326762,-0.6119109937955547,0.3493975903614458,-0.3363224908074461,36,-0.042521153964511976,-0.05858799562139137,-1.5766587206751164,-1.2145302856922553,0.3333333333333333,-0.2581031567607105,0.07088295090673959,0.055408749833779365,-0.012682133119246658,0.030694656774525132,0.0006587578449084113,20.16867469879518,-0.019884824846489697,0.03385377037915376,0.030247300911622112,0.017265249549336045,0.0017646101011545622,31.916666666666668
B2_IWM_premium,H3,C50,83,-0.03319396484041416,-0.011770077793994154,-1.059147450702541,-0.3643002972271449,0.4819277108433735,-1.299724336669703,36,0.001618594978623631,0.001772225518146684,0.042236834850185166,0.02635908070132905,0.5277777777777778,-0.5932035628200746,0.04814776742434864,0.06852136492081473,0.0365251381545009,0.04868674765354057,0.0006587578449084113,20.16867469879518,0.009556740417211365,0.04168591753790054,0.0636389049652309,0.028126522764763556,0.0017646101011545622,31.916666666666668
B2_IWM_eqrisk,H3,C50,83,-0.036060552309370025,-0.055027522886013834,-1.7923739994581438,-0.692384342692643,0.37349397590361444,-0.4746564985828055,36,-0.030744784696146873,-0.03682045476291751,-1.1566403632026716,-0.8352697541696461,0.3888888888888889,-0.29866460717177673,0.05320780582629927,0.058828223785869584,0.005294420732735633,0.035075797237626945,0.0006587578449084113,20.16867469879518,-0.02614234301412123,0.03613905649969828,0.053637247701837705,0.02033602278301051,0.0017646101011545622,31.916666666666668
B3_sector_vega,H3,C50,83,-0.07174687898921682,-0.07649710256695262,-4.8162361231122235,-1.760027290562175,0.2289156626506024,-0.576246840137267,36,-0.06983948395698321,-0.0784637962776435,-3.6534824920113977,-2.273975686046071,0.16666666666666666,-0.3313715406200282,0.0441244156470849,0.07352351696202039,0.002829691358999161,0.04451871118837207,0.0006587578449084113,20.16867469879518,-0.04213941020875051,0.04682464391318578,0.04553756718832397,0.02464838692221634,0.0017646101011545622,31.916666666666668
B3_sector_gamma,H3,C50,83,-0.05766487168349674,-0.07811592312036364,-3.512672901841873,-1.365770392382297,0.2289156626506024,-0.5301003909820348,36,-0.06648663886918792,-0.06420844493690404,-3.089471773759103,-2.172218271928671,0.16666666666666666,-0.34612932332138535,0.055253161002418075,0.06388421785533824,-0.01318856800125667,0.03518648898441149,0.0006587578449084113,20.16867469879518,-0.046186236828420824,0.03928402967661793,0.040114401882505334,0.01936616414549994,0.0017646101011545622,31.916666666666668
B3_sector_premium,H3,C50,83,-0.10807377367367443,-0.10027953974572161,-5.104064108275932,-1.7452837488710025,0.3253012048192771,-0.7677370388970642,36,-0.08429663019666425,-0.06601635466349426,-3.015170767117583,-1.560165966199581,0.3611111111111111,-0.5638460170199334,0.015121811151545506,0.09599026690720942,0.039899825076000345,0.0664463851491024,0.0006587578449084113,20.16867469879518,-0.03703814586530744,0.0658166630256035,0.05789844216008138,0.03757565336468012,0.0017646101011545622,31.916666666666668
B3_sector_eqrisk,H3,C50,83,-0.07350045672600017,-0.08062648387495557,-5.331552671856542,-1.8867985246805896,0.24096385542168675,-0.4433291886719315,36,-0.07370239728379081,-0.08187724730376919,-4.0438766081730355,-2.328256051523016,0.1388888888888889,-0.33279903494871144,0.0366948276898977,0.07256267477906696,0.0069817641934853585,0.04395561598540787,0.0006587578449084113,20.16867469879518,-0.04943978615538064,0.04820442924354976,0.050767016299262946,0.02506058808296879,0.0017646101011545622,31.916666666666668
B4_LOUavg_vega,H3,C50,83,-0.12654804078437606,-0.13952095285145857,-10.023987656161134,-3.6095956090150505,0.07228915662650602,-0.469319590962661,36,-0.11215270554619355,-0.10581542783386363,-6.055451616405117,-4.419709858619596,0.027777777777777776,-0.3409934210413207,-0.0013391350582585499,0.09695401310494414,0.014965888368675299,0.04256202314494025,0.0006587578449084113,20.16867469879518,-0.04732664822000006,0.06970673509619425,0.03174970355438312,0.025104415683227767,0.0017646101011545622,31.916666666666668
B5a_Q5_vs_Q4,H3,C50,83,-0.137007384935493,-0.12699835228821174,-7.869802495791716,-3.057538253619459,0.08433734939759036,-1.2216436582224814,36,-0.1012602065307687,-0.09458295231592224,-6.7932131834256175,-4.605876410299938,0.05555555555555555,-0.36030070476485526,-0.022866431104005002,0.09274290597922824,0.02368109121063018,0.04442038121798152,0.0006587578449084113,39.626506024096386,-0.036667072137468545,0.06434566444537398,0.027868642440493252,0.02635150228726485,0.0017646101011545622,63.25
B5b_Q5_vs_Q3,H3,C50,83,-0.12429654485968611,-0.13200308431385888,-10.04615835388533,-3.547648003011061,0.10843373493975904,-0.4817762705034732,36,-0.09764196585738545,-0.09003351814874921,-5.7598356909811255,-3.899901334261507,0.08333333333333333,-0.3551209117523698,-0.0021801929306826035,0.09535535981864707,0.018012790882562888,0.0441150251480109,0.0006587578449084113,39.626506024096386,-0.018011652483840918,0.06889860615117785,0.01764414766224421,0.026611244783456337,0.0017646101011545622,63.25
B5c_D10_vs_D5D6,H3,C50,83,-0.12206729577932904,-0.1381360799299797,-8.465646083534462,-2.935671089602174,0.10843373493975904,-0.4746020489366431,36,-0.10621368333705056,-0.11211229352553789,-5.2530590874795555,-3.5993777817595802,0.08333333333333333,-0.3833035588777808,0.00282889725885423,0.09328764408913001,0.011081899686420637,0.04203169079056547,0.0006587578449084113,20.16867469879518,-0.04983496734662905,0.06606102711982315,0.036654016117147435,0.02520709488659121,0.0017646101011545622,31.916666666666668
B5d_top5_vs_LOUavg,H3,C50,83,-0.11780326034316921,-0.12495145577623253,-9.296409335945519,-3.243712638746493,0.1566265060240964,-0.4051806817130522,36,-0.10917891648875923,-0.11730998836830317,-5.0509948711484265,-3.3659913715555367,0.08333333333333333,-0.3321496653355257,0.00927910154839723,0.0953516501152707,0.010235434802717883,0.04130738873410517,0.0006587578449084113,10.349397590361447,-0.04083836697329909,0.06943903103287606,0.02726475693147705,0.024401665312906586,0.0017646101011545622,16.166666666666668
B1a_top10_long,H3,C100,83,-0.07590571265122033,-0.11055021129616519,-3.8114222514069342,-1.5320927279622496,0.27710843373493976,-0.466034518792046,36,-0.08718074606142077,-0.08688347756284662,-3.193668894199094,-2.233606246168858,0.25,-0.3890943588032821,0.058267844228249904,0.08611365552381886,-0.025936296689029633,0.02146484682171333,0.0006587578449084113,20.16867469879518,-0.061841426445453845,0.05466477715199941,0.04363559043844451,0.012545522801257463,0.0017646101011545622,31.916666666666668
B1b_top20_long,H3,C100,83,-0.07291212112636625,-0.10978319233906988,-3.945712735921817,-1.580140016405975,0.24096385542168675,-0.42911023379082314,36,-0.0776712066577395,-0.07627770137760985,-3.0334287425285966,-2.1472452546820393,0.2222222222222222,-0.3632873305679328,0.05567437203236015,0.08587195385017275,-0.01951503028753918,0.02254075117610608,0.0006587578449084113,39.86746987951807,-0.03363274086764542,0.05643442622228155,0.027431060461100425,0.01327048992775838,0.0017646101011545622,63.44444444444444
B1c_top10_long_BACK,H3,C100,83,-0.06784080682680903,-0.08507868992313701,-4.348186869528308,-1.7405350425695771,0.27710843373493976,-0.2736987989505464,36,-0.05164723517608484,-0.06713620435571954,-2.0447690106066005,-1.5070549476286645,0.16666666666666666,-0.2708893259028858,0.03159683784137403,0.056098329710174595,-0.032529826908708634,0.01015073020439142,0.0006587578449084113,10.325301204819278,-0.02262391928466134,0.04079283098171441,0.019097588432484817,0.005563463241039342,0.0017646101011545622,25.61111111111111
B1_LOUavg_long,H3,C100,83,-0.09912245191496728,-0.12001304093986455,-5.761318588046162,-2.2759931897882475,0.1927710843373494,-0.4005090306225469,36,-0.11429448991962311,-0.10994583607062294,-5.190255702229637,-3.3567954762781627,0.16666666666666666,-0.38181479753976,0.07263357090581134,0.09958116445825146,-0.04722376916330884,0.024292331354309915,0.0006587578449084113,196.3012048192771,-0.023246430351123035,0.09337685640228516,0.020168085995522233,0.016074679060582568,0.0017646101011545622,314.27777777777777
B1x_contrast_rankP_keepLOU_top10,H3,C100,83,-0.08402136923373682,-0.11155238351122615,-4.766507712556345,-1.8585700878462763,0.26506024096385544,-0.426886681246874,36,-0.08268614627412764,-0.07884580813251171,-3.0673465110331737,-2.2397567839506842,0.25,-0.38222035477670635,0.04694180851408851,0.08541371204321588,-0.022888623055782133,0.0220020848039189,0.0006587578449084113,30.759036144578314,-0.037483434669011044,0.056132447077262074,0.02575448420541719,0.013060138632117142,0.0017646101011545622,53.52777777777778
B2_SPY_vega,H3,C100,83,-0.08352208135370162,-0.09427783743791149,-5.426274272976197,-1.9519059812589052,0.1927710843373494,-0.4688632866919623,36,-0.0691034335172282,-0.07639188508347892,-3.3921057661730143,-2.1438322417062405,0.1388888888888889,-0.380911078618774,0.05496063348112515,0.09636401784257034,-0.008777757891688213,0.032682181255659824,0.0006587578449084113,20.16867469879518,-0.01900391970035708,0.0645884165653916,0.03512706567810052,0.01887355282842544,0.0017646101011545622,31.916666666666668
B2_SPY_gamma,H3,C100,83,-0.07825686004223427,-0.10465015844903547,-4.712825287940195,-1.8229130509079197,0.21686746987951808,-0.3826430854008534,36,-0.07705903824759816,-0.07143078477843202,-3.180836796511133,-2.201079005200555,0.19444444444444445,-0.38609881778319255,0.05949235473926598,0.09111788229110494,-0.019088145304628212,0.026884429340858697,0.0006587578449084113,20.16867469879518,-0.03832723503219922,0.059016221228295404,0.037265406534871405,0.015216378420820374,0.0017646101011545622,31.916666666666668
B2_SPY_premium,H3,C100,83,-0.10718779625923117,-0.08546327215815856,-3.910132369059267,-1.3035112849037112,0.3614457831325301,-1.0059504733533524,36,-0.05058358456282355,-0.04773998329169763,-1.8259125676359127,-0.8875367327908398,0.4166666666666667,-0.5899315245996056,0.028579435250572754,0.11179830750931236,0.026352299017633463,0.04966246517321659,0.0006587578449084113,20.16867469879518,0.029791257873843895,0.08134529775842786,0.03322918387488471,0.030494118451969723,0.0017646101011545622,31.916666666666668
B2_SPY_eqrisk,H3,C100,83,-0.09154675445522575,-0.1100993256905849,-5.605621049959733,-1.9425959284402852,0.20481927710843373,-0.4793964530691981,36,-0.06888216531212216,-0.06915960137466734,-3.540342198270583,-1.9916214274834927,0.19444444444444445,-0.37609021429739425,0.04342363973941133,0.09895598151656562,0.0002080011643019193,0.03556365599746497,0.0006587578449084113,20.16867469879518,-0.016025084285804975,0.06800503745521362,0.03843238715666462,0.021519820626613593,0.0017646101011545622,31.916666666666668
B2_IWM_vega,H3,C100,83,-0.07287569621990427,-0.09380288707460924,-3.7008621761714156,-1.3337903328285212,0.3132530120481928,-0.5022602781128155,36,-0.05771368875630819,-0.06007634773969954,-2.0956346389119394,-1.5407197155955519,0.3333333333333333,-0.30163527033589393,0.06847629243789716,0.10329367931540699,-0.0013651096431769062,0.03603444185430914,0.0006587578449084113,20.16867469879518,-0.01153652931885257,0.06434621813083338,0.04030525459247452,0.020371585797942172,0.0017646101011545622,31.916666666666668
B2_IWM_gamma,H3,C100,83,-0.06990256497842955,-0.1010894333104075,-4.086195385387208,-1.5077614008418025,0.2891566265060241,-0.3873027290264368,36,-0.06907013403157217,-0.08543270689443253,-2.5368032942600975,-1.9556123539058017,0.3055555555555556,-0.29828850266834767,0.07088295090673959,0.09674996814648895,-0.012682133119246658,0.030694656774525132,0.0006587578449084113,20.16867469879518,-0.019884824846489697,0.06040275044621394,0.030247300911622112,0.017265249549336045,0.0017646101011545622,31.916666666666668
B2_IWM_premium,H3,C100,83,-0.08407385751124054,-0.0619575564164913,-2.5399521492395976,-0.8809812601632481,0.4457831325301205,-1.5778760658550326,36,-0.03090900812372633,-0.029739832883775335,-0.8139668037999104,-0.5019056503001581,0.4722222222222222,-0.6176950908217358,0.04814776742434864,0.11940125759164112,0.0365251381545009,0.04868674765354057,0.0006587578449084113,20.16867469879518,0.009556740417211365,0.0742135206402505,0.0636389049652309,0.028126522764763556,0.0017646101011545622,31.916666666666668
B2_IWM_eqrisk,H3,C100,83,-0.07998978508123043,-0.09256503812654557,-3.891866661947216,-1.4955285470727486,0.2891566265060241,-0.5958841091894257,36,-0.059044877092573556,-0.06153104182009954,-2.2274008957632287,-1.6000411596165551,0.3055555555555556,-0.32031683931881,0.05320780582629927,0.10275745655773,0.005294420732735633,0.035075797237626945,0.0006587578449084113,20.16867469879518,-0.02614234301412123,0.06443914889612495,0.053637247701837705,0.02033602278301051,0.0017646101011545622,31.916666666666668
B3_sector_vega,H3,C100,83,-0.1263891460998077,-0.13909629134968649,-8.323965526247306,-3.0476257841510526,0.10843373493975904,-0.6520354923521217,36,-0.10708934469092588,-0.11393417299403306,-5.416183053463458,-3.3891757758831353,0.1111111111111111,-0.3854121630396519,0.0441244156470849,0.12816578407261128,0.002829691358999161,0.04451871118837207,0.0006587578449084113,20.16867469879518,-0.04213941020875051,0.08407450464712843,0.04553756718832397,0.02464838692221634,0.0017646101011545622,31.916666666666668
B3_sector_gamma,H3,C100,83,-0.10532872704938998,-0.12396263616889355,-6.547472133597843,-2.522584981566019,0.18072289156626506,-0.5919050224204847,36,-0.0974992753802659,-0.09730642404079679,-4.408158294719377,-3.1295481783302623,0.16666666666666666,-0.37682066274427534,0.055253161002418075,0.11154807322123146,-0.01318856800125667,0.03518648898441149,0.0006587578449084113,20.16867469879518,-0.046186236828420824,0.07029666618769591,0.040114401882505334,0.01936616414549994,0.0017646101011545622,31.916666666666668
B3_sector_premium,H3,C100,83,-0.17900076559007466,-0.1662518550284142,-7.800471217461953,-2.7400547995000464,0.1927710843373494,-0.9563747304467825,36,-0.13748176875650003,-0.11230591703723,-4.614733796521198,-2.4400684531457255,0.25,-0.6693404547416247,0.015121811151545506,0.16691725882360967,0.039899825076000345,0.0664463851491024,0.0006587578449084113,20.16867469879518,-0.03703814586530744,0.11900180158543927,0.05789844216008138,0.03757565336468012,0.0017646101011545622,31.916666666666668
B3_sector_eqrisk,H3,C100,83,-0.12745323912064752,-0.1376007875869147,-9.057027160712584,-3.211768071456011,0.12048192771084337,-0.5080278443252924,36,-0.11233125740896038,-0.11906481907673161,-5.9826270153427465,-3.448682821491416,0.08333333333333333,-0.3748533100890468,0.0366948276898977,0.1265154571737143,0.0069817641934853585,0.04395561598540787,0.0006587578449084113,20.16867469879518,-0.04943978615538064,0.08683328936871933,0.050767016299262946,0.02506058808296879,0.0017646101011545622,31.916666666666668
B4_LOUavg_vega,H3,C100,83,-0.20526179741489461,-0.22242228728875607,-14.743893229500276,-5.461989093809171,0.04819277108433735,-0.6070045552285472,36,-0.17198633481252815,-0.16189322242182758,-8.268804762078785,-6.041730091381257,0.027777777777777776,-0.47647608833980964,-0.0013391350582585499,0.17566776973546272,0.014965888368675299,0.04256202314494025,0.0006587578449084113,20.16867469879518,-0.04732664822000006,0.1295403643625289,0.03174970355438312,0.025104415683227767,0.0017646101011545622,31.916666666666668
B5a_Q5_vs_Q4,H3,C100,83,-0.21107294016416078,-0.200123519323182,-11.4720333884201,-4.428096757266294,0.024096385542168676,-1.3188855998273694,36,-0.15562141811805943,-0.14810909673297185,-9.332989235728673,-6.397490039232084,0.027777777777777776,-0.4812735329387357,-0.022866431104005002,0.16680846120789608,0.02368109121063018,0.04442038121798152,0.0006587578449084113,39.626506024096386,-0.036667072137468545,0.11870687603266473,0.027868642440493252,0.02635150228726485,0.0017646101011545622,63.25
B5b_Q5_vs_Q3,H3,C100,83,-0.20107449572273303,-0.20650827447845527,-14.460936576441277,-5.232649801244505,0.04819277108433735,-0.7452671474967264,36,-0.15640989583603446,-0.14714227335694047,-8.327366036144127,-5.766876295578671,0.027777777777777776,-0.40860236229340896,-0.0021801929306826035,0.17213331068169405,0.018012790882562888,0.0441150251480109,0.0006587578449084113,39.626506024096386,-0.018011652483840918,0.12766653612982687,0.01764414766224421,0.026611244783456337,0.0017646101011545622,63.25
B5c_D10_vs_D5D6,H3,C100,83,-0.19740419352992908,-0.21101518265678063,-12.503687877968439,-4.47452077402193,0.060240963855421686,-0.7102751282847803,36,-0.16236119246681147,-0.1640468030322473,-7.261798742835377,-5.077838888774275,0.027777777777777776,-0.4309484042506067,0.00282889725885423,0.16862454183973,0.011081899686420637,0.04203169079056547,0.0006587578449084113,20.16867469879518,-0.04983496734662905,0.1222085362495841,0.036654016117147435,0.02520709488659121,0.0017646101011545622,31.916666666666668
B5d_top5_vs_LOUavg,H3,C100,83,-0.19486335307568425,-0.20021751099393567,-14.298268182705037,-5.118256517602074,0.07228915662650602,-0.5249974884139845,36,-0.16803935212550264,-0.1628664667867464,-7.043223998391386,-4.805578496500541,0.027777777777777776,-0.4619662446563216,0.00927910154839723,0.1724117428477858,0.010235434802717883,0.04130738873410517,0.0006587578449084113,10.349397590361447,-0.04083836697329909,0.12829946666961944,0.02726475693147705,0.024401665312906586,0.0017646101011545622,16.166666666666668
